   1             3.56244
   2             4.57171
   3             5.79024
   4             7.11074
   5             8.49265
   6             9.91376
   7            11.36107
   8            12.82666
   9            14.30544
  10            15.79406
  11            17.29017
  12            18.79215
  13            20.29877
  14            21.80916
  15            23.32263
  16            24.83866
  17            26.35683
  18            27.87682
  19            29.39835
  20            30.92123
  21            32.44527
  22            33.97032
  23            35.49625
  24            37.02298
  25            38.55040
  26            40.07845
  27            41.60706
  28            43.13616
  29            44.66573
  30            46.19570
  31            47.72605
  32            49.25674
  33            50.78774
  34            52.31903
  35            53.85058
  36            55.38238
  37            56.91441
  38            58.44664
  39            59.97907
  40            61.51168
  41            63.04446
  42            64.57739
  43            66.11048
  44            67.64370
  45            69.17706
  46            70.71053
  47            72.24413
  48            73.77783
  49            75.31163
  50            76.84554
  51            78.37954
  52            79.91362
  53            81.44779
  54            82.98204
  55            84.51637
  56            86.05077
  57            87.58524
  58            89.11978
  59            90.65438
  60            92.18904
  61            93.72376
  62            95.25853
  63            96.79336
  64            98.32824
  65            99.86318
  66           101.39816
  67           102.93319
  68           104.46826
  69           106.00338
  70           107.53854
  71           109.07374
  72           110.60898
  73           112.14426
  74           113.67958
  75           115.21493
  76           116.75032
  77           118.28574
  78           119.82120
  79           121.35668
  80           122.89221
  81           124.42776
  82           125.96334
  83           127.49895
  84           129.03459
  85           130.57026
  86           132.10595
  87           133.64167
  88           135.17742
  89           136.71320
  90           138.24900
  91           139.78482
  92           141.32067
  93           142.85654
  94           144.39244
  95           145.92836
  96           147.46430
  97           149.00026
  98           150.53625
  99           152.07226
 100           153.60828
 101           155.14433
 102           156.68040
 103           158.21649
 104           159.75260
 105           161.28873
 106           162.82488
 107           164.36105
 108           165.89724
 109           167.43344
 110           168.96967
 111           170.50591
 112           172.04217
 113           173.57845
 114           175.11474
 115           176.65106
 116           178.18739
 117           179.72373
 118           181.26010
 119           182.79648
 120           184.33288
 121           185.86929
 122           187.40572
 123           188.94217
 124           190.47863
 125           192.01511
 126           193.55160
 127           195.08811
 128           196.62463
 129           198.16117
 130           199.69773
 131           201.23430
 132           202.77088
 133           204.30749
 134           205.84410
 135           207.38073
 136           208.91738
 137           210.45404
 138           211.99071
 139           213.52740
 140           215.06410
 141           216.60082
 142           218.13755
 143           219.67430
 144           221.21106
 145           222.74784
 146           224.28463
 147           225.82143
 148           227.35825
 149           228.89509
 150           230.43193
 151           231.96880
 152           233.50567
 153           235.04256
 154           236.57947
 155           238.11639
 156           239.65332
 157           241.19027
 158           242.72724
 159           244.26421
 160           245.80121
 161           247.33821
 162           248.87524
 163           250.41228
 164           251.94933
 165           253.48640
 166           255.02348
 167           256.56058
 168           258.09770
 169           259.63483
 170           261.17198
 171           262.70914
 172           264.24633
 173           265.78352
 174           267.32074
 175           268.85797
 176           270.39522
 177           271.93249
 178           273.46978
 179           275.00708
 180           276.54440
 181           278.08175
 182           279.61911
 183           281.15649
 184           282.69389
 185           284.23131
 186           285.76875
 187           287.30622
 188           288.84370
 189           290.38121
 190           291.91874
 191           293.45629
 192           294.99387
 193           296.53147
 194           298.06909
 195           299.60674
 196           301.14441
 197           302.68212
 198           304.21985
 199           305.75760
 200           307.29538
 201           308.83320
 202           310.37104
 203           311.90891
 204           313.44681
 205           314.98475
 206           316.52271
 207           318.06071
 208           319.59874
 209           321.13681
 210           322.67491
 211           324.21305
 212           325.75123
 213           327.28945
 214           328.82770
 215           330.36599
 216           331.90432
 217           333.44270
 218           334.98112
 219           336.51958
 220           338.05809
 221           339.59664
 222           341.13524
 223           342.67389
 224           344.21259
 225           345.75134
 226           347.29014
 227           348.82899
 228           350.36790
 229           351.90686
 230           353.44588
 231           354.98496
 232           356.52409
 233           358.06329
 234           359.60255
 235           361.14187
 236           362.68125
 237           364.22071
 238           365.76023
 239           367.29982
 240           368.83948
 241           370.37921
 242           371.91901
 243           373.45889
 244           374.99885
 245           376.53889
 246           378.07900
 247           379.61920
 248           381.15949
 249           382.69985
 250           384.24031
 251           385.78085
 252           387.32148
 253           388.86221
 254           390.40303
 255           391.94394
 256           393.48496
 257           395.02607
 258           396.56728
 259           398.10860
 260           399.65003
 261           401.19156
 262           402.73320
 263           404.27495
 264           405.81682
 265           407.35880
 266           408.90090
 267           410.44312
 268           411.98546
 269           413.52793
 270           415.07052
 271           416.61325
 272           418.15610
 273           419.69909
 274           421.24221
 275           422.78546
 276           424.32886
 277           425.87241
 278           427.41609
 279           428.95992
 280           430.50390
 281           432.04804
 282           433.59233
 283           435.13677
 284           436.68138
 285           438.22614
 286           439.77107
 287           441.31617
 288           442.86143
 289           444.40687
 290           445.95248
 291           447.49827
 292           449.04424
 293           450.59039
 294           452.13672
 295           453.68324
 296           455.22995
 297           456.77686
 298           458.32396
 299           459.87125
 300           461.41875
 301           462.96645
 302           464.51436
 303           466.06248
 304           467.61081
 305           469.15935
 306           470.70811
 307           472.25709
 308           473.80630
 309           475.35573
 310           476.90539
 311           478.45528
 312           480.00540
 313           481.55577
 314           483.10637
 315           484.65722
 316           486.20831
 317           487.75966
 318           489.31125
 319           490.86310
 320           492.41521
 321           493.96758
 322           495.52022
 323           497.07312
 324           498.62629
 325           500.17973
 326           501.73346
 327           503.28746
 328           504.84174
 329           506.39631
 330           507.95117
 331           509.50632
 332           511.06176
 333           512.61751
 334           514.17355
 335           515.72990
 336           517.28655
 337           518.84352
 338           520.40080
 339           521.95840
 340           523.51631
 341           525.07455
 342           526.63312
 343           528.19201
 344           529.75124
 345           531.31081
 346           532.87071
 347           534.43096
 348           535.99155
 349           537.55249
 350           539.11378
 351           540.67543
 352           542.23743
 353           543.79980
 354           545.36253
 355           546.92563
 356           548.48910
 357           550.05295
 358           551.61717
 359           553.18178
 360           554.74676
 361           556.31214
 362           557.87791
 363           559.44407
 364           561.01063
 365           562.57759
 366           564.14495
 367           565.71272
 368           567.28091
 369           568.84950
 370           570.41851
 371           571.98795
 372           573.55780
 373           575.12809
 374           576.69880
 375           578.26994
 376           579.84153
 377           581.41355
 378           582.98602
 379           584.55893
 380           586.13229
 381           587.70611
 382           589.28038
 383           590.85511
 384           592.43030
 385           594.00596
 386           595.58209
 387           597.15870
 388           598.73577
 389           600.31333
 390           601.89137
 391           603.46990
 392           605.04891
 393           606.62842
 394           608.20842
 395           609.78892
 396           611.36993
 397           612.95143
 398           614.53345
 399           616.11598
 400           617.69902
 401           619.28259
 402           620.86667
 403           622.45128
 404           624.03641
 405           625.62208
 406           627.20828
 407           628.79502
 408           630.38230
 409           631.97012
 410           633.55849
 411           635.14741
 412           636.73688
 413           638.32691
 414           639.91750
 415           641.50866
 416           643.10038
 417           644.69267
 418           646.28553
 419           647.87896
 420           649.47298
 421           651.06758
 422           652.66276
 423           654.25853
 424           655.85490
 425           657.45185
 426           659.04941
 427           660.64756
 428           662.24632
 429           663.84569
 430           665.44567
 431           667.04626
 432           668.64746
 433           670.24929
 434           671.85174
 435           673.45481
 436           675.05851
 437           676.66284
 438           678.26781
 439           679.87342
 440           681.47966
 441           683.08655
 442           684.69409
 443           686.30228
 444           687.91111
 445           689.52061
 446           691.13076
 447           692.74158
 448           694.35306
 449           695.96520
 450           697.57802
 451           699.19151
 452           700.80568
 453           702.42053
 454           704.03606
 455           705.65228
 456           707.26918
 457           708.88677
 458           710.50506
 459           712.12405
 460           713.74374
 461           715.36412
 462           716.98522
 463           718.60702
 464           720.22953
 465           721.85276
 466           723.47671
 467           725.10137
 468           726.72676
 469           728.35287
 470           729.97972
 471           731.60729
 472           733.23559
 473           734.86464
 474           736.49442
 475           738.12495
 476           739.75622
 477           741.38823
 478           743.02100
 479           744.65452
 480           746.28880
 481           747.92384
 482           749.55964
 483           751.19620
 484           752.83353
 485           754.47163
 486           756.11050
 487           757.75014
 488           759.39057
 489           761.03177
 490           762.67376
 491           764.31653
 492           765.96009
 493           767.60444
 494           769.24959
 495           770.89553
 496           772.54227
 497           774.18981
 498           775.83815
 499           777.48730
 500           779.13726
 501           780.78803
 502           782.43962
 503           784.09202
 504           785.74524
 505           787.39928
 506           789.05415
 507           790.70984
 508           792.36636
 509           794.02372
 510           795.68191
 511           797.34093
 512           799.00080
 513           800.66150
 514           802.32305
 515           803.98545
 516           805.64869
 517           807.31279
 518           808.97774
 519           810.64355
 520           812.31021
 521           813.97774
 522           815.64612
 523           817.31538
 524           818.98550
 525           820.65650
 526           822.32836
 527           824.00110
 528           825.67472
 529           827.34922
 530           829.02460
 531           830.70087
 532           832.37802
 533           834.05606
 534           835.73499
 535           837.41481
 536           839.09554
 537           840.77715
 538           842.45967
 539           844.14310
 540           845.82742
 541           847.51266
 542           849.19880
 543           850.88585
 544           852.57382
 545           854.26270
 546           855.95251
 547           857.64323
 548           859.33487
 549           861.02744
 550           862.72094
 551           864.41536
 552           866.11072
 553           867.80701
 554           869.50423
 555           871.20239
 556           872.90149
 557           874.60153
 558           876.30252
 559           878.00445
 560           879.70733
 561           881.41116
 562           883.11594
 563           884.82168
 564           886.52837
 565           888.23601
 566           889.94462
 567           891.65419
 568           893.36473
 569           895.07623
 570           896.78870
 571           898.50214
 572           900.21655
 573           901.93194
 574           903.64830
 575           905.36564
 576           907.08395
 577           908.80326
 578           910.52354
 579           912.24481
 580           913.96707
 581           915.69032
 582           917.41455
 583           919.13979
 584           920.86601
 585           922.59324
 586           924.32146
 587           926.05069
 588           927.78091
 589           929.51215
 590           931.24438
 591           932.97763
 592           934.71188
 593           936.44715
 594           938.18343
 595           939.92073
 596           941.65904
 597           943.39838
 598           945.13873
 599           946.88011
 600           948.62251
 601           950.36594
 602           952.11039
 603           953.85588
 604           955.60240
 605           957.34995
 606           959.09853
 607           960.84815
 608           962.59881
 609           964.35051
 610           966.10325
 611           967.85704
 612           969.61187
 613           971.36775
 614           973.12467
 615           974.88265
 616           976.64167
 617           978.40175
 618           980.16289
 619           981.92508
 620           983.68834
 621           985.45265
 622           987.21802
 623           988.98446
 624           990.75196
 625           992.52053
 626           994.29016
 627           996.06087
 628           997.83264
 629           999.60549
 630          1001.37942
 631          1003.15442
 632          1004.93049
 633          1006.70765
 634          1008.48589
 635          1010.26521
 636          1012.04561
 637          1013.82710
 638          1015.60968
 639          1017.39334
 640          1019.17809
 641          1020.96394
 642          1022.75087
 643          1024.53891
 644          1026.32803
 645          1028.11826
 646          1029.90958
 647          1031.70200
 648          1033.49553
 649          1035.29016
 650          1037.08589
 651          1038.88273
 652          1040.68067
 653          1042.47973
 654          1044.27989
 655          1046.08117
 656          1047.88356
 657          1049.68706
 658          1051.49168
 659          1053.29742
 660          1055.10428
 661          1056.91225
 662          1058.72135
 663          1060.53157
 664          1062.34291
 665          1064.15538
 666          1065.96898
 667          1067.78371
 668          1069.59956
 669          1071.41655
 670          1073.23466
 671          1075.05391
 672          1076.87430
 673          1078.69582
 674          1080.51848
 675          1082.34228
 676          1084.16722
 677          1085.99330
 678          1087.82052
 679          1089.64889
 680          1091.47840
 681          1093.30906
 682          1095.14087
 683          1096.97382
 684          1098.80793
 685          1100.64318
 686          1102.47959
 687          1104.31716
 688          1106.15588
 689          1107.99575
 690          1109.83679
 691          1111.67898
 692          1113.52233
 693          1115.36685
 694          1117.21253
 695          1119.05937
 696          1120.90737
 697          1122.75654
 698          1124.60688
 699          1126.45839
 700          1128.31107
 701          1130.16492
 702          1132.01994
 703          1133.87613
 704          1135.73350
 705          1137.59205
 706          1139.45177
 707          1141.31267
 708          1143.17475
 709          1145.03800
 710          1146.90244
 711          1148.76807
 712          1150.63487
 713          1152.50286
 714          1154.37204
 715          1156.24240
 716          1158.11395
 717          1159.98669
 718          1161.86062
 719          1163.73574
 720          1165.61206
 721          1167.48956
 722          1169.36826
 723          1171.24816
 724          1173.12925
 725          1175.01155
 726          1176.89504
 727          1178.77973
 728          1180.66562
 729          1182.55271
 730          1184.44100
 731          1186.33050
 732          1188.22121
 733          1190.11312
 734          1192.00624
 735          1193.90056
 736          1195.79610
 737          1197.69285
 738          1199.59080
 739          1201.48997
 740          1203.39035
 741          1205.29195
 742          1207.19476
 743          1209.09879
 744          1211.00403
 745          1212.91050
 746          1214.81818
 747          1216.72708
 748          1218.63720
 749          1220.54855
 750          1222.46111
 751          1224.37490
 752          1226.28992
 753          1228.20616
 754          1230.12363
 755          1232.04233
 756          1233.96225
 757          1235.88341
 758          1237.80579
 759          1239.72941
 760          1241.65426
 761          1243.58034
 762          1245.50766
 763          1247.43621
 764          1249.36600
 765          1251.29703
 766          1253.22929
 767          1255.16279
 768          1257.09753
 769          1259.03351
 770          1260.97073
 771          1262.90920
 772          1264.84891
 773          1266.78986
 774          1268.73206
 775          1270.67550
 776          1272.62019
 777          1274.56613
 778          1276.51331
 779          1278.46175
 780          1280.41143
 781          1282.36237
 782          1284.31455
 783          1286.26799
 784          1288.22269
 785          1290.17863
 786          1292.13584
 787          1294.09430
 788          1296.05401
 789          1298.01499
 790          1299.97722
 791          1301.94071
 792          1303.90546
 793          1305.87147
 794          1307.83875
 795          1309.80728
 796          1311.77708
 797          1313.74814
 798          1315.72047
 799          1317.69406
 800          1319.66893
 801          1321.64505
 802          1323.62245
 803          1325.60111
 804          1327.58105
 805          1329.56225
 806          1331.54473
 807          1333.52847
 808          1335.51349
 809          1337.49979
 810          1339.48735
 811          1341.47620
 812          1343.46632
 813          1345.45771
 814          1347.45038
 815          1349.44433
 816          1351.43956
 817          1353.43607
 818          1355.43386
 819          1357.43293
 820          1359.43328
 821          1361.43491
 822          1363.43782
 823          1365.44202
 824          1367.44751
 825          1369.45428
 826          1371.46233
 827          1373.47168
 828          1375.48230
 829          1377.49422
 830          1379.50743
 831          1381.52192
 832          1383.53771
 833          1385.55479
 834          1387.57315
 835          1389.59281
 836          1391.61377
 837          1393.63601
 838          1395.65955
 839          1397.68439
 840          1399.71052
 841          1401.73795
 842          1403.76668
 843          1405.79670
 844          1407.82802
 845          1409.86064
 846          1411.89456
 847          1413.92978
 848          1415.96630
 849          1418.00412
 850          1420.04325
 851          1422.08368
 852          1424.12541
 853          1426.16844
 854          1428.21278
 855          1430.25843
 856          1432.30538
 857          1434.35364
 858          1436.40321
 859          1438.45408
 860          1440.50627
 861          1442.55976
 862          1444.61456
 863          1446.67068
 864          1448.72810
 865          1450.78684
 866          1452.84688
 867          1454.90825
 868          1456.97092
 869          1459.03491
 870          1461.10021
 871          1463.16683
 872          1465.23477
 873          1467.30402
 874          1469.37459
 875          1471.44648
 876          1473.51968
 877          1475.59421
 878          1477.67005
 879          1479.74722
 880          1481.82570
 881          1483.90551
 882          1485.98664
 883          1488.06909
 884          1490.15287
 885          1492.23797
 886          1494.32439
 887          1496.41214
 888          1498.50121
 889          1500.59161
 890          1502.68333
 891          1504.77638
 892          1506.87076
 893          1508.96647
 894          1511.06351
 895          1513.16188
 896          1515.26157
 897          1517.36260
 898          1519.46496
 899          1521.56865
 900          1523.67367
 901          1525.78002
 902          1527.88771
 903          1529.99673
 904          1532.10709
 905          1534.21878
 906          1536.33180
 907          1538.44616
 908          1540.56186
 909          1542.67890
 910          1544.79727
 911          1546.91698
 912          1549.03803
 913          1551.16042
 914          1553.28414
 915          1555.40921
 916          1557.53562
 917          1559.66337
 918          1561.79246
 919          1563.92289
 920          1566.05466
 921          1568.18778
 922          1570.32225
 923          1572.45805
 924          1574.59520
 925          1576.73370
 926          1578.87354
 927          1581.01473
 928          1583.15726
 929          1585.30114
 930          1587.44637
 931          1589.59295
 932          1591.74088
 933          1593.89015
 934          1596.04078
 935          1598.19275
 936          1600.34608
 937          1602.50075
 938          1604.65678
 939          1606.81416
 940          1608.97289
 941          1611.13298
 942          1613.29442
 943          1615.45721
 944          1617.62136
 945          1619.78686
 946          1621.95372
 947          1624.12193
 948          1626.29150
 949          1628.46242
 950          1630.63471
 951          1632.80835
 952          1634.98335
 953          1637.15971
 954          1639.33742
 955          1641.51650
 956          1643.69694
 957          1645.87873
 958          1648.06189
 959          1650.24641
 960          1652.43229
 961          1654.61953
 962          1656.80814
 963          1658.99810
 964          1661.18944
 965          1663.38213
 966          1665.57619
 967          1667.77162
 968          1669.96841
 969          1672.16656
 970          1674.36609
 971          1676.56697
 972          1678.76923
 973          1680.97285
 974          1683.17784
 975          1685.38420
 976          1687.59193
 977          1689.80103
 978          1692.01150
 979          1694.22333
 980          1696.43654
 981          1698.65112
 982          1700.86707
 983          1703.08439
 984          1705.30308
 985          1707.52315
 986          1709.74459
 987          1711.96740
 988          1714.19158
 989          1716.41714
 990          1718.64408
 991          1720.87239
 992          1723.10207
 993          1725.33313
 994          1727.56557
 995          1729.79938
 996          1732.03457
 997          1734.27114
 998          1736.50909
 999          1738.74841
1000          1740.98912
1001          1743.23120
1002          1745.47466
1003          1747.71950
1004          1749.96572
1005          1752.21332
1006          1754.46231
1007          1756.71267
1008          1758.96442
1009          1761.21754
1010          1763.47205
1011          1765.72795
1012          1767.98522
1013          1770.24389
1014          1772.50393
1015          1774.76536
1016          1777.02817
1017          1779.29237
1018          1781.55796
1019          1783.82493
1020          1786.09329
1021          1788.36303
1022          1790.63416
1023          1792.90668
1024          1795.18059
1025          1797.45588
1026          1799.73257
1027          1802.01064
1028          1804.29010
1029          1806.57095
1030          1808.85319
1031          1811.13683
1032          1813.42185
1033          1815.70826
1034          1817.99607
1035          1820.28526
1036          1822.57586
1037          1824.86784
1038          1827.16121
1039          1829.45598
1040          1831.75214
1041          1834.04970
1042          1836.34865
1043          1838.64900
1044          1840.95074
1045          1843.25388
1046          1845.55841
1047          1847.86434
1048          1850.17166
1049          1852.48038
1050          1854.79050
1051          1857.10202
1052          1859.41493
1053          1861.72925
1054          1864.04496
1055          1866.36207
1056          1868.68058
1057          1871.00049
1058          1873.32180
1059          1875.64451
1060          1877.96862
1061          1880.29413
1062          1882.62105
1063          1884.94936
1064          1887.27908
1065          1889.61020
1066          1891.94272
1067          1894.27664
1068          1896.61197
1069          1898.94871
1070          1901.28684
1071          1903.62638
1072          1905.96733
1073          1908.30968
1074          1910.65343
1075          1912.99860
1076          1915.34516
1077          1917.69314
1078          1920.04252
1079          1922.39331
1080          1924.74550
1081          1927.09910
1082          1929.45412
1083          1931.81054
1084          1934.16836
1085          1936.52760
1086          1938.88825
1087          1941.25030
1088          1943.61377
1089          1945.97864
1090          1948.34493
1091          1950.71263
1092          1953.08174
1093          1955.45226
1094          1957.82419
1095          1960.19753
1096          1962.57229
1097          1964.94846
1098          1967.32604
1099          1969.70504
1100          1972.08545
1101          1974.46727
1102          1976.85051
1103          1979.23516
1104          1981.62123
1105          1984.00871
1106          1986.39761
1107          1988.78793
1108          1991.17966
1109          1993.57281
1110          1995.96737
1111          1998.36335
1112          2000.76075
1113          2003.15957
1114          2005.55980
1115          2007.96145
1116          2010.36452
1117          2012.76902
1118          2015.17493
1119          2017.58225
1120          2019.99100
1121          2022.40117
1122          2024.81276
1123          2027.22577
1124          2029.64020
1125          2032.05606
1126          2034.47333
1127          2036.89203
1128          2039.31215
1129          2041.73369
1130          2044.15665
1131          2046.58104
1132          2049.00685
1133          2051.43408
1134          2053.86274
1135          2056.29282
1136          2058.72433
1137          2061.15726
1138          2063.59162
1139          2066.02740
1140          2068.46461
1141          2070.90325
1142          2073.34331
1143          2075.78479
1144          2078.22771
1145          2080.67205
1146          2083.11782
1147          2085.56502
1148          2088.01364
1149          2090.46369
1150          2092.91517
1151          2095.36809
1152          2097.82242
1153          2100.27819
1154          2102.73539
1155          2105.19402
1156          2107.65408
1157          2110.11557
1158          2112.57849
1159          2115.04284
1160          2117.50863
1161          2119.97584
1162          2122.44449
1163          2124.91457
1164          2127.38608
1165          2129.85902
1166          2132.33340
1167          2134.80921
1168          2137.28646
1169          2139.76514
1170          2142.24525
1171          2144.72680
1172          2147.20978
1173          2149.69420
1174          2152.18005
1175          2154.66734
1176          2157.15606
1177          2159.64622
1178          2162.13782
1179          2164.63085
1180          2167.12532
1181          2169.62123
1182          2172.11857
1183          2174.61735
1184          2177.11757
1185          2179.61923
1186          2182.12233
1187          2184.62687
1188          2187.13284
1189          2189.64026
1190          2192.14911
1191          2194.65940
1192          2197.17114
1193          2199.68431
1194          2202.19893
1195          2204.71499
1196          2207.23248
1197          2209.75142
1198          2212.27180
1199          2214.79363
1200          2217.31689
1201          2219.84160
1202          2222.36775
1203          2224.89535
1204          2227.42438
1205          2229.95487
1206          2232.48679
1207          2235.02016
1208          2237.55497
1209          2240.09123
1210          2242.62894
1211          2245.16808
1212          2247.70868
1213          2250.25072
1214          2252.79420
1215          2255.33913
1216          2257.88551
1217          2260.43334
1218          2262.98261
1219          2265.53333
1220          2268.08549
1221          2270.63911
1222          2273.19417
1223          2275.75068
1224          2278.30864
1225          2280.86805
1226          2283.42891
1227          2285.99122
1228          2288.55497
1229          2291.12018
1230          2293.68683
1231          2296.25494
1232          2298.82450
1233          2301.39551
1234          2303.96797
1235          2306.54188
1236          2309.11724
1237          2311.69405
1238          2314.27232
1239          2316.85204
1240          2319.43321
1241          2322.01584
1242          2324.59991
1243          2327.18544
1244          2329.77243
1245          2332.36087
1246          2334.95076
1247          2337.54211
1248          2340.13491
1249          2342.72917
1250          2345.32488
1251          2347.92205
1252          2350.52067
1253          2353.12075
1254          2355.72228
1255          2358.32527
1256          2360.92972
1257          2363.53563
1258          2366.14299
1259          2368.75181
1260          2371.36209
1261          2373.97382
1262          2376.58702
1263          2379.20167
1264          2381.81778
1265          2384.43535
1266          2387.05438
1267          2389.67486
1268          2392.29681
1269          2394.92022
1270          2397.54509
1271          2400.17142
1272          2402.79921
1273          2405.42846
1274          2408.05917
1275          2410.69134
1276          2413.32497
1277          2415.96007
1278          2418.59663
1279          2421.23465
1280          2423.87413
1281          2426.51507
1282          2429.15748
1283          2431.80136
1284          2434.44669
1285          2437.09349
1286          2439.74176
1287          2442.39148
1288          2445.04268
1289          2447.69533
1290          2450.34946
1291          2453.00504
1292          2455.66210
1293          2458.32062
1294          2460.98060
1295          2463.64205
1296          2466.30497
1297          2468.96935
1298          2471.63521
1299          2474.30252
1300          2476.97131
1301          2479.64156
1302          2482.31329
1303          2484.98648
1304          2487.66113
1305          2490.33726
1306          2493.01486
1307          2495.69392
1308          2498.37446
1309          2501.05646
1310          2503.73994
1311          2506.42488
1312          2509.11130
1313          2511.79918
1314          2514.48854
1315          2517.17936
1316          2519.87166
1317          2522.56543
1318          2525.26067
1319          2527.95739
1320          2530.65558
1321          2533.35523
1322          2536.05637
1323          2538.75897
1324          2541.46305
1325          2544.16860
1326          2546.87563
1327          2549.58412
1328          2552.29410
1329          2555.00554
1330          2557.71847
1331          2560.43286
1332          2563.14874
1333          2565.86609
1334          2568.58491
1335          2571.30521
1336          2574.02698
1337          2576.75023
1338          2579.47496
1339          2582.20117
1340          2584.92885
1341          2587.65801
1342          2590.38865
1343          2593.12076
1344          2595.85435
1345          2598.58943
1346          2601.32598
1347          2604.06400
1348          2606.80351
1349          2609.54450
1350          2612.28696
1351          2615.03091
1352          2617.77633
1353          2620.52324
1354          2623.27163
1355          2626.02149
1356          2628.77284
1357          2631.52567
1358          2634.27998
1359          2637.03577
1360          2639.79304
1361          2642.55180
1362          2645.31203
1363          2648.07375
1364          2650.83696
1365          2653.60164
1366          2656.36781
1367          2659.13546
1368          2661.90460
1369          2664.67522
1370          2667.44732
1371          2670.22091
1372          2672.99599
1373          2675.77254
1374          2678.55059
1375          2681.33011
1376          2684.11113
1377          2686.89363
1378          2689.67761
1379          2692.46308
1380          2695.25004
1381          2698.03849
1382          2700.82842
1383          2703.61984
1384          2706.41275
1385          2709.20714
1386          2712.00302
1387          2714.80040
1388          2717.59925
1389          2720.39960
1390          2723.20144
1391          2726.00476
1392          2728.80958
1393          2731.61588
1394          2734.42368
1395          2737.23296
1396          2740.04374
1397          2742.85600
1398          2745.66976
1399          2748.48500
1400          2751.30174
1401          2754.11997
1402          2756.93969
1403          2759.76090
1404          2762.58361
1405          2765.40780
1406          2768.23349
1407          2771.06068
1408          2773.88935
1409          2776.71952
1410          2779.55118
1411          2782.38434
1412          2785.21899
1413          2788.05514
1414          2790.89278
1415          2793.73191
1416          2796.57254
1417          2799.41466
1418          2802.25828
1419          2805.10340
1420          2807.95001
1421          2810.79812
1422          2813.64772
1423          2816.49882
1424          2819.35142
1425          2822.20551
1426          2825.06110
1427          2827.91819
1428          2830.77678
1429          2833.63686
1430          2836.49844
1431          2839.36152
1432          2842.22610
1433          2845.09218
1434          2847.95976
1435          2850.82884
1436          2853.69942
1437          2856.57149
1438          2859.44507
1439          2862.32015
1440          2865.19672
1441          2868.07480
1442          2870.95438
1443          2873.83546
1444          2876.71805
1445          2879.60213
1446          2882.48772
1447          2885.37480
1448          2888.26339
1449          2891.15349
1450          2894.04509
1451          2896.93818
1452          2899.83279
1453          2902.72889
1454          2905.62650
1455          2908.52562
1456          2911.42624
1457          2914.32836
1458          2917.23199
1459          2920.13712
1460          2923.04376
1461          2925.95190
1462          2928.86155
1463          2931.77271
1464          2934.68537
1465          2937.59954
1466          2940.51521
1467          2943.43240
1468          2946.35109
1469          2949.27128
1470          2952.19299
1471          2955.11620
1472          2958.04092
1473          2960.96715
1474          2963.89488
1475          2966.82413
1476          2969.75488
1477          2972.68715
1478          2975.62092
1479          2978.55620
1480          2981.49300
1481          2984.43130
1482          2987.37111
1483          2990.31244
1484          2993.25527
1485          2996.19962
1486          2999.14547
1487          3002.09284
1488          3005.04173
1489          3007.99212
1490          3010.94402
1491          3013.89744
1492          3016.85237
1493          3019.80882
1494          3022.76677
1495          3025.72624
1496          3028.68723
1497          3031.64973
1498          3034.61374
1499          3037.57927
1500          3040.54631
1501          3043.51486
1502          3046.48493
1503          3049.45652
1504          3052.42963
1505          3055.40424
1506          3058.38038
1507          3061.35803
1508          3064.33720
1509          3067.31788
1510          3070.30008
1511          3073.28380
1512          3076.26904
1513          3079.25579
1514          3082.24406
1515          3085.23385
1516          3088.22516
1517          3091.21799
1518          3094.21233
1519          3097.20820
1520          3100.20558
1521          3103.20449
1522          3106.20491
1523          3109.20685
1524          3112.21032
1525          3115.21531
1526          3118.22181
1527          3121.22984
1528          3124.23939
1529          3127.25046
1530          3130.26305
1531          3133.27716
1532          3136.29280
1533          3139.30996
1534          3142.32864
1535          3145.34884
1536          3148.37057
1537          3151.39382
1538          3154.41859
1539          3157.44489
1540          3160.47271
1541          3163.50206
1542          3166.53293
1543          3169.56533
1544          3172.59925
1545          3175.63470
1546          3178.67167
1547          3181.71017
1548          3184.75019
1549          3187.79174
1550          3190.83482
1551          3193.87943
1552          3196.92556
1553          3199.97321
1554          3203.02240
1555          3206.07311
1556          3209.12536
1557          3212.17913
1558          3215.23442
1559          3218.29125
1560          3221.34961
1561          3224.40949
1562          3227.47091
1563          3230.53385
1564          3233.59832
1565          3236.66433
1566          3239.73186
1567          3242.80093
1568          3245.87152
1569          3248.94365
1570          3252.01731
1571          3255.09250
1572          3258.16922
1573          3261.24747
1574          3264.32726
1575          3267.40858
1576          3270.49143
1577          3273.57581
1578          3276.66173
1579          3279.74918
1580          3282.83817
1581          3285.92869
1582          3289.02074
1583          3292.11433
1584          3295.20945
1585          3298.30611
1586          3301.40430
1587          3304.50403
1588          3307.60529
1589          3310.70809
1590          3313.81243
1591          3316.91830
1592          3320.02571
1593          3323.13465
1594          3326.24513
1595          3329.35715
1596          3332.47071
1597          3335.58581
1598          3338.70244
1599          3341.82061
1600          3344.94032
1601          3348.06157
1602          3351.18436
1603          3354.30869
1604          3357.43455
1605          3360.56196
1606          3363.69091
1607          3366.82139
1608          3369.95342
1609          3373.08699
1610          3376.22210
1611          3379.35875
1612          3382.49694
1613          3385.63668
1614          3388.77795
1615          3391.92077
1616          3395.06513
1617          3398.21104
1618          3401.35848
1619          3404.50747
1620          3407.65800
1621          3410.81008
1622          3413.96370
1623          3417.11887
1624          3420.27558
1625          3423.43383
1626          3426.59363
1627          3429.75497
1628          3432.91786
1629          3436.08230
1630          3439.24828
1631          3442.41580
1632          3445.58488
1633          3448.75550
1634          3451.92766
1635          3455.10138
1636          3458.27664
1637          3461.45345
1638          3464.63180
1639          3467.81171
1640          3470.99316
1641          3474.17616
1642          3477.36071
1643          3480.54681
1644          3483.73446
1645          3486.92366
1646          3490.11441
1647          3493.30671
1648          3496.50056
1649          3499.69596
1650          3502.89291
1651          3506.09141
1652          3509.29146
1653          3512.49306
1654          3515.69622
1655          3518.90093
1656          3522.10719
1657          3525.31500
1658          3528.52436
1659          3531.73528
1660          3534.94775
1661          3538.16178
1662          3541.37736
1663          3544.59449
1664          3547.81318
1665          3551.03342
1666          3554.25522
1667          3557.47857
1668          3560.70347
1669          3563.92994
1670          3567.15795
1671          3570.38753
1672          3573.61866
1673          3576.85135
1674          3580.08559
1675          3583.32139
1676          3586.55875
1677          3589.79766
1678          3593.03813
1679          3596.28017
1680          3599.52375
1681          3602.76890
1682          3606.01561
1683          3609.26387
1684          3612.51370
1685          3615.76508
1686          3619.01802
1687          3622.27253
1688          3625.52859
1689          3628.78622
1690          3632.04540
1691          3635.30615
1692          3638.56845
1693          3641.83232
1694          3645.09775
1695          3648.36475
1696          3651.63330
1697          3654.90342
1698          3658.17510
1699          3661.44834
1700          3664.72315
1701          3667.99952
1702          3671.27745
1703          3674.55695
1704          3677.83801
1705          3681.12063
1706          3684.40483
1707          3687.69058
1708          3690.97790
1709          3694.26679
1710          3697.55724
1711          3700.84926
1712          3704.14284
1713          3707.43799
1714          3710.73471
1715          3714.03300
1716          3717.33285
1717          3720.63427
1718          3723.93725
1719          3727.24181
1720          3730.54793
1721          3733.85563
1722          3737.16489
1723          3740.47572
1724          3743.78811
1725          3747.10208
1726          3750.41762
1727          3753.73473
1728          3757.05341
1729          3760.37366
1730          3763.69548
1731          3767.01887
1732          3770.34383
1733          3773.67037
1734          3776.99847
1735          3780.32815
1736          3783.65940
1737          3786.99222
1738          3790.32662
1739          3793.66259
1740          3797.00013
1741          3800.33924
1742          3803.67993
1743          3807.02220
1744          3810.36603
1745          3813.71145
1746          3817.05843
1747          3820.40699
1748          3823.75713
1749          3827.10885
1750          3830.46214
1751          3833.81700
1752          3837.17344
1753          3840.53146
1754          3843.89106
1755          3847.25223
1756          3850.61498
1757          3853.97931
1758          3857.34521
1759          3860.71269
1760          3864.08176
1761          3867.45240
1762          3870.82462
1763          3874.19841
1764          3877.57379
1765          3880.95075
1766          3884.32929
1767          3887.70941
1768          3891.09111
1769          3894.47438
1770          3897.85925
1771          3901.24569
1772          3904.63371
1773          3908.02331
1774          3911.41450
1775          3914.80727
1776          3918.20162
1777          3921.59756
1778          3924.99507
1779          3928.39418
1780          3931.79486
1781          3935.19713
1782          3938.60098
1783          3942.00642
1784          3945.41344
1785          3948.82204
1786          3952.23223
1787          3955.64401
1788          3959.05737
1789          3962.47232
1790          3965.88886
1791          3969.30698
1792          3972.72668
1793          3976.14798
1794          3979.57086
1795          3982.99533
1796          3986.42138
1797          3989.84903
1798          3993.27826
1799          3996.70908
1800          4000.14149
1801          4003.57549
1802          4007.01108
1803          4010.44826
1804          4013.88702
1805          4017.32738
1806          4020.76933
1807          4024.21287
1808          4027.65800
1809          4031.10471
1810          4034.55303
1811          4038.00293
1812          4041.45442
1813          4044.90751
1814          4048.36219
1815          4051.81846
1816          4055.27633
1817          4058.73578
1818          4062.19684
1819          4065.65948
1820          4069.12372
1821          4072.58955
1822          4076.05698
1823          4079.52600
1824          4082.99662
1825          4086.46883
1826          4089.94264
1827          4093.41804
1828          4096.89504
1829          4100.37364
1830          4103.85383
1831          4107.33562
1832          4110.81901
1833          4114.30399
1834          4117.79057
1835          4121.27875
1836          4124.76853
1837          4128.25990
1838          4131.75287
1839          4135.24745
1840          4138.74362
1841          4142.24139
1842          4145.74076
1843          4149.24173
1844          4152.74430
1845          4156.24848
1846          4159.75425
1847          4163.26162
1848          4166.77060
1849          4170.28117
1850          4173.79335
1851          4177.30713
1852          4180.82251
1853          4184.33950
1854          4187.85808
1855          4191.37828
1856          4194.90007
1857          4198.42347
1858          4201.94847
1859          4205.47507
1860          4209.00328
1861          4212.53310
1862          4216.06452
1863          4219.59754
1864          4223.13217
1865          4226.66841
1866          4230.20625
1867          4233.74570
1868          4237.28676
1869          4240.82942
1870          4244.37368
1871          4247.91956
1872          4251.46704
1873          4255.01613
1874          4258.56683
1875          4262.11914
1876          4265.67306
1877          4269.22858
1878          4272.78572
1879          4276.34446
1880          4279.90482
1881          4283.46678
1882          4287.03035
1883          4290.59554
1884          4294.16233
1885          4297.73074
1886          4301.30076
1887          4304.87238
1888          4308.44562
1889          4312.02048
1890          4315.59694
1891          4319.17502
1892          4322.75471
1893          4326.33601
1894          4329.91893
1895          4333.50346
1896          4337.08961
1897          4340.67736
1898          4344.26674
1899          4347.85772
1900          4351.45033
1901          4355.04455
1902          4358.64038
1903          4362.23783
1904          4365.83689
1905          4369.43758
1906          4373.03987
1907          4376.64379
1908          4380.24932
1909          4383.85647
1910          4387.46524
1911          4391.07563
1912          4394.68763
1913          4398.30125
1914          4401.91649
1915          4405.53335
1916          4409.15183
1917          4412.77193
1918          4416.39365
1919          4420.01698
1920          4423.64194
1921          4427.26852
1922          4430.89672
1923          4434.52654
1924          4438.15799
1925          4441.79105
1926          4445.42574
1927          4449.06204
1928          4452.69998
1929          4456.33953
1930          4459.98071
1931          4463.62351
1932          4467.26793
1933          4470.91398
1934          4474.56165
1935          4478.21094
1936          4481.86186
1937          4485.51441
1938          4489.16858
1939          4492.82438
1940          4496.48180
1941          4500.14084
1942          4503.80152
1943          4507.46382
1944          4511.12774
1945          4514.79330
1946          4518.46048
1947          4522.12929
1948          4525.79972
1949          4529.47179
1950          4533.14548
1951          4536.82080
1952          4540.49775
1953          4544.17633
1954          4547.85654
1955          4551.53838
1956          4555.22185
1957          4558.90695
1958          4562.59368
1959          4566.28204
1960          4569.97203
1961          4573.66365
1962          4577.35691
1963          4581.05179
1964          4584.74831
1965          4588.44646
1966          4592.14624
1967          4595.84766
1968          4599.55071
1969          4603.25539
1970          4606.96171
1971          4610.66966
1972          4614.37925
1973          4618.09047
1974          4621.80332
1975          4625.51781
1976          4629.23393
1977          4632.95169
1978          4636.67109
1979          4640.39212
1980          4644.11479
1981          4647.83910
1982          4651.56504
1983          4655.29262
1984          4659.02184
1985          4662.75269
1986          4666.48519
1987          4670.21932
1988          4673.95509
1989          4677.69250
1990          4681.43155
1991          4685.17224
1992          4688.91456
1993          4692.65853
1994          4696.40414
1995          4700.15139
1996          4703.90028
1997          4707.65081
1998          4711.40298
1999          4715.15679
2000          4718.91225
2001          4722.66934
2002          4726.42808
2003          4730.18847
2004          4733.95049
2005          4737.71416
2006          4741.47947
2007          4745.24643
2008          4749.01503
2009          4752.78527
2010          4756.55716
2011          4760.33069
2012          4764.10587
2013          4767.88270
2014          4771.66116
2015          4775.44128
2016          4779.22304
2017          4783.00645
2018          4786.79151
2019          4790.57821
2020          4794.36656
2021          4798.15655
2022          4801.94820
2023          4805.74149
2024          4809.53643
2025          4813.33302
2026          4817.13126
2027          4820.93115
2028          4824.73269
2029          4828.53587
2030          4832.34071
2031          4836.14720
2032          4839.95534
2033          4843.76513
2034          4847.57657
2035          4851.38966
2036          4855.20440
2037          4859.02080
2038          4862.83884
2039          4866.65854
2040          4870.47990
2041          4874.30290
2042          4878.12756
2043          4881.95387
2044          4885.78184
2045          4889.61146
2046          4893.44273
2047          4897.27566
2048          4901.11025
2049          4904.94649
2050          4908.78438
2051          4912.62393
2052          4916.46514
2053          4920.30800
2054          4924.15252
2055          4927.99870
2056          4931.84653
2057          4935.69602
2058          4939.54717
2059          4943.39998
2060          4947.25444
2061          4951.11056
2062          4954.96834
2063          4958.82779
2064          4962.68888
2065          4966.55164
2066          4970.41606
2067          4974.28214
2068          4978.14988
2069          4982.01929
2070          4985.89035
2071          4989.76307
2072          4993.63745
2073          4997.51350
2074          5001.39121
2075          5005.27058
2076          5009.15161
2077          5013.03431
2078          5016.91867
2079          5020.80469
2080          5024.69237
2081          5028.58172
2082          5032.47274
2083          5036.36542
2084          5040.25976
2085          5044.15577
2086          5048.05344
2087          5051.95278
2088          5055.85379
2089          5059.75646
2090          5063.66079
2091          5067.56680
2092          5071.47447
2093          5075.38381
2094          5079.29482
2095          5083.20749
2096          5087.12183
2097          5091.03784
2098          5094.95552
2099          5098.87487
2100          5102.79588
2101          5106.71857
2102          5110.64293
2103          5114.56895
2104          5118.49665
2105          5122.42602
2106          5126.35705
2107          5130.28976
2108          5134.22414
2109          5138.16019
2110          5142.09792
2111          5146.03731
2112          5149.97838
2113          5153.92112
2114          5157.86553
2115          5161.81162
2116          5165.75938
2117          5169.70881
2118          5173.65992
2119          5177.61270
2120          5181.56716
2121          5185.52329
2122          5189.48110
2123          5193.44058
2124          5197.40174
2125          5201.36458
2126          5205.32909
2127          5209.29528
2128          5213.26314
2129          5217.23268
2130          5221.20390
2131          5225.17680
2132          5229.15137
2133          5233.12762
2134          5237.10555
2135          5241.08516
2136          5245.06645
2137          5249.04942
2138          5253.03406
2139          5257.02039
2140          5261.00840
2141          5264.99809
2142          5268.98946
2143          5272.98250
2144          5276.97724
2145          5280.97365
2146          5284.97174
2147          5288.97152
2148          5292.97297
2149          5296.97612
2150          5300.98094
2151          5304.98745
2152          5308.99564
2153          5313.00551
2154          5317.01707
2155          5321.03031
2156          5325.04524
2157          5329.06185
2158          5333.08014
2159          5337.10012
2160          5341.12179
2161          5345.14515
2162          5349.17018
2163          5353.19691
2164          5357.22532
2165          5361.25542
2166          5365.28721
2167          5369.32068
2168          5373.35585
2169          5377.39269
2170          5381.43123
2171          5385.47146
2172          5389.51338
2173          5393.55698
2174          5397.60228
2175          5401.64926
2176          5405.69793
2177          5409.74830
2178          5413.80035
2179          5417.85410
2180          5421.90954
2181          5425.96666
2182          5430.02549
2183          5434.08600
2184          5438.14820
2185          5442.21210
2186          5446.27769
2187          5450.34497
2188          5454.41394
2189          5458.48461
2190          5462.55698
2191          5466.63103
2192          5470.70679
2193          5474.78423
2194          5478.86337
2195          5482.94421
2196          5487.02674
2197          5491.11097
2198          5495.19689
2199          5499.28451
2200          5503.37383
2201          5507.46484
2202          5511.55755
2203          5515.65196
2204          5519.74806
2205          5523.84587
2206          5527.94537
2207          5532.04657
2208          5536.14947
2209          5540.25407
2210          5544.36036
2211          5548.46836
2212          5552.57806
2213          5556.68946
2214          5560.80255
2215          5564.91735
2216          5569.03385
2217          5573.15205
2218          5577.27195
2219          5581.39356
2220          5585.51686
2221          5589.64187
2222          5593.76858
2223          5597.89700
2224          5602.02711
2225          5606.15893
2226          5610.29246
2227          5614.42768
2228          5618.56462
2229          5622.70325
2230          5626.84360
2231          5630.98564
2232          5635.12939
2233          5639.27485
2234          5643.42202
2235          5647.57089
2236          5651.72146
2237          5655.87374
2238          5660.02773
2239          5664.18343
2240          5668.34084
2241          5672.49995
2242          5676.66077
2243          5680.82330
2244          5684.98754
2245          5689.15348
2246          5693.32114
2247          5697.49051
2248          5701.66158
2249          5705.83437
2250          5710.00886
2251          5714.18507
2252          5718.36298
2253          5722.54261
2254          5726.72395
2255          5730.90700
2256          5735.09177
2257          5739.27824
2258          5743.46643
2259          5747.65633
2260          5751.84794
2261          5756.04127
2262          5760.23631
2263          5764.43306
2264          5768.63153
2265          5772.83172
2266          5777.03361
2267          5781.23722
2268          5785.44255
2269          5789.64960
2270          5793.85836
2271          5798.06883
2272          5802.28102
2273          5806.49493
2274          5810.71055
2275          5814.92789
2276          5819.14696
2277          5823.36773
2278          5827.59023
2279          5831.81444
2280          5836.04037
2281          5840.26802
2282          5844.49739
2283          5848.72848
2284          5852.96129
2285          5857.19582
2286          5861.43206
2287          5865.67003
2288          5869.90972
2289          5874.15113
2290          5878.39426
2291          5882.63912
2292          5886.88569
2293          5891.13399
2294          5895.38401
2295          5899.63575
2296          5903.88922
2297          5908.14440
2298          5912.40132
2299          5916.65995
2300          5920.92031
2301          5925.18239
2302          5929.44620
2303          5933.71173
2304          5937.97899
2305          5942.24797
2306          5946.51868
2307          5950.79112
2308          5955.06528
2309          5959.34116
2310          5963.61878
2311          5967.89812
2312          5972.17918
2313          5976.46198
2314          5980.74650
2315          5985.03276
2316          5989.32073
2317          5993.61044
2318          5997.90188
2319          6002.19505
2320          6006.48994
2321          6010.78657
2322          6015.08492
2323          6019.38501
2324          6023.68682
2325          6027.99037
2326          6032.29565
2327          6036.60265
2328          6040.91140
2329          6045.22187
2330          6049.53407
2331          6053.84801
2332          6058.16368
2333          6062.48108
2334          6066.80022
2335          6071.12109
2336          6075.44369
2337          6079.76803
2338          6084.09410
2339          6088.42190
2340          6092.75144
2341          6097.08272
2342          6101.41573
2343          6105.75048
2344          6110.08696
2345          6114.42518
2346          6118.76514
2347          6123.10683
2348          6127.45026
2349          6131.79542
2350          6136.14233
2351          6140.49097
2352          6144.84135
2353          6149.19347
2354          6153.54732
2355          6157.90292
2356          6162.26026
2357          6166.61933
2358          6170.98015
2359          6175.34270
2360          6179.70699
2361          6184.07303
2362          6188.44080
2363          6192.81032
2364          6197.18158
2365          6201.55458
2366          6205.92932
2367          6210.30580
2368          6214.68403
2369          6219.06400
2370          6223.44571
2371          6227.82917
2372          6232.21437
2373          6236.60131
2374          6240.99000
2375          6245.38043
2376          6249.77260
2377          6254.16652
2378          6258.56219
2379          6262.95960
2380          6267.35876
2381          6271.75966
2382          6276.16231
2383          6280.56670
2384          6284.97284
2385          6289.38073
2386          6293.79037
2387          6298.20175
2388          6302.61488
2389          6307.02976
2390          6311.44639
2391          6315.86477
2392          6320.28489
2393          6324.70677
2394          6329.13039
2395          6333.55577
2396          6337.98289
2397          6342.41176
2398          6346.84239
2399          6351.27477
2400          6355.70889
2401          6360.14477
2402          6364.58240
2403          6369.02178
2404          6373.46291
2405          6377.90580
2406          6382.35044
2407          6386.79683
2408          6391.24497
2409          6395.69487
2410          6400.14652
2411          6404.59993
2412          6409.05509
2413          6413.51200
2414          6417.97067
2415          6422.43110
2416          6426.89328
2417          6431.35721
2418          6435.82290
2419          6440.29035
2420          6444.75955
2421          6449.23052
2422          6453.70323
2423          6458.17771
2424          6462.65394
2425          6467.13193
2426          6471.61168
2427          6476.09318
2428          6480.57645
2429          6485.06147
2430          6489.54826
2431          6494.03680
2432          6498.52710
2433          6503.01916
2434          6507.51298
2435          6512.00857
2436          6516.50591
2437          6521.00501
2438          6525.50588
2439          6530.00850
2440          6534.51289
2441          6539.01904
2442          6543.52696
2443          6548.03663
2444          6552.54807
2445          6557.06127
2446          6561.57624
2447          6566.09296
2448          6570.61146
2449          6575.13171
2450          6579.65373
2451          6584.17752
2452          6588.70307
2453          6593.23038
2454          6597.75947
2455          6602.29031
2456          6606.82292
2457          6611.35730
2458          6615.89345
2459          6620.43136
2460          6624.97104
2461          6629.51249
2462          6634.05570
2463          6638.60069
2464          6643.14743
2465          6647.69595
2466          6652.24624
2467          6656.79830
2468          6661.35212
2469          6665.90772
2470          6670.46508
2471          6675.02422
2472          6679.58512
2473          6684.14780
2474          6688.71225
2475          6693.27847
2476          6697.84645
2477          6702.41622
2478          6706.98775
2479          6711.56105
2480          6716.13613
2481          6720.71298
2482          6725.29160
2483          6729.87200
2484          6734.45417
2485          6739.03811
2486          6743.62382
2487          6748.21132
2488          6752.80058
2489          6757.39162
2490          6761.98444
2491          6766.57903
2492          6771.17539
2493          6775.77354
2494          6780.37345
2495          6784.97515
2496          6789.57862
2497          6794.18387
2498          6798.79089
2499          6803.39970
2500          6808.01027
2501          6812.62263
2502          6817.23677
2503          6821.85268
2504          6826.47038
2505          6831.08985
2506          6835.71110
2507          6840.33413
2508          6844.95894
2509          6849.58553
2510          6854.21390
2511          6858.84405
2512          6863.47599
2513          6868.10970
2514          6872.74520
2515          6877.38247
2516          6882.02153
2517          6886.66237
2518          6891.30499
2519          6895.94940
2520          6900.59559
2521          6905.24356
2522          6909.89331
2523          6914.54485
2524          6919.19818
2525          6923.85328
2526          6928.51017
2527          6933.16885
2528          6937.82931
2529          6942.49156
2530          6947.15559
2531          6951.82140
2532          6956.48901
2533          6961.15840
2534          6965.82957
2535          6970.50254
2536          6975.17729
2537          6979.85383
2538          6984.53215
2539          6989.21226
2540          6993.89416
2541          6998.57786
2542          7003.26333
2543          7007.95060
2544          7012.63966
2545          7017.33050
2546          7022.02314
2547          7026.71756
2548          7031.41378
2549          7036.11179
2550          7040.81158
2551          7045.51317
2552          7050.21655
2553          7054.92172
2554          7059.62868
2555          7064.33744
2556          7069.04798
2557          7073.76032
2558          7078.47445
2559          7083.19038
2560          7087.90809
2561          7092.62761
2562          7097.34891
2563          7102.07201
2564          7106.79691
2565          7111.52359
2566          7116.25208
2567          7120.98236
2568          7125.71443
2569          7130.44830
2570          7135.18397
2571          7139.92143
2572          7144.66069
2573          7149.40174
2574          7154.14459
2575          7158.88924
2576          7163.63569
2577          7168.38393
2578          7173.13397
2579          7177.88581
2580          7182.63945
2581          7187.39489
2582          7192.15213
2583          7196.91116
2584          7201.67200
2585          7206.43463
2586          7211.19907
2587          7215.96530
2588          7220.73334
2589          7225.50317
2590          7230.27481
2591          7235.04825
2592          7239.82349
2593          7244.60053
2594          7249.37938
2595          7254.16002
2596          7258.94247
2597          7263.72673
2598          7268.51278
2599          7273.30064
2600          7278.09030
2601          7282.88177
2602          7287.67504
2603          7292.47011
2604          7297.26699
2605          7302.06567
2606          7306.86616
2607          7311.66846
2608          7316.47256
2609          7321.27846
2610          7326.08617
2611          7330.89569
2612          7335.70702
2613          7340.52015
2614          7345.33509
2615          7350.15184
2616          7354.97039
2617          7359.79075
2618          7364.61292
2619          7369.43690
2620          7374.26269
2621          7379.09029
2622          7383.91969
2623          7388.75091
2624          7393.58393
2625          7398.41877
2626          7403.25541
2627          7408.09387
2628          7412.93413
2629          7417.77621
2630          7422.62010
2631          7427.46580
2632          7432.31331
2633          7437.16263
2634          7442.01377
2635          7446.86672
2636          7451.72148
2637          7456.57805
2638          7461.43644
2639          7466.29664
2640          7471.15866
2641          7476.02248
2642          7480.88813
2643          7485.75558
2644          7490.62486
2645          7495.49594
2646          7500.36885
2647          7505.24356
2648          7510.12010
2649          7514.99845
2650          7519.87861
2651          7524.76060
2652          7529.64440
2653          7534.53001
2654          7539.41745
2655          7544.30670
2656          7549.19777
2657          7554.09065
2658          7558.98536
2659          7563.88188
2660          7568.78023
2661          7573.68039
2662          7578.58237
2663          7583.48617
2664          7588.39179
2665          7593.29923
2666          7598.20849
2667          7603.11957
2668          7608.03247
2669          7612.94720
2670          7617.86374
2671          7622.78211
2672          7627.70229
2673          7632.62430
2674          7637.54813
2675          7642.47379
2676          7647.40127
2677          7652.33057
2678          7657.26169
2679          7662.19464
2680          7667.12941
2681          7672.06600
2682          7677.00442
2683          7681.94466
2684          7686.88673
2685          7691.83063
2686          7696.77635
2687          7701.72389
2688          7706.67326
2689          7711.62446
2690          7716.57748
2691          7721.53233
2692          7726.48900
2693          7731.44750
2694          7736.40783
2695          7741.36999
2696          7746.33398
2697          7751.29979
2698          7756.26743
2699          7761.23690
2700          7766.20820
2701          7771.18132
2702          7776.15628
2703          7781.13307
2704          7786.11168
2705          7791.09213
2706          7796.07441
2707          7801.05851
2708          7806.04445
2709          7811.03222
2710          7816.02182
2711          7821.01325
2712          7826.00651
2713          7831.00160
2714          7835.99853
2715          7840.99729
2716          7845.99788
2717          7851.00030
2718          7856.00456
2719          7861.01065
2720          7866.01858
2721          7871.02834
2722          7876.03993
2723          7881.05336
2724          7886.06862
2725          7891.08572
2726          7896.10465
2727          7901.12541
2728          7906.14802
2729          7911.17245
2730          7916.19873
2731          7921.22684
2732          7926.25679
2733          7931.28857
2734          7936.32219
2735          7941.35765
2736          7946.39495
2737          7951.43408
2738          7956.47505
2739          7961.51786
2740          7966.56251
2741          7971.60900
2742          7976.65733
2743          7981.70749
2744          7986.75950
2745          7991.81334
2746          7996.86903
2747          8001.92656
2748          8006.98592
2749          8012.04713
2750          8017.11018
2751          8022.17506
2752          8027.24179
2753          8032.31037
2754          8037.38078
2755          8042.45304
2756          8047.52713
2757          8052.60307
2758          8057.68086
2759          8062.76049
2760          8067.84196
2761          8072.92527
2762          8078.01043
2763          8083.09743
2764          8088.18628
2765          8093.27697
2766          8098.36950
2767          8103.46388
2768          8108.56011
2769          8113.65818
2770          8118.75810
2771          8123.85986
2772          8128.96347
2773          8134.06893
2774          8139.17623
2775          8144.28538
2776          8149.39638
2777          8154.50922
2778          8159.62391
2779          8164.74045
2780          8169.85884
2781          8174.97908
2782          8180.10116
2783          8185.22510
2784          8190.35088
2785          8195.47851
2786          8200.60799
2787          8205.73933
2788          8210.87251
2789          8216.00754
2790          8221.14442
2791          8226.28316
2792          8231.42374
2793          8236.56618
2794          8241.71047
2795          8246.85660
2796          8252.00460
2797          8257.15444
2798          8262.30613
2799          8267.45968
2800          8272.61508
2801          8277.77234
2802          8282.93145
2803          8288.09241
2804          8293.25522
2805          8298.41989
2806          8303.58642
2807          8308.75480
2808          8313.92503
2809          8319.09712
2810          8324.27106
2811          8329.44686
2812          8334.62452
2813          8339.80403
2814          8344.98539
2815          8350.16862
2816          8355.35370
2817          8360.54063
2818          8365.72943
2819          8370.92008
2820          8376.11259
2821          8381.30696
2822          8386.50318
2823          8391.70127
2824          8396.90121
2825          8402.10301
2826          8407.30667
2827          8412.51219
2828          8417.71957
2829          8422.92881
2830          8428.13991
2831          8433.35287
2832          8438.56769
2833          8443.78437
2834          8449.00291
2835          8454.22331
2836          8459.44557
2837          8464.66970
2838          8469.89569
2839          8475.12354
2840          8480.35325
2841          8485.58482
2842          8490.81826
2843          8496.05356
2844          8501.29072
2845          8506.52975
2846          8511.77064
2847          8517.01339
2848          8522.25801
2849          8527.50449
2850          8532.75284
2851          8538.00305
2852          8543.25513
2853          8548.50907
2854          8553.76488
2855          8559.02256
2856          8564.28210
2857          8569.54350
2858          8574.80677
2859          8580.07191
2860          8585.33892
2861          8590.60779
2862          8595.87854
2863          8601.15114
2864          8606.42562
2865          8611.70197
2866          8616.98018
2867          8622.26026
2868          8627.54221
2869          8632.82603
2870          8638.11172
2871          8643.39928
2872          8648.68871
2873          8653.98000
2874          8659.27317
2875          8664.56821
2876          8669.86512
2877          8675.16390
2878          8680.46455
2879          8685.76707
2880          8691.07146
2881          8696.37773
2882          8701.68587
2883          8706.99588
2884          8712.30776
2885          8717.62151
2886          8722.93714
2887          8728.25464
2888          8733.57402
2889          8738.89526
2890          8744.21839
2891          8749.54338
2892          8754.87025
2893          8760.19900
2894          8765.52961
2895          8770.86211
2896          8776.19648
2897          8781.53272
2898          8786.87084
2899          8792.21084
2900          8797.55271
2901          8802.89646
2902          8808.24208
2903          8813.58959
2904          8818.93897
2905          8824.29022
2906          8829.64336
2907          8834.99837
2908          8840.35526
2909          8845.71402
2910          8851.07467
2911          8856.43719
2912          8861.80159
2913          8867.16788
2914          8872.53604
2915          8877.90608
2916          8883.27800
2917          8888.65180
2918          8894.02748
2919          8899.40504
2920          8904.78448
2921          8910.16580
2922          8915.54900
2923          8920.93409
2924          8926.32105
2925          8931.70990
2926          8937.10063
2927          8942.49324
2928          8947.88774
2929          8953.28411
2930          8958.68237
2931          8964.08251
2932          8969.48454
2933          8974.88845
2934          8980.29424
2935          8985.70192
2936          8991.11148
2937          8996.52292
2938          9001.93625
2939          9007.35147
2940          9012.76857
2941          9018.18755
2942          9023.60842
2943          9029.03118
2944          9034.45582
2945          9039.88235
2946          9045.31076
2947          9050.74106
2948          9056.17325
2949          9061.60733
2950          9067.04329
2951          9072.48114
2952          9077.92087
2953          9083.36250
2954          9088.80601
2955          9094.25141
2956          9099.69870
2957          9105.14788
2958          9110.59895
2959          9116.05191
2960          9121.50675
2961          9126.96349
2962          9132.42212
2963          9137.88263
2964          9143.34504
2965          9148.80934
2966          9154.27552
2967          9159.74360
2968          9165.21357
2969          9170.68543
2970          9176.15919
2971          9181.63483
2972          9187.11237
2973          9192.59180
2974          9198.07312
2975          9203.55633
2976          9209.04144
2977          9214.52844
2978          9220.01733
2979          9225.50812
2980          9231.00080
2981          9236.49538
2982          9241.99185
2983          9247.49021
2984          9252.99047
2985          9258.49262
2986          9263.99667
2987          9269.50262
2988          9275.01045
2989          9280.52019
2990          9286.03182
2991          9291.54535
2992          9297.06077
2993          9302.57809
2994          9308.09731
2995          9313.61842
2996          9319.14143
2997          9324.66634
2998          9330.19315
2999          9335.72185
3000          9341.25246
3001          9346.78496
3002          9352.31936
3003          9357.85566
3004          9363.39385
3005          9368.93395
3006          9374.47595
3007          9380.01984
3008          9385.56564
3009          9391.11333
3010          9396.66293
3011          9402.21442
3012          9407.76782
3013          9413.32312
3014          9418.88032
3015          9424.43942
3016          9430.00042
3017          9435.56332
3018          9441.12813
3019          9446.69483
3020          9452.26344
3021          9457.83396
3022          9463.40637
3023          9468.98069
3024          9474.55691
3025          9480.13503
3026          9485.71506
3027          9491.29700
3028          9496.88083
3029          9502.46657
3030          9508.05422
3031          9513.64377
3032          9519.23522
3033          9524.82858
3034          9530.42385
3035          9536.02102
3036          9541.62010
3037          9547.22108
3038          9552.82397
3039          9558.42876
3040          9564.03547
3041          9569.64407
3042          9575.25459
3043          9580.86701
3044          9586.48134
3045          9592.09758
3046          9597.71573
3047          9603.33578
3048          9608.95774
3049          9614.58161
3050          9620.20739
3051          9625.83508
3052          9631.46468
3053          9637.09619
3054          9642.72960
3055          9648.36493
3056          9654.00216
3057          9659.64131
3058          9665.28237
3059          9670.92533
3060          9676.57021
3061          9682.21700
3062          9687.86570
3063          9693.51631
3064          9699.16884
3065          9704.82327
3066          9710.47962
3067          9716.13788
3068          9721.79805
3069          9727.46013
3070          9733.12413
3071          9738.79004
3072          9744.45786
3073          9750.12760
3074          9755.79925
3075          9761.47281
3076          9767.14829
3077          9772.82568
3078          9778.50499
3079          9784.18621
3080          9789.86935
3081          9795.55440
3082          9801.24137
3083          9806.93025
3084          9812.62105
3085          9818.31376
3086          9824.00839
3087          9829.70494
3088          9835.40340
3089          9841.10378
3090          9846.80608
3091          9852.51030
3092          9858.21643
3093          9863.92448
3094          9869.63444
3095          9875.34633
3096          9881.06013
3097          9886.77585
3098          9892.49349
3099          9898.21305
3100          9903.93453
3101          9909.65792
3102          9915.38324
3103          9921.11048
3104          9926.83963
3105          9932.57071
3106          9938.30370
3107          9944.03862
3108          9949.77546
3109          9955.51421
3110          9961.25489
3111          9966.99749
3112          9972.74201
3113          9978.48846
3114          9984.23682
3115          9989.98711
3116          9995.73931
3117         10001.49345
3118         10007.24950
3119         10013.00748
3120         10018.76737
3121         10024.52920
3122         10030.29294
3123         10036.05861
3124         10041.82621
3125         10047.59572
3126         10053.36716
3127         10059.14053
3128         10064.91582
3129         10070.69304
3130         10076.47218
3131         10082.25324
3132         10088.03623
3133         10093.82115
3134         10099.60799
3135         10105.39676
3136         10111.18746
3137         10116.98008
3138         10122.77463
3139         10128.57110
3140         10134.36950
3141         10140.16983
3142         10145.97208
3143         10151.77627
3144         10157.58238
3145         10163.39042
3146         10169.20039
3147         10175.01228
3148         10180.82611
3149         10186.64186
3150         10192.45954
3151         10198.27915
3152         10204.10069
3153         10209.92416
3154         10215.74956
3155         10221.57689
3156         10227.40615
3157         10233.23734
3158         10239.07046
3159         10244.90551
3160         10250.74250
3161         10256.58141
3162         10262.42225
3163         10268.26503
3164         10274.10974
3165         10279.95638
3166         10285.80495
3167         10291.65545
3168         10297.50789
3169         10303.36226
3170         10309.21856
3171         10315.07680
3172         10320.93696
3173         10326.79906
3174         10332.66310
3175         10338.52907
3176         10344.39697
3177         10350.26681
3178         10356.13858
3179         10362.01229
3180         10367.88793
3181         10373.76550
3182         10379.64502
3183         10385.52646
3184         10391.40984
3185         10397.29516
3186         10403.18242
3187         10409.07161
3188         10414.96273
3189         10420.85579
3190         10426.75079
3191         10432.64773
3192         10438.54660
3193         10444.44742
3194         10450.35016
3195         10456.25485
3196         10462.16147
3197         10468.07004
3198         10473.98054
3199         10479.89297
3200         10485.80735
3201         10491.72367
3202         10497.64192
3203         10503.56212
3204         10509.48425
3205         10515.40832
3206         10521.33433
3207         10527.26229
3208         10533.19218
3209         10539.12401
3210         10545.05779
3211         10550.99350
3212         10556.93116
3213         10562.87075
3214         10568.81229
3215         10574.75577
3216         10580.70119
3217         10586.64855
3218         10592.59786
3219         10598.54910
3220         10604.50229
3221         10610.45742
3222         10616.41450
3223         10622.37351
3224         10628.33447
3225         10634.29738
3226         10640.26223
3227         10646.22902
3228         10652.19775
3229         10658.16843
3230         10664.14105
3231         10670.11562
3232         10676.09213
3233         10682.07059
3234         10688.05099
3235         10694.03334
3236         10700.01763
3237         10706.00387
3238         10711.99206
3239         10717.98219
3240         10723.97426
3241         10729.96828
3242         10735.96425
3243         10741.96217
3244         10747.96203
3245         10753.96384
3246         10759.96760
3247         10765.97330
3248         10771.98095
3249         10777.99055
3250         10784.00210
3251         10790.01559
3252         10796.03104
3253         10802.04843
3254         10808.06777
3255         10814.08906
3256         10820.11230
3257         10826.13749
3258         10832.16463
3259         10838.19371
3260         10844.22475
3261         10850.25774
3262         10856.29268
3263         10862.32956
3264         10868.36840
3265         10874.40919
3266         10880.45193
3267         10886.49662
3268         10892.54326
3269         10898.59186
3270         10904.64240
3271         10910.69490
3272         10916.74935
3273         10922.80575
3274         10928.86410
3275         10934.92441
3276         10940.98666
3277         10947.05088
3278         10953.11704
3279         10959.18516
3280         10965.25523
3281         10971.32725
3282         10977.40123
3283         10983.47717
3284         10989.55505
3285         10995.63489
3286         11001.71669
3287         11007.80044
3288         11013.88614
3289         11019.97380
3290         11026.06342
3291         11032.15499
3292         11038.24851
3293         11044.34400
3294         11050.44143
3295         11056.54083
3296         11062.64218
3297         11068.74548
3298         11074.85075
3299         11080.95797
3300         11087.06715
3301         11093.17828
3302         11099.29137
3303         11105.40642
3304         11111.52343
3305         11117.64239
3306         11123.76332
3307         11129.88620
3308         11136.01104
3309         11142.13783
3310         11148.26659
3311         11154.39731
3312         11160.52998
3313         11166.66462
3314         11172.80121
3315         11178.93976
3316         11185.08028
3317         11191.22275
3318         11197.36718
3319         11203.51358
3320         11209.66193
3321         11215.81225
3322         11221.96452
3323         11228.11876
3324         11234.27496
3325         11240.43312
3326         11246.59324
3327         11252.75532
3328         11258.91936
3329         11265.08537
3330         11271.25334
3331         11277.42327
3332         11283.59517
3333         11289.76902
3334         11295.94484
3335         11302.12263
3336         11308.30237
3337         11314.48408
3338         11320.66776
3339         11326.85339
3340         11333.04099
3341         11339.23056
3342         11345.42209
3343         11351.61558
3344         11357.81104
3345         11364.00847
3346         11370.20786
3347         11376.40921
3348         11382.61253
3349         11388.81781
3350         11395.02506
3351         11401.23428
3352         11407.44546
3353         11413.65861
3354         11419.87373
3355         11426.09081
3356         11432.30986
3357         11438.53087
3358         11444.75386
3359         11450.97881
3360         11457.20572
3361         11463.43461
3362         11469.66546
3363         11475.89828
3364         11482.13307
3365         11488.36983
3366         11494.60855
3367         11500.84924
3368         11507.09191
3369         11513.33654
3370         11519.58314
3371         11525.83171
3372         11532.08225
3373         11538.33476
3374         11544.58924
3375         11550.84569
3376         11557.10411
3377         11563.36449
3378         11569.62685
3379         11575.89119
3380         11582.15749
3381         11588.42576
3382         11594.69600
3383         11600.96822
3384         11607.24240
3385         11613.51856
3386         11619.79669
3387         11626.07679
3388         11632.35886
3389         11638.64291
3390         11644.92893
3391         11651.21692
3392         11657.50688
3393         11663.79882
3394         11670.09273
3395         11676.38861
3396         11682.68647
3397         11688.98630
3398         11695.28810
3399         11701.59188
3400         11707.89763
3401         11714.20536
3402         11720.51506
3403         11726.82673
3404         11733.14038
3405         11739.45601
3406         11745.77361
3407         11752.09318
3408         11758.41474
3409         11764.73826
3410         11771.06376
3411         11777.39124
3412         11783.72070
3413         11790.05213
3414         11796.38553
3415         11802.72092
3416         11809.05828
3417         11815.39761
3418         11821.73893
3419         11828.08222
3420         11834.42749
3421         11840.77473
3422         11847.12396
3423         11853.47516
3424         11859.82834
3425         11866.18350
3426         11872.54063
3427         11878.89975
3428         11885.26084
3429         11891.62392
3430         11897.98897
3431         11904.35600
3432         11910.72501
3433         11917.09600
3434         11923.46897
3435         11929.84391
3436         11936.22084
3437         11942.59975
3438         11948.98064
3439         11955.36351
3440         11961.74836
3441         11968.13519
3442         11974.52400
3443         11980.91480
3444         11987.30757
3445         11993.70233
3446         12000.09906
3447         12006.49778
3448         12012.89848
3449         12019.30117
3450         12025.70583
3451         12032.11248
3452         12038.52111
3453         12044.93172
3454         12051.34432
3455         12057.75890
3456         12064.17546
3457         12070.59400
3458         12077.01453
3459         12083.43704
3460         12089.86154
3461         12096.28802
3462         12102.71648
3463         12109.14693
3464         12115.57936
3465         12122.01378
3466         12128.45018
3467         12134.88857
3468         12141.32894
3469         12147.77130
3470         12154.21564
3471         12160.66197
3472         12167.11028
3473         12173.56058
3474         12180.01286
3475         12186.46714
3476         12192.92339
3477         12199.38164
3478         12205.84187
3479         12212.30408
3480         12218.76829
3481         12225.23448
3482         12231.70266
3483         12238.17282
3484         12244.64498
3485         12251.11912
3486         12257.59525
3487         12264.07336
3488         12270.55347
3489         12277.03556
3490         12283.51964
3491         12290.00571
3492         12296.49377
3493         12302.98382
3494         12309.47585
3495         12315.96988
3496         12322.46589
3497         12328.96390
3498         12335.46389
3499         12341.96588
3500         12348.46985
3501         12354.97582
3502         12361.48377
3503         12367.99372
3504         12374.50565
3505         12381.01958
3506         12387.53550
3507         12394.05340
3508         12400.57330
3509         12407.09519
3510         12413.61908
3511         12420.14495
3512         12426.67281
3513         12433.20267
3514         12439.73452
3515         12446.26836
3516         12452.80420
3517         12459.34202
3518         12465.88184
3519         12472.42366
3520         12478.96746
3521         12485.51326
3522         12492.06105
3523         12498.61083
3524         12505.16261
3525         12511.71639
3526         12518.27215
3527         12524.82991
3528         12531.38967
3529         12537.95141
3530         12544.51516
3531         12551.08089
3532         12557.64863
3533         12564.21836
3534         12570.79008
3535         12577.36379
3536         12583.93951
3537         12590.51722
3538         12597.09692
3539         12603.67862
3540         12610.26232
3541         12616.84801
3542         12623.43570
3543         12630.02538
3544         12636.61706
3545         12643.21074
3546         12649.80641
3547         12656.40409
3548         12663.00375
3549         12669.60542
3550         12676.20908
3551         12682.81474
3552         12689.42240
3553         12696.03206
3554         12702.64371
3555         12709.25736
3556         12715.87301
3557         12722.49066
3558         12729.11031
3559         12735.73196
3560         12742.35560
3561         12748.98125
3562         12755.60889
3563         12762.23853
3564         12768.87018
3565         12775.50382
3566         12782.13946
3567         12788.77710
3568         12795.41674
3569         12802.05838
3570         12808.70202
3571         12815.34767
3572         12821.99531
3573         12828.64495
3574         12835.29660
3575         12841.95024
3576         12848.60589
3577         12855.26354
3578         12861.92318
3579         12868.58484
3580         12875.24849
3581         12881.91414
3582         12888.58180
3583         12895.25146
3584         12901.92312
3585         12908.59678
3586         12915.27245
3587         12921.95011
3588         12928.62979
3589         12935.31146
3590         12941.99514
3591         12948.68082
3592         12955.36850
3593         12962.05819
3594         12968.74988
3595         12975.44358
3596         12982.13927
3597         12988.83698
3598         12995.53669
3599         13002.23840
3600         13008.94211
3601         13015.64783
3602         13022.35556
3603         13029.06529
3604         13035.77703
3605         13042.49077
3606         13049.20651
3607         13055.92427
3608         13062.64402
3609         13069.36579
3610         13076.08956
3611         13082.81533
3612         13089.54311
3613         13096.27290
3614         13103.00470
3615         13109.73850
3616         13116.47430
3617         13123.21212
3618         13129.95194
3619         13136.69377
3620         13143.43760
3621         13150.18345
3622         13156.93130
3623         13163.68116
3624         13170.43302
3625         13177.18690
3626         13183.94278
3627         13190.70067
3628         13197.46057
3629         13204.22248
3630         13210.98639
3631         13217.75232
3632         13224.52025
3633         13231.29020
3634         13238.06215
3635         13244.83611
3636         13251.61208
3637         13258.39006
3638         13265.17005
3639         13271.95205
3640         13278.73606
3641         13285.52209
3642         13292.31012
3643         13299.10016
3644         13305.89221
3645         13312.68627
3646         13319.48234
3647         13326.28043
3648         13333.08052
3649         13339.88263
3650         13346.68675
3651         13353.49288
3652         13360.30102
3653         13367.11117
3654         13373.92333
3655         13380.73751
3656         13387.55370
3657         13394.37190
3658         13401.19211
3659         13408.01434
3660         13414.83858
3661         13421.66483
3662         13428.49309
3663         13435.32337
3664         13442.15566
3665         13448.98996
3666         13455.82628
3667         13462.66461
3668         13469.50496
3669         13476.34731
3670         13483.19168
3671         13490.03807
3672         13496.88647
3673         13503.73689
3674         13510.58932
3675         13517.44376
3676         13524.30022
3677         13531.15869
3678         13538.01918
3679         13544.88169
3680         13551.74620
3681         13558.61274
3682         13565.48129
3683         13572.35185
3684         13579.22444
3685         13586.09903
3686         13592.97565
3687         13599.85428
3688         13606.73492
3689         13613.61758
3690         13620.50226
3691         13627.38896
3692         13634.27767
3693         13641.16840
3694         13648.06115
3695         13654.95591
3696         13661.85269
3697         13668.75149
3698         13675.65230
3699         13682.55514
3700         13689.45999
3701         13696.36686
3702         13703.27575
3703         13710.18665
3704         13717.09958
3705         13724.01452
3706         13730.93148
3707         13737.85046
3708         13744.77146
3709         13751.69448
3710         13758.61951
3711         13765.54657
3712         13772.47564
3713         13779.40674
3714         13786.33985
3715         13793.27499
3716         13800.21214
3717         13807.15131
3718         13814.09251
3719         13821.03572
3720         13827.98096
3721         13834.92821
3722         13841.87749
3723         13848.82878
3724         13855.78210
3725         13862.73744
3726         13869.69480
3727         13876.65418
3728         13883.61558
3729         13890.57900
3730         13897.54445
3731         13904.51191
3732         13911.48140
3733         13918.45291
3734         13925.42645
3735         13932.40200
3736         13939.37958
3737         13946.35918
3738         13953.34080
3739         13960.32444
3740         13967.31011
3741         13974.29780
3742         13981.28751
3743         13988.27925
3744         13995.27301
3745         14002.26879
3746         14009.26660
3747         14016.26643
3748         14023.26828
3749         14030.27216
3750         14037.27806
3751         14044.28599
3752         14051.29594
3753         14058.30791
3754         14065.32191
3755         14072.33794
3756         14079.35599
3757         14086.37606
3758         14093.39816
3759         14100.42228
3760         14107.44843
3761         14114.47660
3762         14121.50680
3763         14128.53903
3764         14135.57328
3765         14142.60955
3766         14149.64786
3767         14156.68819
3768         14163.73054
3769         14170.77492
3770         14177.82133
3771         14184.86976
3772         14191.92022
3773         14198.97271
3774         14206.02722
3775         14213.08376
3776         14220.14233
3777         14227.20293
3778         14234.26555
3779         14241.33020
3780         14248.39688
3781         14255.46558
3782         14262.53632
3783         14269.60908
3784         14276.68387
3785         14283.76068
3786         14290.83953
3787         14297.92041
3788         14305.00331
3789         14312.08824
3790         14319.17520
3791         14326.26419
3792         14333.35520
3793         14340.44825
3794         14347.54333
3795         14354.64043
3796         14361.73957
3797         14368.84073
3798         14375.94393
3799         14383.04915
3800         14390.15640
3801         14397.26569
3802         14404.37700
3803         14411.49034
3804         14418.60572
3805         14425.72312
3806         14432.84256
3807         14439.96402
3808         14447.08752
3809         14454.21305
3810         14461.34061
3811         14468.47020
3812         14475.60182
3813         14482.73547
3814         14489.87115
3815         14497.00887
3816         14504.14862
3817         14511.29039
3818         14518.43421
3819         14525.58005
3820         14532.72792
3821         14539.87783
3822         14547.02977
3823         14554.18374
3824         14561.33975
3825         14568.49778
3826         14575.65785
3827         14582.81996
3828         14589.98409
3829         14597.15026
3830         14604.31847
3831         14611.48870
3832         14618.66097
3833         14625.83527
3834         14633.01161
3835         14640.18998
3836         14647.37039
3837         14654.55282
3838         14661.73730
3839         14668.92380
3840         14676.11234
3841         14683.30292
3842         14690.49553
3843         14697.69018
3844         14704.88686
3845         14712.08557
3846         14719.28632
3847         14726.48910
3848         14733.69392
3849         14740.90078
3850         14748.10967
3851         14755.32060
3852         14762.53356
3853         14769.74856
3854         14776.96559
3855         14784.18466
3856         14791.40576
3857         14798.62891
3858         14805.85409
3859         14813.08130
3860         14820.31055
3861         14827.54184
3862         14834.77516
3863         14842.01052
3864         14849.24792
3865         14856.48736
3866         14863.72883
3867         14870.97234
3868         14878.21789
3869         14885.46547
3870         14892.71509
3871         14899.96675
3872         14907.22045
3873         14914.47619
3874         14921.73396
3875         14928.99377
3876         14936.25562
3877         14943.51951
3878         14950.78544
3879         14958.05340
3880         14965.32340
3881         14972.59545
3882         14979.86953
3883         14987.14565
3884         14994.42381
3885         15001.70401
3886         15008.98624
3887         15016.27052
3888         15023.55684
3889         15030.84519
3890         15038.13559
3891         15045.42802
3892         15052.72250
3893         15060.01902
3894         15067.31757
3895         15074.61817
3896         15081.92080
3897         15089.22548
3898         15096.53220
3899         15103.84095
3900         15111.15175
3901         15118.46459
3902         15125.77947
3903         15133.09639
3904         15140.41535
3905         15147.73636
3906         15155.05940
3907         15162.38449
3908         15169.71161
3909         15177.04078
3910         15184.37199
3911         15191.70525
3912         15199.04054
3913         15206.37788
3914         15213.71725
3915         15221.05868
3916         15228.40214
3917         15235.74764
3918         15243.09519
3919         15250.44478
3920         15257.79642
3921         15265.15009
3922         15272.50581
3923         15279.86357
3924         15287.22338
3925         15294.58523
3926         15301.94912
3927         15309.31505
3928         15316.68303
3929         15324.05306
3930         15331.42512
3931         15338.79923
3932         15346.17538
3933         15353.55358
3934         15360.93382
3935         15368.31611
3936         15375.70044
3937         15383.08681
3938         15390.47523
3939         15397.86570
3940         15405.25821
3941         15412.65276
3942         15420.04936
3943         15427.44800
3944         15434.84869
3945         15442.25142
3946         15449.65620
3947         15457.06302
3948         15464.47189
3949         15471.88281
3950         15479.29577
3951         15486.71077
3952         15494.12782
3953         15501.54692
3954         15508.96807
3955         15516.39126
3956         15523.81649
3957         15531.24378
3958         15538.67310
3959         15546.10448
3960         15553.53790
3961         15560.97337
3962         15568.41089
3963         15575.85045
3964         15583.29206
3965         15590.73572
3966         15598.18142
3967         15605.62917
3968         15613.07897
3969         15620.53082
3970         15627.98471
3971         15635.44065
3972         15642.89864
3973         15650.35867
3974         15657.82076
3975         15665.28489
3976         15672.75107
3977         15680.21930
3978         15687.68958
3979         15695.16190
3980         15702.63628
3981         15710.11270
3982         15717.59117
3983         15725.07169
3984         15732.55426
3985         15740.03888
3986         15747.52554
3987         15755.01426
3988         15762.50503
3989         15769.99784
3990         15777.49270
3991         15784.98962
3992         15792.48858
3993         15799.98959
3994         15807.49265
3995         15814.99777
3996         15822.50493
3997         15830.01414
3998         15837.52540
3999         15845.03871
4000         15852.55408
4001         15860.07149
4002         15867.59095
4003         15875.11247
4004         15882.63603
4005         15890.16165
4006         15897.68931
4007         15905.21903
4008         15912.75080
4009         15920.28462
4010         15927.82049
4011         15935.35841
4012         15942.89838
4013         15950.44041
4014         15957.98448
4015         15965.53061
4016         15973.07879
4017         15980.62902
4018         15988.18131
4019         15995.73564
4020         16003.29203
4021         16010.85047
4022         16018.41096
4023         16025.97350
4024         16033.53810
4025         16041.10475
4026         16048.67345
4027         16056.24420
4028         16063.81701
4029         16071.39187
4030         16078.96878
4031         16086.54775
4032         16094.12877
4033         16101.71184
4034         16109.29696
4035         16116.88414
4036         16124.47338
4037         16132.06466
4038         16139.65800
4039         16147.25339
4040         16154.85084
4041         16162.45034
4042         16170.05190
4043         16177.65551
4044         16185.26117
4045         16192.86888
4046         16200.47866
4047         16208.09048
4048         16215.70436
4049         16223.32030
4050         16230.93829
4051         16238.55833
4052         16246.18043
4053         16253.80458
4054         16261.43079
4055         16269.05906
4056         16276.68938
4057         16284.32175
4058         16291.95618
4059         16299.59267
4060         16307.23121
4061         16314.87180
4062         16322.51445
4063         16330.15916
4064         16337.80593
4065         16345.45474
4066         16353.10562
4067         16360.75855
4068         16368.41354
4069         16376.07058
4070         16383.72968
4071         16391.39084
4072         16399.05405
4073         16406.71932
4074         16414.38664
4075         16422.05603
4076         16429.72747
4077         16437.40096
4078         16445.07652
4079         16452.75413
4080         16460.43379
4081         16468.11552
4082         16475.79930
4083         16483.48514
4084         16491.17304
4085         16498.86299
4086         16506.55500
4087         16514.24907
4088         16521.94520
4089         16529.64338
4090         16537.34363
4091         16545.04593
4092         16552.75029
4093         16560.45670
4094         16568.16518
4095         16575.87571
4096         16583.58831
4097         16591.30295
4098         16599.01966
4099         16606.73843
4100         16614.45926
4101         16622.18214
4102         16629.90709
4103         16637.63409
4104         16645.36315
4105         16653.09427
4106         16660.82745
4107         16668.56269
4108         16676.29999
4109         16684.03935
4110         16691.78077
4111         16699.52424
4112         16707.26978
4113         16715.01738
4114         16722.76703
4115         16730.51875
4116         16738.27253
4117         16746.02836
4118         16753.78626
4119         16761.54621
4120         16769.30823
4121         16777.07231
4122         16784.83845
4123         16792.60664
4124         16800.37690
4125         16808.14922
4126         16815.92360
4127         16823.70004
4128         16831.47854
4129         16839.25910
4130         16847.04173
4131         16854.82641
4132         16862.61316
4133         16870.40196
4134         16878.19283
4135         16885.98576
4136         16893.78075
4137         16901.57780
4138         16909.37692
4139         16917.17809
4140         16924.98133
4141         16932.78663
4142         16940.59399
4143         16948.40341
4144         16956.21490
4145         16964.02844
4146         16971.84405
4147         16979.66172
4148         16987.48146
4149         16995.30325
4150         17003.12711
4151         17010.95303
4152         17018.78101
4153         17026.61106
4154         17034.44317
4155         17042.27734
4156         17050.11358
4157         17057.95187
4158         17065.79223
4159         17073.63466
4160         17081.47915
4161         17089.32569
4162         17097.17431
4163         17105.02499
4164         17112.87773
4165         17120.73253
4166         17128.58940
4167         17136.44833
4168         17144.30932
4169         17152.17238
4170         17160.03751
4171         17167.90469
4172         17175.77394
4173         17183.64526
4174         17191.51864
4175         17199.39408
4176         17207.27159
4177         17215.15116
4178         17223.03279
4179         17230.91649
4180         17238.80226
4181         17246.69009
4182         17254.57998
4183         17262.47194
4184         17270.36597
4185         17278.26206
4186         17286.16021
4187         17294.06043
4188         17301.96271
4189         17309.86706
4190         17317.77348
4191         17325.68196
4192         17333.59250
4193         17341.50511
4194         17349.41979
4195         17357.33653
4196         17365.25534
4197         17373.17621
4198         17381.09915
4199         17389.02416
4200         17396.95123
4201         17404.88037
4202         17412.81157
4203         17420.74484
4204         17428.68018
4205         17436.61758
4206         17444.55705
4207         17452.49858
4208         17460.44218
4209         17468.38785
4210         17476.33558
4211         17484.28538
4212         17492.23725
4213         17500.19118
4214         17508.14719
4215         17516.10525
4216         17524.06539
4217         17532.02759
4218         17539.99186
4219         17547.95819
4220         17555.92660
4221         17563.89707
4222         17571.86961
4223         17579.84421
4224         17587.82089
4225         17595.79963
4226         17603.78044
4227         17611.76331
4228         17619.74825
4229         17627.73527
4230         17635.72435
4231         17643.71549
4232         17651.70871
4233         17659.70399
4234         17667.70134
4235         17675.70076
4236         17683.70225
4237         17691.70581
4238         17699.71143
4239         17707.71912
4240         17715.72889
4241         17723.74072
4242         17731.75462
4243         17739.77058
4244         17747.78862
4245         17755.80872
4246         17763.83090
4247         17771.85514
4248         17779.88145
4249         17787.90983
4250         17795.94028
4251         17803.97280
4252         17812.00739
4253         17820.04405
4254         17828.08277
4255         17836.12357
4256         17844.16644
4257         17852.21137
4258         17860.25838
4259         17868.30745
4260         17876.35860
4261         17884.41181
4262         17892.46709
4263         17900.52445
4264         17908.58387
4265         17916.64537
4266         17924.70893
4267         17932.77456
4268         17940.84227
4269         17948.91204
4270         17956.98389
4271         17965.05780
4272         17973.13379
4273         17981.21185
4274         17989.29197
4275         17997.37417
4276         18005.45844
4277         18013.54478
4278         18021.63319
4279         18029.72367
4280         18037.81622
4281         18045.91084
4282         18054.00753
4283         18062.10630
4284         18070.20713
4285         18078.31004
4286         18086.41502
4287         18094.52207
4288         18102.63118
4289         18110.74238
4290         18118.85564
4291         18126.97097
4292         18135.08838
4293         18143.20786
4294         18151.32941
4295         18159.45303
4296         18167.57872
4297         18175.70649
4298         18183.83632
4299         18191.96823
4300         18200.10221
4301         18208.23827
4302         18216.37639
4303         18224.51659
4304         18232.65886
4305         18240.80320
4306         18248.94961
4307         18257.09810
4308         18265.24866
4309         18273.40129
4310         18281.55599
4311         18289.71277
4312         18297.87162
4313         18306.03254
4314         18314.19554
4315         18322.36060
4316         18330.52774
4317         18338.69696
4318         18346.86824
4319         18355.04160
4320         18363.21704
4321         18371.39454
4322         18379.57412
4323         18387.75577
4324         18395.93950
4325         18404.12530
4326         18412.31317
4327         18420.50311
4328         18428.69513
4329         18436.88923
4330         18445.08539
4331         18453.28363
4332         18461.48395
4333         18469.68633
4334         18477.89079
4335         18486.09733
4336         18494.30594
4337         18502.51662
4338         18510.72938
4339         18518.94421
4340         18527.16112
4341         18535.38010
4342         18543.60115
4343         18551.82428
4344         18560.04948
4345         18568.27676
4346         18576.50611
4347         18584.73753
4348         18592.97103
4349         18601.20661
4350         18609.44426
4351         18617.68398
4352         18625.92578
4353         18634.16965
4354         18642.41560
4355         18650.66363
4356         18658.91372
4357         18667.16590
4358         18675.42015
4359         18683.67647
4360         18691.93487
4361         18700.19534
4362         18708.45789
4363         18716.72251
4364         18724.98921
4365         18733.25799
4366         18741.52884
4367         18749.80176
4368         18758.07677
4369         18766.35384
4370         18774.63299
4371         18782.91422
4372         18791.19753
4373         18799.48291
4374         18807.77036
4375         18816.05989
4376         18824.35150
4377         18832.64518
4378         18840.94094
4379         18849.23878
4380         18857.53869
4381         18865.84067
4382         18874.14474
4383         18882.45088
4384         18890.75909
4385         18899.06938
4386         18907.38175
4387         18915.69620
4388         18924.01272
4389         18932.33131
4390         18940.65199
4391         18948.97474
4392         18957.29957
4393         18965.62647
4394         18973.95545
4395         18982.28651
4396         18990.61964
4397         18998.95485
4398         19007.29214
4399         19015.63151
4400         19023.97295
4401         19032.31647
4402         19040.66206
4403         19049.00974
4404         19057.35949
4405         19065.71132
4406         19074.06522
4407         19082.42120
4408         19090.77926
4409         19099.13940
4410         19107.50161
4411         19115.86590
4412         19124.23227
4413         19132.60072
4414         19140.97124
4415         19149.34384
4416         19157.71852
4417         19166.09528
4418         19174.47412
4419         19182.85503
4420         19191.23802
4421         19199.62309
4422         19208.01023
4423         19216.39946
4424         19224.79076
4425         19233.18414
4426         19241.57960
4427         19249.97714
4428         19258.37675
4429         19266.77844
4430         19275.18221
4431         19283.58806
4432         19291.99599
4433         19300.40600
4434         19308.81808
4435         19317.23224
4436         19325.64849
4437         19334.06680
4438         19342.48720
4439         19350.90968
4440         19359.33424
4441         19367.76087
4442         19376.18958
4443         19384.62038
4444         19393.05325
4445         19401.48820
4446         19409.92522
4447         19418.36433
4448         19426.80552
4449         19435.24878
4450         19443.69413
4451         19452.14155
4452         19460.59105
4453         19469.04264
4454         19477.49630
4455         19485.95204
4456         19494.40986
4457         19502.86975
4458         19511.33173
4459         19519.79579
4460         19528.26193
4461         19536.73014
4462         19545.20044
4463         19553.67282
4464         19562.14727
4465         19570.62380
4466         19579.10242
4467         19587.58311
4468         19596.06589
4469         19604.55074
4470         19613.03767
4471         19621.52669
4472         19630.01778
4473         19638.51095
4474         19647.00620
4475         19655.50354
4476         19664.00295
4477         19672.50444
4478         19681.00801
4479         19689.51367
4480         19698.02140
4481         19706.53121
4482         19715.04311
4483         19723.55708
4484         19732.07313
4485         19740.59127
4486         19749.11148
4487         19757.63378
4488         19766.15816
4489         19774.68461
4490         19783.21315
4491         19791.74376
4492         19800.27646
4493         19808.81124
4494         19817.34810
4495         19825.88704
4496         19834.42806
4497         19842.97116
4498         19851.51634
4499         19860.06360
4500         19868.61295
4501         19877.16437
4502         19885.71787
4503         19894.27346
4504         19902.83113
4505         19911.39088
4506         19919.95270
4507         19928.51662
4508         19937.08261
4509         19945.65068
4510         19954.22083
4511         19962.79307
4512         19971.36738
4513         19979.94378
4514         19988.52226
4515         19997.10282
4516         20005.68546
4517         20014.27018
4518         20022.85698
4519         20031.44587
4520         20040.03684
4521         20048.62988
4522         20057.22501
4523         20065.82223
4524         20074.42152
4525         20083.02289
4526         20091.62635
4527         20100.23189
4528         20108.83951
4529         20117.44921
4530         20126.06099
4531         20134.67486
4532         20143.29080
4533         20151.90883
4534         20160.52894
4535         20169.15114
4536         20177.77541
4537         20186.40177
4538         20195.03021
4539         20203.66073
4540         20212.29333
4541         20220.92801
4542         20229.56478
4543         20238.20363
4544         20246.84456
4545         20255.48757
4546         20264.13267
4547         20272.77985
4548         20281.42911
4549         20290.08045
4550         20298.73388
4551         20307.38938
4552         20316.04697
4553         20324.70664
4554         20333.36840
4555         20342.03224
4556         20350.69816
4557         20359.36616
4558         20368.03624
4559         20376.70841
4560         20385.38266
4561         20394.05899
4562         20402.73741
4563         20411.41791
4564         20420.10049
4565         20428.78515
4566         20437.47190
4567         20446.16073
4568         20454.85164
4569         20463.54463
4570         20472.23971
4571         20480.93687
4572         20489.63612
4573         20498.33744
4574         20507.04085
4575         20515.74635
4576         20524.45392
4577         20533.16358
4578         20541.87532
4579         20550.58915
4580         20559.30506
4581         20568.02305
4582         20576.74312
4583         20585.46528
4584         20594.18952
4585         20602.91585
4586         20611.64425
4587         20620.37474
4588         20629.10732
4589         20637.84198
4590         20646.57872
4591         20655.31754
4592         20664.05845
4593         20672.80144
4594         20681.54652
4595         20690.29367
4596         20699.04292
4597         20707.79424
4598         20716.54765
4599         20725.30314
4600         20734.06072
4601         20742.82038
4602         20751.58212
4603         20760.34595
4604         20769.11186
4605         20777.87985
4606         20786.64993
4607         20795.42210
4608         20804.19634
4609         20812.97267
4610         20821.75108
4611         20830.53158
4612         20839.31416
4613         20848.09883
4614         20856.88558
4615         20865.67441
4616         20874.46533
4617         20883.25833
4618         20892.05341
4619         20900.85058
4620         20909.64984
4621         20918.45117
4622         20927.25459
4623         20936.06010
4624         20944.86769
4625         20953.67736
4626         20962.48912
4627         20971.30296
4628         20980.11889
4629         20988.93690
4630         20997.75699
4631         21006.57917
4632         21015.40344
4633         21024.22978
4634         21033.05822
4635         21041.88873
4636         21050.72133
4637         21059.55602
4638         21068.39279
4639         21077.23164
4640         21086.07258
4641         21094.91560
4642         21103.76071
4643         21112.60790
4644         21121.45718
4645         21130.30854
4646         21139.16198
4647         21148.01751
4648         21156.87513
4649         21165.73483
4650         21174.59661
4651         21183.46048
4652         21192.32643
4653         21201.19447
4654         21210.06459
4655         21218.93680
4656         21227.81109
4657         21236.68747
4658         21245.56593
4659         21254.44648
4660         21263.32911
4661         21272.21382
4662         21281.10062
4663         21289.98951
4664         21298.88048
4665         21307.77353
4666         21316.66867
4667         21325.56590
4668         21334.46521
4669         21343.36660
4670         21352.27008
4671         21361.17564
4672         21370.08329
4673         21378.99303
4674         21387.90485
4675         21396.81875
4676         21405.73474
4677         21414.65282
4678         21423.57297
4679         21432.49522
4680         21441.41955
4681         21450.34596
4682         21459.27446
4683         21468.20505
4684         21477.13772
4685         21486.07248
4686         21495.00931
4687         21503.94824
4688         21512.88925
4689         21521.83235
4690         21530.77753
4691         21539.72480
4692         21548.67415
4693         21557.62559
4694         21566.57911
4695         21575.53472
4696         21584.49241
4697         21593.45219
4698         21602.41405
4699         21611.37800
4700         21620.34403
4701         21629.31215
4702         21638.28236
4703         21647.25465
4704         21656.22903
4705         21665.20549
4706         21674.18403
4707         21683.16467
4708         21692.14738
4709         21701.13218
4710         21710.11907
4711         21719.10805
4712         21728.09911
4713         21737.09225
4714         21746.08748
4715         21755.08480
4716         21764.08420
4717         21773.08569
4718         21782.08926
4719         21791.09492
4720         21800.10266
4721         21809.11249
4722         21818.12441
4723         21827.13841
4724         21836.15449
4725         21845.17266
4726         21854.19292
4727         21863.21527
4728         21872.23969
4729         21881.26621
4730         21890.29481
4731         21899.32550
4732         21908.35827
4733         21917.39312
4734         21926.43007
4735         21935.46910
4736         21944.51021
4737         21953.55341
4738         21962.59870
4739         21971.64607
4740         21980.69552
4741         21989.74707
4742         21998.80070
4743         22007.85641
4744         22016.91421
4745         22025.97410
4746         22035.03607
4747         22044.10013
4748         22053.16627
4749         22062.23450
4750         22071.30481
4751         22080.37722
4752         22089.45170
4753         22098.52828
4754         22107.60693
4755         22116.68768
4756         22125.77051
4757         22134.85543
4758         22143.94243
4759         22153.03152
4760         22162.12269
4761         22171.21595
4762         22180.31130
4763         22189.40873
4764         22198.50825
4765         22207.60985
4766         22216.71354
4767         22225.81931
4768         22234.92718
4769         22244.03712
4770         22253.14916
4771         22262.26328
4772         22271.37948
4773         22280.49777
4774         22289.61815
4775         22298.74061
4776         22307.86516
4777         22316.99180
4778         22326.12052
4779         22335.25132
4780         22344.38422
4781         22353.51920
4782         22362.65626
4783         22371.79541
4784         22380.93665
4785         22390.07997
4786         22399.22538
4787         22408.37288
4788         22417.52246
4789         22426.67413
4790         22435.82788
4791         22444.98372
4792         22454.14164
4793         22463.30165
4794         22472.46375
4795         22481.62794
4796         22490.79420
4797         22499.96256
4798         22509.13300
4799         22518.30553
4800         22527.48014
4801         22536.65684
4802         22545.83563
4803         22555.01650
4804         22564.19946
4805         22573.38450
4806         22582.57163
4807         22591.76085
4808         22600.95215
4809         22610.14554
4810         22619.34102
4811         22628.53858
4812         22637.73822
4813         22646.93996
4814         22656.14377
4815         22665.34968
4816         22674.55767
4817         22683.76775
4818         22692.97991
4819         22702.19416
4820         22711.41049
4821         22720.62892
4822         22729.84942
4823         22739.07202
4824         22748.29670
4825         22757.52346
4826         22766.75231
4827         22775.98325
4828         22785.21627
4829         22794.45139
4830         22803.68858
4831         22812.92786
4832         22822.16923
4833         22831.41268
4834         22840.65822
4835         22849.90585
4836         22859.15556
4837         22868.40736
4838         22877.66125
4839         22886.91722
4840         22896.17527
4841         22905.43542
4842         22914.69765
4843         22923.96196
4844         22933.22836
4845         22942.49685
4846         22951.76742
4847         22961.04008
4848         22970.31483
4849         22979.59166
4850         22988.87057
4851         22998.15158
4852         23007.43467
4853         23016.71984
4854         23026.00710
4855         23035.29645
4856         23044.58788
4857         23053.88140
4858         23063.17701
4859         23072.47470
4860         23081.77448
4861         23091.07634
4862         23100.38029
4863         23109.68632
4864         23118.99445
4865         23128.30465
4866         23137.61695
4867         23146.93132
4868         23156.24779
4869         23165.56634
4870         23174.88698
4871         23184.20970
4872         23193.53451
4873         23202.86140
4874         23212.19039
4875         23221.52145
4876         23230.85460
4877         23240.18984
4878         23249.52717
4879         23258.86658
4880         23268.20807
4881         23277.55166
4882         23286.89732
4883         23296.24508
4884         23305.59492
4885         23314.94684
4886         23324.30086
4887         23333.65695
4888         23343.01514
4889         23352.37540
4890         23361.73776
4891         23371.10220
4892         23380.46873
4893         23389.83734
4894         23399.20804
4895         23408.58082
4896         23417.95569
4897         23427.33265
4898         23436.71169
4899         23446.09281
4900         23455.47603
4901         23464.86133
4902         23474.24871
4903         23483.63818
4904         23493.02974
4905         23502.42338
4906         23511.81911
4907         23521.21692
4908         23530.61682
4909         23540.01880
4910         23549.42287
4911         23558.82903
4912         23568.23727
4913         23577.64760
4914         23587.06001
4915         23596.47451
4916         23605.89109
4917         23615.30976
4918         23624.73051
4919         23634.15336
4920         23643.57828
4921         23653.00529
4922         23662.43439
4923         23671.86557
4924         23681.29884
4925         23690.73420
4926         23700.17164
4927         23709.61116
4928         23719.05277
4929         23728.49647
4930         23737.94225
4931         23747.39012
4932         23756.84007
4933         23766.29211
4934         23775.74623
4935         23785.20244
4936         23794.66073
4937         23804.12111
4938         23813.58358
4939         23823.04813
4940         23832.51476
4941         23841.98348
4942         23851.45429
4943         23860.92718
4944         23870.40216
4945         23879.87922
4946         23889.35837
4947         23898.83960
4948         23908.32292
4949         23917.80832
4950         23927.29581
4951         23936.78539
4952         23946.27705
4953         23955.77079
4954         23965.26662
4955         23974.76453
4956         23984.26453
4957         23993.76662
4958         24003.27079
4959         24012.77704
4960         24022.28538
4961         24031.79581
4962         24041.30832
4963         24050.82292
4964         24060.33960
4965         24069.85836
4966         24079.37921
4967         24088.90215
4968         24098.42717
4969         24107.95428
4970         24117.48347
4971         24127.01474
4972         24136.54810
4973         24146.08355
4974         24155.62108
4975         24165.16069
4976         24174.70239
4977         24184.24618
4978         24193.79205
4979         24203.34000
4980         24212.89004
4981         24222.44217
4982         24231.99637
4983         24241.55267
4984         24251.11105
4985         24260.67151
4986         24270.23406
4987         24279.79869
4988         24289.36541
4989         24298.93421
4990         24308.50510
4991         24318.07807
4992         24327.65313
4993         24337.23027
4994         24346.80949
4995         24356.39080
4996         24365.97419
4997         24375.55967
4998         24385.14724
4999         24394.73688
5000         24404.32862
5001         24413.92243
5002         24423.51834
5003         24433.11632
5004         24442.71639
5005         24452.31854
5006         24461.92278
5007         24471.52911
5008         24481.13751
5009         24490.74801
5010         24500.36058
5011         24509.97524
5012         24519.59199
5013         24529.21082
5014         24538.83173
5015         24548.45473
5016         24558.07981
5017         24567.70697
5018         24577.33622
5019         24586.96756
5020         24596.60098
5021         24606.23648
5022         24615.87406
5023         24625.51373
5024         24635.15549
5025         24644.79933
5026         24654.44525
5027         24664.09325
5028         24673.74334
5029         24683.39552
5030         24693.04978
5031         24702.70612
5032         24712.36454
5033         24722.02505
5034         24731.68765
5035         24741.35232
5036         24751.01909
5037         24760.68793
5038         24770.35886
5039         24780.03187
5040         24789.70697
5041         24799.38415
5042         24809.06341
5043         24818.74476
5044         24828.42819
5045         24838.11370
5046         24847.80130
5047         24857.49098
5048         24867.18274
5049         24876.87659
5050         24886.57252
5051         24896.27054
5052         24905.97064
5053         24915.67282
5054         24925.37709
5055         24935.08343
5056         24944.79187
5057         24954.50238
5058         24964.21498
5059         24973.92966
5060         24983.64643
5061         24993.36528
5062         25003.08621
5063         25012.80922
5064         25022.53432
5065         25032.26150
5066         25041.99077
5067         25051.72211
5068         25061.45554
5069         25071.19106
5070         25080.92865
5071         25090.66833
5072         25100.41009
5073         25110.15394
5074         25119.89987
5075         25129.64788
5076         25139.39797
5077         25149.15015
5078         25158.90441
5079         25168.66075
5080         25178.41918
5081         25188.17968
5082         25197.94228
5083         25207.70695
5084         25217.47371
5085         25227.24254
5086         25237.01346
5087         25246.78647
5088         25256.56155
5089         25266.33872
5090         25276.11798
5091         25285.89931
5092         25295.68272
5093         25305.46822
5094         25315.25580
5095         25325.04547
5096         25334.83721
5097         25344.63104
5098         25354.42695
5099         25364.22495
5100         25374.02502
5101         25383.82718
5102         25393.63142
5103         25403.43774
5104         25413.24614
5105         25423.05663
5106         25432.86919
5107         25442.68384
5108         25452.50058
5109         25462.31939
5110         25472.14029
5111         25481.96326
5112         25491.78832
5113         25501.61546
5114         25511.44469
5115         25521.27599
5116         25531.10938
5117         25540.94485
5118         25550.78240
5119         25560.62203
5120         25570.46375
5121         25580.30754
5122         25590.15342
5123         25600.00138
5124         25609.85142
5125         25619.70354
5126         25629.55774
5127         25639.41403
5128         25649.27239
5129         25659.13284
5130         25668.99537
5131         25678.85998
5132         25688.72667
5133         25698.59544
5134         25708.46630
5135         25718.33923
5136         25728.21425
5137         25738.09135
5138         25747.97053
5139         25757.85179
5140         25767.73513
5141         25777.62055
5142         25787.50805
5143         25797.39764
5144         25807.28930
5145         25817.18305
5146         25827.07888
5147         25836.97678
5148         25846.87677
5149         25856.77884
5150         25866.68299
5151         25876.58922
5152         25886.49753
5153         25896.40793
5154         25906.32040
5155         25916.23495
5156         25926.15159
5157         25936.07030
5158         25945.99110
5159         25955.91397
5160         25965.83893
5161         25975.76597
5162         25985.69508
5163         25995.62628
5164         26005.55956
5165         26015.49492
5166         26025.43235
5167         26035.37187
5168         26045.31347
5169         26055.25715
5170         26065.20291
5171         26075.15075
5172         26085.10067
5173         26095.05266
5174         26105.00674
5175         26114.96290
5176         26124.92114
5177         26134.88146
5178         26144.84386
5179         26154.80834
5180         26164.77489
5181         26174.74353
5182         26184.71425
5183         26194.68704
5184         26204.66192
5185         26214.63888
5186         26224.61791
5187         26234.59903
5188         26244.58222
5189         26254.56750
5190         26264.55485
5191         26274.54428
5192         26284.53580
5193         26294.52939
5194         26304.52506
5195         26314.52281
5196         26324.52264
5197         26334.52455
5198         26344.52854
5199         26354.53460
5200         26364.54275
5201         26374.55297
5202         26384.56528
5203         26394.57966
5204         26404.59612
5205         26414.61466
5206         26424.63528
5207         26434.65798
5208         26444.68276
5209         26454.70961
5210         26464.73855
5211         26474.76956
5212         26484.80265
5213         26494.83782
5214         26504.87507
5215         26514.91440
5216         26524.95580
5217         26534.99929
5218         26545.04485
5219         26555.09249
5220         26565.14221
5221         26575.19401
5222         26585.24788
5223         26595.30384
5224         26605.36187
5225         26615.42198
5226         26625.48417
5227         26635.54844
5228         26645.61478
5229         26655.68320
5230         26665.75370
5231         26675.82628
5232         26685.90094
5233         26695.97767
5234         26706.05648
5235         26716.13737
5236         26726.22034
5237         26736.30538
5238         26746.39250
5239         26756.48170
5240         26766.57298
5241         26776.66634
5242         26786.76177
5243         26796.85928
5244         26806.95887
5245         26817.06053
5246         26827.16427
5247         26837.27009
5248         26847.37799
5249         26857.48796
5250         26867.60001
5251         26877.71414
5252         26887.83034
5253         26897.94862
5254         26908.06898
5255         26918.19142
5256         26928.31593
5257         26938.44252
5258         26948.57118
5259         26958.70193
5260         26968.83475
5261         26978.96964
5262         26989.10661
5263         26999.24566
5264         27009.38679
5265         27019.52999
5266         27029.67527
5267         27039.82263
5268         27049.97206
5269         27060.12357
5270         27070.27715
5271         27080.43281
5272         27090.59054
5273         27100.75036
5274         27110.91225
5275         27121.07621
5276         27131.24225
5277         27141.41037
5278         27151.58056
5279         27161.75283
5280         27171.92718
5281         27182.10360
5282         27192.28209
5283         27202.46266
5284         27212.64531
5285         27222.83003
5286         27233.01683
5287         27243.20571
5288         27253.39666
5289         27263.58968
5290         27273.78478
5291         27283.98196
5292         27294.18121
5293         27304.38254
5294         27314.58594
5295         27324.79142
5296         27334.99897
5297         27345.20860
5298         27355.42030
5299         27365.63408
5300         27375.84993
5301         27386.06786
5302         27396.28786
5303         27406.50993
5304         27416.73409
5305         27426.96031
5306         27437.18861
5307         27447.41899
5308         27457.65144
5309         27467.88597
5310         27478.12257
5311         27488.36124
5312         27498.60199
5313         27508.84481
5314         27519.08971
5315         27529.33668
5316         27539.58572
5317         27549.83684
5318         27560.09004
5319         27570.34530
5320         27580.60265
5321         27590.86206
5322         27601.12355
5323         27611.38712
5324         27621.65275
5325         27631.92046
5326         27642.19025
5327         27652.46211
5328         27662.73604
5329         27673.01205
5330         27683.29013
5331         27693.57028
5332         27703.85251
5333         27714.13681
5334         27724.42318
5335         27734.71163
5336         27745.00215
5337         27755.29474
5338         27765.58941
5339         27775.88615
5340         27786.18496
5341         27796.48584
5342         27806.78880
5343         27817.09383
5344         27827.40094
5345         27837.71011
5346         27848.02136
5347         27858.33469
5348         27868.65008
5349         27878.96755
5350         27889.28709
5351         27899.60870
5352         27909.93239
5353         27920.25815
5354         27930.58598
5355         27940.91588
5356         27951.24786
5357         27961.58190
5358         27971.91802
5359         27982.25621
5360         27992.59648
5361         28002.93881
5362         28013.28322
5363         28023.62970
5364         28033.97825
5365         28044.32887
5366         28054.68157
5367         28065.03633
5368         28075.39317
5369         28085.75208
5370         28096.11306
5371         28106.47612
5372         28116.84124
5373         28127.20844
5374         28137.57770
5375         28147.94904
5376         28158.32245
5377         28168.69793
5378         28179.07549
5379         28189.45511
5380         28199.83680
5381         28210.22057
5382         28220.60640
5383         28230.99431
5384         28241.38429
5385         28251.77634
5386         28262.17045
5387         28272.56664
5388         28282.96491
5389         28293.36524
5390         28303.76764
5391         28314.17211
5392         28324.57865
5393         28334.98727
5394         28345.39795
5395         28355.81070
5396         28366.22553
5397         28376.64242
5398         28387.06138
5399         28397.48242
5400         28407.90552
5401         28418.33069
5402         28428.75794
5403         28439.18725
5404         28449.61863
5405         28460.05209
5406         28470.48761
5407         28480.92520
5408         28491.36486
5409         28501.80659
5410         28512.25039
5411         28522.69626
5412         28533.14420
5413         28543.59421
5414         28554.04629
5415         28564.50044
5416         28574.95665
5417         28585.41494
5418         28595.87529
5419         28606.33771
5420         28616.80220
5421         28627.26876
5422         28637.73739
5423         28648.20809
5424         28658.68086
5425         28669.15569
5426         28679.63260
5427         28690.11157
5428         28700.59261
5429         28711.07572
5430         28721.56089
5431         28732.04814
5432         28742.53745
5433         28753.02883
5434         28763.52228
5435         28774.01780
5436         28784.51539
5437         28795.01504
5438         28805.51676
5439         28816.02055
5440         28826.52641
5441         28837.03433
5442         28847.54432
5443         28858.05638
5444         28868.57051
5445         28879.08671
5446         28889.60497
5447         28900.12530
5448         28910.64769
5449         28921.17216
5450         28931.69869
5451         28942.22729
5452         28952.75795
5453         28963.29068
5454         28973.82548
5455         28984.36235
5456         28994.90128
5457         29005.44228
5458         29015.98535
5459         29026.53048
5460         29037.07768
5461         29047.62694
5462         29058.17828
5463         29068.73167
5464         29079.28714
5465         29089.84467
5466         29100.40427
5467         29110.96593
5468         29121.52966
5469         29132.09546
5470         29142.66332
5471         29153.23324
5472         29163.80524
5473         29174.37930
5474         29184.95542
5475         29195.53361
5476         29206.11387
5477         29216.69619
5478         29227.28058
5479         29237.86703
5480         29248.45555
5481         29259.04613
5482         29269.63878
5483         29280.23349
5484         29290.83027
5485         29301.42911
5486         29312.03002
5487         29322.63299
5488         29333.23803
5489         29343.84513
5490         29354.45430
5491         29365.06553
5492         29375.67883
5493         29386.29419
5494         29396.91162
5495         29407.53111
5496         29418.15266
5497         29428.77628
5498         29439.40196
5499         29450.02971
5500         29460.65952
5501         29471.29140
5502         29481.92534
5503         29492.56134
5504         29503.19941
5505         29513.83954
5506         29524.48173
5507         29535.12599
5508         29545.77231
5509         29556.42070
5510         29567.07115
5511         29577.72366
5512         29588.37824
5513         29599.03488
5514         29609.69358
5515         29620.35434
5516         29631.01717
5517         29641.68206
5518         29652.34902
5519         29663.01804
5520         29673.68912
5521         29684.36226
5522         29695.03746
5523         29705.71473
5524         29716.39406
5525         29727.07545
5526         29737.75891
5527         29748.44443
5528         29759.13201
5529         29769.82165
5530         29780.51336
5531         29791.20712
5532         29801.90295
5533         29812.60084
5534         29823.30080
5535         29834.00281
5536         29844.70689
5537         29855.41303
5538         29866.12122
5539         29876.83149
5540         29887.54381
5541         29898.25819
5542         29908.97464
5543         29919.69315
5544         29930.41371
5545         29941.13634
5546         29951.86103
5547         29962.58778
5548         29973.31660
5549         29984.04747
5550         29994.78041
5551         30005.51540
5552         30016.25246
5553         30026.99157
5554         30037.73275
5555         30048.47599
5556         30059.22128
5557         30069.96864
5558         30080.71806
5559         30091.46954
5560         30102.22308
5561         30112.97868
5562         30123.73634
5563         30134.49606
5564         30145.25784
5565         30156.02167
5566         30166.78757
5567         30177.55553
5568         30188.32555
5569         30199.09763
5570         30209.87176
5571         30220.64796
5572         30231.42622
5573         30242.20653
5574         30252.98890
5575         30263.77334
5576         30274.55983
5577         30285.34838
5578         30296.13899
5579         30306.93166
5580         30317.72639
5581         30328.52318
5582         30339.32202
5583         30350.12292
5584         30360.92589
5585         30371.73091
5586         30382.53799
5587         30393.34713
5588         30404.15832
5589         30414.97157
5590         30425.78689
5591         30436.60426
5592         30447.42369
5593         30458.24517
5594         30469.06871
5595         30479.89432
5596         30490.72198
5597         30501.55169
5598         30512.38346
5599         30523.21730
5600         30534.05319
5601         30544.89113
5602         30555.73114
5603         30566.57320
5604         30577.41731
5605         30588.26349
5606         30599.11172
5607         30609.96201
5608         30620.81435
5609         30631.66876
5610         30642.52522
5611         30653.38373
5612         30664.24430
5613         30675.10693
5614         30685.97162
5615         30696.83836
5616         30707.70715
5617         30718.57801
5618         30729.45092
5619         30740.32588
5620         30751.20290
5621         30762.08198
5622         30772.96311
5623         30783.84630
5624         30794.73155
5625         30805.61885
5626         30816.50820
5627         30827.39961
5628         30838.29308
5629         30849.18860
5630         30860.08618
5631         30870.98581
5632         30881.88750
5633         30892.79124
5634         30903.69704
5635         30914.60489
5636         30925.51479
5637         30936.42675
5638         30947.34077
5639         30958.25684
5640         30969.17496
5641         30980.09514
5642         30991.01738
5643         31001.94166
5644         31012.86801
5645         31023.79640
5646         31034.72685
5647         31045.65935
5648         31056.59391
5649         31067.53052
5650         31078.46919
5651         31089.40991
5652         31100.35268
5653         31111.29750
5654         31122.24438
5655         31133.19332
5656         31144.14430
5657         31155.09734
5658         31166.05243
5659         31177.00958
5660         31187.96877
5661         31198.93003
5662         31209.89333
5663         31220.85868
5664         31231.82609
5665         31242.79556
5666         31253.76707
5667         31264.74063
5668         31275.71625
5669         31286.69392
5670         31297.67365
5671         31308.65542
5672         31319.63925
5673         31330.62513
5674         31341.61306
5675         31352.60304
5676         31363.59508
5677         31374.58916
5678         31385.58530
5679         31396.58349
5680         31407.58373
5681         31418.58602
5682         31429.59037
5683         31440.59676
5684         31451.60520
5685         31462.61570
5686         31473.62825
5687         31484.64285
5688         31495.65949
5689         31506.67819
5690         31517.69895
5691         31528.72174
5692         31539.74660
5693         31550.77350
5694         31561.80245
5695         31572.83345
5696         31583.86650
5697         31594.90161
5698         31605.93876
5699         31616.97796
5700         31628.01921
5701         31639.06251
5702         31650.10787
5703         31661.15527
5704         31672.20472
5705         31683.25622
5706         31694.30977
5707         31705.36536
5708         31716.42301
5709         31727.48271
5710         31738.54445
5711         31749.60825
5712         31760.67409
5713         31771.74199
5714         31782.81193
5715         31793.88391
5716         31804.95795
5717         31816.03404
5718         31827.11217
5719         31838.19236
5720         31849.27459
5721         31860.35887
5722         31871.44520
5723         31882.53357
5724         31893.62400
5725         31904.71647
5726         31915.81099
5727         31926.90755
5728         31938.00617
5729         31949.10683
5730         31960.20954
5731         31971.31430
5732         31982.42110
5733         31993.52995
5734         32004.64085
5735         32015.75379
5736         32026.86878
5737         32037.98582
5738         32049.10491
5739         32060.22604
5740         32071.34922
5741         32082.47444
5742         32093.60172
5743         32104.73103
5744         32115.86240
5745         32126.99581
5746         32138.13126
5747         32149.26877
5748         32160.40831
5749         32171.54991
5750         32182.69355
5751         32193.83923
5752         32204.98696
5753         32216.13674
5754         32227.28856
5755         32238.44243
5756         32249.59834
5757         32260.75630
5758         32271.91630
5759         32283.07835
5760         32294.24244
5761         32305.40858
5762         32316.57676
5763         32327.74699
5764         32338.91926
5765         32350.09357
5766         32361.26993
5767         32372.44834
5768         32383.62878
5769         32394.81128
5770         32405.99581
5771         32417.18239
5772         32428.37102
5773         32439.56169
5774         32450.75440
5775         32461.94915
5776         32473.14595
5777         32484.34480
5778         32495.54568
5779         32506.74861
5780         32517.95358
5781         32529.16060
5782         32540.36966
5783         32551.58076
5784         32562.79390
5785         32574.00909
5786         32585.22632
5787         32596.44559
5788         32607.66691
5789         32618.89026
5790         32630.11566
5791         32641.34311
5792         32652.57259
5793         32663.80411
5794         32675.03768
5795         32686.27329
5796         32697.51095
5797         32708.75064
5798         32719.99237
5799         32731.23615
5800         32742.48197
5801         32753.72983
5802         32764.97973
5803         32776.23167
5804         32787.48565
5805         32798.74168
5806         32809.99974
5807         32821.25985
5808         32832.52199
5809         32843.78618
5810         32855.05241
5811         32866.32068
5812         32877.59098
5813         32888.86333
5814         32900.13772
5815         32911.41415
5816         32922.69262
5817         32933.97313
5818         32945.25568
5819         32956.54027
5820         32967.82689
5821         32979.11556
5822         32990.40627
5823         33001.69902
5824         33012.99380
5825         33024.29063
5826         33035.58949
5827         33046.89040
5828         33058.19334
5829         33069.49832
5830         33080.80534
5831         33092.11440
5832         33103.42550
5833         33114.73863
5834         33126.05381
5835         33137.37102
5836         33148.69027
5837         33160.01156
5838         33171.33489
5839         33182.66025
5840         33193.98766
5841         33205.31710
5842         33216.64858
5843         33227.98209
5844         33239.31765
5845         33250.65524
5846         33261.99487
5847         33273.33653
5848         33284.68023
5849         33296.02597
5850         33307.37375
5851         33318.72357
5852         33330.07542
5853         33341.42930
5854         33352.78523
5855         33364.14319
5856         33375.50319
5857         33386.86522
5858         33398.22929
5859         33409.59539
5860         33420.96353
5861         33432.33371
5862         33443.70593
5863         33455.08017
5864         33466.45646
5865         33477.83478
5866         33489.21513
5867         33500.59753
5868         33511.98195
5869         33523.36841
5870         33534.75691
5871         33546.14744
5872         33557.54001
5873         33568.93461
5874         33580.33125
5875         33591.72992
5876         33603.13062
5877         33614.53336
5878         33625.93814
5879         33637.34495
5880         33648.75379
5881         33660.16467
5882         33671.57758
5883         33682.99252
5884         33694.40950
5885         33705.82851
5886         33717.24956
5887         33728.67264
5888         33740.09775
5889         33751.52490
5890         33762.95408
5891         33774.38529
5892         33785.81854
5893         33797.25381
5894         33808.69113
5895         33820.13047
5896         33831.57185
5897         33843.01526
5898         33854.46070
5899         33865.90817
5900         33877.35768
5901         33888.80922
5902         33900.26279
5903         33911.71839
5904         33923.17603
5905         33934.63569
5906         33946.09739
5907         33957.56112
5908         33969.02688
5909         33980.49468
5910         33991.96450
5911         34003.43636
5912         34014.91024
5913         34026.38616
5914         34037.86411
5915         34049.34409
5916         34060.82610
5917         34072.31014
5918         34083.79621
5919         34095.28431
5920         34106.77445
5921         34118.26661
5922         34129.76080
5923         34141.25702
5924         34152.75528
5925         34164.25556
5926         34175.75787
5927         34187.26221
5928         34198.76858
5929         34210.27698
5930         34221.78742
5931         34233.29987
5932         34244.81436
5933         34256.33088
5934         34267.84943
5935         34279.37000
5936         34290.89261
5937         34302.41724
5938         34313.94391
5939         34325.47260
5940         34337.00331
5941         34348.53606
5942         34360.07084
5943         34371.60764
5944         34383.14647
5945         34394.68733
5946         34406.23022
5947         34417.77513
5948         34429.32208
5949         34440.87105
5950         34452.42204
5951         34463.97507
5952         34475.53012
5953         34487.08720
5954         34498.64631
5955         34510.20744
5956         34521.77060
5957         34533.33579
5958         34544.90300
5959         34556.47224
5960         34568.04350
5961         34579.61680
5962         34591.19211
5963         34602.76946
5964         34614.34883
5965         34625.93023
5966         34637.51365
5967         34649.09910
5968         34660.68657
5969         34672.27607
5970         34683.86760
5971         34695.46115
5972         34707.05672
5973         34718.65432
5974         34730.25395
5975         34741.85560
5976         34753.45927
5977         34765.06497
5978         34776.67270
5979         34788.28244
5980         34799.89422
5981         34811.50802
5982         34823.12384
5983         34834.74168
5984         34846.36155
5985         34857.98345
5986         34869.60736
5987         34881.23331
5988         34892.86127
5989         34904.49126
5990         34916.12327
5991         34927.75730
5992         34939.39336
5993         34951.03144
5994         34962.67155
5995         34974.31368
5996         34985.95782
5997         34997.60400
5998         35009.25219
5999         35020.90241
6000         35032.55465
6001         35044.20891
6002         35055.86520
6003         35067.52350
6004         35079.18383
6005         35090.84618
6006         35102.51055
6007         35114.17694
6008         35125.84536
6009         35137.51580
6010         35149.18825
6011         35160.86273
6012         35172.53923
6013         35184.21775
6014         35195.89829
6015         35207.58086
6016         35219.26544
6017         35230.95204
6018         35242.64067
6019         35254.33131
6020         35266.02398
6021         35277.71866
6022         35289.41537
6023         35301.11409
6024         35312.81484
6025         35324.51760
6026         35336.22239
6027         35347.92919
6028         35359.63801
6029         35371.34886
6030         35383.06172
6031         35394.77660
6032         35406.49350
6033         35418.21242
6034         35429.93336
6035         35441.65631
6036         35453.38129
6037         35465.10828
6038         35476.83729
6039         35488.56832
6040         35500.30137
6041         35512.03644
6042         35523.77352
6043         35535.51263
6044         35547.25375
6045         35558.99688
6046         35570.74204
6047         35582.48921
6048         35594.23840
6049         35605.98961
6050         35617.74283
6051         35629.49807
6052         35641.25533
6053         35653.01460
6054         35664.77590
6055         35676.53920
6056         35688.30453
6057         35700.07187
6058         35711.84123
6059         35723.61260
6060         35735.38599
6061         35747.16139
6062         35758.93881
6063         35770.71825
6064         35782.49970
6065         35794.28317
6066         35806.06865
6067         35817.85615
6068         35829.64566
6069         35841.43719
6070         35853.23074
6071         35865.02630
6072         35876.82387
6073         35888.62346
6074         35900.42506
6075         35912.22867
6076         35924.03431
6077         35935.84195
6078         35947.65161
6079         35959.46328
6080         35971.27697
6081         35983.09267
6082         35994.91038
6083         36006.73011
6084         36018.55185
6085         36030.37561
6086         36042.20137
6087         36054.02916
6088         36065.85895
6089         36077.69076
6090         36089.52458
6091         36101.36041
6092         36113.19825
6093         36125.03811
6094         36136.87998
6095         36148.72386
6096         36160.56975
6097         36172.41766
6098         36184.26758
6099         36196.11951
6100         36207.97345
6101         36219.82940
6102         36231.68736
6103         36243.54734
6104         36255.40933
6105         36267.27332
6106         36279.13933
6107         36291.00735
6108         36302.87738
6109         36314.74942
6110         36326.62348
6111         36338.49954
6112         36350.37761
6113         36362.25769
6114         36374.13978
6115         36386.02389
6116         36397.91000
6117         36409.79812
6118         36421.68825
6119         36433.58039
6120         36445.47455
6121         36457.37071
6122         36469.26888
6123         36481.16905
6124         36493.07124
6125         36504.97544
6126         36516.88164
6127         36528.78986
6128         36540.70008
6129         36552.61231
6130         36564.52655
6131         36576.44280
6132         36588.36105
6133         36600.28132
6134         36612.20359
6135         36624.12787
6136         36636.05415
6137         36647.98245
6138         36659.91275
6139         36671.84505
6140         36683.77937
6141         36695.71569
6142         36707.65402
6143         36719.59436
6144         36731.53670
6145         36743.48105
6146         36755.42741
6147         36767.37577
6148         36779.32614
6149         36791.27852
6150         36803.23290
6151         36815.18929
6152         36827.14768
6153         36839.10808
6154         36851.07048
6155         36863.03489
6156         36875.00131
6157         36886.96973
6158         36898.94015
6159         36910.91259
6160         36922.88702
6161         36934.86346
6162         36946.84191
6163         36958.82236
6164         36970.80481
6165         36982.78927
6166         36994.77573
6167         37006.76420
6168         37018.75467
6169         37030.74714
6170         37042.74162
6171         37054.73810
6172         37066.73659
6173         37078.73708
6174         37090.73957
6175         37102.74406
6176         37114.75056
6177         37126.75906
6178         37138.76957
6179         37150.78207
6180         37162.79658
6181         37174.81309
6182         37186.83161
6183         37198.85212
6184         37210.87464
6185         37222.89916
6186         37234.92569
6187         37246.95421
6188         37258.98473
6189         37271.01726
6190         37283.05179
6191         37295.08832
6192         37307.12685
6193         37319.16738
6194         37331.20992
6195         37343.25445
6196         37355.30099
6197         37367.34952
6198         37379.40006
6199         37391.45259
6200         37403.50713
6201         37415.56366
6202         37427.62220
6203         37439.68274
6204         37451.74527
6205         37463.80981
6206         37475.87634
6207         37487.94488
6208         37500.01541
6209         37512.08795
6210         37524.16248
6211         37536.23901
6212         37548.31754
6213         37560.39807
6214         37572.48059
6215         37584.56512
6216         37596.65164
6217         37608.74017
6218         37620.83069
6219         37632.92320
6220         37645.01772
6221         37657.11424
6222         37669.21275
6223         37681.31326
6224         37693.41576
6225         37705.52027
6226         37717.62677
6227         37729.73527
6228         37741.84576
6229         37753.95825
6230         37766.07274
6231         37778.18922
6232         37790.30771
6233         37802.42818
6234         37814.55066
6235         37826.67513
6236         37838.80159
6237         37850.93005
6238         37863.06051
6239         37875.19297
6240         37887.32741
6241         37899.46386
6242         37911.60230
6243         37923.74273
6244         37935.88516
6245         37948.02958
6246         37960.17600
6247         37972.32442
6248         37984.47482
6249         37996.62722
6250         38008.78162
6251         38020.93801
6252         38033.09640
6253         38045.25678
6254         38057.41915
6255         38069.58351
6256         38081.74987
6257         38093.91823
6258         38106.08857
6259         38118.26091
6260         38130.43525
6261         38142.61157
6262         38154.78989
6263         38166.97020
6264         38179.15250
6265         38191.33680
6266         38203.52309
6267         38215.71137
6268         38227.90164
6269         38240.09390
6270         38252.28816
6271         38264.48441
6272         38276.68265
6273         38288.88288
6274         38301.08510
6275         38313.28931
6276         38325.49552
6277         38337.70371
6278         38349.91390
6279         38362.12608
6280         38374.34024
6281         38386.55640
6282         38398.77455
6283         38410.99469
6284         38423.21682
6285         38435.44094
6286         38447.66705
6287         38459.89514
6288         38472.12523
6289         38484.35731
6290         38496.59138
6291         38508.82743
6292         38521.06548
6293         38533.30551
6294         38545.54753
6295         38557.79154
6296         38570.03754
6297         38582.28553
6298         38594.53551
6299         38606.78747
6300         38619.04143
6301         38631.29737
6302         38643.55530
6303         38655.81522
6304         38668.07712
6305         38680.34101
6306         38692.60689
6307         38704.87476
6308         38717.14461
6309         38729.41645
6310         38741.69028
6311         38753.96610
6312         38766.24390
6313         38778.52368
6314         38790.80546
6315         38803.08922
6316         38815.37496
6317         38827.66269
6318         38839.95241
6319         38852.24412
6320         38864.53780
6321         38876.83348
6322         38889.13114
6323         38901.43078
6324         38913.73242
6325         38926.03603
6326         38938.34163
6327         38950.64922
6328         38962.95879
6329         38975.27034
6330         38987.58388
6331         38999.89940
6332         39012.21691
6333         39024.53640
6334         39036.85787
6335         39049.18133
6336         39061.50677
6337         39073.83420
6338         39086.16360
6339         39098.49500
6340         39110.82837
6341         39123.16373
6342         39135.50107
6343         39147.84039
6344         39160.18170
6345         39172.52498
6346         39184.87026
6347         39197.21751
6348         39209.56674
6349         39221.91796
6350         39234.27116
6351         39246.62634
6352         39258.98350
6353         39271.34264
6354         39283.70376
6355         39296.06687
6356         39308.43196
6357         39320.79902
6358         39333.16807
6359         39345.53910
6360         39357.91211
6361         39370.28710
6362         39382.66407
6363         39395.04302
6364         39407.42395
6365         39419.80686
6366         39432.19174
6367         39444.57861
6368         39456.96746
6369         39469.35829
6370         39481.75110
6371         39494.14588
6372         39506.54265
6373         39518.94139
6374         39531.34211
6375         39543.74481
6376         39556.14949
6377         39568.55615
6378         39580.96478
6379         39593.37540
6380         39605.78799
6381         39618.20256
6382         39630.61911
6383         39643.03763
6384         39655.45813
6385         39667.88061
6386         39680.30507
6387         39692.73150
6388         39705.15991
6389         39717.59030
6390         39730.02266
6391         39742.45700
6392         39754.89332
6393         39767.33161
6394         39779.77188
6395         39792.21413
6396         39804.65835
6397         39817.10454
6398         39829.55271
6399         39842.00286
6400         39854.45498
6401         39866.90908
6402         39879.36515
6403         39891.82320
6404         39904.28322
6405         39916.74522
6406         39929.20919
6407         39941.67514
6408         39954.14306
6409         39966.61295
6410         39979.08482
6411         39991.55866
6412         40004.03448
6413         40016.51226
6414         40028.99203
6415         40041.47376
6416         40053.95747
6417         40066.44315
6418         40078.93081
6419         40091.42044
6420         40103.91204
6421         40116.40561
6422         40128.90115
6423         40141.39867
6424         40153.89816
6425         40166.39962
6426         40178.90306
6427         40191.40846
6428         40203.91584
6429         40216.42519
6430         40228.93651
6431         40241.44980
6432         40253.96506
6433         40266.48229
6434         40279.00149
6435         40291.52267
6436         40304.04581
6437         40316.57093
6438         40329.09801
6439         40341.62707
6440         40354.15809
6441         40366.69109
6442         40379.22605
6443         40391.76299
6444         40404.30189
6445         40416.84276
6446         40429.38561
6447         40441.93042
6448         40454.47720
6449         40467.02595
6450         40479.57666
6451         40492.12935
6452         40504.68400
6453         40517.24062
6454         40529.79922
6455         40542.35977
6456         40554.92230
6457         40567.48679
6458         40580.05326
6459         40592.62169
6460         40605.19208
6461         40617.76445
6462         40630.33878
6463         40642.91507
6464         40655.49334
6465         40668.07357
6466         40680.65576
6467         40693.23993
6468         40705.82606
6469         40718.41415
6470         40731.00421
6471         40743.59624
6472         40756.19024
6473         40768.78619
6474         40781.38412
6475         40793.98401
6476         40806.58586
6477         40819.18968
6478         40831.79546
6479         40844.40321
6480         40857.01293
6481         40869.62460
6482         40882.23824
6483         40894.85385
6484         40907.47142
6485         40920.09095
6486         40932.71245
6487         40945.33591
6488         40957.96134
6489         40970.58873
6490         40983.21808
6491         40995.84939
6492         41008.48267
6493         41021.11791
6494         41033.75511
6495         41046.39427
6496         41059.03540
6497         41071.67849
6498         41084.32354
6499         41096.97055
6500         41109.61953
6501         41122.27047
6502         41134.92337
6503         41147.57823
6504         41160.23505
6505         41172.89383
6506         41185.55457
6507         41198.21728
6508         41210.88194
6509         41223.54857
6510         41236.21715
6511         41248.88770
6512         41261.56020
6513         41274.23467
6514         41286.91110
6515         41299.58948
6516         41312.26983
6517         41324.95213
6518         41337.63639
6519         41350.32262
6520         41363.01080
6521         41375.70094
6522         41388.39304
6523         41401.08710
6524         41413.78311
6525         41426.48109
6526         41439.18102
6527         41451.88291
6528         41464.58676
6529         41477.29257
6530         41490.00033
6531         41502.71006
6532         41515.42174
6533         41528.13537
6534         41540.85097
6535         41553.56852
6536         41566.28803
6537         41579.00949
6538         41591.73291
6539         41604.45829
6540         41617.18562
6541         41629.91491
6542         41642.64615
6543         41655.37935
6544         41668.11451
6545         41680.85162
6546         41693.59069
6547         41706.33171
6548         41719.07469
6549         41731.81962
6550         41744.56651
6551         41757.31535
6552         41770.06615
6553         41782.81890
6554         41795.57361
6555         41808.33027
6556         41821.08888
6557         41833.84945
6558         41846.61197
6559         41859.37644
6560         41872.14287
6561         41884.91125
6562         41897.68158
6563         41910.45387
6564         41923.22811
6565         41936.00430
6566         41948.78245
6567         41961.56255
6568         41974.34460
6569         41987.12860
6570         41999.91455
6571         42012.70246
6572         42025.49232
6573         42038.28412
6574         42051.07788
6575         42063.87360
6576         42076.67126
6577         42089.47087
6578         42102.27244
6579         42115.07595
6580         42127.88142
6581         42140.68883
6582         42153.49820
6583         42166.30952
6584         42179.12278
6585         42191.93800
6586         42204.75517
6587         42217.57428
6588         42230.39535
6589         42243.21836
6590         42256.04332
6591         42268.87024
6592         42281.69910
6593         42294.52991
6594         42307.36266
6595         42320.19737
6596         42333.03403
6597         42345.87263
6598         42358.71318
6599         42371.55568
6600         42384.40012
6601         42397.24652
6602         42410.09486
6603         42422.94515
6604         42435.79738
6605         42448.65157
6606         42461.50770
6607         42474.36577
6608         42487.22579
6609         42500.08776
6610         42512.95168
6611         42525.81754
6612         42538.68534
6613         42551.55510
6614         42564.42679
6615         42577.30044
6616         42590.17603
6617         42603.05356
6618         42615.93304
6619         42628.81447
6620         42641.69783
6621         42654.58315
6622         42667.47041
6623         42680.35961
6624         42693.25076
6625         42706.14385
6626         42719.03888
6627         42731.93586
6628         42744.83478
6629         42757.73565
6630         42770.63846
6631         42783.54321
6632         42796.44990
6633         42809.35854
6634         42822.26912
6635         42835.18164
6636         42848.09611
6637         42861.01252
6638         42873.93087
6639         42886.85116
6640         42899.77339
6641         42912.69757
6642         42925.62368
6643         42938.55174
6644         42951.48174
6645         42964.41368
6646         42977.34756
6647         42990.28338
6648         43003.22115
6649         43016.16085
6650         43029.10249
6651         43042.04608
6652         43054.99160
6653         43067.93906
6654         43080.88847
6655         43093.83981
6656         43106.79309
6657         43119.74832
6658         43132.70548
6659         43145.66458
6660         43158.62562
6661         43171.58859
6662         43184.55351
6663         43197.52036
6664         43210.48916
6665         43223.45989
6666         43236.43256
6667         43249.40717
6668         43262.38371
6669         43275.36219
6670         43288.34261
6671         43301.32497
6672         43314.30926
6673         43327.29549
6674         43340.28366
6675         43353.27377
6676         43366.26581
6677         43379.25978
6678         43392.25570
6679         43405.25355
6680         43418.25333
6681         43431.25505
6682         43444.25871
6683         43457.26430
6684         43470.27183
6685         43483.28129
6686         43496.29269
6687         43509.30602
6688         43522.32129
6689         43535.33849
6690         43548.35763
6691         43561.37870
6692         43574.40170
6693         43587.42664
6694         43600.45351
6695         43613.48232
6696         43626.51306
6697         43639.54573
6698         43652.58034
6699         43665.61687
6700         43678.65535
6701         43691.69575
6702         43704.73809
6703         43717.78236
6704         43730.82856
6705         43743.87669
6706         43756.92676
6707         43769.97876
6708         43783.03269
6709         43796.08855
6710         43809.14634
6711         43822.20606
6712         43835.26772
6713         43848.33131
6714         43861.39682
6715         43874.46427
6716         43887.53365
6717         43900.60496
6718         43913.67819
6719         43926.75336
6720         43939.83046
6721         43952.90949
6722         43965.99045
6723         43979.07333
6724         43992.15815
6725         44005.24489
6726         44018.33357
6727         44031.42417
6728         44044.51670
6729         44057.61116
6730         44070.70755
6731         44083.80587
6732         44096.90611
6733         44110.00828
6734         44123.11238
6735         44136.21841
6736         44149.32637
6737         44162.43625
6738         44175.54806
6739         44188.66179
6740         44201.77746
6741         44214.89505
6742         44228.01457
6743         44241.13601
6744         44254.25938
6745         44267.38467
6746         44280.51189
6747         44293.64104
6748         44306.77211
6749         44319.90511
6750         44333.04003
6751         44346.17688
6752         44359.31566
6753         44372.45636
6754         44385.59898
6755         44398.74352
6756         44411.89000
6757         44425.03839
6758         44438.18871
6759         44451.34096
6760         44464.49513
6761         44477.65122
6762         44490.80923
6763         44503.96917
6764         44517.13103
6765         44530.29481
6766         44543.46052
6767         44556.62815
6768         44569.79770
6769         44582.96918
6770         44596.14257
6771         44609.31789
6772         44622.49513
6773         44635.67429
6774         44648.85538
6775         44662.03838
6776         44675.22331
6777         44688.41016
6778         44701.59893
6779         44714.78962
6780         44727.98223
6781         44741.17676
6782         44754.37321
6783         44767.57158
6784         44780.77187
6785         44793.97408
6786         44807.17821
6787         44820.38426
6788         44833.59223
6789         44846.80212
6790         44860.01393
6791         44873.22766
6792         44886.44330
6793         44899.66087
6794         44912.88035
6795         44926.10175
6796         44939.32507
6797         44952.55031
6798         44965.77746
6799         44979.00654
6800         44992.23752
6801         45005.47043
6802         45018.70526
6803         45031.94200
6804         45045.18066
6805         45058.42124
6806         45071.66373
6807         45084.90814
6808         45098.15446
6809         45111.40270
6810         45124.65286
6811         45137.90493
6812         45151.15892
6813         45164.41482
6814         45177.67264
6815         45190.93238
6816         45204.19403
6817         45217.45759
6818         45230.72307
6819         45243.99047
6820         45257.25977
6821         45270.53100
6822         45283.80413
6823         45297.07918
6824         45310.35614
6825         45323.63502
6826         45336.91581
6827         45350.19852
6828         45363.48314
6829         45376.76967
6830         45390.05811
6831         45403.34847
6832         45416.64073
6833         45429.93491
6834         45443.23101
6835         45456.52901
6836         45469.82893
6837         45483.13076
6838         45496.43450
6839         45509.74015
6840         45523.04771
6841         45536.35718
6842         45549.66857
6843         45562.98186
6844         45576.29707
6845         45589.61418
6846         45602.93321
6847         45616.25415
6848         45629.57700
6849         45642.90175
6850         45656.22842
6851         45669.55699
6852         45682.88748
6853         45696.21987
6854         45709.55417
6855         45722.89038
6856         45736.22851
6857         45749.56853
6858         45762.91047
6859         45776.25432
6860         45789.60007
6861         45802.94773
6862         45816.29730
6863         45829.64878
6864         45843.00216
6865         45856.35745
6866         45869.71465
6867         45883.07376
6868         45896.43477
6869         45909.79769
6870         45923.16251
6871         45936.52924
6872         45949.89788
6873         45963.26842
6874         45976.64087
6875         45990.01523
6876         46003.39149
6877         46016.76965
6878         46030.14972
6879         46043.53170
6880         46056.91558
6881         46070.30136
6882         46083.68905
6883         46097.07865
6884         46110.47014
6885         46123.86355
6886         46137.25885
6887         46150.65606
6888         46164.05517
6889         46177.45619
6890         46190.85911
6891         46204.26393
6892         46217.67066
6893         46231.07928
6894         46244.48982
6895         46257.90225
6896         46271.31658
6897         46284.73282
6898         46298.15096
6899         46311.57100
6900         46324.99294
6901         46338.41679
6902         46351.84253
6903         46365.27018
6904         46378.69973
6905         46392.13118
6906         46405.56452
6907         46418.99977
6908         46432.43692
6909         46445.87597
6910         46459.31692
6911         46472.75977
6912         46486.20452
6913         46499.65117
6914         46513.09972
6915         46526.55016
6916         46540.00251
6917         46553.45675
6918         46566.91290
6919         46580.37094
6920         46593.83088
6921         46607.29272
6922         46620.75645
6923         46634.22209
6924         46647.68962
6925         46661.15905
6926         46674.63037
6927         46688.10360
6928         46701.57872
6929         46715.05574
6930         46728.53465
6931         46742.01546
6932         46755.49817
6933         46768.98277
6934         46782.46927
6935         46795.95767
6936         46809.44796
6937         46822.94014
6938         46836.43422
6939         46849.93020
6940         46863.42807
6941         46876.92784
6942         46890.42950
6943         46903.93306
6944         46917.43851
6945         46930.94585
6946         46944.45509
6947         46957.96622
6948         46971.47925
6949         46984.99417
6950         46998.51099
6951         47012.02969
6952         47025.55029
6953         47039.07278
6954         47052.59717
6955         47066.12345
6956         47079.65162
6957         47093.18168
6958         47106.71364
6959         47120.24748
6960         47133.78322
6961         47147.32085
6962         47160.86037
6963         47174.40178
6964         47187.94509
6965         47201.49028
6966         47215.03737
6967         47228.58634
6968         47242.13721
6969         47255.68996
6970         47269.24461
6971         47282.80115
6972         47296.35957
6973         47309.91989
6974         47323.48209
6975         47337.04619
6976         47350.61217
6977         47364.18005
6978         47377.74981
6979         47391.32146
6980         47404.89499
6981         47418.47042
6982         47432.04774
6983         47445.62694
6984         47459.20803
6985         47472.79100
6986         47486.37587
6987         47499.96262
6988         47513.55126
6989         47527.14179
6990         47540.73420
6991         47554.32850
6992         47567.92469
6993         47581.52276
6994         47595.12272
6995         47608.72456
6996         47622.32829
6997         47635.93391
6998         47649.54141
6999         47663.15080
7000         47676.76207
7001         47690.37522
7002         47703.99026
7003         47717.60719
7004         47731.22600
7005         47744.84669
7006         47758.46927
7007         47772.09373
7008         47785.72008
7009         47799.34831
7010         47812.97842
7011         47826.61042
7012         47840.24430
7013         47853.88006
7014         47867.51770
7015         47881.15723
7016         47894.79864
7017         47908.44193
7018         47922.08711
7019         47935.73416
7020         47949.38310
7021         47963.03392
7022         47976.68662
7023         47990.34120
7024         48003.99766
7025         48017.65601
7026         48031.31623
7027         48044.97833
7028         48058.64232
7029         48072.30819
7030         48085.97593
7031         48099.64556
7032         48113.31706
7033         48126.99044
7034         48140.66571
7035         48154.34285
7036         48168.02187
7037         48181.70277
7038         48195.38555
7039         48209.07021
7040         48222.75674
7041         48236.44516
7042         48250.13545
7043         48263.82762
7044         48277.52167
7045         48291.21759
7046         48304.91539
7047         48318.61507
7048         48332.31663
7049         48346.02006
7050         48359.72537
7051         48373.43256
7052         48387.14162
7053         48400.85256
7054         48414.56537
7055         48428.28006
7056         48441.99663
7057         48455.71507
7058         48469.43539
7059         48483.15758
7060         48496.88165
7061         48510.60759
7062         48524.33540
7063         48538.06509
7064         48551.79666
7065         48565.53010
7066         48579.26541
7067         48593.00259
7068         48606.74165
7069         48620.48258
7070         48634.22539
7071         48647.97007
7072         48661.71662
7073         48675.46505
7074         48689.21534
7075         48702.96751
7076         48716.72155
7077         48730.47747
7078         48744.23525
7079         48757.99491
7080         48771.75644
7081         48785.51984
7082         48799.28511
7083         48813.05225
7084         48826.82126
7085         48840.59215
7086         48854.36490
7087         48868.13952
7088         48881.91602
7089         48895.69438
7090         48909.47461
7091         48923.25672
7092         48937.04069
7093         48950.82653
7094         48964.61424
7095         48978.40382
7096         48992.19527
7097         49005.98859
7098         49019.78378
7099         49033.58083
7100         49047.37975
7101         49061.18054
7102         49074.98320
7103         49088.78772
7104         49102.59411
7105         49116.40237
7106         49130.21250
7107         49144.02449
7108         49157.83835
7109         49171.65408
7110         49185.47167
7111         49199.29113
7112         49213.11245
7113         49226.93564
7114         49240.76070
7115         49254.58762
7116         49268.41641
7117         49282.24706
7118         49296.07957
7119         49309.91396
7120         49323.75020
7121         49337.58831
7122         49351.42828
7123         49365.27012
7124         49379.11383
7125         49392.95939
7126         49406.80682
7127         49420.65611
7128         49434.50727
7129         49448.36029
7130         49462.21517
7131         49476.07191
7132         49489.93052
7133         49503.79099
7134         49517.65332
7135         49531.51751
7136         49545.38357
7137         49559.25148
7138         49573.12126
7139         49586.99290
7140         49600.86640
7141         49614.74176
7142         49628.61898
7143         49642.49806
7144         49656.37901
7145         49670.26181
7146         49684.14647
7147         49698.03299
7148         49711.92137
7149         49725.81162
7150         49739.70372
7151         49753.59768
7152         49767.49350
7153         49781.39117
7154         49795.29071
7155         49809.19211
7156         49823.09536
7157         49837.00047
7158         49850.90744
7159         49864.81626
7160         49878.72695
7161         49892.63949
7162         49906.55389
7163         49920.47014
7164         49934.38826
7165         49948.30823
7166         49962.23005
7167         49976.15373
7168         49990.07927
7169         50004.00667
7170         50017.93592
7171         50031.86702
7172         50045.79998
7173         50059.73480
7174         50073.67147
7175         50087.60999
7176         50101.55038
7177         50115.49261
7178         50129.43670
7179         50143.38264
7180         50157.33044
7181         50171.28010
7182         50185.23160
7183         50199.18496
7184         50213.14017
7185         50227.09724
7186         50241.05615
7187         50255.01693
7188         50268.97955
7189         50282.94402
7190         50296.91035
7191         50310.87853
7192         50324.84857
7193         50338.82045
7194         50352.79418
7195         50366.76977
7196         50380.74721
7197         50394.72650
7198         50408.70764
7199         50422.69063
7200         50436.67547
7201         50450.66216
7202         50464.65070
7203         50478.64109
7204         50492.63333
7205         50506.62742
7206         50520.62336
7207         50534.62115
7208         50548.62079
7209         50562.62228
7210         50576.62561
7211         50590.63080
7212         50604.63783
7213         50618.64671
7214         50632.65744
7215         50646.67001
7216         50660.68444
7217         50674.70071
7218         50688.71883
7219         50702.73879
7220         50716.76060
7221         50730.78426
7222         50744.80977
7223         50758.83712
7224         50772.86632
7225         50786.89736
7226         50800.93025
7227         50814.96499
7228         50829.00157
7229         50843.03999
7230         50857.08027
7231         50871.12238
7232         50885.16634
7233         50899.21215
7234         50913.25980
7235         50927.30929
7236         50941.36063
7237         50955.41381
7238         50969.46884
7239         50983.52571
7240         50997.58442
7241         51011.64498
7242         51025.70737
7243         51039.77161
7244         51053.83770
7245         51067.90562
7246         51081.97539
7247         51096.04700
7248         51110.12045
7249         51124.19575
7250         51138.27288
7251         51152.35186
7252         51166.43268
7253         51180.51534
7254         51194.59984
7255         51208.68618
7256         51222.77436
7257         51236.86438
7258         51250.95624
7259         51265.04994
7260         51279.14548
7261         51293.24286
7262         51307.34208
7263         51321.44313
7264         51335.54603
7265         51349.65077
7266         51363.75734
7267         51377.86575
7268         51391.97600
7269         51406.08809
7270         51420.20202
7271         51434.31778
7272         51448.43539
7273         51462.55483
7274         51476.67610
7275         51490.79922
7276         51504.92417
7277         51519.05095
7278         51533.17958
7279         51547.31004
7280         51561.44233
7281         51575.57646
7282         51589.71243
7283         51603.85023
7284         51617.98987
7285         51632.13134
7286         51646.27465
7287         51660.41980
7288         51674.56677
7289         51688.71558
7290         51702.86623
7291         51717.01871
7292         51731.17302
7293         51745.32917
7294         51759.48715
7295         51773.64697
7296         51787.80861
7297         51801.97209
7298         51816.13741
7299         51830.30455
7300         51844.47353
7301         51858.64434
7302         51872.81698
7303         51886.99146
7304         51901.16776
7305         51915.34590
7306         51929.52587
7307         51943.70767
7308         51957.89130
7309         51972.07676
7310         51986.26405
7311         52000.45318
7312         52014.64413
7313         52028.83691
7314         52043.03152
7315         52057.22796
7316         52071.42624
7317         52085.62634
7318         52099.82827
7319         52114.03203
7320         52128.23761
7321         52142.44503
7322         52156.65427
7323         52170.86535
7324         52185.07825
7325         52199.29297
7326         52213.50953
7327         52227.72792
7328         52241.94813
7329         52256.17016
7330         52270.39403
7331         52284.61972
7332         52298.84724
7333         52313.07658
7334         52327.30775
7335         52341.54075
7336         52355.77557
7337         52370.01222
7338         52384.25069
7339         52398.49099
7340         52412.73311
7341         52426.97706
7342         52441.22283
7343         52455.47043
7344         52469.71985
7345         52483.97110
7346         52498.22417
7347         52512.47906
7348         52526.73578
7349         52540.99432
7350         52555.25468
7351         52569.51687
7352         52583.78088
7353         52598.04671
7354         52612.31436
7355         52626.58384
7356         52640.85514
7357         52655.12826
7358         52669.40320
7359         52683.67996
7360         52697.95855
7361         52712.23896
7362         52726.52118
7363         52740.80523
7364         52755.09110
7365         52769.37879
7366         52783.66830
7367         52797.95963
7368         52812.25278
7369         52826.54774
7370         52840.84453
7371         52855.14314
7372         52869.44357
7373         52883.74581
7374         52898.04987
7375         52912.35576
7376         52926.66346
7377         52940.97298
7378         52955.28431
7379         52969.59747
7380         52983.91244
7381         52998.22923
7382         53012.54784
7383         53026.86826
7384         53041.19050
7385         53055.51456
7386         53069.84044
7387         53084.16813
7388         53098.49763
7389         53112.82896
7390         53127.16210
7391         53141.49705
7392         53155.83382
7393         53170.17240
7394         53184.51280
7395         53198.85502
7396         53213.19905
7397         53227.54489
7398         53241.89255
7399         53256.24202
7400         53270.59330
7401         53284.94640
7402         53299.30131
7403         53313.65804
7404         53328.01658
7405         53342.37693
7406         53356.73910
7407         53371.10307
7408         53385.46886
7409         53399.83646
7410         53414.20588
7411         53428.57710
7412         53442.95014
7413         53457.32499
7414         53471.70165
7415         53486.08012
7416         53500.46040
7417         53514.84249
7418         53529.22640
7419         53543.61211
7420         53557.99963
7421         53572.38896
7422         53586.78011
7423         53601.17306
7424         53615.56782
7425         53629.96439
7426         53644.36277
7427         53658.76296
7428         53673.16496
7429         53687.56876
7430         53701.97438
7431         53716.38180
7432         53730.79103
7433         53745.20206
7434         53759.61491
7435         53774.02956
7436         53788.44602
7437         53802.86429
7438         53817.28436
7439         53831.70624
7440         53846.12992
7441         53860.55542
7442         53874.98271
7443         53889.41182
7444         53903.84273
7445         53918.27544
7446         53932.70996
7447         53947.14628
7448         53961.58441
7449         53976.02435
7450         53990.46609
7451         54004.90963
7452         54019.35497
7453         54033.80212
7454         54048.25108
7455         54062.70183
7456         54077.15440
7457         54091.60876
7458         54106.06493
7459         54120.52290
7460         54134.98267
7461         54149.44424
7462         54163.90762
7463         54178.37280
7464         54192.83978
7465         54207.30856
7466         54221.77914
7467         54236.25153
7468         54250.72571
7469         54265.20170
7470         54279.67949
7471         54294.15907
7472         54308.64046
7473         54323.12365
7474         54337.60863
7475         54352.09542
7476         54366.58401
7477         54381.07439
7478         54395.56658
7479         54410.06056
7480         54424.55634
7481         54439.05393
7482         54453.55331
7483         54468.05448
7484         54482.55746
7485         54497.06223
7486         54511.56880
7487         54526.07717
7488         54540.58733
7489         54555.09930
7490         54569.61306
7491         54584.12861
7492         54598.64596
7493         54613.16511
7494         54627.68606
7495         54642.20880
7496         54656.73333
7497         54671.25966
7498         54685.78779
7499         54700.31771
7500         54714.84943