   1            20.92314
   2            26.87451
   3            34.02536
   4            41.75449
   5            49.83351
   6            58.13719
   7            66.59168
   8            75.15158
   9            83.78778
  10            92.48086
  11           101.21741
  12           109.98793
  13           118.78546
  14           127.60484
  15           136.44212
  16           145.29425
  17           154.15886
  18           163.03403
  19           171.91823
  20           180.81021
  21           189.70894
  22           198.61356
  23           207.52337
  24           216.43776
  25           225.35621
  26           234.27830
  27           243.20364
  28           252.13190
  29           261.06281
  30           269.99613
  31           278.93162
  32           287.86911
  33           296.80842
  34           305.74940
  35           314.69193
  36           323.63588
  37           332.58114
  38           341.52763
  39           350.47525
  40           359.42393
  41           368.37359
  42           377.32418
  43           386.27563
  44           395.22789
  45           404.18091
  46           413.13465
  47           422.08907
  48           431.04412
  49           439.99978
  50           448.95601
  51           457.91279
  52           466.87008
  53           475.82786
  54           484.78611
  55           493.74481
  56           502.70393
  57           511.66345
  58           520.62337
  59           529.58366
  60           538.54431
  61           547.50530
  62           556.46662
  63           565.42825
  64           574.39019
  65           583.35243
  66           592.31494
  67           601.27773
  68           610.24079
  69           619.20410
  70           628.16766
  71           637.13146
  72           646.09549
  73           655.05974
  74           664.02421
  75           672.98890
  76           681.95379
  77           690.91888
  78           699.88417
  79           708.84964
  80           717.81530
  81           726.78115
  82           735.74717
  83           744.71336
  84           753.67971
  85           762.64624
  86           771.61292
  87           780.57976
  88           789.54676
  89           798.51390
  90           807.48119
  91           816.44863
  92           825.41621
  93           834.38393
  94           843.35178
  95           852.31978
  96           861.28790
  97           870.25615
  98           879.22453
  99           888.19303
 100           897.16166
 101           906.13041
 102           915.09928
 103           924.06827
 104           933.03737
 105           942.00659
 106           950.97593
 107           959.94537
 108           968.91493
 109           977.88459
 110           986.85436
 111           995.82424
 112          1004.79422
 113          1013.76431
 114          1022.73449
 115          1031.70478
 116          1040.67517
 117          1049.64566
 118          1058.61625
 119          1067.58694
 120          1076.55772
 121          1085.52860
 122          1094.49957
 123          1103.47064
 124          1112.44180
 125          1121.41305
 126          1130.38440
 127          1139.35583
 128          1148.32735
 129          1157.29897
 130          1166.27067
 131          1175.24247
 132          1184.21435
 133          1193.18631
 134          1202.15837
 135          1211.13051
 136          1220.10274
 137          1229.07505
 138          1238.04745
 139          1247.01993
 140          1255.99250
 141          1264.96515
 142          1273.93788
 143          1282.91070
 144          1291.88360
 145          1300.85659
 146          1309.82966
 147          1318.80281
 148          1327.77604
 149          1336.74936
 150          1345.72276
 151          1354.69625
 152          1363.66981
 153          1372.64346
 154          1381.61720
 155          1390.59101
 156          1399.56491
 157          1408.53889
 158          1417.51296
 159          1426.48712
 160          1435.46135
 161          1444.43568
 162          1453.41008
 163          1462.38458
 164          1471.35916
 165          1480.33383
 166          1489.30859
 167          1498.28344
 168          1507.25837
 169          1516.23340
 170          1525.20852
 171          1534.18373
 172          1543.15903
 173          1552.13443
 174          1561.10993
 175          1570.08552
 176          1579.06121
 177          1588.03700
 178          1597.01289
 179          1605.98888
 180          1614.96498
 181          1623.94118
 182          1632.91749
 183          1641.89391
 184          1650.87044
 185          1659.84709
 186          1668.82384
 187          1677.80072
 188          1686.77771
 189          1695.75483
 190          1704.73207
 191          1713.70944
 192          1722.68693
 193          1731.66456
 194          1740.64232
 195          1749.62022
 196          1758.59825
 197          1767.57643
 198          1776.55476
 199          1785.53324
 200          1794.51187
 201          1803.49065
 202          1812.46960
 203          1821.44871
 204          1830.42798
 205          1839.40743
 206          1848.38704
 207          1857.36684
 208          1866.34683
 209          1875.32699
 210          1884.30736
 211          1893.28791
 212          1902.26867
 213          1911.24963
 214          1920.23081
 215          1929.21220
 216          1938.19381
 217          1947.17564
 218          1956.15771
 219          1965.14001
 220          1974.12255
 221          1983.10534
 222          1992.08839
 223          2001.07170
 224          2010.05526
 225          2019.03911
 226          2028.02323
 227          2037.00763
 228          2045.99233
 229          2054.97732
 230          2063.96262
 231          2072.94823
 232          2081.93416
 233          2090.92042
 234          2099.90701
 235          2108.89394
 236          2117.88121
 237          2126.86885
 238          2135.85685
 239          2144.84522
 240          2153.83397
 241          2162.82311
 242          2171.81264
 243          2180.80258
 244          2189.79294
 245          2198.78372
 246          2207.77493
 247          2216.76658
 248          2225.75868
 249          2234.75124
 250          2243.74428
 251          2252.73778
 252          2261.73178
 253          2270.72627
 254          2279.72128
 255          2288.71680
 256          2297.71285
 257          2306.70944
 258          2315.70657
 259          2324.70427
 260          2333.70254
 261          2342.70139
 262          2351.70083
 263          2360.70087
 264          2369.70153
 265          2378.70282
 266          2387.70474
 267          2396.70731
 268          2405.71055
 269          2414.71445
 270          2423.71904
 271          2432.72433
 272          2441.73033
 273          2450.73705
 274          2459.74450
 275          2468.75270
 276          2477.76165
 277          2486.77138
 278          2495.78190
 279          2504.79321
 280          2513.80533
 281          2522.81828
 282          2531.83206
 283          2540.84670
 284          2549.86220
 285          2558.87858
 286          2567.89585
 287          2576.91402
 288          2585.93312
 289          2594.95315
 290          2603.97413
 291          2612.99607
 292          2622.01899
 293          2631.04289
 294          2640.06781
 295          2649.09374
 296          2658.12072
 297          2667.14874
 298          2676.17782
 299          2685.20799
 300          2694.23925
 301          2703.27162
 302          2712.30512
 303          2721.33976
 304          2730.37556
 305          2739.41253
 306          2748.45069
 307          2757.49005
 308          2766.53064
 309          2775.57245
 310          2784.61552
 311          2793.65986
 312          2802.70548
 313          2811.75241
 314          2820.80064
 315          2829.85022
 316          2838.90114
 317          2847.95343
 318          2857.00709
 319          2866.06216
 320          2875.11865
 321          2884.17657
 322          2893.23593
 323          2902.29676
 324          2911.35908
 325          2920.42290
 326          2929.48823
 327          2938.55510
 328          2947.62352
 329          2956.69351
 330          2965.76509
 331          2974.83827
 332          2983.91307
 333          2992.98951
 334          3002.06761
 335          3011.14738
 336          3020.22884
 337          3029.31201
 338          3038.39691
 339          3047.48355
 340          3056.57196
 341          3065.66214
 342          3074.75413
 343          3083.84793
 344          3092.94356
 345          3102.04105
 346          3111.14040
 347          3120.24165
 348          3129.34480
 349          3138.44987
 350          3147.55689
 351          3156.66587
 352          3165.77682
 353          3174.88978
 354          3184.00475
 355          3193.12175
 356          3202.24080
 357          3211.36193
 358          3220.48515
 359          3229.61047
 360          3238.73791
 361          3247.86751
 362          3256.99926
 363          3266.13319
 364          3275.26933
 365          3284.40768
 366          3293.54827
 367          3302.69112
 368          3311.83623
 369          3320.98364
 370          3330.13337
 371          3339.28541
 372          3348.43981
 373          3357.59658
 374          3366.75573
 375          3375.91728
 376          3385.08126
 377          3394.24767
 378          3403.41655
 379          3412.58790
 380          3421.76175
 381          3430.93812
 382          3440.11702
 383          3449.29848
 384          3458.48250
 385          3467.66912
 386          3476.85834
 387          3486.05019
 388          3495.24469
 389          3504.44185
 390          3513.64169
 391          3522.84424
 392          3532.04950
 393          3541.25750
 394          3550.46826
 395          3559.68180
 396          3568.89813
 397          3578.11728
 398          3587.33925
 399          3596.56408
 400          3605.79177
 401          3615.02235
 402          3624.25584
 403          3633.49225
 404          3642.73160
 405          3651.97391
 406          3661.21920
 407          3670.46749
 408          3679.71880
 409          3688.97314
 410          3698.23053
 411          3707.49099
 412          3716.75454
 413          3726.02119
 414          3735.29098
 415          3744.56390
 416          3753.83999
 417          3763.11926
 418          3772.40173
 419          3781.68741
 420          3790.97632
 421          3800.26849
 422          3809.56393
 423          3818.86265
 424          3828.16469
 425          3837.47005
 426          3846.77874
 427          3856.09080
 428          3865.40624
 429          3874.72507
 430          3884.04732
 431          3893.37299
 432          3902.70212
 433          3912.03471
 434          3921.37079
 435          3930.71037
 436          3940.05346
 437          3949.40010
 438          3958.75029
 439          3968.10405
 440          3977.46140
 441          3986.82236
 442          3996.18694
 443          4005.55516
 444          4014.92704
 445          4024.30260
 446          4033.68185
 447          4043.06482
 448          4052.45151
 449          4061.84194
 450          4071.23614
 451          4080.63412
 452          4090.03589
 453          4099.44147
 454          4108.85089
 455          4118.26415
 456          4127.68128
 457          4137.10229
 458          4146.52719
 459          4155.95601
 460          4165.38876
 461          4174.82545
 462          4184.26611
 463          4193.71076
 464          4203.15939
 465          4212.61204
 466          4222.06873
 467          4231.52945
 468          4240.99424
 469          4250.46311
 470          4259.93608
 471          4269.41316
 472          4278.89436
 473          4288.37971
 474          4297.86922
 475          4307.36290
 476          4316.86078
 477          4326.36286
 478          4335.86917
 479          4345.37972
 480          4354.89452
 481          4364.41360
 482          4373.93696
 483          4383.46463
 484          4392.99661
 485          4402.53293
 486          4412.07360
 487          4421.61863
 488          4431.16805
 489          4440.72185
 490          4450.28008
 491          4459.84272
 492          4469.40981
 493          4478.98136
 494          4488.55738
 495          4498.13789
 496          4507.72290
 497          4517.31243
 498          4526.90649
 499          4536.50510
 500          4546.10827
 501          4555.71602
 502          4565.32836
 503          4574.94531
 504          4584.56688
 505          4594.19308
 506          4603.82394
 507          4613.45947
 508          4623.09967
 509          4632.74457
 510          4642.39418
 511          4652.04851
 512          4661.70758
 513          4671.37140
 514          4681.03999
 515          4690.71336
 516          4700.39153
 517          4710.07450
 518          4719.76230
 519          4729.45493
 520          4739.15242
 521          4748.85477
 522          4758.56200
 523          4768.27412
 524          4777.99114
 525          4787.71309
 526          4797.43998
 527          4807.17181
 528          4816.90860
 529          4826.65037
 530          4836.39712
 531          4846.14888
 532          4855.90565
 533          4865.66745
 534          4875.43429
 535          4885.20619
 536          4894.98315
 537          4904.76520
 538          4914.55234
 539          4924.34459
 540          4934.14196
 541          4943.94447
 542          4953.75212
 543          4963.56493
 544          4973.38291
 545          4983.20608
 546          4993.03445
 547          5002.86802
 548          5012.70682
 549          5022.55086
 550          5032.40014
 551          5042.25469
 552          5052.11451
 553          5061.97962
 554          5071.85002
 555          5081.72574
 556          5091.60678
 557          5101.49315
 558          5111.38487
 559          5121.28196
 560          5131.18441
 561          5141.09225
 562          5151.00548
 563          5160.92412
 564          5170.84819
 565          5180.77768
 566          5190.71262
 567          5200.65301
 568          5210.59887
 569          5220.55021
 570          5230.50704
 571          5240.46937
 572          5250.43722
 573          5260.41059
 574          5270.38950
 575          5280.37396
 576          5290.36398
 577          5300.35957
 578          5310.36074
 579          5320.36751
 580          5330.37988
 581          5340.39786
 582          5350.42148
 583          5360.45073
 584          5370.48564
 585          5380.52620
 586          5390.57244
 587          5400.62435
 588          5410.68196
 589          5420.74528
 590          5430.81431
 591          5440.88907
 592          5450.96957
 593          5461.05581
 594          5471.14781
 595          5481.24558
 596          5491.34912
 597          5501.45846
 598          5511.57360
 599          5521.69455
 600          5531.82132
 601          5541.95392
 602          5552.09237
 603          5562.23666
 604          5572.38682
 605          5582.54285
 606          5592.70477
 607          5602.87257
 608          5613.04628
 609          5623.22590
 610          5633.41145
 611          5643.60293
 612          5653.80035
 613          5664.00372
 614          5674.21306
 615          5684.42837
 616          5694.64966
 617          5704.87695
 618          5715.11023
 619          5725.34953
 620          5735.59485
 621          5745.84620
 622          5756.10359
 623          5766.36702
 624          5776.63652
 625          5786.91209
 626          5797.19373
 627          5807.48146
 628          5817.77529
 629          5828.07522
 630          5838.38127
 631          5848.69344
 632          5859.01175
 633          5869.33620
 634          5879.66680
 635          5890.00356
 636          5900.34649
 637          5910.69560
 638          5921.05090
 639          5931.41239
 640          5941.78009
 641          5952.15400
 642          5962.53414
 643          5972.92051
 644          5983.31312
 645          5993.71198
 646          6004.11709
 647          6014.52847
 648          6024.94613
 649          6035.37007
 650          6045.80031
 651          6056.23684
 652          6066.67969
 653          6077.12885
 654          6087.58434
 655          6098.04616
 656          6108.51432
 657          6118.98884
 658          6129.46972
 659          6139.95696
 660          6150.45058
 661          6160.95058
 662          6171.45697
 663          6181.96977
 664          6192.48897
 665          6203.01459
 666          6213.54663
 667          6224.08511
 668          6234.63002
 669          6245.18139
 670          6255.73920
 671          6266.30349
 672          6276.87424
 673          6287.45147
 674          6298.03520
 675          6308.62541
 676          6319.22213
 677          6329.82535
 678          6340.43510
 679          6351.05137
 680          6361.67417
 681          6372.30351
 682          6382.93940
 683          6393.58185
 684          6404.23086
 685          6414.88644
 686          6425.54859
 687          6436.21733
 688          6446.89267
 689          6457.57460
 690          6468.26314
 691          6478.95829
 692          6489.66006
 693          6500.36846
 694          6511.08350
 695          6521.80518
 696          6532.53351
 697          6543.26849
 698          6554.01014
 699          6564.75846
 700          6575.51346
 701          6586.27514
 702          6597.04351
 703          6607.81858
 704          6618.60035
 705          6629.38884
 706          6640.18405
 707          6650.98598
 708          6661.79464
 709          6672.61005
 710          6683.43220
 711          6694.26110
 712          6705.09676
 713          6715.93918
 714          6726.78838
 715          6737.64436
 716          6748.50712
 717          6759.37667
 718          6770.25302
 719          6781.13618
 720          6792.02615
 721          6802.92293
 722          6813.82654
 723          6824.73698
 724          6835.65425
 725          6846.57837
 726          6857.50934
 727          6868.44716
 728          6879.39184
 729          6890.34339
 730          6901.30182
 731          6912.26712
 732          6923.23931
 733          6934.21840
 734          6945.20438
 735          6956.19727
 736          6967.19706
 737          6978.20378
 738          6989.21741
 739          7000.23798
 740          7011.26547
 741          7022.29991
 742          7033.34130
 743          7044.38963
 744          7055.44493
 745          7066.50718
 746          7077.57641
 747          7088.65261
 748          7099.73579
 749          7110.82596
 750          7121.92313
 751          7133.02729
 752          7144.13845
 753          7155.25662
 754          7166.38181
 755          7177.51401
 756          7188.65325
 757          7199.79951
 758          7210.95281
 759          7222.11316
 760          7233.28055
 761          7244.45500
 762          7255.63650
 763          7266.82507
 764          7278.02071
 765          7289.22342
 766          7300.43322
 767          7311.65010
 768          7322.87407
 769          7334.10513
 770          7345.34330
 771          7356.58858
 772          7367.84096
 773          7379.10047
 774          7390.36710
 775          7401.64085
 776          7412.92174
 777          7424.20976
 778          7435.50493
 779          7446.80725
 780          7458.11672
 781          7469.43334
 782          7480.75713
 783          7492.08809
 784          7503.42622
 785          7514.77153
 786          7526.12403
 787          7537.48370
 788          7548.85058
 789          7560.22465
 790          7571.60592
 791          7582.99441
 792          7594.39010
 793          7605.79301
 794          7617.20314
 795          7628.62050
 796          7640.04509
 797          7651.47692
 798          7662.91598
 799          7674.36230
 800          7685.81586
 801          7697.27668
 802          7708.74476
 803          7720.22010
 804          7731.70271
 805          7743.19259
 806          7754.68975
 807          7766.19420
 808          7777.70593
 809          7789.22495
 810          7800.75127
 811          7812.28489
 812          7823.82582
 813          7835.37405
 814          7846.92960
 815          7858.49247
 816          7870.06265
 817          7881.64017
 818          7893.22502
 819          7904.81720
 820          7916.41673
 821          7928.02360
 822          7939.63781
 823          7951.25938
 824          7962.88831
 825          7974.52460
 826          7986.16826
 827          7997.81928
 828          8009.47768
 829          8021.14346
 830          8032.81662
 831          8044.49717
 832          8056.18511
 833          8067.88044
 834          8079.58318
 835          8091.29331
 836          8103.01086
 837          8114.73581
 838          8126.46818
 839          8138.20798
 840          8149.95519
 841          8161.70983
 842          8173.47191
 843          8185.24142
 844          8197.01837
 845          8208.80276
 846          8220.59460
 847          8232.39389
 848          8244.20064
 849          8256.01484
 850          8267.83651
 851          8279.66565
 852          8291.50225
 853          8303.34634
 854          8315.19790
 855          8327.05694
 856          8338.92347
 857          8350.79748
 858          8362.67900
 859          8374.56800
 860          8386.46451
 861          8398.36853
 862          8410.28005
 863          8422.19909
 864          8434.12564
 865          8446.05971
 866          8458.00130
 867          8469.95043
 868          8481.90708
 869          8493.87126
 870          8505.84299
 871          8517.82225
 872          8529.80906
 873          8541.80342
 874          8553.80533
 875          8565.81480
 876          8577.83182
 877          8589.85641
 878          8601.88856
 879          8613.92829
 880          8625.97559
 881          8638.03046
 882          8650.09291
 883          8662.16295
 884          8674.24057
 885          8686.32579
 886          8698.41860
 887          8710.51900
 888          8722.62701
 889          8734.74262
 890          8746.86583
 891          8758.99666
 892          8771.13510
 893          8783.28116
 894          8795.43484
 895          8807.59615
 896          8819.76508
 897          8831.94164
 898          8844.12583
 899          8856.31767
 900          8868.51714
 901          8880.72425
 902          8892.93901
 903          8905.16143
 904          8917.39149
 905          8929.62922
 906          8941.87460
 907          8954.12764
 908          8966.38835
 909          8978.65673
 910          8990.93278
 911          9003.21651
 912          9015.50791
 913          9027.80700
 914          9040.11377
 915          9052.42823
 916          9064.75038
 917          9077.08022
 918          9089.41776
 919          9101.76300
 920          9114.11594
 921          9126.47659
 922          9138.84495
 923          9151.22102
 924          9163.60480
 925          9175.99631
 926          9188.39553
 927          9200.80248
 928          9213.21715
 929          9225.63955
 930          9238.06969
 931          9250.50756
 932          9262.95318
 933          9275.40653
 934          9287.86763
 935          9300.33647
 936          9312.81307
 937          9325.29741
 938          9337.78952
 939          9350.28938
 940          9362.79700
 941          9375.31239
 942          9387.83554
 943          9400.36647
 944          9412.90517
 945          9425.45164
 946          9438.00590
 947          9450.56793
 948          9463.13775
 949          9475.71535
 950          9488.30075
 951          9500.89393
 952          9513.49491
 953          9526.10369
 954          9538.72027
 955          9551.34466
 956          9563.97684
 957          9576.61684
 958          9589.26465
 959          9601.92027
 960          9614.58371
 961          9627.25497
 962          9639.93405
 963          9652.62095
 964          9665.31568
 965          9678.01825
 966          9690.72864
 967          9703.44687
 968          9716.17294
 969          9728.90684
 970          9741.64859
 971          9754.39819
 972          9767.15563
 973          9779.92093
 974          9792.69407
 975          9805.47508
 976          9818.26394
 977          9831.06066
 978          9843.86524
 979          9856.67769
 980          9869.49801
 981          9882.32620
 982          9895.16226
 983          9908.00620
 984          9920.85802
 985          9933.71772
 986          9946.58530
 987          9959.46076
 988          9972.34412
 989          9985.23536
 990          9998.13450
 991         10011.04154
 992         10023.95647
 993         10036.87930
 994         10049.81003
 995         10062.74867
 996         10075.69522
 997         10088.64968
 998         10101.61205
 999         10114.58233
1000         10127.56053
1001         10140.54665
1002         10153.54069
1003         10166.54266
1004         10179.55255
1005         10192.57037
1006         10205.59613
1007         10218.62981
1008         10231.67144
1009         10244.72100
1010         10257.77850
1011         10270.84394
1012         10283.91733
1013         10296.99866
1014         10310.08795
1015         10323.18518
1016         10336.29037
1017         10349.40352
1018         10362.52463
1019         10375.65369
1020         10388.79072
1021         10401.93571
1022         10415.08868
1023         10428.24961
1024         10441.41851
1025         10454.59539
1026         10467.78025
1027         10480.97308
1028         10494.17389
1029         10507.38269
1030         10520.59947
1031         10533.82424
1032         10547.05700
1033         10560.29775
1034         10573.54650
1035         10586.80324
1036         10600.06798
1037         10613.34072
1038         10626.62146
1039         10639.91020
1040         10653.20696
1041         10666.51172
1042         10679.82449
1043         10693.14528
1044         10706.47408
1045         10719.81090
1046         10733.15573
1047         10746.50859
1048         10759.86947
1049         10773.23838
1050         10786.61532
1051         10800.00029
1052         10813.39328
1053         10826.79432
1054         10840.20338
1055         10853.62049
1056         10867.04564
1057         10880.47882
1058         10893.92006
1059         10907.36933
1060         10920.82666
1061         10934.29204
1062         10947.76547
1063         10961.24695
1064         10974.73649
1065         10988.23409
1066         11001.73974
1067         11015.25346
1068         11028.77525
1069         11042.30510
1070         11055.84302
1071         11069.38901
1072         11082.94307
1073         11096.50520
1074         11110.07542
1075         11123.65371
1076         11137.24007
1077         11150.83453
1078         11164.43706
1079         11178.04768
1080         11191.66639
1081         11205.29319
1082         11218.92808
1083         11232.57107
1084         11246.22214
1085         11259.88132
1086         11273.54860
1087         11287.22398
1088         11300.90746
1089         11314.59904
1090         11328.29873
1091         11342.00653
1092         11355.72244
1093         11369.44647
1094         11383.17861
1095         11396.91886
1096         11410.66724
1097         11424.42373
1098         11438.18834
1099         11451.96108
1100         11465.74195
1101         11479.53094
1102         11493.32806
1103         11507.13331
1104         11520.94670
1105         11534.76822
1106         11548.59787
1107         11562.43567
1108         11576.28160
1109         11590.13568
1110         11603.99790
1111         11617.86827
1112         11631.74678
1113         11645.63345
1114         11659.52826
1115         11673.43123
1116         11687.34235
1117         11701.26163
1118         11715.18907
1119         11729.12466
1120         11743.06842
1121         11757.02035
1122         11770.98044
1123         11784.94869
1124         11798.92512
1125         11812.90971
1126         11826.90248
1127         11840.90342
1128         11854.91254
1129         11868.92984
1130         11882.95531
1131         11896.98897
1132         11911.03081
1133         11925.08083
1134         11939.13904
1135         11953.20544
1136         11967.28003
1137         11981.36281
1138         11995.45378
1139         12009.55295
1140         12023.66032
1141         12037.77588
1142         12051.89965
1143         12066.03161
1144         12080.17178
1145         12094.32016
1146         12108.47674
1147         12122.64153
1148         12136.81453
1149         12150.99575
1150         12165.18517
1151         12179.38282
1152         12193.58868
1153         12207.80276
1154         12222.02505
1155         12236.25557
1156         12250.49432
1157         12264.74129
1158         12278.99649
1159         12293.25992
1160         12307.53157
1161         12321.81146
1162         12336.09959
1163         12350.39595
1164         12364.70054
1165         12379.01338
1166         12393.33445
1167         12407.66377
1168         12422.00133
1169         12436.34713
1170         12450.70119
1171         12465.06349
1172         12479.43404
1173         12493.81285
1174         12508.19990
1175         12522.59521
1176         12536.99878
1177         12551.41061
1178         12565.83070
1179         12580.25905
1180         12594.69566
1181         12609.14054
1182         12623.59368
1183         12638.05509
1184         12652.52477
1185         12667.00272
1186         12681.48895
1187         12695.98345
1188         12710.48622
1189         12724.99727
1190         12739.51661
1191         12754.04422
1192         12768.58011
1193         12783.12429
1194         12797.67675
1195         12812.23750
1196         12826.80654
1197         12841.38387
1198         12855.96950
1199         12870.56341
1200         12885.16562
1201         12899.77613
1202         12914.39493
1203         12929.02203
1204         12943.65744
1205         12958.30115
1206         12972.95316
1207         12987.61348
1208         13002.28210
1209         13016.95903
1210         13031.64428
1211         13046.33783
1212         13061.03970
1213         13075.74989
1214         13090.46839
1215         13105.19521
1216         13119.93035
1217         13134.67381
1218         13149.42559
1219         13164.18570
1220         13178.95413
1221         13193.73089
1222         13208.51598
1223         13223.30940
1224         13238.11115
1225         13252.92123
1226         13267.73965
1227         13282.56641
1228         13297.40150
1229         13312.24494
1230         13327.09671
1231         13341.95683
1232         13356.82529
1233         13371.70210
1234         13386.58725
1235         13401.48075
1236         13416.38260
1237         13431.29281
1238         13446.21136
1239         13461.13827
1240         13476.07354
1241         13491.01716
1242         13505.96915
1243         13520.92949
1244         13535.89820
1245         13550.87527
1246         13565.86070
1247         13580.85450
1248         13595.85667
1249         13610.86721
1250         13625.88612
1251         13640.91340
1252         13655.94905
1253         13670.99308
1254         13686.04549
1255         13701.10628
1256         13716.17544
1257         13731.25299
1258         13746.33892
1259         13761.43323
1260         13776.53593
1261         13791.64701
1262         13806.76649
1263         13821.89435
1264         13837.03061
1265         13852.17526
1266         13867.32830
1267         13882.48974
1268         13897.65957
1269         13912.83781
1270         13928.02444
1271         13943.21948
1272         13958.42292
1273         13973.63477
1274         13988.85502
1275         14004.08367
1276         14019.32074
1277         14034.56622
1278         14049.82011
1279         14065.08241
1280         14080.35313
1281         14095.63226
1282         14110.91981
1283         14126.21578
1284         14141.52017
1285         14156.83298
1286         14172.15422
1287         14187.48388
1288         14202.82197
1289         14218.16848
1290         14233.52343
1291         14248.88680
1292         14264.25861
1293         14279.63885
1294         14295.02752
1295         14310.42463
1296         14325.83018
1297         14341.24417
1298         14356.66659
1299         14372.09746
1300         14387.53678
1301         14402.98453
1302         14418.44074
1303         14433.90539
1304         14449.37849
1305         14464.86004
1306         14480.35005
1307         14495.84850
1308         14511.35541
1309         14526.87078
1310         14542.39461
1311         14557.92689
1312         14573.46764
1313         14589.01684
1314         14604.57451
1315         14620.14065
1316         14635.71525
1317         14651.29832
1318         14666.88985
1319         14682.48986
1320         14698.09834
1321         14713.71529
1322         14729.34072
1323         14744.97462
1324         14760.61700
1325         14776.26786
1326         14791.92720
1327         14807.59502
1328         14823.27132
1329         14838.95611
1330         14854.64939
1331         14870.35115
1332         14886.06140
1333         14901.78014
1334         14917.50737
1335         14933.24309
1336         14948.98731
1337         14964.74002
1338         14980.50123
1339         14996.27094
1340         15012.04915
1341         15027.83586
1342         15043.63107
1343         15059.43479
1344         15075.24701
1345         15091.06774
1346         15106.89697
1347         15122.73472
1348         15138.58098
1349         15154.43575
1350         15170.29903
1351         15186.17083
1352         15202.05114
1353         15217.93997
1354         15233.83733
1355         15249.74320
1356         15265.65759
1357         15281.58051
1358         15297.51195
1359         15313.45192
1360         15329.40042
1361         15345.35745
1362         15361.32300
1363         15377.29709
1364         15393.27971
1365         15409.27087
1366         15425.27056
1367         15441.27879
1368         15457.29556
1369         15473.32086
1370         15489.35471
1371         15505.39710
1372         15521.44804
1373         15537.50752
1374         15553.57555
1375         15569.65213
1376         15585.73726
1377         15601.83093
1378         15617.93316
1379         15634.04395
1380         15650.16329
1381         15666.29118
1382         15682.42764
1383         15698.57265
1384         15714.72623
1385         15730.88837
1386         15747.05906
1387         15763.23833
1388         15779.42616
1389         15795.62256
1390         15811.82753
1391         15828.04107
1392         15844.26318
1393         15860.49386
1394         15876.73312
1395         15892.98096
1396         15909.23737
1397         15925.50236
1398         15941.77593
1399         15958.05808
1400         15974.34882
1401         15990.64814
1402         16006.95604
1403         16023.27254
1404         16039.59762
1405         16055.93129
1406         16072.27355
1407         16088.62440
1408         16104.98385
1409         16121.35189
1410         16137.72853
1411         16154.11377
1412         16170.50760
1413         16186.91004
1414         16203.32108
1415         16219.74072
1416         16236.16897
1417         16252.60583
1418         16269.05129
1419         16285.50536
1420         16301.96804
1421         16318.43933
1422         16334.91924
1423         16351.40776
1424         16367.90489
1425         16384.41065
1426         16400.92502
1427         16417.44801
1428         16433.97962
1429         16450.51986
1430         16467.06872
1431         16483.62621
1432         16500.19232
1433         16516.76706
1434         16533.35043
1435         16549.94243
1436         16566.54306
1437         16583.15233
1438         16599.77023
1439         16616.39677
1440         16633.03195
1441         16649.67576
1442         16666.32822
1443         16682.98932
1444         16699.65906
1445         16716.33745
1446         16733.02448
1447         16749.72016
1448         16766.42449
1449         16783.13747
1450         16799.85910
1451         16816.58938
1452         16833.32832
1453         16850.07591
1454         16866.83216
1455         16883.59707
1456         16900.37064
1457         16917.15287
1458         16933.94376
1459         16950.74332
1460         16967.55154
1461         16984.36843
1462         17001.19398
1463         17018.02821
1464         17034.87110
1465         17051.72267
1466         17068.58292
1467         17085.45183
1468         17102.32943
1469         17119.21570
1470         17136.11065
1471         17153.01428
1472         17169.92659
1473         17186.84759
1474         17203.77727
1475         17220.71564
1476         17237.66269
1477         17254.61843
1478         17271.58286
1479         17288.55599
1480         17305.53780
1481         17322.52831
1482         17339.52752
1483         17356.53542
1484         17373.55203
1485         17390.57733
1486         17407.61133
1487         17424.65404
1488         17441.70544
1489         17458.76556
1490         17475.83438
1491         17492.91191
1492         17509.99815
1493         17527.09310
1494         17544.19676
1495         17561.30913
1496         17578.43022
1497         17595.56003
1498         17612.69855
1499         17629.84579
1500         17647.00176
1501         17664.16644
1502         17681.33985
1503         17698.52198
1504         17715.71284
1505         17732.91243
1506         17750.12074
1507         17767.33779
1508         17784.56356
1509         17801.79807
1510         17819.04132
1511         17836.29330
1512         17853.55401
1513         17870.82347
1514         17888.10166
1515         17905.38860
1516         17922.68427
1517         17939.98870
1518         17957.30187
1519         17974.62378
1520         17991.95444
1521         18009.29385
1522         18026.64202
1523         18043.99893
1524         18061.36460
1525         18078.73902
1526         18096.12220
1527         18113.51414
1528         18130.91484
1529         18148.32430
1530         18165.74252
1531         18183.16950
1532         18200.60525
1533         18218.04977
1534         18235.50305
1535         18252.96510
1536         18270.43592
1537         18287.91551
1538         18305.40388
1539         18322.90102
1540         18340.40694
1541         18357.92163
1542         18375.44511
1543         18392.97736
1544         18410.51839
1545         18428.06821
1546         18445.62681
1547         18463.19420
1548         18480.77038
1549         18498.35534
1550         18515.94909
1551         18533.55164
1552         18551.16297
1553         18568.78310
1554         18586.41203
1555         18604.04976
1556         18621.69628
1557         18639.35160
1558         18657.01572
1559         18674.68865
1560         18692.37038
1561         18710.06091
1562         18727.76025
1563         18745.46840
1564         18763.18536
1565         18780.91113
1566         18798.64571
1567         18816.38911
1568         18834.14132
1569         18851.90234
1570         18869.67219
1571         18887.45085
1572         18905.23834
1573         18923.03465
1574         18940.83978
1575         18958.65373
1576         18976.47651
1577         18994.30812
1578         19012.14856
1579         19029.99783
1580         19047.85593
1581         19065.72287
1582         19083.59864
1583         19101.48325
1584         19119.37669
1585         19137.27897
1586         19155.19010
1587         19173.11006
1588         19191.03887
1589         19208.97652
1590         19226.92302
1591         19244.87837
1592         19262.84256
1593         19280.81561
1594         19298.79751
1595         19316.78826
1596         19334.78786
1597         19352.79633
1598         19370.81365
1599         19388.83982
1600         19406.87486
1601         19424.91876
1602         19442.97152
1603         19461.03315
1604         19479.10364
1605         19497.18300
1606         19515.27124
1607         19533.36833
1608         19551.47430
1609         19569.58915
1610         19587.71287
1611         19605.84546
1612         19623.98694
1613         19642.13729
1614         19660.29652
1615         19678.46463
1616         19696.64162
1617         19714.82750
1618         19733.02227
1619         19751.22592
1620         19769.43846
1621         19787.65989
1622         19805.89022
1623         19824.12943
1624         19842.37754
1625         19860.63455
1626         19878.90045
1627         19897.17526
1628         19915.45896
1629         19933.75156
1630         19952.05307
1631         19970.36348
1632         19988.68280
1633         20007.01102
1634         20025.34816
1635         20043.69420
1636         20062.04916
1637         20080.41302
1638         20098.78580
1639         20117.16750
1640         20135.55812
1641         20153.95765
1642         20172.36611
1643         20190.78348
1644         20209.20978
1645         20227.64501
1646         20246.08916
1647         20264.54223
1648         20283.00424
1649         20301.47517
1650         20319.95504
1651         20338.44384
1652         20356.94158
1653         20375.44825
1654         20393.96386
1655         20412.48841
1656         20431.02190
1657         20449.56433
1658         20468.11570
1659         20486.67602
1660         20505.24528
1661         20523.82349
1662         20542.41065
1663         20561.00676
1664         20579.61183
1665         20598.22585
1666         20616.84882
1667         20635.48074
1668         20654.12163
1669         20672.77147
1670         20691.43028
1671         20710.09804
1672         20728.77478
1673         20747.46047
1674         20766.15513
1675         20784.85876
1676         20803.57136
1677         20822.29293
1678         20841.02347
1679         20859.76299
1680         20878.51148
1681         20897.26895
1682         20916.03539
1683         20934.81082
1684         20953.59522
1685         20972.38861
1686         20991.19098
1687         21010.00234
1688         21028.82269
1689         21047.65202
1690         21066.49034
1691         21085.33765
1692         21104.19396
1693         21123.05926
1694         21141.93356
1695         21160.81685
1696         21179.70914
1697         21198.61043
1698         21217.52072
1699         21236.44002
1700         21255.36832
1701         21274.30562
1702         21293.25194
1703         21312.20726
1704         21331.17159
1705         21350.14493
1706         21369.12729
1707         21388.11866
1708         21407.11905
1709         21426.12845
1710         21445.14688
1711         21464.17432
1712         21483.21079
1713         21502.25628
1714         21521.31079
1715         21540.37433
1716         21559.44690
1717         21578.52850
1718         21597.61913
1719         21616.71879
1720         21635.82748
1721         21654.94521
1722         21674.07198
1723         21693.20778
1724         21712.35263
1725         21731.50651
1726         21750.66944
1727         21769.84141
1728         21789.02243
1729         21808.21250
1730         21827.41161
1731         21846.61977
1732         21865.83699
1733         21885.06326
1734         21904.29858
1735         21923.54296
1736         21942.79639
1737         21962.05888
1738         21981.33044
1739         22000.61106
1740         22019.90074
1741         22039.19948
1742         22058.50729
1743         22077.82417
1744         22097.15012
1745         22116.48514
1746         22135.82923
1747         22155.18239
1748         22174.54463
1749         22193.91595
1750         22213.29634
1751         22232.68582
1752         22252.08437
1753         22271.49201
1754         22290.90873
1755         22310.33454
1756         22329.76944
1757         22349.21342
1758         22368.66650
1759         22388.12866
1760         22407.59992
1761         22427.08027
1762         22446.56972
1763         22466.06827
1764         22485.57592
1765         22505.09266
1766         22524.61851
1767         22544.15346
1768         22563.69752
1769         22583.25069
1770         22602.81296
1771         22622.38434
1772         22641.96483
1773         22661.55444
1774         22681.15316
1775         22700.76099
1776         22720.37795
1777         22740.00402
1778         22759.63921
1779         22779.28352
1780         22798.93696
1781         22818.59952
1782         22838.27120
1783         22857.95202
1784         22877.64196
1785         22897.34103
1786         22917.04924
1787         22936.76658
1788         22956.49305
1789         22976.22867
1790         22995.97342
1791         23015.72730
1792         23035.49033
1793         23055.26251
1794         23075.04383
1795         23094.83429
1796         23114.63390
1797         23134.44266
1798         23154.26057
1799         23174.08763
1800         23193.92384
1801         23213.76921
1802         23233.62374
1803         23253.48742
1804         23273.36026
1805         23293.24227
1806         23313.13343
1807         23333.03376
1808         23352.94326
1809         23372.86192
1810         23392.78975
1811         23412.72675
1812         23432.67292
1813         23452.62827
1814         23472.59279
1815         23492.56648
1816         23512.54935
1817         23532.54141
1818         23552.54264
1819         23572.55305
1820         23592.57265
1821         23612.60144
1822         23632.63941
1823         23652.68656
1824         23672.74291
1825         23692.80845
1826         23712.88318
1827         23732.96711
1828         23753.06023
1829         23773.16255
1830         23793.27407
1831         23813.39479
1832         23833.52471
1833         23853.66383
1834         23873.81216
1835         23893.96970
1836         23914.13645
1837         23934.31240
1838         23954.49756
1839         23974.69194
1840         23994.89553
1841         24015.10834
1842         24035.33036
1843         24055.56161
1844         24075.80207
1845         24096.05176
1846         24116.31067
1847         24136.57880
1848         24156.85616
1849         24177.14275
1850         24197.43857
1851         24217.74361
1852         24238.05790
1853         24258.38141
1854         24278.71416
1855         24299.05615
1856         24319.40738
1857         24339.76784
1858         24360.13755
1859         24380.51651
1860         24400.90470
1861         24421.30215
1862         24441.70884
1863         24462.12478
1864         24482.54997
1865         24502.98442
1866         24523.42812
1867         24543.88107
1868         24564.34328
1869         24584.81475
1870         24605.29548
1871         24625.78548
1872         24646.28473
1873         24666.79326
1874         24687.31104
1875         24707.83810
1876         24728.37442
1877         24748.92002
1878         24769.47489
1879         24790.03903
1880         24810.61245
1881         24831.19515
1882         24851.78712
1883         24872.38838
1884         24892.99892
1885         24913.61874
1886         24934.24784
1887         24954.88624
1888         24975.53392
1889         24996.19089
1890         25016.85715
1891         25037.53271
1892         25058.21755
1893         25078.91170
1894         25099.61514
1895         25120.32788
1896         25141.04993
1897         25161.78127
1898         25182.52192
1899         25203.27187
1900         25224.03113
1901         25244.79970
1902         25265.57758
1903         25286.36477
1904         25307.16127
1905         25327.96709
1906         25348.78222
1907         25369.60667
1908         25390.44045
1909         25411.28354
1910         25432.13595
1911         25452.99769
1912         25473.86875
1913         25494.74914
1914         25515.63886
1915         25536.53791
1916         25557.44629
1917         25578.36400
1918         25599.29105
1919         25620.22744
1920         25641.17316
1921         25662.12823
1922         25683.09263
1923         25704.06638
1924         25725.04947
1925         25746.04190
1926         25767.04369
1927         25788.05482
1928         25809.07530
1929         25830.10514
1930         25851.14433
1931         25872.19288
1932         25893.25078
1933         25914.31804
1934         25935.39466
1935         25956.48064
1936         25977.57598
1937         25998.68069
1938         26019.79476
1939         26040.91821
1940         26062.05102
1941         26083.19320
1942         26104.34476
1943         26125.50569
1944         26146.67599
1945         26167.85567
1946         26189.04473
1947         26210.24317
1948         26231.45100
1949         26252.66820
1950         26273.89480
1951         26295.13077
1952         26316.37614
1953         26337.63089
1954         26358.89504
1955         26380.16858
1956         26401.45152
1957         26422.74385
1958         26444.04558
1959         26465.35670
1960         26486.67723
1961         26508.00716
1962         26529.34650
1963         26550.69524
1964         26572.05338
1965         26593.42094
1966         26614.79791
1967         26636.18428
1968         26657.58008
1969         26678.98528
1970         26700.39990
1971         26721.82395
1972         26743.25741
1973         26764.70029
1974         26786.15259
1975         26807.61432
1976         26829.08548
1977         26850.56606
1978         26872.05607
1979         26893.55552
1980         26915.06439
1981         26936.58270
1982         26958.11044
1983         26979.64763
1984         27001.19425
1985         27022.75031
1986         27044.31581
1987         27065.89076
1988         27087.47515
1989         27109.06898
1990         27130.67227
1991         27152.28501
1992         27173.90719
1993         27195.53883
1994         27217.17993
1995         27238.83048
1996         27260.49048
1997         27282.15995
1998         27303.83888
1999         27325.52727
2000         27347.22513
2001         27368.93245
2002         27390.64923
2003         27412.37549
2004         27434.11122
2005         27455.85642
2006         27477.61109
2007         27499.37524
2008         27521.14886
2009         27542.93196
2010         27564.72455
2011         27586.52661
2012         27608.33816
2013         27630.15919
2014         27651.98971
2015         27673.82971
2016         27695.67921
2017         27717.53820
2018         27739.40667
2019         27761.28465
2020         27783.17212
2021         27805.06908
2022         27826.97555
2023         27848.89152
2024         27870.81698
2025         27892.75196
2026         27914.69644
2027         27936.65042
2028         27958.61391
2029         27980.58692
2030         28002.56943
2031         28024.56146
2032         28046.56300
2033         28068.57406
2034         28090.59464
2035         28112.62474
2036         28134.66436
2037         28156.71350
2038         28178.77217
2039         28200.84036
2040         28222.91808
2041         28245.00533
2042         28267.10211
2043         28289.20843
2044         28311.32427
2045         28333.44966
2046         28355.58458
2047         28377.72904
2048         28399.88304
2049         28422.04658
2050         28444.21967
2051         28466.40230
2052         28488.59448
2053         28510.79620
2054         28533.00748
2055         28555.22831
2056         28577.45869
2057         28599.69863
2058         28621.94812
2059         28644.20717
2060         28666.47578
2061         28688.75395
2062         28711.04169
2063         28733.33899
2064         28755.64585
2065         28777.96229
2066         28800.28829
2067         28822.62386
2068         28844.96901
2069         28867.32373
2070         28889.68802
2071         28912.06190
2072         28934.44535
2073         28956.83838
2074         28979.24100
2075         29001.65319
2076         29024.07498
2077         29046.50635
2078         29068.94731
2079         29091.39785
2080         29113.85800
2081         29136.32773
2082         29158.80706
2083         29181.29599
2084         29203.79451
2085         29226.30263
2086         29248.82036
2087         29271.34769
2088         29293.88462
2089         29316.43116
2090         29338.98730
2091         29361.55306
2092         29384.12842
2093         29406.71340
2094         29429.30800
2095         29451.91221
2096         29474.52603
2097         29497.14948
2098         29519.78254
2099         29542.42523
2100         29565.07755
2101         29587.73948
2102         29610.41105
2103         29633.09224
2104         29655.78307
2105         29678.48352
2106         29701.19361
2107         29723.91333
2108         29746.64269
2109         29769.38169
2110         29792.13033
2111         29814.88861
2112         29837.65654
2113         29860.43411
2114         29883.22132
2115         29906.01818
2116         29928.82469
2117         29951.64086
2118         29974.46667
2119         29997.30214
2120         30020.14727
2121         30043.00205
2122         30065.86650
2123         30088.74060
2124         30111.62437
2125         30134.51780
2126         30157.42089
2127         30180.33366
2128         30203.25609
2129         30226.18819
2130         30249.12997
2131         30272.08141
2132         30295.04254
2133         30318.01334
2134         30340.99382
2135         30363.98397
2136         30386.98381
2137         30409.99334
2138         30433.01255
2139         30456.04144
2140         30479.08003
2141         30502.12830
2142         30525.18627
2143         30548.25392
2144         30571.33128
2145         30594.41832
2146         30617.51507
2147         30640.62152
2148         30663.73766
2149         30686.86351
2150         30709.99907
2151         30733.14433
2152         30756.29929
2153         30779.46397
2154         30802.63836
2155         30825.82246
2156         30849.01627
2157         30872.21980
2158         30895.43304
2159         30918.65601
2160         30941.88869
2161         30965.13110
2162         30988.38323
2163         31011.64509
2164         31034.91667
2165         31058.19798
2166         31081.48902
2167         31104.78979
2168         31128.10030
2169         31151.42054
2170         31174.75052
2171         31198.09023
2172         31221.43969
2173         31244.79888
2174         31268.16782
2175         31291.54651
2176         31314.93494
2177         31338.33311
2178         31361.74104
2179         31385.15872
2180         31408.58615
2181         31432.02333
2182         31455.47027
2183         31478.92697
2184         31502.39343
2185         31525.86965
2186         31549.35563
2187         31572.85137
2188         31596.35688
2189         31619.87216
2190         31643.39720
2191         31666.93202
2192         31690.47661
2193         31714.03097
2194         31737.59510
2195         31761.16902
2196         31784.75271
2197         31808.34618
2198         31831.94943
2199         31855.56247
2200         31879.18529
2201         31902.81790
2202         31926.46029
2203         31950.11248
2204         31973.77446
2205         31997.44622
2206         32021.12779
2207         32044.81915
2208         32068.52031
2209         32092.23126
2210         32115.95202
2211         32139.68258
2212         32163.42295
2213         32187.17312
2214         32210.93310
2215         32234.70288
2216         32258.48248
2217         32282.27189
2218         32306.07111
2219         32329.88015
2220         32353.69901
2221         32377.52769
2222         32401.36618
2223         32425.21450
2224         32449.07264
2225         32472.94060
2226         32496.81840
2227         32520.70602
2228         32544.60347
2229         32568.51075
2230         32592.42787
2231         32616.35482
2232         32640.29160
2233         32664.23823
2234         32688.19469
2235         32712.16100
2236         32736.13715
2237         32760.12314
2238         32784.11898
2239         32808.12467
2240         32832.14020
2241         32856.16559
2242         32880.20083
2243         32904.24592
2244         32928.30087
2245         32952.36568
2246         32976.44034
2247         33000.52487
2248         33024.61926
2249         33048.72351
2250         33072.83763
2251         33096.96161
2252         33121.09546
2253         33145.23918
2254         33169.39278
2255         33193.55625
2256         33217.72959
2257         33241.91281
2258         33266.10591
2259         33290.30889
2260         33314.52175
2261         33338.74449
2262         33362.97712
2263         33387.21963
2264         33411.47203
2265         33435.73432
2266         33460.00651
2267         33484.28858
2268         33508.58055
2269         33532.88242
2270         33557.19418
2271         33581.51584
2272         33605.84741
2273         33630.18887
2274         33654.54024
2275         33678.90151
2276         33703.27270
2277         33727.65379
2278         33752.04479
2279         33776.44570
2280         33800.85653
2281         33825.27727
2282         33849.70793
2283         33874.14851
2284         33898.59900
2285         33923.05942
2286         33947.52976
2287         33972.01003
2288         33996.50023
2289         34021.00035
2290         34045.51040
2291         34070.03038
2292         34094.56030
2293         34119.10015
2294         34143.64994
2295         34168.20966
2296         34192.77932
2297         34217.35893
2298         34241.94847
2299         34266.54796
2300         34291.15740
2301         34315.77679
2302         34340.40612
2303         34365.04540
2304         34389.69464
2305         34414.35383
2306         34439.02297
2307         34463.70207
2308         34488.39113
2309         34513.09015
2310         34537.79914
2311         34562.51808
2312         34587.24699
2313         34611.98587
2314         34636.73472
2315         34661.49353
2316         34686.26232
2317         34711.04108
2318         34735.82981
2319         34760.62852
2320         34785.43721
2321         34810.25588
2322         34835.08453
2323         34859.92316
2324         34884.77178
2325         34909.63038
2326         34934.49896
2327         34959.37754
2328         34984.26611
2329         35009.16467
2330         35034.07323
2331         35058.99178
2332         35083.92032
2333         35108.85887
2334         35133.80741
2335         35158.76596
2336         35183.73451
2337         35208.71307
2338         35233.70163
2339         35258.70020
2340         35283.70878
2341         35308.72737
2342         35333.75598
2343         35358.79460
2344         35383.84323
2345         35408.90188
2346         35433.97056
2347         35459.04925
2348         35484.13797
2349         35509.23671
2350         35534.34547
2351         35559.46427
2352         35584.59309
2353         35609.73194
2354         35634.88083
2355         35660.03975
2356         35685.20870
2357         35710.38769
2358         35735.57672
2359         35760.77579
2360         35785.98490
2361         35811.20406
2362         35836.43326
2363         35861.67250
2364         35886.92180
2365         35912.18114
2366         35937.45054
2367         35962.72998
2368         35988.01949
2369         36013.31904
2370         36038.62866
2371         36063.94834
2372         36089.27807
2373         36114.61787
2374         36139.96773
2375         36165.32766
2376         36190.69766
2377         36216.07772
2378         36241.46786
2379         36266.86806
2380         36292.27834
2381         36317.69870
2382         36343.12913
2383         36368.56964
2384         36394.02023
2385         36419.48090
2386         36444.95165
2387         36470.43249
2388         36495.92342
2389         36521.42443
2390         36546.93553
2391         36572.45673
2392         36597.98802
2393         36623.52940
2394         36649.08087
2395         36674.64245
2396         36700.21412
2397         36725.79589
2398         36751.38777
2399         36776.98974
2400         36802.60183
2401         36828.22402
2402         36853.85632
2403         36879.49873
2404         36905.15125
2405         36930.81389
2406         36956.48663
2407         36982.16950
2408         37007.86248
2409         37033.56559
2410         37059.27881
2411         37085.00216
2412         37110.73563
2413         37136.47923
2414         37162.23295
2415         37187.99680
2416         37213.77079
2417         37239.55490
2418         37265.34915
2419         37291.15354
2420         37316.96806
2421         37342.79272
2422         37368.62752
2423         37394.47246
2424         37420.32755
2425         37446.19278
2426         37472.06816
2427         37497.95368
2428         37523.84936
2429         37549.75518
2430         37575.67116
2431         37601.59729
2432         37627.53358
2433         37653.48002
2434         37679.43663
2435         37705.40340
2436         37731.38032
2437         37757.36741
2438         37783.36467
2439         37809.37209
2440         37835.38969
2441         37861.41745
2442         37887.45538
2443         37913.50349
2444         37939.56177
2445         37965.63023
2446         37991.70886
2447         38017.79768
2448         38043.89667
2449         38070.00585
2450         38096.12521
2451         38122.25476
2452         38148.39450
2453         38174.54442
2454         38200.70454
2455         38226.87484
2456         38253.05535
2457         38279.24604
2458         38305.44693
2459         38331.65802
2460         38357.87931
2461         38384.11081
2462         38410.35250
2463         38436.60440
2464         38462.86651
2465         38489.13882
2466         38515.42134
2467         38541.71408
2468         38568.01702
2469         38594.33018
2470         38620.65356
2471         38646.98715
2472         38673.33096
2473         38699.68499
2474         38726.04925
2475         38752.42372
2476         38778.80842
2477         38805.20335
2478         38831.60851
2479         38858.02389
2480         38884.44951
2481         38910.88536
2482         38937.33144
2483         38963.78776
2484         38990.25432
2485         39016.73111
2486         39043.21815
2487         39069.71543
2488         39096.22295
2489         39122.74071
2490         39149.26873
2491         39175.80699
2492         39202.35550
2493         39228.91426
2494         39255.48328
2495         39282.06255
2496         39308.65208
2497         39335.25186
2498         39361.86190
2499         39388.48221
2500         39415.11278
2501         39441.75360
2502         39468.40470
2503         39495.06606
2504         39521.73769
2505         39548.41959
2506         39575.11177
2507         39601.81421
2508         39628.52693
2509         39655.24993
2510         39681.98321
2511         39708.72676
2512         39735.48059
2513         39762.24471
2514         39789.01911
2515         39815.80380
2516         39842.59877
2517         39869.40404
2518         39896.21959
2519         39923.04543
2520         39949.88157
2521         39976.72800
2522         40003.58473
2523         40030.45176
2524         40057.32909
2525         40084.21671
2526         40111.11464
2527         40138.02288
2528         40164.94142
2529         40191.87026
2530         40218.80942
2531         40245.75889
2532         40272.71866
2533         40299.68875
2534         40326.66916
2535         40353.65988
2536         40380.66092
2537         40407.67228
2538         40434.69396
2539         40461.72597
2540         40488.76829
2541         40515.82095
2542         40542.88393
2543         40569.95724
2544         40597.04088
2545         40624.13485
2546         40651.23915
2547         40678.35379
2548         40705.47877
2549         40732.61408
2550         40759.75973
2551         40786.91573
2552         40814.08207
2553         40841.25875
2554         40868.44578
2555         40895.64315
2556         40922.85087
2557         40950.06894
2558         40977.29737
2559         41004.53615
2560         41031.78528
2561         41059.04477
2562         41086.31462
2563         41113.59482
2564         41140.88539
2565         41168.18632
2566         41195.49762
2567         41222.81927
2568         41250.15130
2569         41277.49370
2570         41304.84646
2571         41332.20960
2572         41359.58311
2573         41386.96699
2574         41414.36125
2575         41441.76589
2576         41469.18091
2577         41496.60631
2578         41524.04209
2579         41551.48825
2580         41578.94480
2581         41606.41174
2582         41633.88907
2583         41661.37678
2584         41688.87489
2585         41716.38339
2586         41743.90228
2587         41771.43158
2588         41798.97126
2589         41826.52135
2590         41854.08184
2591         41881.65273
2592         41909.23402
2593         41936.82572
2594         41964.42782
2595         41992.04034
2596         42019.66326
2597         42047.29659
2598         42074.94034
2599         42102.59450
2600         42130.25908
2601         42157.93407
2602         42185.61948
2603         42213.31531
2604         42241.02157
2605         42268.73825
2606         42296.46535
2607         42324.20288
2608         42351.95083
2609         42379.70922
2610         42407.47804
2611         42435.25729
2612         42463.04697
2613         42490.84709
2614         42518.65764
2615         42546.47864
2616         42574.31007
2617         42602.15194
2618         42630.00426
2619         42657.86702
2620         42685.74023
2621         42713.62389
2622         42741.51799
2623         42769.42255
2624         42797.33755
2625         42825.26301
2626         42853.19893
2627         42881.14530
2628         42909.10213
2629         42937.06941
2630         42965.04716
2631         42993.03538
2632         43021.03405
2633         43049.04319
2634         43077.06280
2635         43105.09288
2636         43133.13342
2637         43161.18444
2638         43189.24593
2639         43217.31790
2640         43245.40034
2641         43273.49326
2642         43301.59665
2643         43329.71053
2644         43357.83489
2645         43385.96973
2646         43414.11506
2647         43442.27087
2648         43470.43718
2649         43498.61397
2650         43526.80125
2651         43554.99902
2652         43583.20729
2653         43611.42605
2654         43639.65531
2655         43667.89507
2656         43696.14533
2657         43724.40609
2658         43752.67735
2659         43780.95912
2660         43809.25139
2661         43837.55417
2662         43865.86746
2663         43894.19125
2664         43922.52556
2665         43950.87039
2666         43979.22572
2667         44007.59157
2668         44035.96795
2669         44064.35484
2670         44092.75225
2671         44121.16018
2672         44149.57863
2673         44178.00761
2674         44206.44712
2675         44234.89716
2676         44263.35772
2677         44291.82882
2678         44320.31044
2679         44348.80260
2680         44377.30530
2681         44405.81853
2682         44434.34231
2683         44462.87662
2684         44491.42147
2685         44519.97686
2686         44548.54280
2687         44577.11929
2688         44605.70632
2689         44634.30390
2690         44662.91203
2691         44691.53071
2692         44720.15995
2693         44748.79974
2694         44777.45008
2695         44806.11099
2696         44834.78245
2697         44863.46447
2698         44892.15705
2699         44920.86020
2700         44949.57391
2701         44978.29819
2702         45007.03303
2703         45035.77845
2704         45064.53443
2705         45093.30099
2706         45122.07812
2707         45150.86583
2708         45179.66411
2709         45208.47297
2710         45237.29240
2711         45266.12242
2712         45294.96303
2713         45323.81421
2714         45352.67598
2715         45381.54834
2716         45410.43128
2717         45439.32482
2718         45468.22894
2719         45497.14366
2720         45526.06897
2721         45555.00488
2722         45583.95139
2723         45612.90849
2724         45641.87619
2725         45670.85449
2726         45699.84340
2727         45728.84291
2728         45757.85302
2729         45786.87375
2730         45815.90508
2731         45844.94702
2732         45873.99957
2733         45903.06273
2734         45932.13651
2735         45961.22091
2736         45990.31592
2737         46019.42155
2738         46048.53780
2739         46077.66467
2740         46106.80216
2741         46135.95028
2742         46165.10903
2743         46194.27840
2744         46223.45840
2745         46252.64903
2746         46281.85029
2747         46311.06218
2748         46340.28471
2749         46369.51788
2750         46398.76168
2751         46428.01612
2752         46457.28120
2753         46486.55692
2754         46515.84329
2755         46545.14030
2756         46574.44796
2757         46603.76626
2758         46633.09521
2759         46662.43481
2760         46691.78507
2761         46721.14597
2762         46750.51753
2763         46779.89975
2764         46809.29263
2765         46838.69616
2766         46868.11035
2767         46897.53521
2768         46926.97072
2769         46956.41691
2770         46985.87376
2771         47015.34127
2772         47044.81946
2773         47074.30831
2774         47103.80784
2775         47133.31804
2776         47162.83891
2777         47192.37046
2778         47221.91269
2779         47251.46559
2780         47281.02918
2781         47310.60345
2782         47340.18840
2783         47369.78403
2784         47399.39035
2785         47429.00736
2786         47458.63506
2787         47488.27344
2788         47517.92252
2789         47547.58229
2790         47577.25276
2791         47606.93392
2792         47636.62578
2793         47666.32833
2794         47696.04159
2795         47725.76555
2796         47755.50021
2797         47785.24558
2798         47815.00165
2799         47844.76843
2800         47874.54591
2801         47904.33411
2802         47934.13302
2803         47963.94264
2804         47993.76297
2805         48023.59402
2806         48053.43579
2807         48083.28827
2808         48113.15148
2809         48143.02540
2810         48172.91005
2811         48202.80542
2812         48232.71152
2813         48262.62835
2814         48292.55590
2815         48322.49418
2816         48352.44319
2817         48382.40294
2818         48412.37342
2819         48442.35463
2820         48472.34658
2821         48502.34927
2822         48532.36270
2823         48562.38687
2824         48592.42178
2825         48622.46743
2826         48652.52383
2827         48682.59098
2828         48712.66887
2829         48742.75751
2830         48772.85691
2831         48802.96705
2832         48833.08795
2833         48863.21960
2834         48893.36201
2835         48923.51518
2836         48953.67910
2837         48983.85379
2838         49014.03923
2839         49044.23544
2840         49074.44242
2841         49104.66016
2842         49134.88866
2843         49165.12794
2844         49195.37798
2845         49225.63880
2846         49255.91039
2847         49286.19275
2848         49316.48589
2849         49346.78981
2850         49377.10450
2851         49407.42998
2852         49437.76623
2853         49468.11327
2854         49498.47109
2855         49528.83969
2856         49559.21908
2857         49589.60926
2858         49620.01023
2859         49650.42199
2860         49680.84454
2861         49711.27789
2862         49741.72203
2863         49772.17696
2864         49802.64270
2865         49833.11923
2866         49863.60656
2867         49894.10469
2868         49924.61363
2869         49955.13337
2870         49985.66392
2871         50016.20527
2872         50046.75743
2873         50077.32040
2874         50107.89419
2875         50138.47878
2876         50169.07419
2877         50199.68042
2878         50230.29746
2879         50260.92532
2880         50291.56399
2881         50322.21349
2882         50352.87381
2883         50383.54496
2884         50414.22693
2885         50444.91972
2886         50475.62334
2887         50506.33779
2888         50537.06308
2889         50567.79919
2890         50598.54613
2891         50629.30391
2892         50660.07253
2893         50690.85198
2894         50721.64227
2895         50752.44341
2896         50783.25538
2897         50814.07819
2898         50844.91185
2899         50875.75635
2900         50906.61170
2901         50937.47790
2902         50968.35494
2903         50999.24284
2904         51030.14159
2905         51061.05119
2906         51091.97165
2907         51122.90296
2908         51153.84513
2909         51184.79815
2910         51215.76204
2911         51246.73679
2912         51277.72240
2913         51308.71888
2914         51339.72622
2915         51370.74442
2916         51401.77350
2917         51432.81344
2918         51463.86426
2919         51494.92594
2920         51525.99850
2921         51557.08194
2922         51588.17625
2923         51619.28143
2924         51650.39750
2925         51681.52445
2926         51712.66227
2927         51743.81098
2928         51774.97058
2929         51806.14106
2930         51837.32242
2931         51868.51467
2932         51899.71782
2933         51930.93185
2934         51962.15678
2935         51993.39259
2936         52024.63931
2937         52055.89692
2938         52087.16542
2939         52118.44483
2940         52149.73513
2941         52181.03634
2942         52212.34844
2943         52243.67146
2944         52275.00537
2945         52306.35020
2946         52337.70593
2947         52369.07257
2948         52400.45012
2949         52431.83858
2950         52463.23796
2951         52494.64824
2952         52526.06945
2953         52557.50157
2954         52588.94461
2955         52620.39857
2956         52651.86346
2957         52683.33926
2958         52714.82599
2959         52746.32364
2960         52777.83222
2961         52809.35172
2962         52840.88216
2963         52872.42352
2964         52903.97582
2965         52935.53904
2966         52967.11321
2967         52998.69831
2968         53030.29434
2969         53061.90131
2970         53093.51922
2971         53125.14808
2972         53156.78787
2973         53188.43861
2974         53220.10029
2975         53251.77292
2976         53283.45649
2977         53315.15102
2978         53346.85649
2979         53378.57291
2980         53410.30029
2981         53442.03862
2982         53473.78790
2983         53505.54814
2984         53537.31934
2985         53569.10150
2986         53600.89461
2987         53632.69869
2988         53664.51373
2989         53696.33974
2990         53728.17670
2991         53760.02464
2992         53791.88354
2993         53823.75342
2994         53855.63426
2995         53887.52608
2996         53919.42886
2997         53951.34262
2998         53983.26736
2999         54015.20307
3000         54047.14977
3001         54079.10744
3002         54111.07609
3003         54143.05572
3004         54175.04634
3005         54207.04794
3006         54239.06053
3007         54271.08411
3008         54303.11867
3009         54335.16422
3010         54367.22076
3011         54399.28830
3012         54431.36683
3013         54463.45635
3014         54495.55687
3015         54527.66839
3016         54559.79090
3017         54591.92442
3018         54624.06893
3019         54656.22445
3020         54688.39097
3021         54720.56850
3022         54752.75703
3023         54784.95657
3024         54817.16712
3025         54849.38868
3026         54881.62125
3027         54913.86483
3028         54946.11943
3029         54978.38504
3030         55010.66167
3031         55042.94931
3032         55075.24797
3033         55107.55766
3034         55139.87836
3035         55172.21009
3036         55204.55284
3037         55236.90662
3038         55269.27142
3039         55301.64725
3040         55334.03411
3041         55366.43200
3042         55398.84092
3043         55431.26087
3044         55463.69186
3045         55496.13388
3046         55528.58694
3047         55561.05104
3048         55593.52617
3049         55626.01235
3050         55658.50957
3051         55691.01783
3052         55723.53713
3053         55756.06748
3054         55788.60887
3055         55821.16131
3056         55853.72481
3057         55886.29935
3058         55918.88494
3059         55951.48159
3060         55984.08929
3061         56016.70804
3062         56049.33785
3063         56081.97872
3064         56114.63065
3065         56147.29363
3066         56179.96768
3067         56212.65279
3068         56245.34897
3069         56278.05621
3070         56310.77451
3071         56343.50389
3072         56376.24433
3073         56408.99584
3074         56441.75842
3075         56474.53208
3076         56507.31681
3077         56540.11261
3078         56572.91950
3079         56605.73745
3080         56638.56649
3081         56671.40660
3082         56704.25780
3083         56737.12008
3084         56769.99344
3085         56802.87789
3086         56835.77343
3087         56868.68005
3088         56901.59776
3089         56934.52655
3090         56967.46644
3091         57000.41742
3092         57033.37950
3093         57066.35267
3094         57099.33693
3095         57132.33230
3096         57165.33876
3097         57198.35632
3098         57231.38498
3099         57264.42474
3100         57297.47560
3101         57330.53757
3102         57363.61065
3103         57396.69483
3104         57429.79012
3105         57462.89652
3106         57496.01402
3107         57529.14264
3108         57562.28238
3109         57595.43322
3110         57628.59518
3111         57661.76826
3112         57694.95246
3113         57728.14777
3114         57761.35421
3115         57794.57176
3116         57827.80044
3117         57861.04024
3118         57894.29117
3119         57927.55322
3120         57960.82640
3121         57994.11071
3122         58027.40615
3123         58060.71271
3124         58094.03041
3125         58127.35925
3126         58160.69922
3127         58194.05032
3128         58227.41256
3129         58260.78594
3130         58294.17045
3131         58327.56611
3132         58360.97291
3133         58394.39085
3134         58427.81994
3135         58461.26017
3136         58494.71155
3137         58528.17407
3138         58561.64774
3139         58595.13257
3140         58628.62854
3141         58662.13567
3142         58695.65395
3143         58729.18338
3144         58762.72397
3145         58796.27572
3146         58829.83863
3147         58863.41269
3148         58896.99792
3149         58930.59430
3150         58964.20185
3151         58997.82057
3152         59031.45045
3153         59065.09150
3154         59098.74371
3155         59132.40709
3156         59166.08164
3157         59199.76737
3158         59233.46426
3159         59267.17233
3160         59300.89158
3161         59334.62200
3162         59368.36359
3163         59402.11637
3164         59435.88032
3165         59469.65546
3166         59503.44177
3167         59537.23927
3168         59571.04796
3169         59604.86783
3170         59638.69888
3171         59672.54112
3172         59706.39455
3173         59740.25917
3174         59774.13499
3175         59808.02199
3176         59841.92019
3177         59875.82958
3178         59909.75017
3179         59943.68195
3180         59977.62494
3181         60011.57912
3182         60045.54450
3183         60079.52108
3184         60113.50887
3185         60147.50786
3186         60181.51806
3187         60215.53946
3188         60249.57207
3189         60283.61588
3190         60317.67091
3191         60351.73714
3192         60385.81459
3193         60419.90325
3194         60454.00313
3195         60488.11422
3196         60522.23653
3197         60556.37005
3198         60590.51480
3199         60624.67076
3200         60658.83795
3201         60693.01635
3202         60727.20599
3203         60761.40684
3204         60795.61892
3205         60829.84223
3206         60864.07676
3207         60898.32253
3208         60932.57952
3209         60966.84775
3210         61001.12720
3211         61035.41790
3212         61069.71982
3213         61104.03298
3214         61138.35738
3215         61172.69302
3216         61207.03990
3217         61241.39801
3218         61275.76737
3219         61310.14797
3220         61344.53982
3221         61378.94291
3222         61413.35724
3223         61447.78283
3224         61482.21966
3225         61516.66774
3226         61551.12707
3227         61585.59765
3228         61620.07949
3229         61654.57257
3230         61689.07692
3231         61723.59252
3232         61758.11938
3233         61792.65749
3234         61827.20687
3235         61861.76751
3236         61896.33940
3237         61930.92257
3238         61965.51699
3239         62000.12268
3240         62034.73964
3241         62069.36786
3242         62104.00735
3243         62138.65812
3244         62173.32015
3245         62207.99345
3246         62242.67803
3247         62277.37388
3248         62312.08101
3249         62346.79941
3250         62381.52909
3251         62416.27005
3252         62451.02229
3253         62485.78581
3254         62520.56061
3255         62555.34669
3256         62590.14406
3257         62624.95271
3258         62659.77265
3259         62694.60388
3260         62729.44639
3261         62764.30019
3262         62799.16529
3263         62834.04168
3264         62868.92935
3265         62903.82833
3266         62938.73860
3267         62973.66016
3268         63008.59302
3269         63043.53718
3270         63078.49264
3271         63113.45940
3272         63148.43746
3273         63183.42682
3274         63218.42749
3275         63253.43946
3276         63288.46274
3277         63323.49733
3278         63358.54322
3279         63393.60042
3280         63428.66894
3281         63463.74876
3282         63498.83990
3283         63533.94235
3284         63569.05611
3285         63604.18119
3286         63639.31759
3287         63674.46530
3288         63709.62434
3289         63744.79469
3290         63779.97637
3291         63815.16937
3292         63850.37369
3293         63885.58933
3294         63920.81630
3295         63956.05460
3296         63991.30423
3297         64026.56518
3298         64061.83746
3299         64097.12108
3300         64132.41602
3301         64167.72230
3302         64203.03992
3303         64238.36886
3304         64273.70915
3305         64309.06077
3306         64344.42373
3307         64379.79803
3308         64415.18367
3309         64450.58065
3310         64485.98897
3311         64521.40864
3312         64556.83965
3313         64592.28201
3314         64627.73571
3315         64663.20077
3316         64698.67717
3317         64734.16492
3318         64769.66402
3319         64805.17448
3320         64840.69628
3321         64876.22945
3322         64911.77396
3323         64947.32984
3324         64982.89707
3325         65018.47566
3326         65054.06561
3327         65089.66692
3328         65125.27959
3329         65160.90362
3330         65196.53902
3331         65232.18578
3332         65267.84391
3333         65303.51341
3334         65339.19427
3335         65374.88650
3336         65410.59010
3337         65446.30508
3338         65482.03142
3339         65517.76914
3340         65553.51823
3341         65589.27870
3342         65625.05055
3343         65660.83377
3344         65696.62837
3345         65732.43435
3346         65768.25171
3347         65804.08045
3348         65839.92057
3349         65875.77208
3350         65911.63497
3351         65947.50925
3352         65983.39491
3353         66019.29196
3354         66055.20040
3355         66091.12023
3356         66127.05146
3357         66162.99407
3358         66198.94807
3359         66234.91347
3360         66270.89027
3361         66306.87846
3362         66342.87805
3363         66378.88903
3364         66414.91142
3365         66450.94520
3366         66486.99039
3367         66523.04698
3368         66559.11497
3369         66595.19436
3370         66631.28516
3371         66667.38737
3372         66703.50098
3373         66739.62600
3374         66775.76244
3375         66811.91028
3376         66848.06953
3377         66884.24020
3378         66920.42227
3379         66956.61577
3380         66992.82067
3381         67029.03700
3382         67065.26474
3383         67101.50390
3384         67137.75448
3385         67174.01648
3386         67210.28990
3387         67246.57475
3388         67282.87101
3389         67319.17870
3390         67355.49782
3391         67391.82836
3392         67428.17034
3393         67464.52374
3394         67500.88856
3395         67537.26482
3396         67573.65251
3397         67610.05164
3398         67646.46220
3399         67682.88419
3400         67719.31761
3401         67755.76248
3402         67792.21878
3403         67828.68652
3404         67865.16570
3405         67901.65631
3406         67938.15837
3407         67974.67188
3408         68011.19683
3409         68047.73322
3410         68084.28105
3411         68120.84034
3412         68157.41106
3413         68193.99324
3414         68230.58687
3415         68267.19195
3416         68303.80848
3417         68340.43646
3418         68377.07590
3419         68413.72679
3420         68450.38913
3421         68487.06293
3422         68523.74819
3423         68560.44491
3424         68597.15309
3425         68633.87272
3426         68670.60382
3427         68707.34638
3428         68744.10040
3429         68780.86589
3430         68817.64284
3431         68854.43126
3432         68891.23115
3433         68928.04250
3434         68964.86532
3435         69001.69962
3436         69038.54538
3437         69075.40262
3438         69112.27132
3439         69149.15151
3440         69186.04316
3441         69222.94630
3442         69259.86091
3443         69296.78700
3444         69333.72456
3445         69370.67361
3446         69407.63414
3447         69444.60614
3448         69481.58963
3449         69518.58461
3450         69555.59107
3451         69592.60901
3452         69629.63844
3453         69666.67936
3454         69703.73177
3455         69740.79566
3456         69777.87105
3457         69814.95793
3458         69852.05630
3459         69889.16616
3460         69926.28752
3461         69963.42037
3462         70000.56472
3463         70037.72057
3464         70074.88791
3465         70112.06675
3466         70149.25709
3467         70186.45894
3468         70223.67228
3469         70260.89713
3470         70298.13348
3471         70335.38133
3472         70372.64069
3473         70409.91156
3474         70447.19394
3475         70484.48782
3476         70521.79321
3477         70559.11012
3478         70596.43853
3479         70633.77846
3480         70671.12990
3481         70708.49285
3482         70745.86732
3483         70783.25330
3484         70820.65080
3485         70858.05982
3486         70895.48036
3487         70932.91241
3488         70970.35599
3489         71007.81109
3490         71045.27771
3491         71082.75586
3492         71120.24553
3493         71157.74672
3494         71195.25944
3495         71232.78369
3496         71270.31947
3497         71307.86677
3498         71345.42561
3499         71382.99597
3500         71420.57787
3501         71458.17130
3502         71495.77626
3503         71533.39276
3504         71571.02079
3505         71608.66036
3506         71646.31147
3507         71683.97412
3508         71721.64830
3509         71759.33403
3510         71797.03129
3511         71834.74010
3512         71872.46045
3513         71910.19234
3514         71947.93578
3515         71985.69076
3516         72023.45730
3517         72061.23537
3518         72099.02500
3519         72136.82617
3520         72174.63890
3521         72212.46318
3522         72250.29900
3523         72288.14639
3524         72326.00532
3525         72363.87581
3526         72401.75786
3527         72439.65146
3528         72477.55662
3529         72515.47334
3530         72553.40161
3531         72591.34145
3532         72629.29285
3533         72667.25581
3534         72705.23033
3535         72743.21642
3536         72781.21406
3537         72819.22328
3538         72857.24406
3539         72895.27641
3540         72933.32033
3541         72971.37582
3542         73009.44288
3543         73047.52150
3544         73085.61171
3545         73123.71348
3546         73161.82682
3547         73199.95174
3548         73238.08824
3549         73276.23631
3550         73314.39596
3551         73352.56719
3552         73390.75000
3553         73428.94438
3554         73467.15035
3555         73505.36790
3556         73543.59703
3557         73581.83774
3558         73620.09004
3559         73658.35392
3560         73696.62939
3561         73734.91645
3562         73773.21509
3563         73811.52532
3564         73849.84715
3565         73888.18056
3566         73926.52556
3567         73964.88216
3568         74003.25035
3569         74041.63013
3570         74080.02151
3571         74118.42448
3572         74156.83905
3573         74195.26522
3574         74233.70298
3575         74272.15235
3576         74310.61331
3577         74349.08588
3578         74387.57005
3579         74426.06581
3580         74464.57319
3581         74503.09216
3582         74541.62275
3583         74580.16494
3584         74618.71873
3585         74657.28414
3586         74695.86115
3587         74734.44977
3588         74773.05000
3589         74811.66184
3590         74850.28530
3591         74888.92037
3592         74927.56705
3593         74966.22535
3594         75004.89526
3595         75043.57679
3596         75082.26994
3597         75120.97470
3598         75159.69108
3599         75198.41909
3600         75237.15871
3601         75275.90996
3602         75314.67282
3603         75353.44731
3604         75392.23343
3605         75431.03117
3606         75469.84053
3607         75508.66153
3608         75547.49415
3609         75586.33839
3610         75625.19427
3611         75664.06178
3612         75702.94092
3613         75741.83169
3614         75780.73409
3615         75819.64813
3616         75858.57380
3617         75897.51110
3618         75936.46004
3619         75975.42062
3620         76014.39283
3621         76053.37669
3622         76092.37218
3623         76131.37931
3624         76170.39809
3625         76209.42850
3626         76248.47056
3627         76287.52426
3628         76326.58961
3629         76365.66660
3630         76404.75524
3631         76443.85552
3632         76482.96745
3633         76522.09103
3634         76561.22626
3635         76600.37314
3636         76639.53167
3637         76678.70185
3638         76717.88369
3639         76757.07717
3640         76796.28232
3641         76835.49911
3642         76874.72756
3643         76913.96767
3644         76953.21944
3645         76992.48287
3646         77031.75795
3647         77071.04469
3648         77110.34310
3649         77149.65317
3650         77188.97490
3651         77228.30829
3652         77267.65334
3653         77307.01006
3654         77346.37845
3655         77385.75850
3656         77425.15023
3657         77464.55361
3658         77503.96867
3659         77543.39540
3660         77582.83379
3661         77622.28386
3662         77661.74561
3663         77701.21902
3664         77740.70411
3665         77780.20087
3666         77819.70931
3667         77859.22942
3668         77898.76121
3669         77938.30468
3670         77977.85983
3671         78017.42666
3672         78057.00516
3673         78096.59535
3674         78136.19722
3675         78175.81077
3676         78215.43601
3677         78255.07293
3678         78294.72153
3679         78334.38182
3680         78374.05380
3681         78413.73746
3682         78453.43281
3683         78493.13986
3684         78532.85859
3685         78572.58901
3686         78612.33112
3687         78652.08493
3688         78691.85042
3689         78731.62762
3690         78771.41650
3691         78811.21708
3692         78851.02936
3693         78890.85334
3694         78930.68901
3695         78970.53638
3696         79010.39545
3697         79050.26622
3698         79090.14869
3699         79130.04286
3700         79169.94873
3701         79209.86631
3702         79249.79559
3703         79289.73657
3704         79329.68926
3705         79369.65366
3706         79409.62977
3707         79449.61758
3708         79489.61710
3709         79529.62833
3710         79569.65127
3711         79609.68592
3712         79649.73228
3713         79689.79035
3714         79729.86014
3715         79769.94164
3716         79810.03486
3717         79850.13979
3718         79890.25644
3719         79930.38480
3720         79970.52489
3721         80010.67669
3722         80050.84021
3723         80091.01545
3724         80131.20241
3725         80171.40109
3726         80211.61150
3727         80251.83362
3728         80292.06748
3729         80332.31305
3730         80372.57036
3731         80412.83938
3732         80453.12014
3733         80493.41262
3734         80533.71683
3735         80574.03277
3736         80614.36044
3737         80654.69984
3738         80695.05098
3739         80735.41384
3740         80775.78844
3741         80816.17477
3742         80856.57283
3743         80896.98263
3744         80937.40417
3745         80977.83744
3746         81018.28245
3747         81058.73920
3748         81099.20769
3749         81139.68792
3750         81180.17989
3751         81220.68359
3752         81261.19904
3753         81301.72624
3754         81342.26517
3755         81382.81585
3756         81423.37828
3757         81463.95245
3758         81504.53837
3759         81545.13603
3760         81585.74545
3761         81626.36661
3762         81666.99952
3763         81707.64418
3764         81748.30059
3765         81788.96875
3766         81829.64866
3767         81870.34033
3768         81911.04375
3769         81951.75893
3770         81992.48586
3771         82033.22454
3772         82073.97499
3773         82114.73719
3774         82155.51115
3775         82196.29686
3776         82237.09434
3777         82277.90358
3778         82318.72457
3779         82359.55733
3780         82400.40186
3781         82441.25814
3782         82482.12619
3783         82523.00600
3784         82563.89758
3785         82604.80092
3786         82645.71604
3787         82686.64291
3788         82727.58156
3789         82768.53198
3790         82809.49416
3791         82850.46812
3792         82891.45384
3793         82932.45134
3794         82973.46061
3795         83014.48165
3796         83055.51447
3797         83096.55906
3798         83137.61543
3799         83178.68358
3800         83219.76350
3801         83260.85519
3802         83301.95867
3803         83343.07392
3804         83384.20095
3805         83425.33977
3806         83466.49036
3807         83507.65274
3808         83548.82690
3809         83590.01284
3810         83631.21057
3811         83672.42008
3812         83713.64137
3813         83754.87445
3814         83796.11932
3815         83837.37597
3816         83878.64442
3817         83919.92465
3818         83961.21667
3819         84002.52048
3820         84043.83608
3821         84085.16347
3822         84126.50266
3823         84167.85363
3824         84209.21640
3825         84250.59097
3826         84291.97733
3827         84333.37548
3828         84374.78543
3829         84416.20718
3830         84457.64073
3831         84499.08607
3832         84540.54322
3833         84582.01216
3834         84623.49290
3835         84664.98545
3836         84706.48979
3837         84748.00594
3838         84789.53389
3839         84831.07365
3840         84872.62521
3841         84914.18857
3842         84955.76374
3843         84997.35072
3844         85038.94950
3845         85080.56010
3846         85122.18250
3847         85163.81671
3848         85205.46273
3849         85247.12055
3850         85288.79019
3851         85330.47165
3852         85372.16491
3853         85413.86999
3854         85455.58688
3855         85497.31559
3856         85539.05611
3857         85580.80845
3858         85622.57261
3859         85664.34858
3860         85706.13637
3861         85747.93598
3862         85789.74740
3863         85831.57065
3864         85873.40572
3865         85915.25261
3866         85957.11132
3867         85998.98185
3868         86040.86421
3869         86082.75839
3870         86124.66439
3871         86166.58222
3872         86208.51188
3873         86250.45336
3874         86292.40667
3875         86334.37181
3876         86376.34877
3877         86418.33756
3878         86460.33819
3879         86502.35064
3880         86544.37493
3881         86586.41105
3882         86628.45899
3883         86670.51878
3884         86712.59039
3885         86754.67384
3886         86796.76913
3887         86838.87625
3888         86880.99521
3889         86923.12600
3890         86965.26863
3891         87007.42310
3892         87049.58941
3893         87091.76756
3894         87133.95755
3895         87176.15937
3896         87218.37304
3897         87260.59856
3898         87302.83591
3899         87345.08511
3900         87387.34615
3901         87429.61904
3902         87471.90377
3903         87514.20035
3904         87556.50877
3905         87598.82904
3906         87641.16116
3907         87683.50512
3908         87725.86094
3909         87768.22860
3910         87810.60812
3911         87852.99949
3912         87895.40271
3913         87937.81778
3914         87980.24470
3915         88022.68347
3916         88065.13410
3917         88107.59659
3918         88150.07093
3919         88192.55712
3920         88235.05518
3921         88277.56509
3922         88320.08685
3923         88362.62048
3924         88405.16596
3925         88447.72331
3926         88490.29251
3927         88532.87358
3928         88575.46650
3929         88618.07129
3930         88660.68794
3931         88703.31646
3932         88745.95684
3933         88788.60908
3934         88831.27319
3935         88873.94916
3936         88916.63700
3937         88959.33671
3938         89002.04829
3939         89044.77173
3940         89087.50704
3941         89130.25422
3942         89173.01327
3943         89215.78420
3944         89258.56699
3945         89301.36165
3946         89344.16819
3947         89386.98660
3948         89429.81689
3949         89472.65904
3950         89515.51308
3951         89558.37899
3952         89601.25677
3953         89644.14643
3954         89687.04797
3955         89729.96139
3956         89772.88669
3957         89815.82386
3958         89858.77291
3959         89901.73385
3960         89944.70666
3961         89987.69136
3962         90030.68794
3963         90073.69640
3964         90116.71674
3965         90159.74897
3966         90202.79308
3967         90245.84908
3968         90288.91696
3969         90331.99673
3970         90375.08839
3971         90418.19193
3972         90461.30736
3973         90504.43468
3974         90547.57389
3975         90590.72499
3976         90633.88798
3977         90677.06286
3978         90720.24963
3979         90763.44829
3980         90806.65885
3981         90849.88130
3982         90893.11564
3983         90936.36188
3984         90979.62001
3985         91022.89004
3986         91066.17196
3987         91109.46578
3988         91152.77150
3989         91196.08911
3990         91239.41863
3991         91282.76004
3992         91326.11335
3993         91369.47856
3994         91412.85567
3995         91456.24469
3996         91499.64560
3997         91543.05842
3998         91586.48314
3999         91629.91977
4000         91673.36829
4001         91716.82873
4002         91760.30107
4003         91803.78531
4004         91847.28146
4005         91890.78952
4006         91934.30948
4007         91977.84136
4008         92021.38514
4009         92064.94083
4010         92108.50843
4011         92152.08794
4012         92195.67936
4013         92239.28269
4014         92282.89794
4015         92326.52509
4016         92370.16416
4017         92413.81515
4018         92457.47805
4019         92501.15286
4020         92544.83959
4021         92588.53823
4022         92632.24879
4023         92675.97127
4024         92719.70566
4025         92763.45198
4026         92807.21021
4027         92850.98036
4028         92894.76243
4029         92938.55642
4030         92982.36233
4031         93026.18016
4032         93070.00991
4033         93113.85159
4034         93157.70519
4035         93201.57071
4036         93245.44816
4037         93289.33753
4038         93333.23883
4039         93377.15205
4040         93421.07720
4041         93465.01427
4042         93508.96328
4043         93552.92421
4044         93596.89706
4045         93640.88185
4046         93684.87857
4047         93728.88721
4048         93772.90779
4049         93816.94030
4050         93860.98474
4051         93905.04111
4052         93949.10942
4053         93993.18965
4054         94037.28182
4055         94081.38593
4056         94125.50197
4057         94169.62995
4058         94213.76986
4059         94257.92171
4060         94302.08549
4061         94346.26121
4062         94390.44887
4063         94434.64847
4064         94478.86001
4065         94523.08348
4066         94567.31890
4067         94611.56626
4068         94655.82555
4069         94700.09679
4070         94744.37998
4071         94788.67510
4072         94832.98217
4073         94877.30118
4074         94921.63213
4075         94965.97503
4076         95010.32988
4077         95054.69667
4078         95099.07540
4079         95143.46609
4080         95187.86872
4081         95232.28330
4082         95276.70982
4083         95321.14830
4084         95365.59872
4085         95410.06109
4086         95454.53542
4087         95499.02170
4088         95543.51992
4089         95588.03010
4090         95632.55223
4091         95677.08631
4092         95721.63235
4093         95766.19034
4094         95810.76028
4095         95855.34218
4096         95899.93604
4097         95944.54185
4098         95989.15962
4099         96033.78934
4100         96078.43102
4101         96123.08466
4102         96167.75026
4103         96212.42781
4104         96257.11733
4105         96301.81880
4106         96346.53224
4107         96391.25764
4108         96435.99499
4109         96480.74431
4110         96525.50559
4111         96570.27884
4112         96615.06404
4113         96659.86122
4114         96704.67035
4115         96749.49145
4116         96794.32452
4117         96839.16955
4118         96884.02654
4119         96928.89551
4120         96973.77644
4121         97018.66934
4122         97063.57420
4123         97108.49104
4124         97153.41984
4125         97198.36062
4126         97243.31336
4127         97288.27807
4128         97333.25476
4129         97378.24342
4130         97423.24404
4131         97468.25665
4132         97513.28122
4133         97558.31777
4134         97603.36629
4135         97648.42678
4136         97693.49925
4137         97738.58370
4138         97783.68012
4139         97828.78852
4140         97873.90889
4141         97919.04124
4142         97964.18557
4143         98009.34188
4144         98054.51016
4145         98099.69043
4146         98144.88267
4147         98190.08690
4148         98235.30310
4149         98280.53129
4150         98325.77145
4151         98371.02360
4152         98416.28773
4153         98461.56385
4154         98506.85194
4155         98552.15202
4156         98597.46409
4157         98642.78814
4158         98688.12417
4159         98733.47219
4160         98778.83220
4161         98824.20419
4162         98869.58817
4163         98914.98414
4164         98960.39209
4165         99005.81203
4166         99051.24396
4167         99096.68788
4168         99142.14379
4169         99187.61169
4170         99233.09158
4171         99278.58347
4172         99324.08734
4173         99369.60320
4174         99415.13106
4175         99460.67091
4176         99506.22275
4177         99551.78659
4178         99597.36242
4179         99642.95024
4180         99688.55007
4181         99734.16188
4182         99779.78569
4183         99825.42150
4184         99871.06930
4185         99916.72911
4186         99962.40091
4187        100008.08470
4188        100053.78050
4189        100099.48830
4190        100145.20809
4191        100190.93988
4192        100236.68368
4193        100282.43947
4194        100328.20727
4195        100373.98707
4196        100419.77887
4197        100465.58267
4198        100511.39847
4199        100557.22628
4200        100603.06610
4201        100648.91791
4202        100694.78173
4203        100740.65756
4204        100786.54539
4205        100832.44523
4206        100878.35707
4207        100924.28092
4208        100970.21678
4209        101016.16464
4210        101062.12452
4211        101108.09640
4212        101154.08029
4213        101200.07619
4214        101246.08410
4215        101292.10402
4216        101338.13595
4217        101384.17989
4218        101430.23584
4219        101476.30381
4220        101522.38378
4221        101568.47577
4222        101614.57977
4223        101660.69579
4224        101706.82382
4225        101752.96386
4226        101799.11592
4227        101845.27999
4228        101891.45608
4229        101937.64419
4230        101983.84431
4231        102030.05645
4232        102076.28060
4233        102122.51677
4234        102168.76497
4235        102215.02518
4236        102261.29740
4237        102307.58165
4238        102353.87792
4239        102400.18620
4240        102446.50651
4241        102492.83884
4242        102539.18319
4243        102585.53956
4244        102631.90795
4245        102678.28837
4246        102724.68081
4247        102771.08527
4248        102817.50175
4249        102863.93026
4250        102910.37080
4251        102956.82336
4252        103003.28794
4253        103049.76455
4254        103096.25318
4255        103142.75385
4256        103189.26653
4257        103235.79125
4258        103282.32799
4259        103328.87676
4260        103375.43756
4261        103422.01039
4262        103468.59525
4263        103515.19214
4264        103561.80106
4265        103608.42200
4266        103655.05498
4267        103701.69999
4268        103748.35703
4269        103795.02610
4270        103841.70721
4271        103888.40035
4272        103935.10552
4273        103981.82272
4274        104028.55196
4275        104075.29323
4276        104122.04654
4277        104168.81188
4278        104215.58925
4279        104262.37867
4280        104309.18011
4281        104355.99360
4282        104402.81912
4283        104449.65668
4284        104496.50628
4285        104543.36791
4286        104590.24158
4287        104637.12730
4288        104684.02505
4289        104730.93484
4290        104777.85667
4291        104824.79054
4292        104871.73645
4293        104918.69440
4294        104965.66439
4295        105012.64642
4296        105059.64050
4297        105106.64662
4298        105153.66478
4299        105200.69498
4300        105247.73723
4301        105294.79152
4302        105341.85786
4303        105388.93624
4304        105436.02667
4305        105483.12914
4306        105530.24365
4307        105577.37022
4308        105624.50883
4309        105671.65948
4310        105718.82219
4311        105765.99694
4312        105813.18373
4313        105860.38258
4314        105907.59348
4315        105954.81642
4316        106002.05141
4317        106049.29845
4318        106096.55755
4319        106143.82869
4320        106191.11188
4321        106238.40713
4322        106285.71442
4323        106333.03377
4324        106380.36517
4325        106427.70862
4326        106475.06413
4327        106522.43168
4328        106569.81130
4329        106617.20296
4330        106664.60668
4331        106712.02245
4332        106759.45028
4333        106806.89017
4334        106854.34210
4335        106901.80610
4336        106949.28215
4337        106996.77026
4338        107044.27042
4339        107091.78264
4340        107139.30692
4341        107186.84326
4342        107234.39166
4343        107281.95211
4344        107329.52462
4345        107377.10919
4346        107424.70583
4347        107472.31452
4348        107519.93527
4349        107567.56808
4350        107615.21296
4351        107662.86989
4352        107710.53889
4353        107758.21995
4354        107805.91307
4355        107853.61825
4356        107901.33549
4357        107949.06480
4358        107996.80617
4359        108044.55961
4360        108092.32511
4361        108140.10268
4362        108187.89231
4363        108235.69400
4364        108283.50776
4365        108331.33359
4366        108379.17148
4367        108427.02144
4368        108474.88347
4369        108522.75756
4370        108570.64372
4371        108618.54195
4372        108666.45224
4373        108714.37461
4374        108762.30904
4375        108810.25554
4376        108858.21411
4377        108906.18475
4378        108954.16746
4379        109002.16224
4380        109050.16910
4381        109098.18802
4382        109146.21901
4383        109194.26208
4384        109242.31722
4385        109290.38443
4386        109338.46371
4387        109386.55506
4388        109434.65849
4389        109482.77399
4390        109530.90156
4391        109579.04121
4392        109627.19294
4393        109675.35673
4394        109723.53261
4395        109771.72055
4396        109819.92058
4397        109868.13268
4398        109916.35685
4399        109964.59310
4400        110012.84143
4401        110061.10183
4402        110109.37432
4403        110157.65888
4404        110205.95552
4405        110254.26423
4406        110302.58503
4407        110350.91790
4408        110399.26285
4409        110447.61988
4410        110495.98900
4411        110544.37019
4412        110592.76346
4413        110641.16881
4414        110689.58624
4415        110738.01576
4416        110786.45735
4417        110834.91103
4418        110883.37679
4419        110931.85463
4420        110980.34456
4421        111028.84656
4422        111077.36065
4423        111125.88683
4424        111174.42508
4425        111222.97543
4426        111271.53785
4427        111320.11236
4428        111368.69896
4429        111417.29764
4430        111465.90840
4431        111514.53125
4432        111563.16619
4433        111611.81322
4434        111660.47232
4435        111709.14352
4436        111757.82681
4437        111806.52218
4438        111855.22964
4439        111903.94918
4440        111952.68082
4441        112001.42454
4442        112050.18036
4443        112098.94826
4444        112147.72825
4445        112196.52033
4446        112245.32450
4447        112294.14076
4448        112342.96911
4449        112391.80955
4450        112440.66208
4451        112489.52670
4452        112538.40342
4453        112587.29222
4454        112636.19312
4455        112685.10611
4456        112734.03120
4457        112782.96837
4458        112831.91764
4459        112880.87900
4460        112929.85246
4461        112978.83801
4462        113027.83565
4463        113076.84539
4464        113125.86722
4465        113174.90115
4466        113223.94717
4467        113273.00529
4468        113322.07550
4469        113371.15781
4470        113420.25222
4471        113469.35872
4472        113518.47732
4473        113567.60802
4474        113616.75081
4475        113665.90570
4476        113715.07269
4477        113764.25177
4478        113813.44296
4479        113862.64624
4480        113911.86162
4481        113961.08910
4482        114010.32868
4483        114059.58035
4484        114108.84413
4485        114158.12001
4486        114207.40799
4487        114256.70807
4488        114306.02025
4489        114355.34453
4490        114404.68091
4491        114454.02939
4492        114503.38997
4493        114552.76266
4494        114602.14745
4495        114651.54434
4496        114700.95333
4497        114750.37443
4498        114799.80763
4499        114849.25293
4500        114898.71033
4501        114948.17984
4502        114997.66146
4503        115047.15517
4504        115096.66100
4505        115146.17892
4506        115195.70895
4507        115245.25109
4508        115294.80533
4509        115344.37168
4510        115393.95014
4511        115443.54070
4512        115493.14336
4513        115542.75813
4514        115592.38501
4515        115642.02400
4516        115691.67509
4517        115741.33829
4518        115791.01360
4519        115840.70102
4520        115890.40054
4521        115940.11218
4522        115989.83592
4523        116039.57177
4524        116089.31973
4525        116139.07980
4526        116188.85198
4527        116238.63626
4528        116288.43266
4529        116338.24117
4530        116388.06179
4531        116437.89452
4532        116487.73936
4533        116537.59631
4534        116587.46537
4535        116637.34654
4536        116687.23983
4537        116737.14523
4538        116787.06273
4539        116836.99236
4540        116886.93409
4541        116936.88794
4542        116986.85389
4543        117036.83197
4544        117086.82215
4545        117136.82445
4546        117186.83887
4547        117236.86539
4548        117286.90403
4549        117336.95479
4550        117387.01766
4551        117437.09264
4552        117487.17975
4553        117537.27896
4554        117587.39029
4555        117637.51374
4556        117687.64930
4557        117737.79698
4558        117787.95677
4559        117838.12868
4560        117888.31271
4561        117938.50885
4562        117988.71711
4563        118038.93749
4564        118089.16999
4565        118139.41460
4566        118189.67133
4567        118239.94018
4568        118290.22115
4569        118340.51423
4570        118390.81943
4571        118441.13676
4572        118491.46620
4573        118541.80776
4574        118592.16144
4575        118642.52724
4576        118692.90516
4577        118743.29520
4578        118793.69736
4579        118844.11164
4580        118894.53804
4581        118944.97656
4582        118995.42720
4583        119045.88996
4584        119096.36485
4585        119146.85185
4586        119197.35098
4587        119247.86223
4588        119298.38560
4589        119348.92109
4590        119399.46870
4591        119450.02844
4592        119500.60030
4593        119551.18428
4594        119601.78039
4595        119652.38862
4596        119703.00897
4597        119753.64145
4598        119804.28605
4599        119854.94277
4600        119905.61162
4601        119956.29259
4602        120006.98569
4603        120057.69091
4604        120108.40826
4605        120159.13773
4606        120209.87932
4607        120260.63304
4608        120311.39889
4609        120362.17686
4610        120412.96696
4611        120463.76918
4612        120514.58353
4613        120565.41001
4614        120616.24861
4615        120667.09934
4616        120717.96220
4617        120768.83718
4618        120819.72429
4619        120870.62353
4620        120921.53490
4621        120972.45839
4622        121023.39401
4623        121074.34176
4624        121125.30163
4625        121176.27364
4626        121227.25777
4627        121278.25404
4628        121329.26243
4629        121380.28295
4630        121431.31559
4631        121482.36037
4632        121533.41728
4633        121584.48632
4634        121635.56748
4635        121686.66078
4636        121737.76621
4637        121788.88376
4638        121840.01345
4639        121891.15526
4640        121942.30921
4641        121993.47529
4642        122044.65350
4643        122095.84384
4644        122147.04631
4645        122198.26091
4646        122249.48765
4647        122300.72651
4648        122351.97751
4649        122403.24064
4650        122454.51590
4651        122505.80330
4652        122557.10282
4653        122608.41448
4654        122659.73827
4655        122711.07420
4656        122762.42225
4657        122813.78244
4658        122865.15477
4659        122916.53922
4660        122967.93581
4661        123019.34454
4662        123070.76539
4663        123122.19839
4664        123173.64351
4665        123225.10077
4666        123276.57016
4667        123328.05169
4668        123379.54535
4669        123431.05115
4670        123482.56908
4671        123534.09915
4672        123585.64135
4673        123637.19569
4674        123688.76216
4675        123740.34077
4676        123791.93152
4677        123843.53440
4678        123895.14941
4679        123946.77656
4680        123998.41585
4681        124050.06727
4682        124101.73083
4683        124153.40653
4684        124205.09436
4685        124256.79433
4686        124308.50644
4687        124360.23069
4688        124411.96707
4689        124463.71558
4690        124515.47624
4691        124567.24903
4692        124619.03396
4693        124670.83103
4694        124722.64024
4695        124774.46158
4696        124826.29506
4697        124878.14068
4698        124929.99844
4699        124981.86834
4700        125033.75038
4701        125085.64455
4702        125137.55086
4703        125189.46931
4704        125241.39990
4705        125293.34263
4706        125345.29750
4707        125397.26451
4708        125449.24366
4709        125501.23495
4710        125553.23837
4711        125605.25394
4712        125657.28165
4713        125709.32149
4714        125761.37348
4715        125813.43760
4716        125865.51387
4717        125917.60228
4718        125969.70283
4719        126021.81551
4720        126073.94034
4721        126126.07731
4722        126178.22643
4723        126230.38768
4724        126282.56107
4725        126334.74660
4726        126386.94428
4727        126439.15410
4728        126491.37605
4729        126543.61015
4730        126595.85639
4731        126648.11478
4732        126700.38530
4733        126752.66797
4734        126804.96278
4735        126857.26973
4736        126909.58882
4737        126961.92006
4738        127014.26344
4739        127066.61896
4740        127118.98662
4741        127171.36643
4742        127223.75837
4743        127276.16247
4744        127328.57870
4745        127381.00708
4746        127433.44760
4747        127485.90026
4748        127538.36507
4749        127590.84202
4750        127643.33111
4751        127695.83235
4752        127748.34573
4753        127800.87126
4754        127853.40893
4755        127905.95874
4756        127958.52070
4757        128011.09480
4758        128063.68104
4759        128116.27943
4760        128168.88997
4761        128221.51264
4762        128274.14747
4763        128326.79443
4764        128379.45354
4765        128432.12480
4766        128484.80820
4767        128537.50375
4768        128590.21144
4769        128642.93127
4770        128695.66326
4771        128748.40738
4772        128801.16365
4773        128853.93207
4774        128906.71263
4775        128959.50534
4776        129012.31019
4777        129065.12719
4778        129117.95633
4779        129170.79762
4780        129223.65105
4781        129276.51664
4782        129329.39436
4783        129382.28424
4784        129435.18625
4785        129488.10042
4786        129541.02673
4787        129593.96519
4788        129646.91579
4789        129699.87854
4790        129752.85344
4791        129805.84048
4792        129858.83967
4793        129911.85100
4794        129964.87449
4795        130017.91012
4796        130070.95789
4797        130124.01781
4798        130177.08988
4799        130230.17410
4800        130283.27046
4801        130336.37897
4802        130389.49963
4803        130442.63243
4804        130495.77739
4805        130548.93448
4806        130602.10373
4807        130655.28512
4808        130708.47867
4809        130761.68435
4810        130814.90219
4811        130868.13217
4812        130921.37430
4813        130974.62858
4814        131027.89501
4815        131081.17358
4816        131134.46430
4817        131187.76717
4818        131241.08219
4819        131294.40936
4820        131347.74867
4821        131401.10013
4822        131454.46374
4823        131507.83950
4824        131561.22740
4825        131614.62746
4826        131668.03966
4827        131721.46401
4828        131774.90051
4829        131828.34915
4830        131881.80995
4831        131935.28289
4832        131988.76798
4833        132042.26522
4834        132095.77461
4835        132149.29615
4836        132202.82984
4837        132256.37567
4838        132309.93365
4839        132363.50378
4840        132417.08606
4841        132470.68049
4842        132524.28707
4843        132577.90580
4844        132631.53667
4845        132685.17970
4846        132738.83487
4847        132792.50219
4848        132846.18167
4849        132899.87329
4850        132953.57705
4851        133007.29297
4852        133061.02104
4853        133114.76125
4854        133168.51362
4855        133222.27813
4856        133276.05480
4857        133329.84361
4858        133383.64457
4859        133437.45768
4860        133491.28294
4861        133545.12035
4862        133598.96991
4863        133652.83162
4864        133706.70548
4865        133760.59148
4866        133814.48964
4867        133868.39994
4868        133922.32240
4869        133976.25700
4870        134030.20376
4871        134084.16266
4872        134138.13371
4873        134192.11691
4874        134246.11226
4875        134300.11976
4876        134354.13941
4877        134408.17121
4878        134462.21516
4879        134516.27126
4880        134570.33951
4881        134624.41990
4882        134678.51245
4883        134732.61715
4884        134786.73399
4885        134840.86299
4886        134895.00413
4887        134949.15743
4888        135003.32287
4889        135057.50047
4890        135111.69021
4891        135165.89210
4892        135220.10615
4893        135274.33234
4894        135328.57068
4895        135382.82117
4896        135437.08381
4897        135491.35860
4898        135545.64554
4899        135599.94463
4900        135654.25587
4901        135708.57926
4902        135762.91479
4903        135817.26248
4904        135871.62232
4905        135925.99431
4906        135980.37844
4907        136034.77473
4908        136089.18316
4909        136143.60375
4910        136198.03648
4911        136252.48137
4912        136306.93840
4913        136361.40758
4914        136415.88891
4915        136470.38239
4916        136524.88802
4917        136579.40580
4918        136633.93573
4919        136688.47781
4920        136743.03204
4921        136797.59842
4922        136852.17695
4923        136906.76762
4924        136961.37045
4925        137015.98542
4926        137070.61255
4927        137125.25182
4928        137179.90325
4929        137234.56682
4930        137289.24254
4931        137343.93041
4932        137398.63043
4933        137453.34260
4934        137508.06692
4935        137562.80338
4936        137617.55200
4937        137672.31277
4938        137727.08568
4939        137781.87074
4940        137836.66796
4941        137891.47732
4942        137946.29883
4943        138001.13249
4944        138055.97829
4945        138110.83625
4946        138165.70636
4947        138220.58861
4948        138275.48301
4949        138330.38957
4950        138385.30827
4951        138440.23912
4952        138495.18211
4953        138550.13726
4954        138605.10455
4955        138660.08400
4956        138715.07559
4957        138770.07933
4958        138825.09522
4959        138880.12326
4960        138935.16344
4961        138990.21578
4962        139045.28026
4963        139100.35689
4964        139155.44567
4965        139210.54660
4966        139265.65967
4967        139320.78489
4968        139375.92227
4969        139431.07178
4970        139486.23345
4971        139541.40727
4972        139596.59323
4973        139651.79134
4974        139707.00160
4975        139762.22400
4976        139817.45856
4977        139872.70526
4978        139927.96411
4979        139983.23511
4980        140038.51825
4981        140093.81354
4982        140149.12098
4983        140204.44057
4984        140259.77230
4985        140315.11618
4986        140370.47221
4987        140425.84038
4988        140481.22071
4989        140536.61318
4990        140592.01779
4991        140647.43456
4992        140702.86347
4993        140758.30452
4994        140813.75773
4995        140869.22308
4996        140924.70057
4997        140980.19022
4998        141035.69201
4999        141091.20595
5000        141146.73203
5001        141202.27026
5002        141257.82063
5003        141313.38316
5004        141368.95782
5005        141424.54464
5006        141480.14360
5007        141535.75471
5008        141591.37796
5009        141647.01336
5010        141702.66090
5011        141758.32059
5012        141813.99243
5013        141869.67641
5014        141925.37253
5015        141981.08081
5016        142036.80122
5017        142092.53379
5018        142148.27849
5019        142204.03535
5020        142259.80435
5021        142315.58549
5022        142371.37878
5023        142427.18421
5024        142483.00179
5025        142538.83151
5026        142594.67338
5027        142650.52739
5028        142706.39355
5029        142762.27185
5030        142818.16229
5031        142874.06488
5032        142929.97962
5033        142985.90650
5034        143041.84552
5035        143097.79668
5036        143153.75999
5037        143209.73545
5038        143265.72304
5039        143321.72279
5040        143377.73467
5041        143433.75870
5042        143489.79487
5043        143545.84319
5044        143601.90365
5045        143657.97625
5046        143714.06099
5047        143770.15788
5048        143826.26691
5049        143882.38808
5050        143938.52140
5051        143994.66686
5052        144050.82446
5053        144106.99420
5054        144163.17609
5055        144219.37012
5056        144275.57629
5057        144331.79460
5058        144388.02506
5059        144444.26766
5060        144500.52240
5061        144556.78927
5062        144613.06830
5063        144669.35946
5064        144725.66277
5065        144781.97821
5066        144838.30580
5067        144894.64553
5068        144950.99740
5069        145007.36141
5070        145063.73756
5071        145120.12586
5072        145176.52629
5073        145232.93886
5074        145289.36358
5075        145345.80043
5076        145402.24943
5077        145458.71056
5078        145515.18384
5079        145571.66925
5080        145628.16681
5081        145684.67651
5082        145741.19834
5083        145797.73231
5084        145854.27843
5085        145910.83668
5086        145967.40707
5087        146023.98961
5088        146080.58428
5089        146137.19108
5090        146193.81003
5091        146250.44112
5092        146307.08435
5093        146363.73971
5094        146420.40721
5095        146477.08685
5096        146533.77863
5097        146590.48255
5098        146647.19860
5099        146703.92680
5100        146760.66713
5101        146817.41959
5102        146874.18420
5103        146930.96094
5104        146987.74982
5105        147044.55084
5106        147101.36399
5107        147158.18928
5108        147215.02671
5109        147271.87627
5110        147328.73797
5111        147385.61181
5112        147442.49779
5113        147499.39589
5114        147556.30614
5115        147613.22852
5116        147670.16304
5117        147727.10969
5118        147784.06848
5119        147841.03940
5120        147898.02246
5121        147955.01766
5122        148012.02499
5123        148069.04445
5124        148126.07605
5125        148183.11978
5126        148240.17565
5127        148297.24365
5128        148354.32379
5129        148411.41606
5130        148468.52046
5131        148525.63700
5132        148582.76568
5133        148639.90648
5134        148697.05942
5135        148754.22449
5136        148811.40170
5137        148868.59104
5138        148925.79251
5139        148983.00611
5140        149040.23185
5141        149097.46972
5142        149154.71972
5143        149211.98186
5144        149269.25613
5145        149326.54252
5146        149383.84105
5147        149441.15172
5148        149498.47451
5149        149555.80944
5150        149613.15649
5151        149670.51568
5152        149727.88700
5153        149785.27045
5154        149842.66603
5155        149900.07374
5156        149957.49358
5157        150014.92555
5158        150072.36965
5159        150129.82588
5160        150187.29424
5161        150244.77473
5162        150302.26735
5163        150359.77210
5164        150417.28898
5165        150474.81799
5166        150532.35912
5167        150589.91239
5168        150647.47778
5169        150705.05530
5170        150762.64496
5171        150820.24673
5172        150877.86064
5173        150935.48668
5174        150993.12484
5175        151050.77513
5176        151108.43755
5177        151166.11209
5178        151223.79876
5179        151281.49756
5180        151339.20849
5181        151396.93154
5182        151454.66672
5183        151512.41402
5184        151570.17345
5185        151627.94501
5186        151685.72869
5187        151743.52450
5188        151801.33243
5189        151859.15249
5190        151916.98468
5191        151974.82898
5192        152032.68542
5193        152090.55398
5194        152148.43466
5195        152206.32747
5196        152264.23240
5197        152322.14945
5198        152380.07863
5199        152438.01993
5200        152495.97336
5201        152553.93891
5202        152611.91658
5203        152669.90638
5204        152727.90830
5205        152785.92234
5206        152843.94850
5207        152901.98679
5208        152960.03720
5209        153018.09973
5210        153076.17438
5211        153134.26115
5212        153192.36004
5213        153250.47106
5214        153308.59420
5215        153366.72945
5216        153424.87683
5217        153483.03633
5218        153541.20795
5219        153599.39169
5220        153657.58755
5221        153715.79553
5222        153774.01563
5223        153832.24785
5224        153890.49219
5225        153948.74864
5226        154007.01722
5227        154065.29791
5228        154123.59072
5229        154181.89566
5230        154240.21271
5231        154298.54187
5232        154356.88316
5233        154415.23656
5234        154473.60208
5235        154531.97972
5236        154590.36947
5237        154648.77134
5238        154707.18533
5239        154765.61144
5240        154824.04966
5241        154882.49999
5242        154940.96245
5243        154999.43702
5244        155057.92370
5245        155116.42250
5246        155174.93341
5247        155233.45644
5248        155291.99159
5249        155350.53885
5250        155409.09822
5251        155467.66971
5252        155526.25331
5253        155584.84902
5254        155643.45685
5255        155702.07679
5256        155760.70885
5257        155819.35302
5258        155878.00930
5259        155936.67769
5260        155995.35820
5261        156054.05081
5262        156112.75554
5263        156171.47239
5264        156230.20134
5265        156288.94240
5266        156347.69558
5267        156406.46087
5268        156465.23826
5269        156524.02777
5270        156582.82939
5271        156641.64312
5272        156700.46896
5273        156759.30690
5274        156818.15696
5275        156877.01913
5276        156935.89340
5277        156994.77979
5278        157053.67828
5279        157112.58889
5280        157171.51159
5281        157230.44641
5282        157289.39334
5283        157348.35237
5284        157407.32351
5285        157466.30676
5286        157525.30212
5287        157584.30958
5288        157643.32915
5289        157702.36082
5290        157761.40460
5291        157820.46049
5292        157879.52848
5293        157938.60858
5294        157997.70079
5295        158056.80509
5296        158115.92151
5297        158175.05003
5298        158234.19065
5299        158293.34337
5300        158352.50820
5301        158411.68514
5302        158470.87418
5303        158530.07531
5304        158589.28856
5305        158648.51390
5306        158707.75135
5307        158767.00090
5308        158826.26256
5309        158885.53631
5310        158944.82217
5311        159004.12013
5312        159063.43019
5313        159122.75235
5314        159182.08661
5315        159241.43297
5316        159300.79143
5317        159360.16200
5318        159419.54466
5319        159478.93942
5320        159538.34628
5321        159597.76524
5322        159657.19630
5323        159716.63946
5324        159776.09472
5325        159835.56207
5326        159895.04152
5327        159954.53307
5328        160014.03672
5329        160073.55246
5330        160133.08031
5331        160192.62025
5332        160252.17228
5333        160311.73641
5334        160371.31264
5335        160430.90096
5336        160490.50138
5337        160550.11390
5338        160609.73851
5339        160669.37521
5340        160729.02401
5341        160788.68490
5342        160848.35789
5343        160908.04297
5344        160967.74015
5345        161027.44942
5346        161087.17078
5347        161146.90423
5348        161206.64978
5349        161266.40742
5350        161326.17715
5351        161385.95897
5352        161445.75289
5353        161505.55889
5354        161565.37699
5355        161625.20718
5356        161685.04946
5357        161744.90383
5358        161804.77029
5359        161864.64884
5360        161924.53948
5361        161984.44221
5362        162044.35703
5363        162104.28394
5364        162164.22293
5365        162224.17401
5366        162284.13719
5367        162344.11245
5368        162404.09979
5369        162464.09923
5370        162524.11075
5371        162584.13436
5372        162644.17006
5373        162704.21784
5374        162764.27771
5375        162824.34966
5376        162884.43370
5377        162944.52983
5378        163004.63804
5379        163064.75833
5380        163124.89071
5381        163185.03517
5382        163245.19172
5383        163305.36035
5384        163365.54106
5385        163425.73386
5386        163485.93874
5387        163546.15571
5388        163606.38475
5389        163666.62588
5390        163726.87909
5391        163787.14438
5392        163847.42175
5393        163907.71120
5394        163968.01274
5395        164028.32635
5396        164088.65205
5397        164148.98982
5398        164209.33967
5399        164269.70161
5400        164330.07562
5401        164390.46171
5402        164450.85988
5403        164511.27013
5404        164571.69246
5405        164632.12686
5406        164692.57334
5407        164753.03190
5408        164813.50254
5409        164873.98525
5410        164934.48004
5411        164994.98691
5412        165055.50585
5413        165116.03686
5414        165176.57995
5415        165237.13512
5416        165297.70236
5417        165358.28168
5418        165418.87307
5419        165479.47653
5420        165540.09207
5421        165600.71968
5422        165661.35936
5423        165722.01112
5424        165782.67495
5425        165843.35085
5426        165904.03882
5427        165964.73886
5428        166025.45098
5429        166086.17516
5430        166146.91142
5431        166207.65975
5432        166268.42015
5433        166329.19261
5434        166389.97715
5435        166450.77376
5436        166511.58243
5437        166572.40317
5438        166633.23599
5439        166694.08087
5440        166754.93781
5441        166815.80683
5442        166876.68791
5443        166937.58106
5444        166998.48628
5445        167059.40356
5446        167120.33291
5447        167181.27432
5448        167242.22780
5449        167303.19334
5450        167364.17095
5451        167425.16063
5452        167486.16236
5453        167547.17617
5454        167608.20203
5455        167669.23996
5456        167730.28995
5457        167791.35201
5458        167852.42612
5459        167913.51230
5460        167974.61054
5461        168035.72085
5462        168096.84321
5463        168157.97763
5464        168219.12412
5465        168280.28266
5466        168341.45327
5467        168402.63593
5468        168463.83066
5469        168525.03744
5470        168586.25628
5471        168647.48718
5472        168708.73014
5473        168769.98516
5474        168831.25223
5475        168892.53136
5476        168953.82255
5477        169015.12579
5478        169076.44109
5479        169137.76845
5480        169199.10786
5481        169260.45933
5482        169321.82285
5483        169383.19843
5484        169444.58606
5485        169505.98574
5486        169567.39748
5487        169628.82127
5488        169690.25712
5489        169751.70502
5490        169813.16497
5491        169874.63697
5492        169936.12102
5493        169997.61713
5494        170059.12529
5495        170120.64549
5496        170182.17775
5497        170243.72206
5498        170305.27842
5499        170366.84683
5500        170428.42729
5501        170490.01979
5502        170551.62435
5503        170613.24095
5504        170674.86960
5505        170736.51030
5506        170798.16304
5507        170859.82784
5508        170921.50468
5509        170983.19356
5510        171044.89449
5511        171106.60747
5512        171168.33249
5513        171230.06956
5514        171291.81867
5515        171353.57983
5516        171415.35303
5517        171477.13827
5518        171538.93556
5519        171600.74489
5520        171662.56626
5521        171724.39968
5522        171786.24514
5523        171848.10263
5524        171909.97217
5525        171971.85375
5526        172033.74738
5527        172095.65304
5528        172157.57074
5529        172219.50048
5530        172281.44226
5531        172343.39608
5532        172405.36194
5533        172467.33984
5534        172529.32977
5535        172591.33174
5536        172653.34575
5537        172715.37180
5538        172777.40988
5539        172839.46000
5540        172901.52216
5541        172963.59635
5542        173025.68257
5543        173087.78083
5544        173149.89113
5545        173212.01346
5546        173274.14782
5547        173336.29421
5548        173398.45264
5549        173460.62311
5550        173522.80560
5551        173585.00013
5552        173647.20668
5553        173709.42527
5554        173771.65589
5555        173833.89855
5556        173896.15323
5557        173958.41994
5558        174020.69868
5559        174082.98945
5560        174145.29225
5561        174207.60707
5562        174269.93393
5563        174332.27281
5564        174394.62372
5565        174456.98666
5566        174519.36163
5567        174581.74862
5568        174644.14764
5569        174706.55868
5570        174768.98175
5571        174831.41684
5572        174893.86396
5573        174956.32310
5574        175018.79427
5575        175081.27745
5576        175143.77267
5577        175206.27990
5578        175268.79916
5579        175331.33044
5580        175393.87374
5581        175456.42906
5582        175518.99641
5583        175581.57577
5584        175644.16716
5585        175706.77056
5586        175769.38598
5587        175832.01343
5588        175894.65289
5589        175957.30437
5590        176019.96787
5591        176082.64338
5592        176145.33092
5593        176208.03047
5594        176270.74203
5595        176333.46562
5596        176396.20122
5597        176458.94883
5598        176521.70846
5599        176584.48010
5600        176647.26376
5601        176710.05943
5602        176772.86712
5603        176835.68682
5604        176898.51853
5605        176961.36225
5606        177024.21799
5607        177087.08574
5608        177149.96550
5609        177212.85727
5610        177275.76105
5611        177338.67684
5612        177401.60464
5613        177464.54445
5614        177527.49627
5615        177590.46010
5616        177653.43593
5617        177716.42378
5618        177779.42363
5619        177842.43549
5620        177905.45936
5621        177968.49523
5622        178031.54311
5623        178094.60299
5624        178157.67488
5625        178220.75877
5626        178283.85467
5627        178346.96257
5628        178410.08248
5629        178473.21439
5630        178536.35830
5631        178599.51421
5632        178662.68213
5633        178725.86205
5634        178789.05397
5635        178852.25789
5636        178915.47381
5637        178978.70173
5638        179041.94165
5639        179105.19357
5640        179168.45749
5641        179231.73341
5642        179295.02133
5643        179358.32124
5644        179421.63315
5645        179484.95706
5646        179548.29297
5647        179611.64087
5648        179675.00077
5649        179738.37266
5650        179801.75655
5651        179865.15243
5652        179928.56031
5653        179991.98018
5654        180055.41204
5655        180118.85590
5656        180182.31175
5657        180245.77959
5658        180309.25942
5659        180372.75125
5660        180436.25507
5661        180499.77087
5662        180563.29867
5663        180626.83846
5664        180690.39023
5665        180753.95400
5666        180817.52975
5667        180881.11750
5668        180944.71723
5669        181008.32894
5670        181071.95265
5671        181135.58834
5672        181199.23602
5673        181262.89568
5674        181326.56733
5675        181390.25096
5676        181453.94658
5677        181517.65418
5678        181581.37377
5679        181645.10534
5680        181708.84889
5681        181772.60442
5682        181836.37194
5683        181900.15144
5684        181963.94292
5685        182027.74638
5686        182091.56182
5687        182155.38924
5688        182219.22864
5689        182283.08002
5690        182346.94338
5691        182410.81871
5692        182474.70603
5693        182538.60532
5694        182602.51659
5695        182666.43983
5696        182730.37505
5697        182794.32225
5698        182858.28142
5699        182922.25257
5700        182986.23570
5701        183050.23079
5702        183114.23786
5703        183178.25690
5704        183242.28792
5705        183306.33091
5706        183370.38587
5707        183434.45280
5708        183498.53171
5709        183562.62258
5710        183626.72543
5711        183690.84024
5712        183754.96703
5713        183819.10578
5714        183883.25650
5715        183947.41919
5716        184011.59385
5717        184075.78047
5718        184139.97906
5719        184204.18962
5720        184268.41215
5721        184332.64664
5722        184396.89309
5723        184461.15151
5724        184525.42190
5725        184589.70425
5726        184653.99856
5727        184718.30483
5728        184782.62307
5729        184846.95327
5730        184911.29543
5731        184975.64955
5732        185040.01563
5733        185104.39368
5734        185168.78368
5735        185233.18564
5736        185297.59956
5737        185362.02544
5738        185426.46328
5739        185490.91308
5740        185555.37483
5741        185619.84854
5742        185684.33421
5743        185748.83183
5744        185813.34141
5745        185877.86294
5746        185942.39643
5747        186006.94187
5748        186071.49927
5749        186136.06862
5750        186200.64992
5751        186265.24318
5752        186329.84838
5753        186394.46554
5754        186459.09465
5755        186523.73571
5756        186588.38872
5757        186653.05368
5758        186717.73059
5759        186782.41945
5760        186847.12026
5761        186911.83301
5762        186976.55771
5763        187041.29436
5764        187106.04296
5765        187170.80350
5766        187235.57599
5767        187300.36042
5768        187365.15680
5769        187429.96512
5770        187494.78538
5771        187559.61759
5772        187624.46175
5773        187689.31784
5774        187754.18588
5775        187819.06585
5776        187883.95777
5777        187948.86163
5778        188013.77743
5779        188078.70517
5780        188143.64485
5781        188208.59647
5782        188273.56003
5783        188338.53552
5784        188403.52295
5785        188468.52232
5786        188533.53363
5787        188598.55687
5788        188663.59205
5789        188728.63916
5790        188793.69821
5791        188858.76919
5792        188923.85210
5793        188988.94695
5794        189054.05373
5795        189119.17245
5796        189184.30309
5797        189249.44567
5798        189314.60017
5799        189379.76661
5800        189444.94498
5801        189510.13528
5802        189575.33751
5803        189640.55166
5804        189705.77774
5805        189771.01576
5806        189836.26569
5807        189901.52756
5808        189966.80135
5809        190032.08707
5810        190097.38471
5811        190162.69428
5812        190228.01577
5813        190293.34919
5814        190358.69452
5815        190424.05179
5816        190489.42097
5817        190554.80208
5818        190620.19510
5819        190685.60005
5820        190751.01692
5821        190816.44571
5822        190881.88642
5823        190947.33905
5824        191012.80360
5825        191078.28006
5826        191143.76845
5827        191209.26875
5828        191274.78096
5829        191340.30510
5830        191405.84115
5831        191471.38911
5832        191536.94899
5833        191602.52078
5834        191668.10449
5835        191733.70011
5836        191799.30764
5837        191864.92709
5838        191930.55844
5839        191996.20171
5840        192061.85689
5841        192127.52398
5842        192193.20298
5843        192258.89389
5844        192324.59671
5845        192390.31144
5846        192456.03807
5847        192521.77661
5848        192587.52706
5849        192653.28942
5850        192719.06368
5851        192784.84985
5852        192850.64792
5853        192916.45790
5854        192982.27978
5855        193048.11356
5856        193113.95925
5857        193179.81684
5858        193245.68633
5859        193311.56773
5860        193377.46102
5861        193443.36621
5862        193509.28331
5863        193575.21230
5864        193641.15320
5865        193707.10599
5866        193773.07068
5867        193839.04727
5868        193905.03576
5869        193971.03614
5870        194037.04842
5871        194103.07259
5872        194169.10866
5873        194235.15662
5874        194301.21648
5875        194367.28823
5876        194433.37187
5877        194499.46741
5878        194565.57484
5879        194631.69416
5880        194697.82537
5881        194763.96847
5882        194830.12346
5883        194896.29034
5884        194962.46911
5885        195028.65977
5886        195094.86232
5887        195161.07675
5888        195227.30308
5889        195293.54128
5890        195359.79138
5891        195426.05336
5892        195492.32722
5893        195558.61297
5894        195624.91060
5895        195691.22012
5896        195757.54152
5897        195823.87480
5898        195890.21996
5899        195956.57700
5900        196022.94593
5901        196089.32674
5902        196155.71942
5903        196222.12399
5904        196288.54043
5905        196354.96875
5906        196421.40895
5907        196487.86103
5908        196554.32498
5909        196620.80081
5910        196687.28852
5911        196753.78810
5912        196820.29955
5913        196886.82288
5914        196953.35808
5915        197019.90516
5916        197086.46411
5917        197153.03493
5918        197219.61762
5919        197286.21218
5920        197352.81862
5921        197419.43692
5922        197486.06709
5923        197552.70914
5924        197619.36305
5925        197686.02882
5926        197752.70647
5927        197819.39598
5928        197886.09736
5929        197952.81060
5930        198019.53571
5931        198086.27269
5932        198153.02152
5933        198219.78223
5934        198286.55479
5935        198353.33922
5936        198420.13551
5937        198486.94366
5938        198553.76367
5939        198620.59554
5940        198687.43928
5941        198754.29487
5942        198821.16232
5943        198888.04163
5944        198954.93279
5945        199021.83582
5946        199088.75070
5947        199155.67743
5948        199222.61603
5949        199289.56647
5950        199356.52878
5951        199423.50293
5952        199490.48894
5953        199557.48680
5954        199624.49652
5955        199691.51808
5956        199758.55150
5957        199825.59677
5958        199892.65389
5959        199959.72286
5960        200026.80368
5961        200093.89634
5962        200161.00086
5963        200228.11722
5964        200295.24543
5965        200362.38549
5966        200429.53739
5967        200496.70113
5968        200563.87672
5969        200631.06416
5970        200698.26344
5971        200765.47456
5972        200832.69753
5973        200899.93234
5974        200967.17899
5975        201034.43748
5976        201101.70781
5977        201168.98998
5978        201236.28398
5979        201303.58983
5980        201370.90752
5981        201438.23704
5982        201505.57841
5983        201572.93160
5984        201640.29664
5985        201707.67351
5986        201775.06221
5987        201842.46275
5988        201909.87512
5989        201977.29933
5990        202044.73537
5991        202112.18324
5992        202179.64294
5993        202247.11448
5994        202314.59784
5995        202382.09303
5996        202449.60006
5997        202517.11891
5998        202584.64959
5999        202652.19210
6000        202719.74644
6001        202787.31260
6002        202854.89058
6003        202922.48040
6004        202990.08204
6005        203057.69550
6006        203125.32078
6007        203192.95789
6008        203260.60683
6009        203328.26758
6010        203395.94016
6011        203463.62455
6012        203531.32077
6013        203599.02881
6014        203666.74867
6015        203734.48034
6016        203802.22383
6017        203869.97914
6018        203937.74627
6019        204005.52522
6020        204073.31598
6021        204141.11855
6022        204208.93294
6023        204276.75915
6024        204344.59717
6025        204412.44700
6026        204480.30864
6027        204548.18210
6028        204616.06736
6029        204683.96444
6030        204751.87333
6031        204819.79403
6032        204887.72653
6033        204955.67085
6034        205023.62697
6035        205091.59490
6036        205159.57463
6037        205227.56618
6038        205295.56953
6039        205363.58468
6040        205431.61164
6041        205499.65040
6042        205567.70096
6043        205635.76333
6044        205703.83750
6045        205771.92347
6046        205840.02124
6047        205908.13082
6048        205976.25219
6049        206044.38536
6050        206112.53033
6051        206180.68710
6052        206248.85567
6053        206317.03603
6054        206385.22819
6055        206453.43214
6056        206521.64789
6057        206589.87543
6058        206658.11477
6059        206726.36591
6060        206794.62883
6061        206862.90355
6062        206931.19006
6063        206999.48835
6064        207067.79844
6065        207136.12032
6066        207204.45399
6067        207272.79945
6068        207341.15670
6069        207409.52573
6070        207477.90655
6071        207546.29916
6072        207614.70355
6073        207683.11973
6074        207751.54769
6075        207819.98743
6076        207888.43896
6077        207956.90228
6078        208025.37737
6079        208093.86425
6080        208162.36290
6081        208230.87334
6082        208299.39556
6083        208367.92955
6084        208436.47533
6085        208505.03288
6086        208573.60221
6087        208642.18332
6088        208710.77620
6089        208779.38086
6090        208847.99730
6091        208916.62551
6092        208985.26549
6093        209053.91724
6094        209122.58077
6095        209191.25607
6096        209259.94314
6097        209328.64199
6098        209397.35260
6099        209466.07498
6100        209534.80913
6101        209603.55505
6102        209672.31274
6103        209741.08220
6104        209809.86342
6105        209878.65641
6106        209947.46116
6107        210016.27768
6108        210085.10596
6109        210153.94601
6110        210222.79781
6111        210291.66139
6112        210360.53672
6113        210429.42381
6114        210498.32267
6115        210567.23328
6116        210636.15566
6117        210705.08979
6118        210774.03568
6119        210842.99333
6120        210911.96273
6121        210980.94389
6122        211049.93681
6123        211118.94148
6124        211187.95791
6125        211256.98609
6126        211326.02602
6127        211395.07771
6128        211464.14115
6129        211533.21634
6130        211602.30328
6131        211671.40197
6132        211740.51241
6133        211809.63460
6134        211878.76854
6135        211947.91422
6136        212017.07165
6137        212086.24083
6138        212155.42176
6139        212224.61443
6140        212293.81884
6141        212363.03500
6142        212432.26290
6143        212501.50254
6144        212570.75393
6145        212640.01706
6146        212709.29192
6147        212778.57853
6148        212847.87688
6149        212917.18697
6150        212986.50880
6151        213055.84236
6152        213125.18766
6153        213194.54470
6154        213263.91347
6155        213333.29398
6156        213402.68622
6157        213472.09020
6158        213541.50591
6159        213610.93335
6160        213680.37253
6161        213749.82343
6162        213819.28607
6163        213888.76044
6164        213958.24653
6165        214027.74436
6166        214097.25391
6167        214166.77520
6168        214236.30821
6169        214305.85294
6170        214375.40940
6171        214444.97759
6172        214514.55750
6173        214584.14914
6174        214653.75249
6175        214723.36757
6176        214792.99438
6177        214862.63290
6178        214932.28315
6179        215001.94511
6180        215071.61879
6181        215141.30420
6182        215211.00132
6183        215280.71016
6184        215350.43071
6185        215420.16299
6186        215489.90697
6187        215559.66268
6188        215629.43009
6189        215699.20922
6190        215769.00007
6191        215838.80263
6192        215908.61689
6193        215978.44287
6194        216048.28056
6195        216118.12996
6196        216187.99107
6197        216257.86389
6198        216327.74841
6199        216397.64464
6200        216467.55258
6201        216537.47223
6202        216607.40358
6203        216677.34663
6204        216747.30139
6205        216817.26786
6206        216887.24602
6207        216957.23589
6208        217027.23746
6209        217097.25073
6210        217167.27570
6211        217237.31237
6212        217307.36074
6213        217377.42080
6214        217447.49257
6215        217517.57603
6216        217587.67119
6217        217657.77804
6218        217727.89659
6219        217798.02683
6220        217868.16876
6221        217938.32239
6222        218008.48771
6223        218078.66473
6224        218148.85343
6225        218219.05382
6226        218289.26591
6227        218359.48968
6228        218429.72514
6229        218499.97229
6230        218570.23113
6231        218640.50165
6232        218710.78386
6233        218781.07775
6234        218851.38333
6235        218921.70059
6236        218992.02954
6237        219062.37016
6238        219132.72247
6239        219203.08646
6240        219273.46213
6241        219343.84949
6242        219414.24852
6243        219484.65922
6244        219555.08161
6245        219625.51567
6246        219695.96141
6247        219766.41883
6248        219836.88792
6249        219907.36868
6250        219977.86112
6251        220048.36524
6252        220118.88102
6253        220189.40848
6254        220259.94761
6255        220330.49841
6256        220401.06087
6257        220471.63501
6258        220542.22082
6259        220612.81829
6260        220683.42743
6261        220754.04824
6262        220824.68071
6263        220895.32485
6264        220965.98066
6265        221036.64812
6266        221107.32725
6267        221178.01805
6268        221248.72050
6269        221319.43462
6270        221390.16039
6271        221460.89783
6272        221531.64692
6273        221602.40768
6274        221673.18009
6275        221743.96416
6276        221814.75988
6277        221885.56726
6278        221956.38630
6279        222027.21699
6280        222098.05933
6281        222168.91333
6282        222239.77898
6283        222310.65628
6284        222381.54523
6285        222452.44583
6286        222523.35808
6287        222594.28198
6288        222665.21753
6289        222736.16473
6290        222807.12357
6291        222878.09406
6292        222949.07620
6293        223020.06997
6294        223091.07540
6295        223162.09247
6296        223233.12118
6297        223304.16153
6298        223375.21352
6299        223446.27716
6300        223517.35243
6301        223588.43934
6302        223659.53790
6303        223730.64809
6304        223801.76992
6305        223872.90338
6306        223944.04848
6307        224015.20522
6308        224086.37359
6309        224157.55359
6310        224228.74523
6311        224299.94850
6312        224371.16340
6313        224442.38993
6314        224513.62810
6315        224584.87789
6316        224656.13931
6317        224727.41236
6318        224798.69704
6319        224869.99334
6320        224941.30127
6321        225012.62083
6322        225083.95201
6323        225155.29482
6324        225226.64925
6325        225298.01530
6326        225369.39297
6327        225440.78227
6328        225512.18318
6329        225583.59572
6330        225655.01987
6331        225726.45565
6332        225797.90304
6333        225869.36205
6334        225940.83267
6335        226012.31492
6336        226083.80877
6337        226155.31424
6338        226226.83133
6339        226298.36002
6340        226369.90033
6341        226441.45226
6342        226513.01579
6343        226584.59093
6344        226656.17768
6345        226727.77604
6346        226799.38601
6347        226871.00759
6348        226942.64077
6349        227014.28556
6350        227085.94195
6351        227157.60995
6352        227229.28955
6353        227300.98076
6354        227372.68356
6355        227444.39797
6356        227516.12398
6357        227587.86159
6358        227659.61080
6359        227731.37161
6360        227803.14402
6361        227874.92802
6362        227946.72363
6363        228018.53082
6364        228090.34962
6365        228162.18000
6366        228234.02198
6367        228305.87556
6368        228377.74073
6369        228449.61748
6370        228521.50583
6371        228593.40577
6372        228665.31730
6373        228737.24042
6374        228809.17513
6375        228881.12142
6376        228953.07930
6377        229025.04877
6378        229097.02982
6379        229169.02246
6380        229241.02668
6381        229313.04248
6382        229385.06987
6383        229457.10884
6384        229529.15939
6385        229601.22151
6386        229673.29522
6387        229745.38051
6388        229817.47738
6389        229889.58582
6390        229961.70584
6391        230033.83743
6392        230105.98060
6393        230178.13535
6394        230250.30167
6395        230322.47956
6396        230394.66903
6397        230466.87006
6398        230539.08267
6399        230611.30685
6400        230683.54259
6401        230755.78991
6402        230828.04879
6403        230900.31924
6404        230972.60126
6405        231044.89484
6406        231117.19999
6407        231189.51670
6408        231261.84498
6409        231334.18481
6410        231406.53622
6411        231478.89918
6412        231551.27370
6413        231623.65978
6414        231696.05743
6415        231768.46663
6416        231840.88738
6417        231913.31970
6418        231985.76357
6419        232058.21900
6420        232130.68598
6421        232203.16452
6422        232275.65460
6423        232348.15625
6424        232420.66944
6425        232493.19419
6426        232565.73048
6427        232638.27832
6428        232710.83772
6429        232783.40866
6430        232855.99115
6431        232928.58519
6432        233001.19077
6433        233073.80790
6434        233146.43657
6435        233219.07679
6436        233291.72854
6437        233364.39185
6438        233437.06669
6439        233509.75307
6440        233582.45099
6441        233655.16046
6442        233727.88146
6443        233800.61400
6444        233873.35807
6445        233946.11369
6446        234018.88084
6447        234091.65952
6448        234164.44974
6449        234237.25149
6450        234310.06477
6451        234382.88959
6452        234455.72593
6453        234528.57381
6454        234601.43322
6455        234674.30415
6456        234747.18661
6457        234820.08060
6458        234892.98612
6459        234965.90317
6460        235038.83173
6461        235111.77183
6462        235184.72344
6463        235257.68658
6464        235330.66124
6465        235403.64743
6466        235476.64513
6467        235549.65436
6468        235622.67510
6469        235695.70736
6470        235768.75114
6471        235841.80643
6472        235914.87324
6473        235987.95157
6474        236061.04141
6475        236134.14277
6476        236207.25564
6477        236280.38002
6478        236353.51591
6479        236426.66331
6480        236499.82223
6481        236572.99265
6482        236646.17458
6483        236719.36802
6484        236792.57297
6485        236865.78942
6486        236939.01738
6487        237012.25684
6488        237085.50781
6489        237158.77028
6490        237232.04425
6491        237305.32972
6492        237378.62670
6493        237451.93517
6494        237525.25515
6495        237598.58662
6496        237671.92959
6497        237745.28406
6498        237818.65003
6499        237892.02749
6500        237965.41644
6501        238038.81689
6502        238112.22884
6503        238185.65227
6504        238259.08720
6505        238332.53362
6506        238405.99152
6507        238479.46092
6508        238552.94181
6509        238626.43418
6510        238699.93805
6511        238773.45339
6512        238846.98023
6513        238920.51855
6514        238994.06835
6515        239067.62964
6516        239141.20240
6517        239214.78666
6518        239288.38239
6519        239361.98960
6520        239435.60829
6521        239509.23846
6522        239582.88011
6523        239656.53323
6524        239730.19783
6525        239803.87391
6526        239877.56146
6527        239951.26049
6528        240024.97099
6529        240098.69296
6530        240172.42641
6531        240246.17132
6532        240319.92770
6533        240393.69556
6534        240467.47488
6535        240541.26567
6536        240615.06793
6537        240688.88165
6538        240762.70684
6539        240836.54350
6540        240910.39162
6541        240984.25120
6542        241058.12224
6543        241132.00475
6544        241205.89871
6545        241279.80414
6546        241353.72102
6547        241427.64937
6548        241501.58917
6549        241575.54043
6550        241649.50314
6551        241723.47731
6552        241797.46294
6553        241871.46002
6554        241945.46855
6555        242019.48853
6556        242093.51997
6557        242167.56285
6558        242241.61719
6559        242315.68297
6560        242389.76020
6561        242463.84889
6562        242537.94901
6563        242612.06058
6564        242686.18360
6565        242760.31807
6566        242834.46397
6567        242908.62132
6568        242982.79011
6569        243056.97034
6570        243131.16202
6571        243205.36513
6572        243279.57968
6573        243353.80567
6574        243428.04309
6575        243502.29195
6576        243576.55225
6577        243650.82398
6578        243725.10715
6579        243799.40175
6580        243873.70778
6581        243948.02525
6582        244022.35414
6583        244096.69447
6584        244171.04622
6585        244245.40941
6586        244319.78402
6587        244394.17005
6588        244468.56752
6589        244542.97640
6590        244617.39672
6591        244691.82846
6592        244766.27162
6593        244840.72620
6594        244915.19220
6595        244989.66962
6596        245064.15847
6597        245138.65873
6598        245213.17041
6599        245287.69351
6600        245362.22802
6601        245436.77395
6602        245511.33129
6603        245585.90005
6604        245660.48023
6605        245735.07181
6606        245809.67480
6607        245884.28921
6608        245958.91503
6609        246033.55225
6610        246108.20089
6611        246182.86093
6612        246257.53238
6613        246332.21524
6614        246406.90949
6615        246481.61516
6616        246556.33223
6617        246631.06070
6618        246705.80057
6619        246780.55185
6620        246855.31452
6621        246930.08859
6622        247004.87407
6623        247079.67094
6624        247154.47920
6625        247229.29887
6626        247304.12993
6627        247378.97238
6628        247453.82623
6629        247528.69147
6630        247603.56810
6631        247678.45613
6632        247753.35554
6633        247828.26635
6634        247903.18854
6635        247978.12212
6636        248053.06709
6637        248128.02345
6638        248202.99119
6639        248277.97032
6640        248352.96083
6641        248427.96272
6642        248502.97600
6643        248578.00066
6644        248653.03670
6645        248728.08412
6646        248803.14291
6647        248878.21309
6648        248953.29464
6649        249028.38757
6650        249103.49188
6651        249178.60756
6652        249253.73462
6653        249328.87305
6654        249404.02285
6655        249479.18402
6656        249554.35657
6657        249629.54048
6658        249704.73577
6659        249779.94242
6660        249855.16044
6661        249930.38983
6662        250005.63058
6663        250080.88270
6664        250156.14618
6665        250231.42103
6666        250306.70724
6667        250382.00481
6668        250457.31374
6669        250532.63403
6670        250607.96568
6671        250683.30869
6672        250758.66306
6673        250834.02878
6674        250909.40586
6675        250984.79430
6676        251060.19409
6677        251135.60523
6678        251211.02773
6679        251286.46158
6680        251361.90678
6681        251437.36333
6682        251512.83123
6683        251588.31048
6684        251663.80107
6685        251739.30302
6686        251814.81630
6687        251890.34094
6688        251965.87692
6689        252041.42424
6690        252116.98290
6691        252192.55291
6692        252268.13426
6693        252343.72695
6694        252419.33097
6695        252494.94634
6696        252570.57304
6697        252646.21109
6698        252721.86046
6699        252797.52118
6700        252873.19322
6701        252948.87660
6702        253024.57132
6703        253100.27736
6704        253175.99474
6705        253251.72344
6706        253327.46348
6707        253403.21484
6708        253478.97753
6709        253554.75155
6710        253630.53690
6711        253706.33357
6712        253782.14156
6713        253857.96088
6714        253933.79152
6715        254009.63348
6716        254085.48676
6717        254161.35136
6718        254237.22729
6719        254313.11453
6720        254389.01308
6721        254464.92296
6722        254540.84415
6723        254616.77665
6724        254692.72047
6725        254768.67561
6726        254844.64205
6727        254920.61981
6728        254996.60888
6729        255072.60926
6730        255148.62094
6731        255224.64394
6732        255300.67824
6733        255376.72385
6734        255452.78076
6735        255528.84898
6736        255604.92851
6737        255681.01933
6738        255757.12146
6739        255833.23489
6740        255909.35962
6741        255985.49565
6742        256061.64298
6743        256137.80161
6744        256213.97153
6745        256290.15275
6746        256366.34527
6747        256442.54908
6748        256518.76419
6749        256594.99058
6750        256671.22827
6751        256747.47725
6752        256823.73752
6753        256900.00908
6754        256976.29193
6755        257052.58607
6756        257128.89149
6757        257205.20820
6758        257281.53620
6759        257357.87548
6760        257434.22604
6761        257510.58788
6762        257586.96101
6763        257663.34542
6764        257739.74110
6765        257816.14807
6766        257892.56632
6767        257968.99584
6768        258045.43664
6769        258121.88871
6770        258198.35206
6771        258274.82669
6772        258351.31258
6773        258427.80975
6774        258504.31819
6775        258580.83790
6776        258657.36888
6777        258733.91113
6778        258810.46465
6779        258887.02943
6780        258963.60548
6781        259040.19279
6782        259116.79137
6783        259193.40122
6784        259270.02232
6785        259346.65469
6786        259423.29832
6787        259499.95321
6788        259576.61936
6789        259653.29676
6790        259729.98542
6791        259806.68535
6792        259883.39652
6793        259960.11895
6794        260036.85264
6795        260113.59757
6796        260190.35377
6797        260267.12121
6798        260343.89990
6799        260420.68984
6800        260497.49103
6801        260574.30347
6802        260651.12715
6803        260727.96209
6804        260804.80826
6805        260881.66568
6806        260958.53435
6807        261035.41426
6808        261112.30540
6809        261189.20779
6810        261266.12142
6811        261343.04629
6812        261419.98240
6813        261496.92974
6814        261573.88833
6815        261650.85814
6816        261727.83919
6817        261804.83148
6818        261881.83500
6819        261958.84975
6820        262035.87573
6821        262112.91294
6822        262189.96138
6823        262267.02105
6824        262344.09195
6825        262421.17407
6826        262498.26742
6827        262575.37200
6828        262652.48780
6829        262729.61482
6830        262806.75306
6831        262883.90253
6832        262961.06322
6833        263038.23513
6834        263115.41825
6835        263192.61259
6836        263269.81815
6837        263347.03493
6838        263424.26292
6839        263501.50213
6840        263578.75255
6841        263656.01418
6842        263733.28703
6843        263810.57108
6844        263887.86635
6845        263965.17282
6846        264042.49050
6847        264119.81939
6848        264197.15949
6849        264274.51079
6850        264351.87330
6851        264429.24701
6852        264506.63192
6853        264584.02804
6854        264661.43535
6855        264738.85387
6856        264816.28359
6857        264893.72450
6858        264971.17661
6859        265048.63992
6860        265126.11442
6861        265203.60012
6862        265281.09701
6863        265358.60510
6864        265436.12437
6865        265513.65484
6866        265591.19650
6867        265668.74935
6868        265746.31339
6869        265823.88861
6870        265901.47502
6871        265979.07262
6872        266056.68140
6873        266134.30137
6874        266211.93252
6875        266289.57485
6876        266367.22836
6877        266444.89306
6878        266522.56893
6879        266600.25598
6880        266677.95421
6881        266755.66362
6882        266833.38420
6883        266911.11595
6884        266988.85889
6885        267066.61299
6886        267144.37827
6887        267222.15472
6888        267299.94233
6889        267377.74112
6890        267455.55108
6891        267533.37220
6892        267611.20450
6893        267689.04795
6894        267766.90258
6895        267844.76836
6896        267922.64531
6897        268000.53343
6898        268078.43270
6899        268156.34314
6900        268234.26473
6901        268312.19748
6902        268390.14139
6903        268468.09646
6904        268546.06269
6905        268624.04007
6906        268702.02860
6907        268780.02829
6908        268858.03913
6909        268936.06111
6910        269014.09426
6911        269092.13855
6912        269170.19399
6913        269248.26057
6914        269326.33831
6915        269404.42719
6916        269482.52721
6917        269560.63838
6918        269638.76070
6919        269716.89415
6920        269795.03875
6921        269873.19448
6922        269951.36136
6923        270029.53938
6924        270107.72853
6925        270185.92882
6926        270264.14025
6927        270342.36280
6928        270420.59650
6929        270498.84133
6930        270577.09729
6931        270655.36438
6932        270733.64260
6933        270811.93195
6934        270890.23244
6935        270968.54404
6936        271046.86678
6937        271125.20064
6938        271203.54563
6939        271281.90173
6940        271360.26897
6941        271438.64732
6942        271517.03680
6943        271595.43739
6944        271673.84911
6945        271752.27194
6946        271830.70590
6947        271909.15096
6948        271987.60715
6949        272066.07445
6950        272144.55286
6951        272223.04239
6952        272301.54302
6953        272380.05477
6954        272458.57763
6955        272537.11160
6956        272615.65668
6957        272694.21286
6958        272772.78015
6959        272851.35855
6960        272929.94805
6961        273008.54865
6962        273087.16036
6963        273165.78317
6964        273244.41708
6965        273323.06208
6966        273401.71819
6967        273480.38540
6968        273559.06370
6969        273637.75310
6970        273716.45360
6971        273795.16519
6972        273873.88787
6973        273952.62165
6974        274031.36652
6975        274110.12247
6976        274188.88952
6977        274267.66766
6978        274346.45688
6979        274425.25719
6980        274504.06859
6981        274582.89107
6982        274661.72464
6983        274740.56929
6984        274819.42502
6985        274898.29183
6986        274977.16973
6987        275056.05870
6988        275134.95875
6989        275213.86988
6990        275292.79209
6991        275371.72537
6992        275450.66972
6993        275529.62515
6994        275608.59165
6995        275687.56923
6996        275766.55787
6997        275845.55759
6998        275924.56837
6999        276003.59023
7000        276082.62315
7001        276161.66713
7002        276240.72219
7003        276319.78830
7004        276398.86548
7005        276477.95373
7006        276557.05303
7007        276636.16339
7008        276715.28482
7009        276794.41730
7010        276873.56084
7011        276952.71544
7012        277031.88109
7013        277111.05780
7014        277190.24556
7015        277269.44438
7016        277348.65425
7017        277427.87517
7018        277507.10714
7019        277586.35015
7020        277665.60422
7021        277744.86934
7022        277824.14550
7023        277903.43270
7024        277982.73095
7025        278062.04025
7026        278141.36059
7027        278220.69197
7028        278300.03439
7029        278379.38785
7030        278458.75234
7031        278538.12788
7032        278617.51445
7033        278696.91206
7034        278776.32071
7035        278855.74039
7036        278935.17110
7037        279014.61284
7038        279094.06562
7039        279173.52942
7040        279253.00426
7041        279332.49012
7042        279411.98701
7043        279491.49493
7044        279571.01388
7045        279650.54384
7046        279730.08483
7047        279809.63685
7048        279889.19988
7049        279968.77394
7050        280048.35902
7051        280127.95511
7052        280207.56223
7053        280287.18036
7054        280366.80950
7055        280446.44966
7056        280526.10084
7057        280605.76303
7058        280685.43623
7059        280765.12044
7060        280844.81566
7061        280924.52189
7062        281004.23913
7063        281083.96738
7064        281163.70663
7065        281243.45689
7066        281323.21815
7067        281402.99042
7068        281482.77369
7069        281562.56796
7070        281642.37323
7071        281722.18950
7072        281802.01677
7073        281881.85504
7074        281961.70431
7075        282041.56457
7076        282121.43582
7077        282201.31807
7078        282281.21131
7079        282361.11555
7080        282441.03077
7081        282520.95698
7082        282600.89419
7083        282680.84238
7084        282760.80156
7085        282840.77173
7086        282920.75288
7087        283000.74501
7088        283080.74813
7089        283160.76223
7090        283240.78731
7091        283320.82337
7092        283400.87042
7093        283480.92844
7094        283560.99743
7095        283641.07741
7096        283721.16836
7097        283801.27028
7098        283881.38318
7099        283961.50705
7100        284041.64189
7101        284121.78770
7102        284201.94448
7103        284282.11223
7104        284362.29095
7105        284442.48064
7106        284522.68129
7107        284602.89290
7108        284683.11548
7109        284763.34903
7110        284843.59353
7111        284923.84900
7112        285004.11542
7113        285084.39281
7114        285164.68115
7115        285244.98045
7116        285325.29070
7117        285405.61191
7118        285485.94408
7119        285566.28719
7120        285646.64126
7121        285727.00629
7122        285807.38226
7123        285887.76918
7124        285968.16704
7125        286048.57586
7126        286128.99562
7127        286209.42633
7128        286289.86798
7129        286370.32058
7130        286450.78411
7131        286531.25859
7132        286611.74401
7133        286692.24037
7134        286772.74766
7135        286853.26590
7136        286933.79507
7137        287014.33517
7138        287094.88622
7139        287175.44819
7140        287256.02109
7141        287336.60493
7142        287417.19970
7143        287497.80540
7144        287578.42203
7145        287659.04958
7146        287739.68806
7147        287820.33747
7148        287900.99780
7149        287981.66905
7150        288062.35123
7151        288143.04433
7152        288223.74835
7153        288304.46329
7154        288385.18915
7155        288465.92592
7156        288546.67361
7157        288627.43222
7158        288708.20175
7159        288788.98218
7160        288869.77353
7161        288950.57579
7162        289031.38896
7163        289112.21305
7164        289193.04804
7165        289273.89394
7166        289354.75074
7167        289435.61845
7168        289516.49707
7169        289597.38659
7170        289678.28701
7171        289759.19834
7172        289840.12056
7173        289921.05369
7174        290001.99771
7175        290082.95263
7176        290163.91845
7177        290244.89517
7178        290325.88278
7179        290406.88128
7180        290487.89068
7181        290568.91097
7182        290649.94214
7183        290730.98421
7184        290812.03717
7185        290893.10102
7186        290974.17575
7187        291055.26137
7188        291136.35787
7189        291217.46526
7190        291298.58353
7191        291379.71269
7192        291460.85272
7193        291542.00363
7194        291623.16543
7195        291704.33810
7196        291785.52164
7197        291866.71607
7198        291947.92137
7199        292029.13754
7200        292110.36458
7201        292191.60250
7202        292272.85129
7203        292354.11095
7204        292435.38148
7205        292516.66287
7206        292597.95513
7207        292679.25826
7208        292760.57225
7209        292841.89711
7210        292923.23283
7211        293004.57941
7212        293085.93685
7213        293167.30515
7214        293248.68432
7215        293330.07433
7216        293411.47521
7217        293492.88694
7218        293574.30953
7219        293655.74297
7220        293737.18726
7221        293818.64241
7222        293900.10840
7223        293981.58525
7224        294063.07294
7225        294144.57148
7226        294226.08087
7227        294307.60111
7228        294389.13219
7229        294470.67411
7230        294552.22688
7231        294633.79049
7232        294715.36493
7233        294796.95022
7234        294878.54635
7235        294960.15331
7236        295041.77111
7237        295123.39975
7238        295205.03922
7239        295286.68953
7240        295368.35067
7241        295450.02264
7242        295531.70544
7243        295613.39907
7244        295695.10352
7245        295776.81881
7246        295858.54492
7247        295940.28186
7248        296022.02962
7249        296103.78821
7250        296185.55762
7251        296267.33785
7252        296349.12890
7253        296430.93077
7254        296512.74345
7255        296594.56696
7256        296676.40128
7257        296758.24642
7258        296840.10237
7259        296921.96914
7260        297003.84671
7261        297085.73510
7262        297167.63430
7263        297249.54431
7264        297331.46512
7265        297413.39675
7266        297495.33918
7267        297577.29241
7268        297659.25645
7269        297741.23129
7270        297823.21694
7271        297905.21338
7272        297987.22063
7273        298069.23867
7274        298151.26751
7275        298233.30715
7276        298315.35759
7277        298397.41882
7278        298479.49084
7279        298561.57366
7280        298643.66727
7281        298725.77167
7282        298807.88685
7283        298890.01283
7284        298972.14960
7285        299054.29715
7286        299136.45549
7287        299218.62461
7288        299300.80452
7289        299382.99521
7290        299465.19668
7291        299547.40893
7292        299629.63196
7293        299711.86577
7294        299794.11036
7295        299876.36572
7296        299958.63186
7297        300040.90877
7298        300123.19646
7299        300205.49492
7300        300287.80415
7301        300370.12415
7302        300452.45492
7303        300534.79646
7304        300617.14876
7305        300699.51183
7306        300781.88567
7307        300864.27027
7308        300946.66563
7309        301029.07176
7310        301111.48864
7311        301193.91629
7312        301276.35469
7313        301358.80386
7314        301441.26378
7315        301523.73445
7316        301606.21588
7317        301688.70807
7318        301771.21100
7319        301853.72469
7320        301936.24913
7321        302018.78432
7322        302101.33026
7323        302183.88694
7324        302266.45437
7325        302349.03255
7326        302431.62147
7327        302514.22114
7328        302596.83154
7329        302679.45269
7330        302762.08458
7331        302844.72721
7332        302927.38057
7333        303010.04468
7334        303092.71951
7335        303175.40509
7336        303258.10140
7337        303340.80844
7338        303423.52621
7339        303506.25471
7340        303588.99395
7341        303671.74391
7342        303754.50460
7343        303837.27602
7344        303920.05816
7345        304002.85103
7346        304085.65462
7347        304168.46893
7348        304251.29397
7349        304334.12972
7350        304416.97620
7351        304499.83339
7352        304582.70130
7353        304665.57993
7354        304748.46927
7355        304831.36932
7356        304914.28009
7357        304997.20158
7358        305080.13377
7359        305163.07667
7360        305246.03028
7361        305328.99460
7362        305411.96963
7363        305494.95536
7364        305577.95180
7365        305660.95894
7366        305743.97678
7367        305827.00532
7368        305910.04457
7369        305993.09451
7370        306076.15516
7371        306159.22650
7372        306242.30854
7373        306325.40127
7374        306408.50469
7375        306491.61881
7376        306574.74363
7377        306657.87913
7378        306741.02532
7379        306824.18220
7380        306907.34977
7381        306990.52803
7382        307073.71697
7383        307156.91660
7384        307240.12691
7385        307323.34791
7386        307406.57958
7387        307489.82194
7388        307573.07497
7389        307656.33869
7390        307739.61308
7391        307822.89815
7392        307906.19389
7393        307989.50031
7394        308072.81740
7395        308156.14516
7396        308239.48360
7397        308322.83270
7398        308406.19247
7399        308489.56291
7400        308572.94402
7401        308656.33580
7402        308739.73823
7403        308823.15134
7404        308906.57510
7405        308990.00953
7406        309073.45461
7407        309156.91036
7408        309240.37676
7409        309323.85382
7410        309407.34154
7411        309490.83991
7412        309574.34894
7413        309657.86862
7414        309741.39895
7415        309824.93994
7416        309908.49157
7417        309992.05385
7418        310075.62678
7419        310159.21036
7420        310242.80458
7421        310326.40944
7422        310410.02495
7423        310493.65111
7424        310577.28790
7425        310660.93533
7426        310744.59341
7427        310828.26212
7428        310911.94147
7429        310995.63145
7430        311079.33207
7431        311163.04332
7432        311246.76521
7433        311330.49773
7434        311414.24088
7435        311497.99465
7436        311581.75906
7437        311665.53410
7438        311749.31976
7439        311833.11604
7440        311916.92295
7441        312000.74049
7442        312084.56864
7443        312168.40742
7444        312252.25681
7445        312336.11683
7446        312419.98746
7447        312503.86871
7448        312587.76058
7449        312671.66306
7450        312755.57616
7451        312839.49986
7452        312923.43418
7453        313007.37911
7454        313091.33465
7455        313175.30079
7456        313259.27755
7457        313343.26491
7458        313427.26287
7459        313511.27144
7460        313595.29061
7461        313679.32039
7462        313763.36076
7463        313847.41173
7464        313931.47330
7465        314015.54547
7466        314099.62824
7467        314183.72160
7468        314267.82556
7469        314351.94010
7470        314436.06525
7471        314520.20098
7472        314604.34730
7473        314688.50421
7474        314772.67171
7475        314856.84979
7476        314941.03846
7477        315025.23772
7478        315109.44756
7479        315193.66798
7480        315277.89898
7481        315362.14057
7482        315446.39273
7483        315530.65547
7484        315614.92878
7485        315699.21268
7486        315783.50715
7487        315867.81219
7488        315952.12780
7489        316036.45399
7490        316120.79074
7491        316205.13807
7492        316289.49596
7493        316373.86442
7494        316458.24345
7495        316542.63305
7496        316627.03320
7497        316711.44392
7498        316795.86520
7499        316880.29705
7500        316964.73945