   1             7.61376
   2            18.12728
   3            31.16777
   4            46.22524
   5            63.04284
   6            81.46278
   7           101.37454
   8           122.69270
   9           145.34643
  10           169.27423
  11           194.42121
  12           220.73765
  13           248.17812
  14           276.70094
  15           306.26781
  16           336.84350
  17           368.39558
  18           400.89415
  19           434.31166
  20           468.62265
  21           503.80358
  22           539.83263
  23           576.68951
  24           614.35537
  25           652.81260
  26           692.04472
  27           732.03630
  28           772.77282
  29           814.24062
  30           856.42680
  31           899.31917
  32           942.90618
  33           987.17687
  34          1032.12080
  35          1077.72820
  36          1123.98960
  37          1170.89590
  38          1218.43880
  39          1266.61000
  40          1315.40180
  41          1364.80680
  42          1414.81810
  43          1465.42890
  44          1516.63290
  45          1568.42410
  46          1620.79670
  47          1673.74540
  48          1727.26510
  49          1781.35080
  50          1835.99810
  51          1891.20270
  52          1946.96050
  53          2003.26790
  54          2060.12140
  55          2117.51760
  56          2175.45370
  57          2233.92680
  58          2292.93430
  59          2352.47410
  60          2412.54390
  61          2473.14180
  62          2534.26620
  63          2595.91560
  64          2658.08860
  65          2720.78410
  66          2784.00110
  67          2847.73890
  68          2911.99680
  69          2976.77440
  70          3042.07130
  71          3107.88730
  72          3174.22240
  73          3241.07660
  74          3308.45030
  75          3376.34370
  76          3444.75720
  77          3513.69140
  78          3583.14710
  79          3653.12480
  80          3723.62550
  81          3794.65010
  82          3866.19970
  83          3938.27530
  84          4010.87820
  85          4084.00950
  86          4157.67070
  87          4231.86300
  88          4306.58800
  89          4381.84710
  90          4457.64200
  91          4533.97420
  92          4610.84540
  93          4688.25730
  94          4766.21170
  95          4844.71040
  96          4923.75520
  97          5003.34800
  98          5083.49080
  99          5164.18540
 100          5245.43380
 101          5327.23810
 102          5409.60040
 103          5492.52260
 104          5576.00690
 105          5660.05540
 106          5744.67020
 107          5829.85360
 108          5915.60770
 109          6001.93480
 110          6088.83710
 111          6176.31680
 112          6264.37620
 113          6353.01770
 114          6442.24350
 115          6532.05610
 116          6622.45770
 117          6713.45070
 118          6805.03760
 119          6897.22080
 120          6990.00260
 121          7083.38570
 122          7177.37230
 123          7271.96500
 124          7367.16640
 125          7462.97890
 126          7559.40510
 127          7656.44760
 128          7754.10890
 129          7852.39170
 130          7951.29860
 131          8050.83220
 132          8150.99520
 133          8251.79020
 134          8353.22010
 135          8455.28740
 136          8557.99500
 137          8661.34560
 138          8765.34210
 139          8869.98710
 140          8975.28370
 141          9081.23460
 142          9187.84270
 143          9295.11100
 144          9403.04230
 145          9511.63970
 146          9620.90610
 147          9730.84450
 148          9841.45800
 149          9952.74970
 150         10064.72300
 151         10177.38000
 152         10290.72500
 153         10404.76000
 154         10519.49000
 155         10634.91600
 156         10751.04300
 157         10867.87400
 158         10985.41200
 159         11103.66100
 160         11222.62300
 161         11342.30200
 162         11462.70300
 163         11583.82700
 164         11705.68000
 165         11828.26300
 166         11951.58200
 167         12075.64000
 168         12200.43900
 169         12325.98500
 170         12452.28100
 171         12579.33000
 172         12707.13600
 173         12835.70400
 174         12965.03700
 175         13095.14000
 176         13226.01500
 177         13357.66800
 178         13490.10200
 179         13623.32100
 180         13757.33000
 181         13892.13200
 182         14027.73300
 183         14164.13600
 184         14301.34500
 185         14439.36600
 186         14578.20100
 187         14717.85700
 188         14858.33700
 189         14999.64600
 190         15141.78900
 191         15284.77000
 192         15428.59400
 193         15573.26500
 194         15718.78900
 195         15865.17000
 196         16012.41300
 197         16160.52400
 198         16309.50700
 199         16459.36600
 200         16610.10800
 201         16761.73800
 202         16914.26000
 203         17067.68000
 204         17222.00300
 205         17377.23500
 206         17533.38000
 207         17690.44500
 208         17848.43500
 209         18007.35500
 210         18167.21100
 211         18328.00900
 212         18489.75500
 213         18652.45400
 214         18816.11200
 215         18980.73500
 216         19146.32900
 217         19312.90000
 218         19480.45400
 219         19648.99700
 220         19818.53500
 221         19989.07600
 222         20160.62400
 223         20333.18600
 224         20506.76900
 225         20681.38000
 226         20857.02400
 227         21033.70800
 228         21211.44000
 229         21390.22500
 230         21570.07100
 231         21750.98400
 232         21932.97100
 233         22116.04000
 234         22300.19700
 235         22485.45000
 236         22671.80500
 237         22859.27000
 238         23047.85200
 239         23237.55900
 240         23428.39800
 241         23620.37600
 242         23813.50100
 243         24007.78100
 244         24203.22300
 245         24399.83500
 246         24597.62600
 247         24796.60200
 248         24996.77100
 249         25198.14300
 250         25400.72500
 251         25604.52400
 252         25809.55100
 253         26015.81100
 254         26223.31500
 255         26432.07100
 256         26642.08700
 257         26853.37100
 258         27065.93200
 259         27279.78000
 260         27494.92300
 261         27711.37000
 262         27929.12900
 263         28148.21000
 264         28368.62200
 265         28590.37500
 266         28813.47700
 267         29037.93700
 268         29263.76600
 269         29490.97300
 270         29719.56700
 271         29949.55800
 272         30180.95500
 273         30413.77000
 274         30648.01000
 275         30883.68700
 276         31120.81000
 277         31359.39000
 278         31599.43700
 279         31840.96100
 280         32083.97200
 281         32328.48200
 282         32574.49900
 283         32822.03600
 284         33071.10300
 285         33321.71000
 286         33573.86800
 287         33827.59000
 288         34082.88400
 289         34339.76300
 290         34598.23800
 291         34858.32100
 292         35120.02100
 293         35383.35200
 294         35648.32500
 295         35914.95000
 296         36183.24100
 297         36453.20900
 298         36724.86500
 299         36998.22200
 300         37273.29200
 301         37550.08800
 302         37828.62000
 303         38108.90300
 304         38390.94800
 305         38674.76800
 306         38960.37500
 307         39247.78200
 308         39537.00300
 309         39828.05000
 310         40120.93700
 311         40415.67500
 312         40712.28000
 313         41010.76300
 314         41311.13900
 315         41613.42000
 316         41917.62200
 317         42223.75600
 318         42531.83800
 319         42841.88200
 320         43153.90000
 321         43467.90800
 322         43783.92000
 323         44101.95000
 324         44422.01200
 325         44744.12200
 326         45068.29300
 327         45394.54100
 328         45722.88100
 329         46053.32700
 330         46385.89500
 331         46720.59900
 332         47057.45600
 333         47396.48100
 334         47737.68900
 335         48081.09600
 336         48426.71800
 337         48774.57100
 338         49124.67000
 339         49477.03200
 340         49831.67300
 341         50188.61000
 342         50547.85800
 343         50909.43600
 344         51273.35800
 345         51639.64300
 346         52008.30700
 347         52379.36700
 348         52752.84000
 349         53128.74500
 350         53507.09700
 351         53887.91500
 352         54271.21700
 353         54657.02000
 354         55045.34300
 355         55436.20300
 356         55829.61800
 357         56225.60700
 358         56624.18900
 359         57025.38200
 360         57429.20500
 361         57835.67600
 362         58244.81600
 363         58656.64200
 364         59071.17400
 365         59488.43100
 366         59908.43400
 367         60331.20100
 368         60756.75300
 369         61185.10900
 370         61616.29000
 371         62050.31600
 372         62487.20800
 373         62926.98500
 374         63369.66800
 375         63815.27900
 376         64263.83900
 377         64715.36700
 378         65169.88600
 379         65627.41800
 380         66087.98300
 381         66551.60300
 382         67018.30100
 383         67488.09800
 384         67961.01600
 385         68437.07800
 386         68916.30700
 387         69398.72400
 388         69884.35300
 389         70373.21600
 390         70865.33800
 391         71360.74000
 392         71859.44700
 393         72361.48200
 394         72866.86900
 395         73375.63100
 396         73887.79400
 397         74403.38100
 398         74922.41600
 399         75444.92500
 400         75970.93200
 401         76500.46100
 402         77033.53900
 403         77570.19000
 404         78110.44000
 405         78654.31500
 406         79201.84000
 407         79753.04100
 408         80307.94500
 409         80866.57800
 410         81428.96700
 411         81995.13800
 412         82565.11700
 413         83138.93400
 414         83716.61300
 415         84298.18400
 416         84883.67400
 417         85473.11000
 418         86066.52100
 419         86663.93500
 420         87265.38100
 421         87870.88600
 422         88480.48100
 423         89094.19300
 424         89712.05300
 425         90334.08900
 426         90960.33200
 427         91590.81100
 428         92225.55600
 429         92864.59800
 430         93507.96700
 431         94155.69400
 432         94807.80900
 433         95464.34400
 434         96125.33000
 435         96790.79900
 436         97460.78200
 437         98135.31100
 438         98814.42000
 439         99498.13900
 440        100186.50000
 441        100879.54000
 442        101577.29000
 443        102279.78000
 444        102987.05000
 445        103699.13000
 446        104416.06000
 447        105137.86000
 448        105864.57000
 449        106596.24000
 450        107332.88000
 451        108074.55000
 452        108821.27000
 453        109573.07000
 454        110330.01000
 455        111092.10000
 456        111859.39000
 457        112631.92000
 458        113409.72000
 459        114192.82000
 460        114981.28000
 461        115775.11000
 462        116574.37000
 463        117379.09000
 464        118189.31000
 465        119005.06000
 466        119826.39000
 467        120653.34000
 468        121485.94000
 469        122324.24000
 470        123168.27000
 471        124018.08000
 472        124873.70000
 473        125735.18000
 474        126602.56000
 475        127475.88000
 476        128355.19000
 477        129240.51000
 478        130131.90000
 479        131029.40000
 480        131933.05000
 481        132842.90000
 482        133758.99000
 483        134681.36000
 484        135610.05000
 485        136545.12000
 486        137486.60000
 487        138434.54000
 488        139388.99000
 489        140349.99000
 490        141317.59000
 491        142291.83000
 492        143272.76000
 493        144260.43000
 494        145254.89000
 495        146256.18000
 496        147264.35000
 497        148279.44000
 498        149301.52000
 499        150330.62000
 500        151366.80000
 501        152410.10000
 502        153460.57000
 503        154518.27000
 504        155583.25000
 505        156655.56000
 506        157735.24000
 507        158822.35000
 508        159916.94000
 509        161019.07000
 510        162128.78000
 511        163246.14000
 512        164371.18000
 513        165503.98000
 514        166644.57000
 515        167793.02000
 516        168949.38000
 517        170113.71000
 518        171286.06000
 519        172466.48000
 520        173655.04000
 521        174851.79000
 522        176056.79000
 523        177270.10000
 524        178491.76000
 525        179721.85000
 526        180960.42000
 527        182207.53000
 528        183463.24000
 529        184727.61000
 530        186000.70000
 531        187282.57000
 532        188573.28000
 533        189872.89000
 534        191181.47000
 535        192499.08000
 536        193825.78000
 537        195161.63000
 538        196506.71000
 539        197861.06000
 540        199224.76000
 541        200597.87000
 542        201980.46000
 543        203372.59000
 544        204774.34000
 545        206185.76000
 546        207606.92000
 547        209037.89000
 548        210478.75000
 549        211929.55000
 550        213390.37000
 551        214861.28000
 552        216342.35000
 553        217833.64000
 554        219335.24000
 555        220847.20000
 556        222369.61000
 557        223902.53000
 558        225446.04000
 559        227000.22000
 560        228565.13000
 561        230140.85000
 562        231727.45000
 563        233325.02000
 564        234933.62000
 565        236553.34000
 566        238184.25000
 567        239826.42000
 568        241479.95000
 569        243144.89000
 570        244821.35000
 571        246509.38000
 572        248209.08000
 573        249920.53000
 574        251643.80000
 575        253378.98000
 576        255126.15000
 577        256885.40000
 578        258656.80000
 579        260440.45000
 580        262236.42000
 581        264044.80000
 582        265865.68000
 583        267699.15000
 584        269545.28000
 585        271404.18000
 586        273275.92000
 587        275160.60000
 588        277058.30000
 589        278969.12000
 590        280893.14000
 591        282830.47000
 592        284781.18000
 593        286745.37000
 594        288723.14000
 595        290714.57000
 596        292719.77000
 597        294738.83000
 598        296771.84000
 599        298818.89000
 600        300880.10000
 601        302955.55000
 602        305045.35000
 603        307149.58000
 604        309268.36000
 605        311401.77000
 606        313549.93000
 607        315712.94000
 608        317890.89000
 609        320083.89000
 610        322292.04000
 611        324515.45000
 612        326754.23000
 613        329008.47000
 614        331278.29000
 615        333563.79000
 616        335865.07000
 617        338182.26000
 618        340515.46000
 619        342864.77000
 620        345230.32000
 621        347612.20000
 622        350010.54000
 623        352425.45000
 624        354857.03000
 625        357305.41000
 626        359770.71000
 627        362253.03000
 628        364752.49000
 629        367269.21000
 630        369803.32000
 631        372354.92000
 632        374924.15000
 633        377511.11000
 634        380115.94000
 635        382738.75000
 636        385379.67000
 637        388038.83000
 638        390716.34000
 639        393412.34000
 640        396126.95000
 641        398860.29000
 642        401612.51000
 643        404383.72000
 644        407174.05000
 645        409983.65000
 646        412812.63000
 647        415661.14000
 648        418529.30000
 649        421417.26000
 650        424325.14000
 651        427253.08000
 652        430201.23000
 653        433169.71000
 654        436158.68000
 655        439168.26000
 656        442198.59000
 657        445249.84000
 658        448322.12000
 659        451415.59000
 660        454530.40000
 661        457666.69000
 662        460824.60000
 663        464004.28000
 664        467205.89000
 665        470429.57000
 666        473675.47000
 667        476943.75000
 668        480234.56000
 669        483548.04000
 670        486884.37000
 671        490243.69000
 672        493626.15000
 673        497031.93000
 674        500461.17000
 675        503914.03000
 676        507390.69000
 677        510891.29000
 678        514416.01000
 679        517965.01000
 680        521538.44000
 681        525136.49000
 682        528759.32000
 683        532407.09000
 684        536079.98000
 685        539778.16000
 686        543501.80000
 687        547251.07000
 688        551026.15000
 689        554827.21000
 690        558654.43000
 691        562507.99000
 692        566388.07000
 693        570294.85000
 694        574228.51000
 695        578189.23000
 696        582177.19000
 697        586192.59000
 698        590235.61000
 699        594306.43000
 700        598405.24000
 701        602532.25000
 702        606687.63000
 703        610871.57000
 704        615084.29000
 705        619325.96000
 706        623596.78000
 707        627896.96000
 708        632226.70000
 709        636586.18000
 710        640975.62000
 711        645395.22000
 712        649845.19000
 713        654325.72000
 714        658837.03000
 715        663379.32000
 716        667952.80000
 717        672557.70000
 718        677194.21000
 719        681862.55000
 720        686562.95000
 721        691295.61000
 722        696060.75000
 723        700858.60000
 724        705689.38000
 725        710553.30000
 726        715450.60000
 727        720381.49000
 728        725346.22000
 729        730344.99000
 730        735378.05000
 731        740445.63000
 732        745547.96000
 733        750685.28000
 734        755857.81000
 735        761065.81000
 736        766309.51000
 737        771589.14000
 738        776904.96000
 739        782257.21000
 740        787646.13000
 741        793071.97000
 742        798534.98000
 743        804035.42000
 744        809573.52000
 745        815149.56000
 746        820763.77000
 747        826416.43000
 748        832107.79000
 749        837838.11000
 750        843607.66000
 751        849416.69000
 752        855265.48000
 753        861154.28000
 754        867083.38000
 755        873053.05000
 756        879063.54000
 757        885115.15000
 758        891208.15000
 759        897342.81000
 760        903519.42000
 761        909738.26000
 762        915999.61000
 763        922303.76000
 764        928651.00000
 765        935041.61000
 766        941475.89000
 767        947954.13000
 768        954476.63000
 769        961043.68000
 770        967655.58000
 771        974312.64000
 772        981015.16000
 773        987763.44000
 774        994557.79000
 775       1001398.50000
 776       1008285.90000
 777       1015220.40000
 778       1022202.10000
 779       1029231.50000
 780       1036308.80000
 781       1043434.40000
 782       1050608.60000
 783       1057831.70000
 784       1065104.10000
 785       1072426.10000
 786       1079798.00000
 787       1087220.10000
 788       1094692.90000
 789       1102216.50000
 790       1109791.40000
 791       1117418.00000
 792       1125096.40000
 793       1132827.20000
 794       1140610.70000
 795       1148447.10000
 796       1156336.90000
 797       1164280.40000
 798       1172278.00000
 799       1180330.00000
 800       1188436.90000
 801       1196598.80000
 802       1204816.40000
 803       1213089.80000
 804       1221419.50000
 805       1229805.90000
 806       1238249.30000
 807       1246750.10000
 808       1255308.70000
 809       1263925.40000
 810       1272600.80000
 811       1281335.10000
 812       1290128.80000
 813       1298982.20000
 814       1307895.70000
 815       1316869.80000
 816       1325904.90000
 817       1335001.30000
 818       1344159.40000
 819       1353379.80000
 820       1362662.70000
 821       1372008.70000
 822       1381418.00000
 823       1390891.30000
 824       1400428.70000
 825       1410030.90000
 826       1419698.30000
 827       1429431.10000
 828       1439230.00000
 829       1449095.30000
 830       1459027.50000
 831       1469027.10000
 832       1479094.40000
 833       1489229.90000
 834       1499434.00000
 835       1509707.40000
 836       1520050.30000
 837       1530463.20000
 838       1540946.70000
 839       1551501.10000
 840       1562127.00000
 841       1572824.90000
 842       1583595.10000
 843       1594438.20000
 844       1605354.70000
 845       1616345.00000
 846       1627409.70000
 847       1638549.20000
 848       1649764.10000
 849       1661054.70000
 850       1672421.70000
 851       1683865.60000
 852       1695386.70000
 853       1706985.80000
 854       1718663.20000
 855       1730419.50000
 856       1742255.20000
 857       1754170.80000
 858       1766166.90000
 859       1778244.00000
 860       1790402.60000
 861       1802643.30000
 862       1814966.70000
 863       1827373.10000
 864       1839863.30000
 865       1852437.70000
 866       1865097.00000
 867       1877841.60000
 868       1890672.10000
 869       1903589.20000
 870       1916593.30000
 871       1929685.10000
 872       1942865.10000
 873       1956133.90000
 874       1969492.10000
 875       1982940.30000
 876       1996479.10000
 877       2010109.00000
 878       2023830.70000
 879       2037644.80000
 880       2051551.80000
 881       2065552.50000
 882       2079647.30000
 883       2093837.00000
 884       2108122.20000
 885       2122503.40000
 886       2136981.30000
 887       2151556.60000
 888       2166229.90000
 889       2181001.80000
 890       2195872.90000
 891       2210844.00000
 892       2225915.70000
 893       2241088.70000
 894       2256363.50000
 895       2271741.00000
 896       2287221.70000
 897       2302806.30000
 898       2318495.50000
 899       2334290.00000
 900       2350190.60000
 901       2366197.80000
 902       2382312.30000
 903       2398535.00000
 904       2414866.50000
 905       2431307.40000
 906       2447858.60000
 907       2464520.70000
 908       2481294.50000
 909       2498180.70000
 910       2515180.10000
 911       2532293.30000
 912       2549521.10000
 913       2566864.30000
 914       2584323.70000
 915       2601899.90000
 916       2619593.70000
 917       2637406.00000
 918       2655337.50000
 919       2673388.90000
 920       2691561.10000
 921       2709854.80000
 922       2728270.80000
 923       2746810.00000
 924       2765473.10000
 925       2784261.00000
 926       2803174.40000
 927       2822214.10000
 928       2841381.10000
 929       2860676.10000
 930       2880100.00000
 931       2899653.50000
 932       2919337.60000
 933       2939153.10000
 934       2959100.90000
 935       2979181.70000
 936       2999396.50000
 937       3019746.20000
 938       3040231.60000
 939       3060853.60000
 940       3081613.10000
 941       3102511.00000
 942       3123548.20000
 943       3144725.60000
 944       3166044.10000
 945       3187504.50000
 946       3209108.00000
 947       3230855.30000
 948       3252747.40000
 949       3274785.30000
 950       3296969.80000
 951       3319302.00000
 952       3341782.80000
 953       3364413.20000
 954       3387194.10000
 955       3410126.50000
 956       3433211.40000
 957       3456449.70000
 958       3479842.60000
 959       3503390.90000
 960       3527095.70000
 961       3550958.00000
 962       3574978.80000
 963       3599159.10000
 964       3623500.00000
 965       3648002.50000
 966       3672667.70000
 967       3697496.50000
 968       3722490.20000
 969       3747649.60000
 970       3772976.00000
 971       3798470.30000
 972       3824133.70000
 973       3849967.30000
 974       3875972.10000
 975       3902149.20000
 976       3928499.90000
 977       3955025.10000
 978       3981726.00000
 979       4008603.80000
 980       4035659.60000
 981       4062894.50000
 982       4090309.70000
 983       4117906.30000
 984       4145685.60000
 985       4173648.60000
 986       4201796.70000
 987       4230130.90000
 988       4258652.50000
 989       4287362.60000
 990       4316262.60000
 991       4345353.60000
 992       4374636.70000
 993       4404113.40000
 994       4433784.80000
 995       4463652.20000
 996       4493716.70000
 997       4523979.80000
 998       4554442.70000
 999       4585106.60000
1000       4615972.80000
1001       4647042.70000
1002       4678317.50000
1003       4709798.60000
1004       4741487.30000
1005       4773384.90000
1006       4805492.80000
1007       4837812.20000
1008       4870344.60000
1009       4903091.40000
1010       4936053.80000
1011       4969233.40000
1012       5002631.40000
1013       5036249.20000
1014       5070088.40000
1015       5104150.20000
1016       5138436.20000
1017       5172947.70000
1018       5207686.20000
1019       5242653.10000
1020       5277850.00000
1021       5313278.20000
1022       5348939.20000
1023       5384834.70000
1024       5420965.90000
1025       5457334.50000
1026       5493941.90000
1027       5530789.80000
1028       5567879.50000
1029       5605212.70000
1030       5642790.90000
1031       5680615.70000
1032       5718688.60000
1033       5757011.30000
1034       5795585.20000
1035       5834412.10000
1036       5873493.50000
1037       5912831.10000
1038       5952426.50000
1039       5992281.30000
1040       6032397.10000
1041       6072775.70000
1042       6113418.70000
1043       6154327.80000
1044       6195504.60000
1045       6236951.00000
1046       6278668.50000
1047       6320659.00000
1048       6362924.10000
1049       6405465.60000
1050       6448285.30000
1051       6491384.80000
1052       6534766.10000
1053       6578430.90000
1054       6622380.90000
1055       6666618.00000
1056       6711144.10000
1057       6755960.80000
1058       6801070.20000
1059       6846474.00000
1060       6892174.10000
1061       6938172.40000
1062       6984470.70000
1063       7031071.10000
1064       7077975.30000
1065       7125185.30000
1066       7172703.00000
1067       7220530.50000
1068       7268669.60000
1069       7317122.30000
1070       7365890.60000
1071       7414976.40000
1072       7464381.90000
1073       7514109.00000
1074       7564159.80000
1075       7614536.20000
1076       7665240.40000
1077       7716274.50000
1078       7767640.40000
1079       7819340.30000
1080       7871376.30000
1081       7923750.50000
1082       7976465.10000
1083       8029522.20000
1084       8082923.90000
1085       8136672.50000
1086       8190770.00000
1087       8245218.80000
1088       8300021.00000
1089       8355178.90000
1090       8410694.60000
1091       8466570.50000
1092       8522808.70000
1093       8579411.70000
1094       8636381.60000
1095       8693720.80000
1096       8751431.60000
1097       8809516.30000
1098       8867977.40000
1099       8926817.00000
1100       8986037.70000
1101       9045641.80000
1102       9105631.70000
1103       9166009.90000
1104       9226778.80000
1105       9287940.70000
1106       9349498.30000
1107       9411454.00000
1108       9473810.20000
1109       9536569.50000
1110       9599734.40000
1111       9663307.40000
1112       9727291.20000
1113       9791688.20000
1114       9856501.10000
1115       9921732.40000
1116       9987384.80000
1117      10053461.00000
1118      10119963.00000
1119      10186895.00000
1120      10254258.00000
1121      10322056.00000
1122      10390291.00000
1123      10458965.00000
1124      10528082.00000
1125      10597645.00000
1126      10667656.00000
1127      10738117.00000
1128      10809033.00000
1129      10880405.00000
1130      10952236.00000
1131      11024530.00000
1132      11097289.00000
1133      11170515.00000
1134      11244213.00000
1135      11318385.00000
1136      11393034.00000
1137      11468162.00000
1138      11543774.00000
1139      11619871.00000
1140      11696457.00000
1141      11773535.00000
1142      11851108.00000
1143      11929179.00000
1144      12007751.00000
1145      12086827.00000
1146      12166411.00000
1147      12246505.00000
1148      12327113.00000
1149      12408238.00000
1150      12489883.00000
1151      12572051.00000
1152      12654746.00000
1153      12737970.00000
1154      12821728.00000
1155      12906022.00000
1156      12990856.00000
1157      13076233.00000
1158      13162157.00000
1159      13248630.00000
1160      13335656.00000
1161      13423240.00000
1162      13511383.00000
1163      13600090.00000
1164      13689364.00000
1165      13779209.00000
1166      13869627.00000
1167      13960624.00000
1168      14052201.00000
1169      14144364.00000
1170      14237114.00000
1171      14330457.00000
1172      14424396.00000
1173      14518934.00000
1174      14614075.00000
1175      14709823.00000
1176      14806182.00000
1177      14903154.00000
1178      15000745.00000
1179      15098958.00000
1180      15197797.00000
1181      15297265.00000
1182      15397367.00000
1183      15498106.00000
1184      15599487.00000
1185      15701513.00000
1186      15804188.00000
1187      15907516.00000
1188      16011501.00000
1189      16116148.00000
1190      16221461.00000
1191      16327442.00000
1192      16434098.00000
1193      16541431.00000
1194      16649445.00000
1195      16758146.00000
1196      16867537.00000
1197      16977623.00000
1198      17088408.00000
1199      17199895.00000
1200      17312090.00000
1201      17424997.00000
1202      17538620.00000
1203      17652963.00000
1204      17768031.00000
1205      17883828.00000
1206      18000360.00000
1207      18117629.00000
1208      18235641.00000
1209      18354401.00000
1210      18473913.00000
1211      18594181.00000
1212      18715210.00000
1213      18837005.00000
1214      18959571.00000
1215      19082912.00000
1216      19207033.00000
1217      19331938.00000
1218      19457633.00000
1219      19584123.00000
1220      19711411.00000
1221      19839504.00000
1222      19968405.00000
1223      20098121.00000
1224      20228655.00000
1225      20360013.00000
1226      20492200.00000
1227      20625221.00000
1228      20759081.00000
1229      20893785.00000
1230      21029338.00000
1231      21165746.00000
1232      21303014.00000
1233      21441146.00000
1234      21580148.00000
1235      21720026.00000
1236      21860785.00000
1237      22002430.00000
1238      22144966.00000
1239      22288399.00000
1240      22432735.00000
1241      22577978.00000
1242      22724135.00000
1243      22871210.00000
1244      23019210.00000
1245      23168141.00000
1246      23318007.00000
1247      23468814.00000
1248      23620568.00000
1249      23773276.00000
1250      23926942.00000
1251      24081572.00000
1252      24237173.00000
1253      24393750.00000
1254      24551309.00000
1255      24709856.00000
1256      24869397.00000
1257      25029938.00000
1258      25191485.00000
1259      25354045.00000
1260      25517622.00000
1261      25682224.00000
1262      25847857.00000
1263      26014526.00000
1264      26182239.00000
1265      26351001.00000
1266      26520819.00000
1267      26691699.00000
1268      26863648.00000
1269      27036671.00000
1270      27210776.00000
1271      27385969.00000
1272      27562257.00000
1273      27739646.00000
1274      27918142.00000
1275      28097753.00000
1276      28278486.00000
1277      28460346.00000
1278      28643341.00000
1279      28827477.00000
1280      29012762.00000
1281      29199202.00000
1282      29386805.00000
1283      29575577.00000
1284      29765525.00000
1285      29956657.00000
1286      30148979.00000
1287      30342498.00000
1288      30537223.00000
1289      30733160.00000
1290      30930316.00000
1291      31128698.00000
1292      31328315.00000
1293      31529173.00000
1294      31731280.00000
1295      31934643.00000
1296      32139271.00000
1297      32345170.00000
1298      32552347.00000
1299      32760812.00000
1300      32970571.00000
1301      33181632.00000
1302      33394004.00000
1303      33607693.00000
1304      33822708.00000
1305      34039057.00000
1306      34256747.00000
1307      34475787.00000
1308      34696184.00000
1309      34917948.00000
1310      35141086.00000
1311      35365605.00000
1312      35591516.00000
1313      35818825.00000
1314      36047541.00000
1315      36277672.00000
1316      36509228.00000
1317      36742216.00000
1318      36976645.00000
1319      37212524.00000
1320      37449861.00000
1321      37688664.00000
1322      37928944.00000
1323      38170708.00000
1324      38413965.00000
1325      38658724.00000
1326      38904995.00000
1327      39152785.00000
1328      39402105.00000
1329      39652963.00000
1330      39905368.00000
1331      40159330.00000
1332      40414858.00000
1333      40671961.00000
1334      40930648.00000
1335      41190930.00000
1336      41452814.00000
1337      41716312.00000
1338      41981432.00000
1339      42248184.00000
1340      42516578.00000
1341      42786623.00000
1342      43058330.00000
1343      43331708.00000
1344      43606766.00000
1345      43883516.00000
1346      44161967.00000
1347      44442129.00000
1348      44724012.00000
1349      45007626.00000
1350      45292982.00000
1351      45580090.00000
1352      45868960.00000
1353      46159603.00000
1354      46452030.00000
1355      46746250.00000
1356      47042274.00000
1357      47340113.00000
1358      47639778.00000
1359      47941279.00000
1360      48244628.00000
1361      48549835.00000
1362      48856911.00000
1363      49165868.00000
1364      49476715.00000
1365      49789465.00000
1366      50104129.00000
1367      50420718.00000
1368      50739242.00000
1369      51059715.00000
1370      51382147.00000
1371      51706549.00000
1372      52032934.00000
1373      52361312.00000
1374      52691696.00000
1375      53024098.00000
1376      53358529.00000
1377      53695001.00000
1378      54033526.00000
1379      54374117.00000
1380      54716785.00000
1381      55061543.00000
1382      55408402.00000
1383      55757376.00000
1384      56108477.00000
1385      56461716.00000
1386      56817107.00000
1387      57174663.00000
1388      57534395.00000
1389      57896317.00000
1390      58260441.00000
1391      58626781.00000
1392      58995350.00000
1393      59366160.00000
1394      59739224.00000
1395      60114556.00000
1396      60492169.00000
1397      60872077.00000
1398      61254292.00000
1399      61638829.00000
1400      62025700.00000
1401      62414920.00000
1402      62806502.00000
1403      63200460.00000
1404      63596808.00000
1405      63995560.00000
1406      64396729.00000
1407      64800331.00000
1408      65206378.00000
1409      65614886.00000
1410      66025869.00000
1411      66439341.00000
1412      66855316.00000
1413      67273810.00000
1414      67694837.00000
1415      68118411.00000
1416      68544548.00000
1417      68973262.00000
1418      69404569.00000
1419      69838483.00000
1420      70275020.00000
1421      70714195.00000
1422      71156022.00000
1423      71600519.00000
1424      72047700.00000
1425      72497580.00000
1426      72950176.00000
1427      73405503.00000
1428      73863577.00000
1429      74324414.00000
1430      74788030.00000
1431      75254441.00000
1432      75723663.00000
1433      76195713.00000
1434      76670607.00000
1435      77148361.00000
1436      77628993.00000
1437      78112518.00000
1438      78598954.00000
1439      79088316.00000
1440      79580624.00000
1441      80075892.00000
1442      80574139.00000
1443      81075381.00000
1444      81579637.00000
1445      82086922.00000
1446      82597256.00000
1447      83110655.00000
1448      83627137.00000
1449      84146721.00000
1450      84669423.00000
1451      85195262.00000
1452      85724255.00000
1453      86256422.00000
1454      86791781.00000
1455      87330349.00000
1456      87872146.00000
1457      88417190.00000
1458      88965499.00000
1459      89517093.00000
1460      90071990.00000
1461      90630210.00000
1462      91191771.00000
1463      91756693.00000
1464      92324995.00000
1465      92896696.00000
1466      93471817.00000
1467      94050376.00000
1468      94632394.00000
1469      95217890.00000
1470      95806884.00000
1471      96399397.00000
1472      96995449.00000
1473      97595059.00000
1474      98198249.00000
1475      98805038.00000
1476      99415448.00000
1477     100029500.00000
1478     100647210.00000
1479     101268610.00000
1480     101893710.00000
1481     102522540.00000
1482     103155110.00000
1483     103791450.00000
1484     104431580.00000
1485     105075520.00000
1486     105723300.00000
1487     106374930.00000
1488     107030440.00000
1489     107689850.00000
1490     108353180.00000
1491     109020450.00000
1492     109691690.00000
1493     110366920.00000
1494     111046160.00000
1495     111729440.00000
1496     112416770.00000
1497     113108190.00000
1498     113803710.00000
1499     114503360.00000
1500     115207160.00000
1501     115915130.00000
1502     116627310.00000
1503     117343700.00000
1504     118064340.00000
1505     118789260.00000
1506     119518470.00000
1507     120252000.00000
1508     120989870.00000
1509     121732110.00000
1510     122478750.00000
1511     123229800.00000
1512     123985300.00000
1513     124745270.00000
1514     125509730.00000
1515     126278710.00000
1516     127052240.00000
1517     127830340.00000
1518     128613040.00000
1519     129400360.00000
1520     130192330.00000
1521     130988980.00000
1522     131790330.00000
1523     132596410.00000
1524     133407240.00000
1525     134222860.00000
1526     135043290.00000
1527     135868560.00000
1528     136698690.00000
1529     137533710.00000
1530     138373660.00000
1531     139218550.00000
1532     140068410.00000
1533     140923290.00000
1534     141783190.00000
1535     142648150.00000
1536     143518210.00000
1537     144393380.00000
1538     145273700.00000
1539     146159190.00000
1540     147049890.00000
1541     147945830.00000
1542     148847030.00000
1543     149753520.00000
1544     150665340.00000
1545     151582510.00000
1546     152505060.00000
1547     153433030.00000
1548     154366440.00000
1549     155305330.00000
1550     156249720.00000
1551     157199650.00000
1552     158155150.00000
1553     159116250.00000
1554     160082980.00000
1555     161055380.00000
1556     162033470.00000
1557     163017280.00000
1558     164006850.00000
1559     165002220.00000
1560     166003410.00000
1561     167010450.00000
1562     168023390.00000
1563     169042240.00000
1564     170067060.00000
1565     171097860.00000
1566     172134680.00000
1567     173177560.00000
1568     174226530.00000
1569     175281630.00000
1570     176342880.00000
1571     177410330.00000
1572     178484000.00000
1573     179563940.00000
1574     180650170.00000
1575     181742740.00000
1576     182841680.00000
1577     183947020.00000
1578     185058800.00000
1579     186177050.00000
1580     187301820.00000
1581     188433140.00000
1582     189571040.00000
1583     190715560.00000
1584     191866750.00000
1585     193024620.00000
1586     194189240.00000
1587     195360620.00000
1588     196538810.00000
1589     197723850.00000
1590     198915770.00000
1591     200114610.00000
1592     201320420.00000
1593     202533230.00000
1594     203753070.00000
1595     204980000.00000
1596     206214040.00000
1597     207455240.00000
1598     208703640.00000
1599     209959270.00000
1600     211222190.00000
1601     212492420.00000
1602     213770010.00000
1603     215055000.00000
1604     216347430.00000
1605     217647340.00000
1606     218954780.00000
1607     220269780.00000
1608     221592390.00000
1609     222922650.00000
1610     224260600.00000
1611     225606280.00000
1612     226959740.00000
1613     228321030.00000
1614     229690170.00000
1615     231067230.00000
1616     232452230.00000
1617     233845240.00000
1618     235246280.00000
1619     236655400.00000
1620     238072650.00000
1621     239498080.00000
1622     240931730.00000
1623     242373640.00000
1624     243823860.00000
1625     245282440.00000
1626     246749420.00000
1627     248224840.00000
1628     249708770.00000
1629     251201230.00000
1630     252702290.00000
1631     254211980.00000
1632     255730350.00000
1633     257257460.00000
1634     258793350.00000
1635     260338060.00000
1636     261891660.00000
1637     263454180.00000
1638     265025670.00000
1639     266606190.00000
1640     268195790.00000
1641     269794500.00000
1642     271402400.00000
1643     273019520.00000
1644     274645910.00000
1645     276281630.00000
1646     277926730.00000
1647     279581260.00000
1648     281245270.00000
1649     282918810.00000
1650     284601940.00000
1651     286294710.00000
1652     287997170.00000
1653     289709380.00000
1654     291431380.00000
1655     293163230.00000
1656     294904990.00000
1657     296656710.00000
1658     298418440.00000
1659     300190250.00000
1660     301972180.00000
1661     303764280.00000
1662     305566630.00000
1663     307379260.00000
1664     309202250.00000
1665     311035640.00000
1666     312879490.00000
1667     314733860.00000
1668     316598800.00000
1669     318474380.00000
1670     320360660.00000
1671     322257680.00000
1672     324165510.00000
1673     326084210.00000
1674     328013840.00000
1675     329954450.00000
1676     331906120.00000
1677     333868890.00000
1678     335842830.00000
1679     337827990.00000
1680     339824450.00000
1681     341832260.00000
1682     343851480.00000
1683     345882180.00000
1684     347924420.00000
1685     349978250.00000
1686     352043760.00000
1687     354120990.00000
1688     356210010.00000
1689     358310880.00000
1690     360423680.00000
1691     362548460.00000
1692     364685290.00000
1693     366834230.00000
1694     368995360.00000
1695     371168730.00000
1696     373354420.00000
1697     375552490.00000
1698     377763000.00000
1699     379986030.00000
1700     382221650.00000
1701     384469910.00000
1702     386730900.00000
1703     389004670.00000
1704     391291300.00000
1705     393590860.00000
1706     395903410.00000
1707     398229040.00000
1708     400567800.00000
1709     402919780.00000
1710     405285030.00000
1711     407663640.00000
1712     410055670.00000
1713     412461200.00000
1714     414880300.00000
1715     417313050.00000
1716     419759510.00000
1717     422219760.00000
1718     424693890.00000
1719     427181950.00000
1720     429684030.00000
1721     432200200.00000
1722     434730540.00000
1723     437275120.00000
1724     439834020.00000
1725     442407330.00000
1726     444995100.00000
1727     447597440.00000
1728     450214400.00000
1729     452846080.00000
1730     455492540.00000
1731     458153880.00000
1732     460830160.00000
1733     463521480.00000
1734     466227900.00000
1735     468949520.00000
1736     471686410.00000
1737     474438660.00000
1738     477206350.00000
1739     479989560.00000
1740     482788370.00000
1741     485602870.00000
1742     488433140.00000
1743     491279270.00000
1744     494141350.00000
1745     497019450.00000
1746     499913660.00000
1747     502824070.00000
1748     505750770.00000
1749     508693850.00000
1750     511653390.00000
1751     514629470.00000
1752     517622200.00000
1753     520631650.00000
1754     523657920.00000
1755     526701090.00000
1756     529761270.00000
1757     532838530.00000
1758     535932970.00000
1759     539044680.00000
1760     542173760.00000
1761     545320290.00000
1762     548484370.00000
1763     551666100.00000
1764     554865560.00000
1765     558082850.00000
1766     561318070.00000
1767     564571320.00000
1768     567842680.00000
1769     571132260.00000
1770     574440150.00000
1771     577766450.00000
1772     581111250.00000
1773     584474670.00000
1774     587856790.00000
1775     591257720.00000
1776     594677550.00000
1777     598116380.00000
1778     601574330.00000
1779     605051480.00000
1780     608547940.00000
1781     612063810.00000
1782     615599210.00000
1783     619154220.00000
1784     622728950.00000
1785     626323520.00000
1786     629938020.00000
1787     633572550.00000
1788     637227240.00000
1789     640902180.00000
1790     644597470.00000
1791     648313240.00000
1792     652049580.00000
1793     655806610.00000
1794     659584440.00000
1795     663383170.00000
1796     667202910.00000
1797     671043790.00000
1798     674905900.00000
1799     678789360.00000
1800     682694290.00000
1801     686620800.00000
1802     690568990.00000
1803     694539000.00000
1804     698530930.00000
1805     702544890.00000
1806     706581010.00000
1807     710639400.00000
1808     714720180.00000
1809     718823460.00000
1810     722949370.00000
1811     727098030.00000
1812     731269550.00000
1813     735464060.00000
1814     739681670.00000
1815     743922510.00000
1816     748186700.00000
1817     752474360.00000
1818     756785630.00000
1819     761120610.00000
1820     765479440.00000
1821     769862240.00000
1822     774269140.00000
1823     778700260.00000
1824     783155730.00000
1825     787635690.00000
1826     792140250.00000
1827     796669550.00000
1828     801223720.00000
1829     805802890.00000
1830     810407180.00000
1831     815036740.00000
1832     819691690.00000
1833     824372170.00000
1834     829078310.00000
1835     833810250.00000
1836     838568110.00000
1837     843352050.00000
1838     848162180.00000
1839     852998660.00000
1840     857861610.00000
1841     862751180.00000
1842     867667510.00000
1843     872610740.00000
1844     877581000.00000
1845     882578440.00000
1846     887603200.00000
1847     892655420.00000
1848     897735250.00000
1849     902842830.00000
1850     907978310.00000
1851     913141830.00000
1852     918333540.00000
1853     923553580.00000
1854     928802110.00000
1855     934079260.00000
1856     939385200.00000
1857     944720070.00000
1858     950084030.00000
1859     955477210.00000
1860     960899780.00000
1861     966351890.00000
1862     971833700.00000
1863     977345350.00000
1864     982887000.00000
1865     988458820.00000
1866     994060940.00000
1867     999693550.00000
1868    1005356800.00000
1869    1011050800.00000
1870    1016775800.00000
1871    1022531900.00000
1872    1028319200.00000
1873    1034138000.00000
1874    1039988400.00000
1875    1045870600.00000
1876    1051784700.00000
1877    1057730900.00000
1878    1063709300.00000
1879    1069720200.00000
1880    1075763700.00000
1881    1081839900.00000
1882    1087949100.00000
1883    1094091300.00000
1884    1100266900.00000
1885    1106475900.00000
1886    1112718500.00000
1887    1118994900.00000
1888    1125305300.00000
1889    1131649800.00000
1890    1138028700.00000
1891    1144442100.00000
1892    1150890100.00000
1893    1157373000.00000
1894    1163890900.00000
1895    1170444100.00000
1896    1177032600.00000
1897    1183656800.00000
1898    1190316700.00000
1899    1197012600.00000
1900    1203744600.00000
1901    1210512900.00000
1902    1217317700.00000
1903    1224159300.00000
1904    1231037700.00000
1905    1237953200.00000
1906    1244906000.00000
1907    1251896200.00000
1908    1258924100.00000
1909    1265989800.00000
1910    1273093600.00000
1911    1280235700.00000
1912    1287416100.00000
1913    1294635200.00000
1914    1301893100.00000
1915    1309190100.00000
1916    1316526300.00000
1917    1323901900.00000
1918    1331317200.00000
1919    1338772300.00000
1920    1346267400.00000
1921    1353802800.00000
1922    1361378700.00000
1923    1368995200.00000
1924    1376652600.00000
1925    1384351100.00000
1926    1392090900.00000
1927    1399872100.00000
1928    1407695100.00000
1929    1415560100.00000
1930    1423467100.00000
1931    1431416600.00000
1932    1439408600.00000
1933    1447443400.00000
1934    1455521200.00000
1935    1463642200.00000
1936    1471806800.00000
1937    1480015000.00000
1938    1488267000.00000
1939    1496563300.00000
1940    1504903800.00000
1941    1513289000.00000
1942    1521718900.00000
1943    1530193900.00000
1944    1538714200.00000
1945    1547279900.00000
1946    1555891400.00000
1947    1564548800.00000
1948    1573252500.00000
1949    1582002500.00000
1950    1590799300.00000
1951    1599642900.00000
1952    1608533700.00000
1953    1617471800.00000
1954    1626457600.00000
1955    1635491300.00000
1956    1644573000.00000
1957    1653703200.00000
1958    1662881900.00000
1959    1672109400.00000
1960    1681386100.00000
1961    1690712100.00000
1962    1700087700.00000
1963    1709513200.00000
1964    1718988700.00000
1965    1728514700.00000
1966    1738091200.00000
1967    1747718600.00000
1968    1757397100.00000
1969    1767127000.00000
1970    1776908600.00000
1971    1786742100.00000
1972    1796627700.00000
1973    1806565800.00000
1974    1816556500.00000
1975    1826600300.00000
1976    1836697300.00000
1977    1846847800.00000
1978    1857052000.00000
1979    1867310300.00000
1980    1877623000.00000
1981    1887990200.00000
1982    1898412300.00000
1983    1908889600.00000
1984    1919422300.00000
1985    1930010700.00000
1986    1940655100.00000
1987    1951355700.00000
1988    1962113000.00000
1989    1972927000.00000
1990    1983798200.00000
1991    1994726800.00000
1992    2005713200.00000
1993    2016757500.00000
1994    2027860100.00000
1995    2039021300.00000
1996    2050241400.00000
1997    2061520600.00000
1998    2072859400.00000
1999    2084257900.00000
2000    2095716500.00000
2001    2107235400.00000
2002    2118815100.00000
2003    2130455700.00000
2004    2142157600.00000
2005    2153921100.00000
2006    2165746600.00000
2007    2177634200.00000
2008    2189584400.00000
2009    2201597400.00000
2010    2213673600.00000
2011    2225813300.00000
2012    2238016800.00000
2013    2250284400.00000
2014    2262616500.00000
2015    2275013300.00000
2016    2287475200.00000
2017    2300002500.00000
2018    2312595500.00000
2019    2325254700.00000
2020    2337980200.00000
2021    2350772500.00000
2022    2363631800.00000
2023    2376558600.00000
2024    2389553100.00000
2025    2402615700.00000
2026    2415746700.00000
2027    2428946400.00000
2028    2442215300.00000
2029    2455553700.00000
2030    2468961800.00000
2031    2482440100.00000
2032    2495988900.00000
2033    2509608500.00000
2034    2523299400.00000
2035    2537061800.00000
2036    2550896100.00000
2037    2564802700.00000
2038    2578781900.00000
2039    2592834200.00000
2040    2606959800.00000
2041    2621159100.00000
2042    2635432600.00000
2043    2649780500.00000
2044    2664203200.00000
2045    2678701100.00000
2046    2693274700.00000
2047    2707924200.00000
2048    2722650000.00000
2049    2737452600.00000
2050    2752332200.00000
2051    2767289300.00000
2052    2782324300.00000
2053    2797437600.00000
2054    2812629500.00000
2055    2827900400.00000
2056    2843250800.00000
2057    2858680900.00000
2058    2874191300.00000
2059    2889782300.00000
2060    2905454400.00000
2061    2921207800.00000
2062    2937043000.00000
2063    2952960500.00000
2064    2968960600.00000
2065    2985043800.00000
2066    3001210400.00000
2067    3017460900.00000
2068    3033795700.00000
2069    3050215100.00000
2070    3066719700.00000
2071    3083309800.00000
2072    3099985900.00000
2073    3116748400.00000
2074    3133597700.00000
2075    3150534200.00000
2076    3167558400.00000
2077    3184670700.00000
2078    3201871500.00000
2079    3219161400.00000
2080    3236540600.00000
2081    3254009700.00000
2082    3271569200.00000
2083    3289219300.00000
2084    3306960700.00000
2085    3324793700.00000
2086    3342718800.00000
2087    3360736500.00000
2088    3378847100.00000
2089    3397051300.00000
2090    3415349300.00000
2091    3433741800.00000
2092    3452229100.00000
2093    3470811700.00000
2094    3489490100.00000
2095    3508264800.00000
2096    3527136200.00000
2097    3546104800.00000
2098    3565171100.00000
2099    3584335600.00000
2100    3603598700.00000
2101    3622961000.00000
2102    3642422900.00000
2103    3661984900.00000
2104    3681647400.00000
2105    3701411100.00000
2106    3721276400.00000
2107    3741243800.00000
2108    3761313700.00000
2109    3781486700.00000
2110    3801763400.00000
2111    3822144100.00000
2112    3842629500.00000
2113    3863220000.00000
2114    3883916100.00000
2115    3904718400.00000
2116    3925627300.00000
2117    3946643500.00000
2118    3967767400.00000
2119    3988999500.00000
2120    4010340400.00000
2121    4031790700.00000
2122    4053350700.00000
2123    4075021200.00000
2124    4096802600.00000
2125    4118695400.00000
2126    4140700300.00000
2127    4162817700.00000
2128    4185048200.00000
2129    4207392300.00000
2130    4229850700.00000
2131    4252423800.00000
2132    4275112300.00000
2133    4297916700.00000
2134    4320837500.00000
2135    4343875300.00000
2136    4367030700.00000
2137    4390304300.00000
2138    4413696600.00000
2139    4437208200.00000
2140    4460839700.00000
2141    4484591700.00000
2142    4508464800.00000
2143    4532459500.00000
2144    4556576400.00000
2145    4580816200.00000
2146    4605179500.00000
2147    4629666700.00000
2148    4654278600.00000
2149    4679015800.00000
2150    4703878700.00000
2151    4728868200.00000
2152    4753984700.00000
2153    4779228900.00000
2154    4804601400.00000
2155    4830102900.00000
2156    4855733900.00000
2157    4881495100.00000
2158    4907387100.00000
2159    4933410600.00000
2160    4959566100.00000
2161    4985854300.00000
2162    5012276000.00000
2163    5038831600.00000
2164    5065521900.00000
2165    5092347500.00000
2166    5119309100.00000
2167    5146407300.00000
2168    5173642700.00000
2169    5201016100.00000
2170    5228528200.00000
2171    5256179500.00000
2172    5283970700.00000
2173    5311902600.00000
2174    5339975800.00000
2175    5368191000.00000
2176    5396548800.00000
2177    5425050100.00000
2178    5453695300.00000
2179    5482485400.00000
2180    5511420800.00000
2181    5540502400.00000
2182    5569730900.00000
2183    5599106900.00000
2184    5628631200.00000
2185    5658304400.00000
2186    5688127400.00000
2187    5718100700.00000
2188    5748225200.00000
2189    5778501600.00000
2190    5808930600.00000
2191    5839512900.00000
2192    5870249200.00000
2193    5901140400.00000
2194    5932187100.00000
2195    5963390200.00000
2196    5994750200.00000
2197    6026268100.00000
2198    6057944500.00000
2199    6089780300.00000
2200    6121776100.00000
2201    6153932800.00000
2202    6186251100.00000
2203    6218731700.00000
2204    6251375600.00000
2205    6284183400.00000
2206    6317156000.00000
2207    6350294100.00000
2208    6383598500.00000
2209    6417070000.00000
2210    6450709400.00000
2211    6484517600.00000
2212    6518495300.00000
2213    6552643300.00000
2214    6586962500.00000
2215    6621453600.00000
2216    6656117500.00000
2217    6690955100.00000
2218    6725967000.00000
2219    6761154300.00000
2220    6796517700.00000
2221    6832058000.00000
2222    6867776100.00000
2223    6903672900.00000
2224    6939749200.00000
2225    6976005800.00000
2226    7012443600.00000
2227    7049063500.00000
2228    7085866400.00000
2229    7122853000.00000
2230    7160024400.00000
2231    7197381300.00000
2232    7234924700.00000
2233    7272655400.00000
2234    7310574300.00000
2235    7348682400.00000
2236    7386980400.00000
2237    7425469500.00000
2238    7464150300.00000
2239    7503023900.00000
2240    7542091100.00000
2241    7581353000.00000
2242    7620810300.00000
2243    7660464100.00000
2244    7700315200.00000
2245    7740364600.00000
2246    7780613300.00000
2247    7821062200.00000
2248    7861712200.00000
2249    7902564200.00000
2250    7943619400.00000
2251    7984878500.00000
2252    8026342600.00000
2253    8068012700.00000
2254    8109889600.00000
2255    8151974500.00000
2256    8194268300.00000
2257    8236771900.00000
2258    8279486400.00000
2259    8322412700.00000
2260    8365551900.00000
2261    8408905000.00000
2262    8452472900.00000
2263    8496256800.00000
2264    8540257600.00000
2265    8584476200.00000
2266    8628913900.00000
2267    8673571600.00000
2268    8718450300.00000
2269    8763551000.00000
2270    8808874900.00000
2271    8854423000.00000
2272    8900196300.00000
2273    8946195900.00000
2274    8992422900.00000
2275    9038878300.00000
2276    9085563200.00000
2277    9132478700.00000
2278    9179625900.00000
2279    9227005900.00000
2280    9274619700.00000
2281    9322468500.00000
2282    9370553300.00000
2283    9418875300.00000
2284    9467435600.00000
2285    9516235300.00000
2286    9565275600.00000
2287    9614557500.00000
2288    9664082200.00000
2289    9713850900.00000
2290    9763864600.00000
2291    9814124600.00000
2292    9864631900.00000
2293    9915387800.00000
2294    9966393500.00000
2295   10017650000.00000
2296   10069159000.00000
2297   10120920000.00000
2298   10172937000.00000
2299   10225208000.00000
2300   10277737000.00000
2301   10330524000.00000
2302   10383570000.00000
2303   10436876000.00000
2304   10490444000.00000
2305   10544275000.00000
2306   10598370000.00000
2307   10652731000.00000
2308   10707357000.00000
2309   10762252000.00000
2310   10817416000.00000
2311   10872850000.00000
2312   10928556000.00000
2313   10984535000.00000
2314   11040788000.00000
2315   11097316000.00000
2316   11154121000.00000
2317   11211204000.00000
2318   11268566000.00000
2319   11326209000.00000
2320   11384134000.00000
2321   11442342000.00000
2322   11500834000.00000
2323   11559613000.00000
2324   11618678000.00000
2325   11678032000.00000
2326   11737676000.00000
2327   11797612000.00000
2328   11857839000.00000
2329   11918361000.00000
2330   11979178000.00000
2331   12040292000.00000
2332   12101704000.00000
2333   12163415000.00000
2334   12225427000.00000
2335   12287741000.00000
2336   12350359000.00000
2337   12413282000.00000
2338   12476511000.00000
2339   12540048000.00000
2340   12603895000.00000
2341   12668052000.00000
2342   12732522000.00000
2343   12797305000.00000
2344   12862403000.00000
2345   12927818000.00000
2346   12993551000.00000
2347   13059603000.00000
2348   13125976000.00000
2349   13192672000.00000
2350   13259691000.00000
2351   13327036000.00000
2352   13394708000.00000
2353   13462709000.00000
2354   13531039000.00000
2355   13599701000.00000
2356   13668696000.00000
2357   13738025000.00000
2358   13807691000.00000
2359   13877694000.00000
2360   13948036000.00000
2361   14018720000.00000
2362   14089745000.00000
2363   14161115000.00000
2364   14232830000.00000
2365   14304892000.00000
2366   14377303000.00000
2367   14450064000.00000
2368   14523178000.00000
2369   14596644000.00000
2370   14670466000.00000
2371   14744645000.00000
2372   14819182000.00000
2373   14894080000.00000
2374   14969339000.00000
2375   15044962000.00000
2376   15120949000.00000
2377   15197304000.00000
2378   15274027000.00000
2379   15351120000.00000
2380   15428585000.00000
2381   15506424000.00000
2382   15584638000.00000
2383   15663229000.00000
2384   15742198000.00000
2385   15821549000.00000
2386   15901281000.00000
2387   15981397000.00000
2388   16061900000.00000
2389   16142789000.00000
2390   16224068000.00000
2391   16305738000.00000
2392   16387801000.00000
2393   16470259000.00000
2394   16553113000.00000
2395   16636366000.00000
2396   16720018000.00000
2397   16804073000.00000
2398   16888531000.00000
2399   16973395000.00000
2400   17058666000.00000
2401   17144347000.00000
2402   17230439000.00000
2403   17316944000.00000
2404   17403864000.00000
2405   17491201000.00000
2406   17578957000.00000
2407   17667134000.00000
2408   17755733000.00000
2409   17844757000.00000
2410   17934207000.00000
2411   18024085000.00000
2412   18114395000.00000
2413   18205136000.00000
2414   18296312000.00000
2415   18387924000.00000
2416   18479974000.00000
2417   18572465000.00000
2418   18665398000.00000
2419   18758775000.00000
2420   18852599000.00000
2421   18946870000.00000
2422   19041593000.00000
2423   19136768000.00000
2424   19232397000.00000
2425   19328483000.00000
2426   19425028000.00000
2427   19522033000.00000
2428   19619501000.00000
2429   19717434000.00000
2430   19815834000.00000
2431   19914704000.00000
2432   20014044000.00000
2433   20113858000.00000
2434   20214148000.00000
2435   20314915000.00000
2436   20416163000.00000
2437   20517892000.00000
2438   20620106000.00000
2439   20722806000.00000
2440   20825995000.00000
2441   20929675000.00000
2442   21033848000.00000
2443   21138516000.00000
2444   21243682000.00000
2445   21349347000.00000
2446   21455515000.00000
2447   21562187000.00000
2448   21669366000.00000
2449   21777053000.00000
2450   21885252000.00000
2451   21993965000.00000
2452   22103193000.00000
2453   22212940000.00000
2454   22323207000.00000
2455   22433997000.00000
2456   22545312000.00000
2457   22657155000.00000
2458   22769528000.00000
2459   22882434000.00000
2460   22995874000.00000
2461   23109851000.00000
2462   23224368000.00000
2463   23339427000.00000
2464   23455031000.00000
2465   23571182000.00000
2466   23687882000.00000
2467   23805134000.00000
2468   23922940000.00000
2469   24041303000.00000
2470   24160226000.00000
2471   24279710000.00000
2472   24399759000.00000
2473   24520375000.00000
2474   24641561000.00000
2475   24763318000.00000
2476   24885650000.00000
2477   25008560000.00000
2478   25132049000.00000
2479   25256121000.00000
2480   25380777000.00000
2481   25506022000.00000
2482   25631857000.00000
2483   25758284000.00000
2484   25885308000.00000
2485   26012929000.00000
2486   26141152000.00000
2487   26269978000.00000
2488   26399411000.00000
2489   26529452000.00000
2490   26660106000.00000
2491   26791374000.00000
2492   26923260000.00000
2493   27055765000.00000
2494   27188893000.00000
2495   27322647000.00000
2496   27457030000.00000
2497   27592043000.00000
2498   27727691000.00000
2499   27863976000.00000
2500   28000900000.00000
2501   28138467000.00000
2502   28276680000.00000
2503   28415540000.00000
2504   28555053000.00000
2505   28695219000.00000
2506   28836042000.00000
2507   28977525000.00000
2508   29119672000.00000
2509   29262484000.00000
2510   29405965000.00000
2511   29550118000.00000
2512   29694946000.00000
2513   29840452000.00000
2514   29986638000.00000
2515   30133509000.00000
2516   30281066000.00000
2517   30429314000.00000
2518   30578254000.00000
2519   30727891000.00000
2520   30878227000.00000
2521   31029266000.00000
2522   31181010000.00000
2523   31333462000.00000
2524   31486627000.00000
2525   31640506000.00000
2526   31795103000.00000
2527   31950422000.00000
2528   32106466000.00000
2529   32263237000.00000
2530   32420739000.00000
2531   32578975000.00000
2532   32737949000.00000
2533   32897663000.00000
2534   33058122000.00000
2535   33219328000.00000
2536   33381284000.00000
2537   33543995000.00000
2538   33707463000.00000
2539   33871691000.00000
2540   34036684000.00000
2541   34202443000.00000
2542   34368974000.00000
2543   34536279000.00000
2544   34704362000.00000
2545   34873226000.00000
2546   35042874000.00000
2547   35213310000.00000
2548   35384538000.00000
2549   35556561000.00000
2550   35729382000.00000
2551   35903005000.00000
2552   36077434000.00000
2553   36252672000.00000
2554   36428723000.00000
2555   36605590000.00000
2556   36783277000.00000
2557   36961787000.00000
2558   37141125000.00000
2559   37321293000.00000
2560   37502296000.00000
2561   37684137000.00000
2562   37866819000.00000
2563   38050348000.00000
2564   38234725000.00000
2565   38419956000.00000
2566   38606043000.00000
2567   38792991000.00000
2568   38980803000.00000
2569   39169483000.00000
2570   39359035000.00000
2571   39549463000.00000
2572   39740770000.00000
2573   39932961000.00000
2574   40126040000.00000
2575   40320009000.00000
2576   40514874000.00000
2577   40710638000.00000
2578   40907305000.00000
2579   41104879000.00000
2580   41303364000.00000
2581   41502764000.00000
2582   41703083000.00000
2583   41904325000.00000
2584   42106494000.00000
2585   42309594000.00000
2586   42513629000.00000
2587   42718604000.00000
2588   42924522000.00000
2589   43131388000.00000
2590   43339206000.00000
2591   43547979000.00000
2592   43757712000.00000
2593   43968410000.00000
2594   44180076000.00000
2595   44392715000.00000
2596   44606331000.00000
2597   44820928000.00000
2598   45036511000.00000
2599   45253084000.00000
2600   45470650000.00000
2601   45689215000.00000
2602   45908784000.00000
2603   46129359000.00000
2604   46350946000.00000
2605   46573549000.00000
2606   46797172000.00000
2607   47021821000.00000
2608   47247499000.00000
2609   47474210000.00000
2610   47701961000.00000
2611   47930754000.00000
2612   48160594000.00000
2613   48391487000.00000
2614   48623436000.00000
2615   48856446000.00000
2616   49090523000.00000
2617   49325669000.00000
2618   49561891000.00000
2619   49799193000.00000
2620   50037579000.00000
2621   50277055000.00000
2622   50517624000.00000
2623   50759292000.00000
2624   51002064000.00000
2625   51245943000.00000
2626   51490936000.00000
2627   51737047000.00000
2628   51984281000.00000
2629   52232642000.00000
2630   52482136000.00000
2631   52732767000.00000
2632   52984541000.00000
2633   53237462000.00000
2634   53491535000.00000
2635   53746765000.00000
2636   54003158000.00000
2637   54260719000.00000
2638   54519451000.00000
2639   54779361000.00000
2640   55040454000.00000
2641   55302735000.00000
2642   55566208000.00000
2643   55830879000.00000
2644   56096754000.00000
2645   56363837000.00000
2646   56632133000.00000
2647   56901649000.00000
2648   57172388000.00000
2649   57444357000.00000
2650   57717561000.00000
2651   57992004000.00000
2652   58267693000.00000
2653   58544633000.00000
2654   58822830000.00000
2655   59102287000.00000
2656   59383012000.00000
2657   59665009000.00000
2658   59948285000.00000
2659   60232843000.00000
2660   60518691000.00000
2661   60805834000.00000
2662   61094276000.00000
2663   61384025000.00000
2664   61675084000.00000
2665   61967461000.00000
2666   62261161000.00000
2667   62556189000.00000
2668   62852551000.00000
2669   63150253000.00000
2670   63449300000.00000
2671   63749699000.00000
2672   64051455000.00000
2673   64354575000.00000
2674   64659063000.00000
2675   64964926000.00000
2676   65272169000.00000
2677   65580799000.00000
2678   65890822000.00000
2679   66202243000.00000
2680   66515069000.00000
2681   66829306000.00000
2682   67144959000.00000
2683   67462034000.00000
2684   67780539000.00000
2685   68100478000.00000
2686   68421859000.00000
2687   68744686000.00000
2688   69068967000.00000
2689   69394708000.00000
2690   69721915000.00000
2691   70050594000.00000
2692   70380751000.00000
2693   70712393000.00000
2694   71045527000.00000
2695   71380158000.00000
2696   71716292000.00000
2697   72053937000.00000
2698   72393099000.00000
2699   72733785000.00000
2700   73076000000.00000
2701   73419751000.00000
2702   73765045000.00000
2703   74111889000.00000
2704   74460289000.00000
2705   74810252000.00000
2706   75161784000.00000
2707   75514892000.00000
2708   75869583000.00000
2709   76225863000.00000
2710   76583740000.00000
2711   76943220000.00000
2712   77304310000.00000
2713   77667017000.00000
2714   78031347000.00000
2715   78397309000.00000
2716   78764907000.00000
2717   79134150000.00000
2718   79505045000.00000
2719   79877599000.00000
2720   80251817000.00000
2721   80627709000.00000
2722   81005280000.00000
2723   81384539000.00000
2724   81765491000.00000
2725   82148145000.00000
2726   82532507000.00000
2727   82918585000.00000
2728   83306387000.00000
2729   83695918000.00000
2730   84087187000.00000
2731   84480202000.00000
2732   84874968000.00000
2733   85271495000.00000
2734   85669789000.00000
2735   86069858000.00000
2736   86471710000.00000
2737   86875351000.00000
2738   87280790000.00000
2739   87688034000.00000
2740   88097091000.00000
2741   88507968000.00000
2742   88920674000.00000
2743   89335215000.00000
2744   89751600000.00000
2745   90169837000.00000
2746   90589932000.00000
2747   91011895000.00000
2748   91435733000.00000
2749   91861454000.00000
2750   92289066000.00000
2751   92718577000.00000
2752   93149994000.00000
2753   93583327000.00000
2754   94018583000.00000
2755   94455770000.00000
2756   94894896000.00000
2757   95335969000.00000
2758   95778999000.00000
2759   96223992000.00000
2760   96670958000.00000
2761   97119904000.00000
2762   97570839000.00000
2763   98023771000.00000
2764   98478709000.00000
2765   98935661000.00000
2766   99394636000.00000
2767   99855642000.00000
2768  100318690000.00000
2769  100783780000.00000
2770  101250930000.00000
2771  101720150000.00000
2772  102191440000.00000
2773  102664810000.00000
2774  103140280000.00000
2775  103617840000.00000
2776  104097520000.00000
2777  104579310000.00000
2778  105063230000.00000
2779  105549280000.00000
2780  106037480000.00000
2781  106527840000.00000
2782  107020360000.00000
2783  107515050000.00000
2784  108011920000.00000
2785  108510980000.00000
2786  109012240000.00000
2787  109515710000.00000
2788  110021390000.00000
2789  110529310000.00000
2790  111039460000.00000
2791  111551850000.00000
2792  112066510000.00000
2793  112583420000.00000
2794  113102610000.00000
2795  113624090000.00000
2796  114147860000.00000
2797  114673930000.00000
2798  115202310000.00000
2799  115733010000.00000
2800  116266050000.00000
2801  116801430000.00000
2802  117339160000.00000
2803  117879250000.00000
2804  118421710000.00000
2805  118966560000.00000
2806  119513790000.00000
2807  120063430000.00000
2808  120615470000.00000
2809  121169940000.00000
2810  121726840000.00000
2811  122286180000.00000
2812  122847970000.00000
2813  123412220000.00000
2814  123978940000.00000
2815  124548150000.00000
2816  125119840000.00000
2817  125694050000.00000
2818  126270760000.00000
2819  126850000000.00000
2820  127431770000.00000
2821  128016090000.00000
2822  128602960000.00000
2823  129192390000.00000
2824  129784410000.00000
2825  130379010000.00000
2826  130976210000.00000
2827  131576020000.00000
2828  132178450000.00000
2829  132783510000.00000
2830  133391210000.00000
2831  134001560000.00000
2832  134614570000.00000
2833  135230260000.00000
2834  135848640000.00000
2835  136469710000.00000
2836  137093490000.00000
2837  137719990000.00000
2838  138349220000.00000
2839  138981190000.00000
2840  139615920000.00000
2841  140253410000.00000
2842  140893670000.00000
2843  141536720000.00000
2844  142182580000.00000
2845  142831240000.00000
2846  143482720000.00000
2847  144137040000.00000
2848  144794200000.00000
2849  145454220000.00000
2850  146117110000.00000
2851  146782880000.00000
2852  147451540000.00000
2853  148123110000.00000
2854  148797600000.00000
2855  149475010000.00000
2856  150155360000.00000
2857  150838670000.00000
2858  151524940000.00000
2859  152214190000.00000
2860  152906430000.00000
2861  153601670000.00000
2862  154299930000.00000
2863  155001210000.00000
2864  155705540000.00000
2865  156412910000.00000
2866  157123350000.00000
2867  157836860000.00000
2868  158553470000.00000
2869  159273180000.00000
2870  159996000000.00000
2871  160721950000.00000
2872  161451040000.00000
2873  162183290000.00000
2874  162918700000.00000
2875  163657290000.00000
2876  164399080000.00000
2877  165144070000.00000
2878  165892280000.00000
2879  166643720000.00000
2880  167398410000.00000
2881  168156350000.00000
2882  168917570000.00000
2883  169682080000.00000
2884  170449880000.00000
2885  171221000000.00000
2886  171995440000.00000
2887  172773220000.00000
2888  173554360000.00000
2889  174338860000.00000
2890  175126750000.00000
2891  175918030000.00000
2892  176712720000.00000
2893  177510830000.00000
2894  178312380000.00000
2895  179117380000.00000
2896  179925840000.00000
2897  180737790000.00000
2898  181553230000.00000
2899  182372170000.00000
2900  183194640000.00000
2901  184020640000.00000
2902  184850200000.00000
2903  185683320000.00000
2904  186520020000.00000
2905  187360320000.00000
2906  188204220000.00000
2907  189051750000.00000
2908  189902920000.00000
2909  190757740000.00000
2910  191616230000.00000
2911  192478400000.00000
2912  193344280000.00000
2913  194213860000.00000
2914  195087180000.00000
2915  195964240000.00000
2916  196845060000.00000
2917  197729650000.00000
2918  198618030000.00000
2919  199510220000.00000
2920  200406230000.00000
2921  201306080000.00000
2922  202209780000.00000
2923  203117340000.00000
2924  204028790000.00000
2925  204944140000.00000
2926  205863400000.00000
2927  206786600000.00000
2928  207713740000.00000
2929  208644840000.00000
2930  209579930000.00000
2931  210519010000.00000
2932  211462100000.00000
2933  212409220000.00000
2934  213360380000.00000
2935  214315600000.00000
2936  215274900000.00000
2937  216238300000.00000
2938  217205800000.00000
2939  218177430000.00000
2940  219153200000.00000
2941  220133140000.00000
2942  221117250000.00000
2943  222105560000.00000
2944  223098080000.00000
2945  224094820000.00000
2946  225095810000.00000
2947  226101060000.00000
2948  227110600000.00000
2949  228124430000.00000
2950  229142570000.00000
2951  230165050000.00000
2952  231191870000.00000
2953  232223070000.00000
2954  233258640000.00000
2955  234298620000.00000
2956  235343020000.00000
2957  236391860000.00000
2958  237445150000.00000
2959  238502920000.00000
2960  239565180000.00000
2961  240631950000.00000
2962  241703250000.00000
2963  242779090000.00000
2964  243859500000.00000
2965  244944490000.00000
2966  246034090000.00000
2967  247128300000.00000
2968  248227160000.00000
2969  249330670000.00000
2970  250438850000.00000
2971  251551740000.00000
2972  252669330000.00000
2973  253791660000.00000
2974  254918740000.00000
2975  256050600000.00000
2976  257187240000.00000
2977  258328690000.00000
2978  259474970000.00000
2979  260626100000.00000
2980  261782100000.00000
2981  262942990000.00000
2982  264108780000.00000
2983  265279500000.00000
2984  266455170000.00000
2985  267635800000.00000
2986  268821420000.00000
2987  270012040000.00000
2988  271207690000.00000
2989  272408390000.00000
2990  273614160000.00000
2991  274825010000.00000
2992  276040970000.00000
2993  277262060000.00000
2994  278488300000.00000
2995  279719700000.00000
2996  280956300000.00000
2997  282198100000.00000
2998  283445140000.00000
2999  284697430000.00000
3000  285955000000.00000
3001  287217860000.00000
3002  288486030000.00000
3003  289759540000.00000
3004  291038410000.00000
3005  292322660000.00000
3006  293612320000.00000
3007  294907390000.00000
3008  296207910000.00000
3009  297513890000.00000
3010  298825370000.00000
3011  300142350000.00000
3012  301464870000.00000
3013  302792940000.00000
3014  304126580000.00000
3015  305465830000.00000
3016  306810700000.00000
3017  308161200000.00000
3018  309517380000.00000
3019  310879240000.00000
3020  312246820000.00000
3021  313620130000.00000
3022  314999190000.00000
3023  316384030000.00000
3024  317774680000.00000
3025  319171150000.00000
3026  320573480000.00000
3027  321981670000.00000
3028  323395760000.00000
3029  324815770000.00000
3030  326241720000.00000
3031  327673640000.00000
3032  329111540000.00000
3033  330555460000.00000
3034  332005420000.00000
3035  333461440000.00000
3036  334923550000.00000
3037  336391760000.00000
3038  337866110000.00000
3039  339346620000.00000
3040  340833310000.00000
3041  342326210000.00000
3042  343825330000.00000
3043  345330720000.00000
3044  346842390000.00000
3045  348360360000.00000
3046  349884670000.00000
3047  351415330000.00000
3048  352952370000.00000
3049  354495820000.00000
3050  356045710000.00000
3051  357602050000.00000
3052  359164870000.00000
3053  360734200000.00000
3054  362310070000.00000
3055  363892500000.00000
3056  365481520000.00000
3057  367077140000.00000
3058  368679410000.00000
3059  370288340000.00000
3060  371903960000.00000
3061  373526300000.00000
3062  375155390000.00000
3063  376791240000.00000
3064  378433890000.00000
3065  380083370000.00000
3066  381739700000.00000
3067  383402910000.00000
3068  385073020000.00000
3069  386750070000.00000
3070  388434070000.00000
3071  390125070000.00000
3072  391823070000.00000
3073  393528120000.00000
3074  395240250000.00000
3075  396959470000.00000
3076  398685810000.00000
3077  400419310000.00000
3078  402160000000.00000
3079  403907890000.00000
3080  405663030000.00000
3081  407425430000.00000
3082  409195120000.00000
3083  410972150000.00000
3084  412756520000.00000
3085  414548280000.00000
3086  416347450000.00000
3087  418154060000.00000
3088  419968140000.00000
3089  421789730000.00000
3090  423618840000.00000
3091  425455500000.00000
3092  427299760000.00000
3093  429151630000.00000
3094  431011160000.00000
3095  432878350000.00000
3096  434753260000.00000
3097  436635910000.00000
3098  438526320000.00000
3099  440424530000.00000
3100  442330580000.00000
3101  444244480000.00000
3102  446166270000.00000
3103  448095990000.00000
3104  450033650000.00000
3105  451979300000.00000
3106  453932970000.00000
3107  455894680000.00000
3108  457864480000.00000
3109  459842380000.00000
3110  461828420000.00000
3111  463822630000.00000
3112  465825050000.00000
3113  467835710000.00000
3114  469854640000.00000
3115  471881870000.00000
3116  473917430000.00000
3117  475961360000.00000
3118  478013690000.00000
3119  480074450000.00000
3120  482143680000.00000
3121  484221400000.00000
3122  486307650000.00000
3123  488402470000.00000
3124  490505890000.00000
3125  492617940000.00000
3126  494738650000.00000
3127  496868070000.00000
3128  499006210000.00000
3129  501153120000.00000
3130  503308830000.00000
3131  505473380000.00000
3132  507646800000.00000
3133  509829120000.00000
3134  512020380000.00000
3135  514220610000.00000
3136  516429850000.00000
3137  518648140000.00000
3138  520875500000.00000
3139  523111980000.00000
3140  525357600000.00000
3141  527612420000.00000
3142  529876450000.00000
3143  532149730000.00000
3144  534432310000.00000
3145  536724220000.00000
3146  539025490000.00000
3147  541336170000.00000
3148  543656280000.00000
3149  545985860000.00000
3150  548324960000.00000
3151  550673600000.00000
3152  553031830000.00000
3153  555399670000.00000
3154  557777180000.00000
3155  560164390000.00000
3156  562561320000.00000
3157  564968030000.00000
3158  567384550000.00000
3159  569810920000.00000
3160  572247170000.00000
3161  574693350000.00000
3162  577149480000.00000
3163  579615620000.00000
3164  582091800000.00000
3165  584578060000.00000
3166  587074430000.00000
3167  589580960000.00000
3168  592097690000.00000
3169  594624650000.00000
3170  597161880000.00000
3171  599709430000.00000
3172  602267330000.00000
3173  604835630000.00000
3174  607414360000.00000
3175  610003560000.00000
3176  612603280000.00000
3177  615213560000.00000
3178  617834430000.00000
3179  620465930000.00000
3180  623108120000.00000
3181  625761020000.00000
3182  628424690000.00000
3183  631099150000.00000
3184  633784460000.00000
3185  636480650000.00000
3186  639187770000.00000
3187  641905860000.00000
3188  644634960000.00000
3189  647375120000.00000
3190  650126370000.00000
3191  652888760000.00000
3192  655662330000.00000
3193  658447120000.00000
3194  661243190000.00000
3195  664050560000.00000
3196  666869290000.00000
3197  669699410000.00000
3198  672540980000.00000
3199  675394030000.00000
3200  678258620000.00000
3201  681134780000.00000
3202  684022550000.00000
3203  686921990000.00000
3204  689833140000.00000
3205  692756040000.00000
3206  695690730000.00000
3207  698637270000.00000
3208  701595700000.00000
3209  704566060000.00000
3210  707548400000.00000
3211  710542770000.00000
3212  713549210000.00000
3213  716567770000.00000
3214  719598490000.00000
3215  722641420000.00000
3216  725696610000.00000
3217  728764100000.00000
3218  731843940000.00000
3219  734936180000.00000
3220  738040870000.00000
3221  741158050000.00000
3222  744287780000.00000
3223  747430090000.00000
3224  750585040000.00000
3225  753752680000.00000
3226  756933040000.00000
3227  760126200000.00000
3228  763332180000.00000
3229  766551040000.00000
3230  769782830000.00000
3231  773027610000.00000
3232  776285410000.00000
3233  779556280000.00000
3234  782840290000.00000
3235  786137470000.00000
3236  789447880000.00000
3237  792771570000.00000
3238  796108590000.00000
3239  799458990000.00000
3240  802822820000.00000
3241  806200130000.00000
3242  809590970000.00000
3243  812995400000.00000
3244  816413470000.00000
3245  819845220000.00000
3246  823290710000.00000
3247  826750000000.00000
3248  830223130000.00000
3249  833710160000.00000
3250  837211130000.00000
3251  840726120000.00000
3252  844255150000.00000
3253  847798300000.00000
3254  851355610000.00000
3255  854927140000.00000
3256  858512940000.00000
3257  862113060000.00000
3258  865727570000.00000
3259  869356510000.00000
3260  872999930000.00000
3261  876657910000.00000
3262  880330480000.00000
3263  884017700000.00000
3264  887719630000.00000
3265  891436330000.00000
3266  895167850000.00000
3267  898914250000.00000
3268  902675590000.00000
3269  906451910000.00000
3270  910243280000.00000
3271  914049750000.00000
3272  917871390000.00000
3273  921708240000.00000
3274  925560370000.00000
3275  929427830000.00000
3276  933310690000.00000
3277  937208990000.00000
3278  941122810000.00000
3279  945052190000.00000
3280  948997190000.00000
3281  952957880000.00000
3282  956934320000.00000
3283  960926550000.00000
3284  964934660000.00000
3285  968958680000.00000
3286  972998680000.00000
3287  977054730000.00000
3288  981126890000.00000
3289  985215200000.00000
3290  989319750000.00000
3291  993440570000.00000
3292  997577750000.00000
3293 1001731300000.00000
3294 1005901400000.00000
3295 1010088000000.00000
3296 1014291200000.00000
3297 1018511000000.00000
3298 1022747600000.00000
3299 1027000900000.00000
3300 1031271100000.00000
3301 1035558200000.00000
3302 1039862300000.00000
3303 1044183400000.00000
3304 1048521600000.00000
3305 1052877000000.00000
3306 1057249600000.00000
3307 1061639500000.00000
3308 1066046800000.00000
3309 1070471500000.00000
3310 1074913600000.00000
3311 1079373400000.00000
3312 1083850700000.00000
3313 1088345800000.00000
3314 1092858600000.00000
3315 1097389200000.00000
3316 1101937700000.00000
3317 1106504200000.00000
3318 1111088700000.00000
3319 1115691200000.00000
3320 1120312000000.00000
3321 1124950900000.00000
3322 1129608200000.00000
3323 1134283800000.00000
3324 1138977800000.00000
3325 1143690400000.00000
3326 1148421500000.00000
3327 1153171200000.00000
3328 1157939700000.00000
3329 1162726900000.00000
3330 1167533000000.00000
3331 1172358000000.00000
3332 1177202000000.00000
3333 1182065000000.00000
3334 1186947200000.00000
3335 1191848600000.00000
3336 1196769300000.00000
3337 1201709300000.00000
3338 1206668700000.00000
3339 1211647600000.00000
3340 1216646100000.00000
3341 1221664200000.00000
3342 1226702000000.00000
3343 1231759600000.00000
3344 1236837100000.00000
3345 1241934500000.00000
3346 1247051900000.00000
3347 1252189400000.00000
3348 1257347100000.00000
3349 1262524900000.00000
3350 1267723100000.00000
3351 1272941700000.00000
3352 1278180700000.00000
3353 1283440200000.00000
3354 1288720400000.00000
3355 1294021200000.00000
3356 1299342800000.00000
3357 1304685300000.00000
3358 1310048700000.00000
3359 1315433000000.00000
3360 1320838500000.00000
3361 1326265000000.00000
3362 1331712900000.00000
3363 1337182000000.00000
3364 1342672500000.00000
3365 1348184500000.00000
3366 1353718000000.00000
3367 1359273200000.00000
3368 1364850000000.00000
3369 1370448700000.00000
3370 1376069200000.00000
3371 1381711700000.00000
3372 1387376200000.00000
3373 1393062800000.00000
3374 1398771600000.00000
3375 1404502700000.00000
3376 1410256200000.00000
3377 1416032100000.00000
3378 1421830500000.00000
3379 1427651500000.00000
3380 1433495200000.00000
3381 1439361700000.00000
3382 1445251100000.00000
3383 1451163400000.00000
3384 1457098700000.00000
3385 1463057200000.00000
3386 1469038800000.00000
3387 1475043800000.00000
3388 1481072100000.00000
3389 1487123900000.00000
3390 1493199200000.00000
3391 1499298100000.00000
3392 1505420800000.00000
3393 1511567300000.00000
3394 1517737700000.00000
3395 1523932000000.00000
3396 1530150500000.00000
3397 1536393100000.00000
3398 1542659900000.00000
3399 1548951100000.00000
3400 1555266700000.00000
3401 1561606800000.00000
3402 1567971600000.00000
3403 1574361000000.00000
3404 1580775300000.00000
3405 1587214400000.00000
3406 1593678500000.00000
3407 1600167600000.00000
3408 1606681900000.00000
3409 1613221500000.00000
3410 1619786400000.00000
3411 1626376800000.00000
3412 1632992700000.00000
3413 1639634200000.00000
3414 1646301400000.00000
3415 1652994400000.00000
3416 1659713400000.00000
3417 1666458300000.00000
3418 1673229400000.00000
3419 1680026600000.00000
3420 1686850200000.00000
3421 1693700100000.00000
3422 1700576500000.00000
3423 1707479500000.00000
3424 1714409200000.00000
3425 1721365600000.00000
3426 1728348900000.00000
3427 1735359200000.00000
3428 1742396600000.00000
3429 1749461200000.00000
3430 1756553000000.00000
3431 1763672200000.00000
3432 1770818800000.00000
3433 1777993100000.00000
3434 1785195000000.00000
3435 1792424600000.00000
3436 1799682200000.00000
3437 1806967700000.00000
3438 1814281400000.00000
3439 1821623200000.00000
3440 1828993300000.00000
3441 1836391700000.00000
3442 1843818700000.00000
3443 1851274300000.00000
3444 1858758500000.00000
3445 1866271600000.00000
3446 1873813600000.00000
3447 1881384600000.00000
3448 1888984800000.00000
3449 1896614100000.00000
3450 1904272900000.00000
3451 1911961000000.00000
3452 1919678700000.00000
3453 1927426100000.00000
3454 1935203200000.00000
3455 1943010200000.00000
3456 1950847200000.00000
3457 1958714300000.00000
3458 1966611600000.00000
3459 1974539200000.00000
3460 1982497200000.00000
3461 1990485800000.00000
3462 1998505000000.00000
3463 2006555000000.00000
3464 2014635800000.00000
3465 2022747700000.00000
3466 2030890600000.00000
3467 2039064700000.00000
3468 2047270200000.00000
3469 2055507100000.00000
3470 2063775500000.00000
3471 2072075600000.00000
3472 2080407500000.00000
3473 2088771300000.00000
3474 2097167100000.00000
3475 2105595000000.00000
3476 2114055200000.00000
3477 2122547700000.00000
3478 2131072700000.00000
3479 2139630300000.00000
3480 2148220700000.00000
3481 2156843800000.00000
3482 2165499900000.00000
3483 2174189100000.00000
3484 2182911500000.00000
3485 2191667200000.00000
3486 2200456300000.00000
3487 2209279000000.00000
3488 2218135400000.00000
3489 2227025500000.00000
3490 2235949600000.00000
3491 2244907700000.00000
3492 2253900000000.00000
3493 2262926600000.00000
3494 2271987600000.00000
3495 2281083100000.00000
3496 2290213300000.00000
3497 2299378300000.00000
3498 2308578200000.00000
3499 2317813200000.00000
3500 2327083300000.00000
3501 2336388700000.00000
3502 2345729600000.00000
3503 2355106000000.00000
3504 2364518000000.00000
3505 2373965900000.00000
3506 2383449700000.00000
3507 2392969600000.00000
3508 2402525700000.00000
3509 2412118100000.00000
3510 2421747000000.00000
3511 2431412400000.00000
3512 2441114600000.00000
3513 2450853700000.00000
3514 2460629700000.00000
3515 2470442800000.00000
3516 2480293200000.00000
3517 2490181000000.00000
3518 2500106400000.00000
3519 2510069300000.00000
3520 2520070100000.00000
3521 2530108800000.00000
3522 2540185600000.00000
3523 2550300600000.00000
3524 2560453900000.00000
3525 2570645700000.00000
3526 2580876100000.00000
3527 2591145300000.00000
3528 2601453400000.00000
3529 2611800500000.00000
3530 2622186700000.00000
3531 2632612400000.00000
3532 2643077400000.00000
3533 2653582100000.00000
3534 2664126500000.00000
3535 2674710800000.00000
3536 2685335100000.00000
3537 2695999600000.00000
3538 2706704400000.00000
3539 2717449700000.00000
3540 2728235600000.00000
3541 2739062200000.00000
3542 2749929700000.00000
3543 2760838300000.00000
3544 2771788100000.00000
3545 2782779200000.00000
3546 2793811700000.00000
3547 2804886000000.00000
3548 2816002000000.00000
3549 2827159900000.00000
3550 2838360000000.00000
3551 2849602200000.00000
3552 2860886900000.00000
3553 2872214100000.00000
3554 2883584000000.00000
3555 2894996700000.00000
3556 2906452400000.00000
3557 2917951300000.00000
3558 2929493500000.00000
3559 2941079100000.00000
3560 2952708400000.00000
3561 2964381400000.00000
3562 2976098400000.00000
3563 2987859400000.00000
3564 2999664700000.00000
3565 3011514300000.00000
3566 3023408600000.00000
3567 3035347500000.00000
3568 3047331300000.00000
3569 3059360200000.00000
3570 3071434300000.00000
3571 3083553700000.00000
3572 3095718600000.00000
3573 3107929200000.00000
3574 3120185700000.00000
3575 3132488100000.00000
3576 3144836800000.00000
3577 3157231800000.00000
3578 3169673200000.00000
3579 3182161400000.00000
3580 3194696400000.00000
3581 3207278300000.00000
3582 3219907500000.00000
3583 3232583900000.00000
3584 3245307900000.00000
3585 3258079600000.00000
3586 3270899100000.00000
3587 3283766600000.00000
3588 3296682300000.00000
3589 3309646300000.00000
3590 3322658900000.00000
3591 3335720100000.00000
3592 3348830200000.00000
3593 3361989400000.00000
3594 3375197800000.00000
3595 3388455600000.00000
3596 3401762900000.00000
3597 3415120000000.00000
3598 3428527100000.00000
3599 3441984200000.00000
3600 3455491600000.00000
3601 3469049400000.00000
3602 3482657900000.00000
3603 3496317200000.00000
3604 3510027400000.00000
3605 3523788900000.00000
3606 3537601700000.00000
3607 3551466000000.00000
3608 3565382100000.00000
3609 3579350000000.00000
3610 3593370000000.00000
3611 3607442300000.00000
3612 3621567100000.00000
3613 3635744500000.00000
3614 3649974700000.00000
3615 3664257900000.00000
3616 3678594400000.00000
3617 3692984200000.00000
3618 3707427600000.00000
3619 3721924700000.00000
3620 3736475900000.00000
3621 3751081100000.00000
3622 3765740700000.00000
3623 3780454800000.00000
3624 3795223700000.00000
3625 3810047400000.00000
3626 3824926300000.00000
3627 3839860500000.00000
3628 3854850100000.00000
3629 3869895500000.00000
3630 3884996800000.00000
3631 3900154100000.00000
3632 3915367700000.00000
3633 3930637800000.00000
3634 3945964600000.00000
3635 3961348200000.00000
3636 3976789000000.00000
3637 3992287000000.00000
3638 4007842500000.00000
3639 4023455700000.00000
3640 4039126800000.00000
3641 4054856000000.00000
3642 4070643500000.00000
3643 4086489400000.00000
3644 4102394100000.00000
3645 4118357700000.00000
3646 4134380400000.00000
3647 4150462500000.00000
3648 4166604100000.00000
3649 4182805400000.00000
3650 4199066700000.00000
3651 4215388100000.00000
3652 4231770000000.00000
3653 4248212400000.00000
3654 4264715600000.00000
3655 4281279800000.00000
3656 4297905300000.00000
3657 4314592200000.00000
3658 4331340800000.00000
3659 4348151300000.00000
3660 4365023800000.00000
3661 4381958700000.00000
3662 4398956000000.00000
3663 4416016200000.00000
3664 4433139300000.00000
3665 4450325600000.00000
3666 4467575300000.00000
3667 4484888600000.00000
3668 4502265800000.00000
3669 4519707000000.00000
3670 4537212600000.00000
3671 4554782700000.00000
3672 4572417500000.00000
3673 4590117400000.00000
3674 4607882400000.00000
3675 4625712900000.00000
3676 4643609000000.00000
3677 4661571000000.00000
3678 4679599200000.00000
3679 4697693700000.00000
3680 4715854700000.00000
3681 4734082600000.00000
3682 4752377600000.00000
3683 4770739800000.00000
3684 4789169600000.00000
3685 4807667100000.00000
3686 4826232600000.00000
3687 4844866300000.00000
3688 4863568500000.00000
3689 4882339400000.00000
3690 4901179300000.00000
3691 4920088300000.00000
3692 4939066800000.00000
3693 4958114900000.00000
3694 4977232900000.00000
3695 4996421100000.00000
3696 5015679700000.00000
3697 5035008900000.00000
3698 5054409100000.00000
3699 5073880300000.00000
3700 5093423000000.00000
3701 5113037200000.00000
3702 5132723400000.00000
3703 5152481700000.00000
3704 5172312400000.00000
3705 5192215700000.00000
3706 5212191800000.00000
3707 5232241200000.00000
3708 5252363900000.00000
3709 5272560200000.00000
3710 5292830500000.00000
3711 5313174900000.00000
3712 5333593800000.00000
3713 5354087300000.00000
3714 5374655800000.00000
3715 5395299400000.00000
3716 5416018500000.00000
3717 5436813300000.00000
3718 5457684100000.00000
3719 5478631200000.00000
3720 5499654700000.00000
3721 5520755000000.00000
3722 5541932400000.00000
3723 5563187100000.00000
3724 5584519300000.00000
3725 5605929400000.00000
3726 5627417600000.00000
3727 5648984200000.00000
3728 5670629400000.00000
3729 5692353500000.00000
3730 5714156900000.00000
3731 5736039700000.00000
3732 5758002300000.00000
3733 5780044900000.00000
3734 5802167800000.00000
3735 5824371200000.00000
3736 5846655500000.00000
3737 5869021000000.00000
3738 5891467900000.00000
3739 5913996400000.00000
3740 5936607000000.00000
3741 5959299800000.00000
3742 5982075100000.00000
3743 6004933300000.00000
3744 6027874600000.00000
3745 6050899300000.00000
3746 6074007700000.00000
3747 6097200000000.00000
3748 6120476600000.00000
3749 6143837800000.00000
3750 6167283900000.00000
3751 6190815000000.00000
3752 6214431600000.00000
3753 6238134000000.00000
3754 6261922400000.00000
3755 6285797000000.00000
3756 6309758300000.00000
3757 6333806600000.00000
3758 6357942000000.00000
3759 6382165000000.00000
3760 6406475700000.00000
3761 6430874600000.00000
3762 6455361900000.00000
3763 6479937900000.00000
3764 6504603000000.00000
3765 6529357400000.00000
3766 6554201500000.00000
3767 6579135500000.00000
3768 6604159700000.00000
3769 6629274500000.00000
3770 6654480200000.00000
3771 6679777100000.00000
3772 6705165500000.00000
3773 6730645800000.00000
3774 6756218100000.00000
3775 6781882900000.00000
3776 6807640500000.00000
3777 6833491200000.00000
3778 6859435300000.00000
3779 6885473100000.00000
3780 6911604900000.00000
3781 6937831100000.00000
3782 6964152000000.00000
3783 6990568000000.00000
3784 7017079200000.00000
3785 7043686200000.00000
3786 7070389100000.00000
3787 7097188300000.00000
3788 7124084300000.00000
3789 7151077100000.00000
3790 7178167400000.00000
3791 7205355200000.00000
3792 7232641100000.00000
3793 7260025200000.00000
3794 7287508100000.00000
3795 7315089900000.00000
3796 7342771000000.00000
3797 7370551800000.00000
3798 7398432600000.00000
3799 7426413800000.00000
3800 7454495700000.00000
3801 7482678600000.00000
3802 7510962900000.00000
3803 7539348900000.00000
3804 7567837000000.00000
3805 7596427500000.00000
3806 7625120800000.00000
3807 7653917200000.00000
3808 7682817100000.00000
3809 7711820800000.00000
3810 7740928700000.00000
3811 7770141100000.00000
3812 7799458400000.00000
3813 7828881000000.00000
3814 7858409200000.00000
3815 7888043300000.00000
3816 7917783800000.00000
3817 7947631000000.00000
3818 7977585200000.00000
3819 8007646900000.00000
3820 8037816300000.00000
3821 8068093900000.00000
3822 8098480000000.00000
3823 8128974900000.00000
3824 8159579200000.00000
3825 8190293100000.00000
3826 8221116900000.00000
3827 8252051200000.00000
3828 8283096200000.00000
3829 8314252300000.00000
3830 8345519900000.00000
3831 8376899400000.00000
3832 8408391200000.00000
3833 8439995600000.00000
3834 8471713000000.00000
3835 8503543800000.00000
3836 8535488500000.00000
3837 8567547300000.00000
3838 8599720700000.00000
3839 8632009000000.00000
3840 8664412700000.00000
3841 8696932100000.00000
3842 8729567600000.00000
3843 8762319700000.00000
3844 8795188600000.00000
3845 8828174900000.00000
3846 8861278900000.00000
3847 8894501000000.00000
3848 8927841600000.00000
3849 8961301100000.00000
3850 8994879900000.00000
3851 9028578400000.00000
3852 9062397000000.00000
3853 9096336200000.00000
3854 9130396300000.00000
3855 9164577700000.00000
3856 9198880900000.00000
3857 9233306300000.00000
3858 9267854200000.00000
3859 9302525100000.00000
3860 9337319400000.00000
3861 9372237500000.00000
3862 9407279900000.00000
3863 9442446900000.00000
3864 9477739000000.00000
3865 9513156600000.00000
3866 9548700100000.00000
3867 9584370000000.00000
3868 9620166600000.00000
3869 9656090500000.00000
3870 9692141900000.00000
3871 9728321500000.00000
3872 9764629500000.00000
3873 9801066400000.00000
3874 9837632700000.00000
3875 9874328800000.00000
3876 9911155100000.00000
3877 9948112100000.00000
3878 9985200200000.00000
387910022420000000.00000
388010059772000000.00000
388110097256000000.00000
388210134873000000.00000
388310172623000000.00000
388410210507000000.00000
388510248525000000.00000
388610286678000000.00000
388710324966000000.00000
388810363390000000.00000
388910401950000000.00000
389010440646000000.00000
389110479479000000.00000
389210518450000000.00000
389310557558000000.00000
389410596805000000.00000
389510636191000000.00000
389610675715000000.00000
389710715380000000.00000
389810755185000000.00000
389910795130000000.00000
390010835217000000.00000
390110875445000000.00000
390210915816000000.00000
390310956329000000.00000
390410996985000000.00000
390511037784000000.00000
390611078727000000.00000
390711119815000000.00000
390811161048000000.00000
390911202427000000.00000
391011243951000000.00000
391111285622000000.00000
391211327440000000.00000
391311369405000000.00000
391411411518000000.00000
391511453779000000.00000
391611496190000000.00000
391711538749000000.00000
391811581459000000.00000
391911624319000000.00000
392011667330000000.00000
392111710492000000.00000
392211753806000000.00000
392311797273000000.00000
392411840893000000.00000
392511884665000000.00000
392611928592000000.00000
392711972674000000.00000
392812016910000000.00000
392912061302000000.00000
393012105850000000.00000
393112150554000000.00000
393212195416000000.00000
393312240435000000.00000
393412285612000000.00000
393512330947000000.00000
393612376442000000.00000
393712422097000000.00000
393812467912000000.00000
393912513887000000.00000
394012560024000000.00000
394112606322000000.00000
394212652783000000.00000
394312699407000000.00000
394412746195000000.00000
394512793146000000.00000
394612840262000000.00000
394712887543000000.00000
394812934989000000.00000
394912982602000000.00000
395013030381000000.00000
395113078328000000.00000
395213126442000000.00000
395313174725000000.00000
395413223177000000.00000
395513271798000000.00000
395613320590000000.00000
395713369552000000.00000
395813418685000000.00000
395913467990000000.00000
396013517468000000.00000
396113567118000000.00000
396213616942000000.00000
396313666939000000.00000
396413717112000000.00000
396513767460000000.00000
396613817983000000.00000
396713868683000000.00000
396813919560000000.00000
396913970614000000.00000
397014021847000000.00000
397114073258000000.00000
397214124848000000.00000
397314176619000000.00000
397414228570000000.00000
397514280702000000.00000
397614333016000000.00000
397714385512000000.00000
397814438191000000.00000
397914491053000000.00000
398014544100000000.00000
398114597331000000.00000
398214650748000000.00000
398314704350000000.00000
398414758139000000.00000
398514812116000000.00000
398614866280000000.00000
398714920632000000.00000
398814975174000000.00000
398915029905000000.00000
399015084826000000.00000
399115139939000000.00000
399215195243000000.00000
399315250739000000.00000
399415306428000000.00000
399515362310000000.00000
399615418386000000.00000
399715474658000000.00000
399815531124000000.00000
399915587787000000.00000
400015644646000000.00000
400115701702000000.00000
400215758956000000.00000
400315816409000000.00000
400415874061000000.00000
400515931914000000.00000
400615989966000000.00000
400716048220000000.00000
400816106676000000.00000
400916165334000000.00000
401016224196000000.00000
401116283261000000.00000
401216342531000000.00000
401316402006000000.00000
401416461687000000.00000
401516521574000000.00000
401616581669000000.00000
401716641972000000.00000
401816702483000000.00000
401916763204000000.00000
402016824135000000.00000
402116885276000000.00000
402216946628000000.00000
402317008193000000.00000
402417069971000000.00000
402517131961000000.00000
402617194166000000.00000
402717256586000000.00000
402817319222000000.00000
402917382073000000.00000
403017445142000000.00000
403117508428000000.00000
403217571933000000.00000
403317635657000000.00000
403417699600000000.00000
403517763764000000.00000
403617828150000000.00000
403717892757000000.00000
403817957587000000.00000
403918022641000000.00000
404018087918000000.00000
404118153421000000.00000
404218219149000000.00000
404318285103000000.00000
404418351285000000.00000
404518417695000000.00000
404618484333000000.00000
404718551200000000.00000
404818618297000000.00000
404918685626000000.00000
405018753186000000.00000
405118820978000000.00000
405218889003000000.00000
405318957263000000.00000
405419025756000000.00000
405519094486000000.00000
405619163451000000.00000
405719232653000000.00000
405819302094000000.00000
405919371772000000.00000
406019441690000000.00000
406119511848000000.00000
406219582246000000.00000
406319652886000000.00000
406419723769000000.00000
406519794895000000.00000
406619866264000000.00000
406719937879000000.00000
406820009739000000.00000
406920081845000000.00000
407020154199000000.00000
407120226800000000.00000
407220299650000000.00000
407320372750000000.00000
407420446100000000.00000
407520519702000000.00000
407620593555000000.00000
407720667661000000.00000
407820742021000000.00000
407920816635000000.00000
408020891505000000.00000
408120966631000000.00000
408221042013000000.00000
408321117654000000.00000
408421193553000000.00000
408521269711000000.00000
408621346130000000.00000
408721422810000000.00000
408821499752000000.00000
408921576957000000.00000
409021654426000000.00000
409121732159000000.00000
409221810157000000.00000
409321888422000000.00000
409421966954000000.00000
409522045754000000.00000
409622124822000000.00000
409722204161000000.00000
409822283770000000.00000
409922363650000000.00000
410022443803000000.00000
410122524229000000.00000
410222604929000000.00000
410322685905000000.00000
410422767156000000.00000
410522848683000000.00000
410622930489000000.00000
410723012573000000.00000
410823094937000000.00000
410923177581000000.00000
411023260506000000.00000
411123343713000000.00000
411223427204000000.00000
411323510979000000.00000
411423595038000000.00000
411523679383000000.00000
411623764015000000.00000
411723848935000000.00000
411823934144000000.00000
411924019642000000.00000
412024105430000000.00000
412124191510000000.00000
412224277882000000.00000
412324364548000000.00000
412424451507000000.00000
412524538762000000.00000
412624626313000000.00000
412724714162000000.00000
412824802308000000.00000
412924890753000000.00000
413024979498000000.00000
413125068544000000.00000
413225157892000000.00000
413325247543000000.00000
413425337498000000.00000
413525427758000000.00000
413625518323000000.00000
413725609195000000.00000
413825700375000000.00000
413925791864000000.00000
414025883663000000.00000
414125975772000000.00000
414226068193000000.00000
414326160926000000.00000
414426253974000000.00000
414526347336000000.00000
414626441014000000.00000
414726535009000000.00000
414826629321000000.00000
414926723953000000.00000
415026818904000000.00000
415126914176000000.00000
415227009770000000.00000
415327105687000000.00000
415427201928000000.00000
415527298493000000.00000
415627395385000000.00000
415727492604000000.00000
415827590151000000.00000
415927688027000000.00000
416027786234000000.00000
416127884771000000.00000
416227983641000000.00000
416328082845000000.00000
416428182383000000.00000
416528282256000000.00000
416628382466000000.00000
416728483014000000.00000
416828583900000000.00000
416928685127000000.00000
417028786694000000.00000
417128888603000000.00000
417228990856000000.00000
417329093452000000.00000
417429196394000000.00000
417529299682000000.00000
417629403318000000.00000
417729507303000000.00000
417829611637000000.00000
417929716322000000.00000
418029821359000000.00000
418129926749000000.00000
418230032493000000.00000
418330138593000000.00000
418430245049000000.00000
418530351863000000.00000
418630459036000000.00000
418730566568000000.00000
418830674461000000.00000
418930782717000000.00000
419030891336000000.00000
419131000320000000.00000
419231109669000000.00000
419331219385000000.00000
419431329469000000.00000
419531439922000000.00000
419631550745000000.00000
419731661940000000.00000
419831773508000000.00000
419931885449000000.00000
420031997766000000.00000
420132110459000000.00000
420232223529000000.00000
420332336978000000.00000
420432450807000000.00000
420532565017000000.00000
420632679609000000.00000
420732794585000000.00000
420832909945000000.00000
420933025691000000.00000
421033141825000000.00000
421133258346000000.00000
421233375258000000.00000
421333492560000000.00000
421433610254000000.00000
421533728342000000.00000
421633846824000000.00000
421733965702000000.00000
421834084977000000.00000
421934204650000000.00000
422034324723000000.00000
422134445197000000.00000
422234566073000000.00000
422334687352000000.00000
422434809036000000.00000
422534931126000000.00000
422635053623000000.00000
422735176529000000.00000
422835299844000000.00000
422935423571000000.00000
423035547710000000.00000
423135672263000000.00000
423235797230000000.00000
423335922614000000.00000
423436048416000000.00000
423536174637000000.00000
423636301278000000.00000
423736428340000000.00000
423836555826000000.00000
423936683736000000.00000
424036812071000000.00000
424136940833000000.00000
424237070024000000.00000
424337199645000000.00000
424437329696000000.00000
424537460180000000.00000
424637591097000000.00000
424737722450000000.00000
424837854239000000.00000
424937986466000000.00000
425038119132000000.00000
425138252239000000.00000
425238385787000000.00000
425338519779000000.00000
425438654216000000.00000
425538789099000000.00000
425638924430000000.00000
425739060210000000.00000
425839196440000000.00000
425939333122000000.00000
426039470257000000.00000
426139607847000000.00000
426239745893000000.00000
426339884396000000.00000
426440023359000000.00000
426540162782000000.00000
426640302666000000.00000
426740443014000000.00000
426840583827000000.00000
426940725106000000.00000
427040866853000000.00000
427141009069000000.00000
427241151755000000.00000
427341294914000000.00000
427441438546000000.00000
427541582654000000.00000
427641727237000000.00000
427741872299000000.00000
427842017841000000.00000
427942163863000000.00000
428042310368000000.00000
428142457358000000.00000
428242604832000000.00000
428342752794000000.00000
428442901245000000.00000
428543050186000000.00000
428643199618000000.00000
428743349544000000.00000
428843499964000000.00000
428943650881000000.00000
429043802295000000.00000
429143954210000000.00000
429244106625000000.00000
429344259542000000.00000
429444412964000000.00000
429544566892000000.00000
429644721327000000.00000
429744876270000000.00000
429845031725000000.00000
429945187691000000.00000
430045344171000000.00000
430145501166000000.00000
430245658678000000.00000
430345816709000000.00000
430445975260000000.00000
430546134332000000.00000
430646293928000000.00000
430746454049000000.00000
430846614697000000.00000
430946775872000000.00000
431046937578000000.00000
431147099815000000.00000
431247262586000000.00000
431347425891000000.00000
431447589733000000.00000
431547754113000000.00000
431647919034000000.00000
431748084495000000.00000
431848250500000000.00000
431948417050000000.00000
432048584147000000.00000
432148751792000000.00000
432248919987000000.00000
432349088734000000.00000
432449258034000000.00000
432549427890000000.00000
432649598302000000.00000
432749769273000000.00000
432849940805000000.00000
432950112899000000.00000
433050285556000000.00000
433150458780000000.00000
433250632570000000.00000
433350806930000000.00000
433450981861000000.00000
433551157365000000.00000
433651333443000000.00000
433751510097000000.00000
433851687329000000.00000
433951865141000000.00000
434052043535000000.00000
434152222513000000.00000
434252402075000000.00000
434352582225000000.00000
434452762964000000.00000
434552944293000000.00000
434653126215000000.00000
434753308731000000.00000
434853491843000000.00000
434953675554000000.00000
435053859865000000.00000
435154044777000000.00000
435254230293000000.00000
435354416414000000.00000
435454603143000000.00000
435554790481000000.00000
435654978431000000.00000
435755166993000000.00000
435855356170000000.00000
435955545964000000.00000
436055736377000000.00000
436155927411000000.00000
436256119067000000.00000
436356311347000000.00000
436456504254000000.00000
436556697790000000.00000
436656891956000000.00000
436757086754000000.00000
436857282186000000.00000
436957478254000000.00000
437057674961000000.00000
437157872307000000.00000
437258070296000000.00000
437358268929000000.00000
437458468207000000.00000
437558668134000000.00000
437658868711000000.00000
437759069940000000.00000
437859271823000000.00000
437959474362000000.00000
438059677559000000.00000
438159881416000000.00000
438260085935000000.00000
438360291118000000.00000
438460496968000000.00000
438560703486000000.00000
438660910674000000.00000
438761118535000000.00000
438861327070000000.00000
438961536282000000.00000
439061746172000000.00000
439161956743000000.00000
439262167997000000.00000
439362379935000000.00000
439462592561000000.00000
439562805876000000.00000
439663019882000000.00000
439763234581000000.00000
439863449976000000.00000
439963666068000000.00000
440063882860000000.00000
440164100354000000.00000
440264318553000000.00000
440364537457000000.00000
440464757070000000.00000
440564977393000000.00000
440665198429000000.00000
440765420180000000.00000
440865642648000000.00000
440965865836000000.00000
441066089744000000.00000
441166314377000000.00000
441266539736000000.00000
441366765823000000.00000
441466992640000000.00000
441567220190000000.00000
441667448474000000.00000
441767677496000000.00000
441867907257000000.00000
441968137760000000.00000
442068369007000000.00000
442168601000000000.00000
442268833742000000.00000
442369067234000000.00000
442469301479000000.00000
442569536480000000.00000
442669772238000000.00000
442770008757000000.00000
442870246037000000.00000
442970484083000000.00000
443070722895000000.00000
443170962477000000.00000
443271202830000000.00000
443371443958000000.00000
443471685861000000.00000
443571928544000000.00000
443672172007000000.00000
443772416255000000.00000
443872661288000000.00000
443972907109000000.00000
444073153721000000.00000
444173401127000000.00000
444273649327000000.00000
444373898326000000.00000
444474148125000000.00000
444574398727000000.00000
444674650135000000.00000
444774902350000000.00000
444875155375000000.00000
444975409213000000.00000
445075663866000000.00000
445175919336000000.00000
445276175627000000.00000
445376432740000000.00000
445476690679000000.00000
445576949445000000.00000
445677209041000000.00000
445777469470000000.00000
445877730734000000.00000
445977992836000000.00000
446078255778000000.00000
446178519563000000.00000
446278784193000000.00000
446379049672000000.00000
446479316001000000.00000
446579583183000000.00000
446679851220000000.00000
446780120116000000.00000
446880389873000000.00000
446980660493000000.00000
447080931980000000.00000
447181204335000000.00000
447281477562000000.00000
447381751663000000.00000
447482026640000000.00000
447582302497000000.00000
447682579236000000.00000
447782856860000000.00000
447883135371000000.00000
447983414772000000.00000
448083695065000000.00000
448183976255000000.00000
448284258342000000.00000
448384541330000000.00000
448484825222000000.00000
448585110021000000.00000
448685395728000000.00000
448785682348000000.00000
448885969882000000.00000
448986258333000000.00000
449086547704000000.00000
449186837999000000.00000
449287129219000000.00000
449387421368000000.00000
449487714448000000.00000
449588008462000000.00000
449688303413000000.00000
449788599304000000.00000
449888896137000000.00000
449989193916000000.00000
450089492644000000.00000
450189792323000000.00000
450290092955000000.00000
450390394545000000.00000
450490697094000000.00000
450591000607000000.00000
450691305085000000.00000
450791610531000000.00000
450891916949000000.00000
450992224341000000.00000
451092532711000000.00000
451192842061000000.00000
451293152394000000.00000
451393463713000000.00000
451493776022000000.00000
451594089323000000.00000
451694403619000000.00000
451794718913000000.00000
451895035208000000.00000
451995352507000000.00000
452095670814000000.00000
452195990130000000.00000
452296310460000000.00000
452396631806000000.00000
452496954172000000.00000
452597277560000000.00000
452697601974000000.00000
452797927416000000.00000
452898253889000000.00000
452998581398000000.00000
453098909944000000.00000
453199239532000000.00000
453299570163000000.00000
453399901842000000.00000
4534100234570000000.00000
4535100568350000000.00000
4536100903190000000.00000
4537101239090000000.00000
4538101576050000000.00000
4539101914080000000.00000
4540102253180000000.00000
4541102593350000000.00000
4542102934600000000.00000
4543103276920000000.00000
4544103620330000000.00000
4545103964830000000.00000
4546104310410000000.00000
4547104657080000000.00000
4548105004850000000.00000
4549105353720000000.00000
4550105703690000000.00000
4551106054770000000.00000
4552106406950000000.00000
4553106760250000000.00000
4554107114660000000.00000
4555107470190000000.00000
4556107826840000000.00000
4557108184620000000.00000
4558108543520000000.00000
4559108903560000000.00000
4560109264730000000.00000
4561109627040000000.00000
4562109990500000000.00000
4563110355100000000.00000
4564110720850000000.00000
4565111087750000000.00000
4566111455800000000.00000
4567111825020000000.00000
4568112195400000000.00000
4569112566940000000.00000
4570112939660000000.00000
4571113313540000000.00000
4572113688610000000.00000
4573114064850000000.00000
4574114442280000000.00000
4575114820900000000.00000
4576115200700000000.00000
4577115581700000000.00000
4578115963900000000.00000
4579116347300000000.00000
4580116731910000000.00000
4581117117720000000.00000
4582117504750000000.00000
4583117892990000000.00000
4584118282450000000.00000
4585118673140000000.00000
4586119065050000000.00000
4587119458190000000.00000
4588119852570000000.00000
4589120248180000000.00000
4590120645040000000.00000
4591121043140000000.00000
4592121442480000000.00000
4593121843090000000.00000
4594122244940000000.00000
4595122648060000000.00000
4596123052440000000.00000
4597123458090000000.00000
4598123865010000000.00000
4599124273210000000.00000
4600124682680000000.00000
4601125093440000000.00000
4602125505480000000.00000
4603125918820000000.00000
4604126333440000000.00000
4605126749370000000.00000
4606127166600000000.00000
4607127585130000000.00000
4608128004970000000.00000
4609128426130000000.00000
4610128848600000000.00000
4611129272400000000.00000
4612129697510000000.00000
4613130123960000000.00000
4614130551740000000.00000
4615130980860000000.00000
4616131411320000000.00000
4617131843130000000.00000
4618132276280000000.00000
4619132710780000000.00000
4620133146650000000.00000
4621133583870000000.00000
4622134022460000000.00000
4623134462420000000.00000
4624134903750000000.00000
4625135346450000000.00000
4626135790540000000.00000
4627136236010000000.00000
4628136682880000000.00000
4629137131130000000.00000
4630137580790000000.00000
4631138031840000000.00000
4632138484300000000.00000
4633138938170000000.00000
4634139393460000000.00000
4635139850160000000.00000
4636140308290000000.00000
4637140767840000000.00000
4638141228820000000.00000
4639141691240000000.00000
4640142155100000000.00000
4641142620400000000.00000
4642143087150000000.00000
4643143555350000000.00000
4644144025010000000.00000
4645144496120000000.00000
4646144968710000000.00000
4647145442760000000.00000
4648145918290000000.00000
4649146395290000000.00000
4650146873780000000.00000
4651147353750000000.00000
4652147835210000000.00000
4653148318170000000.00000
4654148802630000000.00000
4655149288590000000.00000
4656149776070000000.00000
4657150265050000000.00000
4658150755560000000.00000
4659151247580000000.00000
4660151741130000000.00000
4661152236210000000.00000
4662152732830000000.00000
4663153230990000000.00000
4664153730690000000.00000
4665154231940000000.00000
4666154734750000000.00000
4667155239110000000.00000
4668155745040000000.00000
4669156252530000000.00000
4670156761600000000.00000
4671157272240000000.00000
4672157784460000000.00000
4673158298270000000.00000
4674158813670000000.00000
4675159330670000000.00000
4676159849260000000.00000
4677160369460000000.00000
4678160891270000000.00000
4679161414690000000.00000
4680161939730000000.00000
4681162466400000000.00000
4682162994690000000.00000
4683163524620000000.00000
4684164056180000000.00000
4685164589390000000.00000
4686165124240000000.00000
4687165660750000000.00000
4688166198910000000.00000
4689166738740000000.00000
4690167280230000000.00000
4691167823390000000.00000
4692168368230000000.00000
4693168914750000000.00000
4694169462960000000.00000
4695170012860000000.00000
4696170564450000000.00000
4697171117750000000.00000
4698171672750000000.00000
4699172229460000000.00000
4700172787890000000.00000
4701173348040000000.00000
4702173909920000000.00000
4703174473530000000.00000
4704175038870000000.00000
4705175605960000000.00000
4706176174790000000.00000
4707176745370000000.00000
4708177317710000000.00000
4709177891820000000.00000
4710178467680000000.00000
4711179045330000000.00000
4712179624740000000.00000
4713180205940000000.00000
4714180788930000000.00000
4715181373710000000.00000
4716181960290000000.00000
4717182548670000000.00000
4718183138870000000.00000
4719183730870000000.00000
4720184324690000000.00000
4721184920340000000.00000
4722185517820000000.00000
4723186117130000000.00000
4724186718280000000.00000
4725187321280000000.00000
4726187926130000000.00000
4727188532840000000.00000
4728189141410000000.00000
4729189751840000000.00000
4730190364150000000.00000
4731190978340000000.00000
4732191594410000000.00000
4733192212370000000.00000
4734192832220000000.00000
4735193453970000000.00000
4736194077630000000.00000
4737194703200000000.00000
4738195330690000000.00000
4739195960100000000.00000
4740196591440000000.00000
4741197224710000000.00000
4742197859920000000.00000
4743198497070000000.00000
4744199136180000000.00000
4745199777240000000.00000
4746200420260000000.00000
4747201065250000000.00000
4748201712210000000.00000
4749202361160000000.00000
4750203012080000000.00000
4751203665000000000.00000
4752204319910000000.00000
4753204976820000000.00000
4754205635750000000.00000
4755206296680000000.00000
4756206959640000000.00000
4757207624610000000.00000
4758208291630000000.00000
4759208960670000000.00000
4760209631760000000.00000
4761210304900000000.00000
4762210980090000000.00000
4763211657350000000.00000
4764212336670000000.00000
4765213018060000000.00000
4766213701530000000.00000
4767214387090000000.00000
4768215074730000000.00000
4769215764480000000.00000
4770216456320000000.00000
4771217150270000000.00000
4772217846340000000.00000
4773218544530000000.00000
4774219244850000000.00000
4775219947300000000.00000
4776220651890000000.00000
4777221358620000000.00000
4778222067510000000.00000
4779222778550000000.00000
4780223491760000000.00000
4781224207140000000.00000
4782224924690000000.00000
4783225644430000000.00000
4784226366350000000.00000
4785227090480000000.00000
4786227816800000000.00000
4787228545330000000.00000
4788229276080000000.00000
4789230009040000000.00000
4790230744240000000.00000
4791231481670000000.00000
4792232221340000000.00000
4793232963250000000.00000
4794233707420000000.00000
4795234453850000000.00000
4796235202540000000.00000
4797235953500000000.00000
4798236706750000000.00000
4799237462280000000.00000
4800238220100000000.00000
4801238980220000000.00000
4802239742650000000.00000
4803240507390000000.00000
4804241274450000000.00000
4805242043830000000.00000
4806242815540000000.00000
4807243589600000000.00000
4808244366000000000.00000
4809245144750000000.00000
4810245925860000000.00000
4811246709330000000.00000
4812247495180000000.00000
4813248283410000000.00000
4814249074020000000.00000
4815249867030000000.00000
4816250662430000000.00000
4817251460250000000.00000
4818252260470000000.00000
4819253063120000000.00000
4820253868190000000.00000
4821254675700000000.00000
4822255485650000000.00000
4823256298050000000.00000
4824257112910000000.00000
4825257930220000000.00000
4826258750010000000.00000
4827259572270000000.00000
4828260397020000000.00000
4829261224250000000.00000
4830262053990000000.00000
4831262886230000000.00000
4832263720980000000.00000
4833264558250000000.00000
4834265398050000000.00000
4835266240380000000.00000
4836267085250000000.00000
4837267932670000000.00000
4838268782650000000.00000
4839269635190000000.00000
4840270490300000000.00000
4841271347990000000.00000
4842272208260000000.00000
4843273071120000000.00000
4844273936590000000.00000
4845274804660000000.00000
4846275675350000000.00000
4847276548650000000.00000
4848277424590000000.00000
4849278303170000000.00000
4850279184390000000.00000
4851280068260000000.00000
4852280954790000000.00000
4853281843990000000.00000
4854282735860000000.00000
4855283630420000000.00000
4856284527660000000.00000
4857285427600000000.00000
4858286330250000000.00000
4859287235620000000.00000
4860288143700000000.00000
4861289054510000000.00000
4862289968060000000.00000
4863290884350000000.00000
4864291803400000000.00000
4865292725200000000.00000
4866293649770000000.00000
4867294577120000000.00000
4868295507250000000.00000
4869296440170000000.00000
4870297375900000000.00000
4871298314420000000.00000
4872299255770000000.00000
4873300199940000000.00000
4874301146940000000.00000
4875302096780000000.00000
4876303049460000000.00000
4877304005000000000.00000
4878304963410000000.00000
4879305924680000000.00000
4880306888840000000.00000
4881307855890000000.00000
4882308825830000000.00000
4883309798670000000.00000
4884310774430000000.00000
4885311753110000000.00000
4886312734720000000.00000
4887313719270000000.00000
4888314706760000000.00000
4889315697210000000.00000
4890316690620000000.00000
4891317687000000000.00000
4892318686360000000.00000
4893319688710000000.00000
4894320694050000000.00000
4895321702400000000.00000
4896322713760000000.00000
4897323728150000000.00000
4898324745560000000.00000
4899325766020000000.00000
4900326789520000000.00000
4901327816080000000.00000
4902328845700000000.00000
4903329878400000000.00000
4904330914180000000.00000
4905331953050000000.00000
4906332995020000000.00000
4907334040090000000.00000
4908335088290000000.00000
4909336139610000000.00000
4910337194070000000.00000
4911338251670000000.00000
4912339312420000000.00000
4913340376340000000.00000
4914341443430000000.00000
4915342513690000000.00000
4916343587140000000.00000
4917344663800000000.00000
4918345743650000000.00000
4919346826730000000.00000
4920347913030000000.00000
4921349002560000000.00000
4922350095330000000.00000
4923351191360000000.00000
4924352290650000000.00000
4925353393210000000.00000
4926354499040000000.00000
4927355608170000000.00000
4928356720590000000.00000
4929357836330000000.00000
4930358955380000000.00000
4931360077750000000.00000
4932361203460000000.00000
4933362332520000000.00000
4934363464930000000.00000
4935364600700000000.00000
4936365739850000000.00000
4937366882380000000.00000
4938368028300000000.00000
4939369177620000000.00000
4940370330350000000.00000
4941371486510000000.00000
4942372646090000000.00000
4943373809120000000.00000
4944374975600000000.00000
4945376145530000000.00000
4946377318930000000.00000
4947378495820000000.00000
4948379676190000000.00000
4949380860060000000.00000
4950382047440000000.00000
4951383238340000000.00000
4952384432760000000.00000
4953385630730000000.00000
4954386832240000000.00000
4955388037310000000.00000
4956389245940000000.00000
4957390458160000000.00000
4958391673960000000.00000
4959392893360000000.00000
4960394116370000000.00000
4961395343000000000.00000
4962396573250000000.00000
4963397807150000000.00000
4964399044690000000.00000
4965400285890000000.00000
4966401530760000000.00000
4967402779310000000.00000
4968404031550000000.00000
4969405287500000000.00000
4970406547150000000.00000
4971407810520000000.00000
4972409077620000000.00000
4973410348470000000.00000
4974411623060000000.00000
4975412901420000000.00000
4976414183550000000.00000
4977415469470000000.00000
4978416759180000000.00000
4979418052700000000.00000
4980419350030000000.00000
4981420651190000000.00000
4982421956180000000.00000
4983423265020000000.00000
4984424577720000000.00000
4985425894290000000.00000
4986427214740000000.00000
4987428539090000000.00000
4988429867330000000.00000
4989431199480000000.00000
4990432535560000000.00000
4991433875570000000.00000
4992435219530000000.00000
4993436567450000000.00000
4994437919330000000.00000
4995439275190000000.00000
4996440635040000000.00000
4997441998890000000.00000
4998443366760000000.00000
4999444738640000000.00000
5000446114560000000.00000