   1            41.24397
   2            74.48676
   3           108.43121
   4           142.44619
   5           176.48435
   6           210.53381
   7           244.58969
   8           278.64957
   9           312.71213
  10           346.77659
  11           380.84244
  12           414.90935
  13           448.97710
  14           483.04553
  15           517.11451
  16           551.18395
  17           585.25379
  18           619.32398
  19           653.39447
  20           687.46523
  21           721.53624
  22           755.60747
  23           789.67890
  24           823.75052
  25           857.82231
  26           891.89427
  27           925.96639
  28           960.03865
  29           994.11105
  30          1028.18359
  31          1062.25627
  32          1096.32906
  33          1130.40198
  34          1164.47502
  35          1198.54817
  36          1232.62144
  37          1266.69481
  38          1300.76830
  39          1334.84189
  40          1368.91558
  41          1402.98938
  42          1437.06328
  43          1471.13728
  44          1505.21138
  45          1539.28558
  46          1573.35988
  47          1607.43427
  48          1641.50876
  49          1675.58334
  50          1709.65802
  51          1743.73280
  52          1777.80767
  53          1811.88264
  54          1845.95771
  55          1880.03288
  56          1914.10815
  57          1948.18352
  58          1982.25901
  59          2016.33460
  60          2050.41032
  61          2084.48616
  62          2118.56213
  63          2152.63825
  64          2186.71452
  65          2220.79096
  66          2254.86758
  67          2288.94441
  68          2323.02146
  69          2357.09876
  70          2391.17633
  71          2425.25422
  72          2459.33244
  73          2493.41105
  74          2527.49008
  75          2561.56959
  76          2595.64963
  77          2629.73026
  78          2663.81155
  79          2697.89357
  80          2731.97639
  81          2766.06011
  82          2800.14482
  83          2834.23062
  84          2868.31762
  85          2902.40594
  86          2936.49570
  87          2970.58704
  88          3004.68011
  89          3038.77506
  90          3072.87206
  91          3106.97127
  92          3141.07290
  93          3175.17712
  94          3209.28415
  95          3243.39421
  96          3277.50753
  97          3311.62434
  98          3345.74489
  99          3379.86946
 100          3413.99832
 101          3448.13175
 102          3482.27006
 103          3516.41355
 104          3550.56255
 105          3584.71739
 106          3618.87843
 107          3653.04602
 108          3687.22054
 109          3721.40236
 110          3755.59190
 111          3789.78954
 112          3823.99572
 113          3858.21087
 114          3892.43543
 115          3926.66986
 116          3960.91462
 117          3995.17019
 118          4029.43707
 119          4063.71575
 120          4098.00674
 121          4132.31057
 122          4166.62777
 123          4200.95889
 124          4235.30447
 125          4269.66509
 126          4304.04131
 127          4338.43372
 128          4372.84291
 129          4407.26948
 130          4441.71405
 131          4476.17723
 132          4510.65964
 133          4545.16193
 134          4579.68474
 135          4614.22872
 136          4648.79452
 137          4683.38282
 138          4717.99429
 139          4752.62961
 140          4787.28945
 141          4821.97453
 142          4856.68553
 143          4891.42315
 144          4926.18811
 145          4960.98113
 146          4995.80292
 147          5030.65421
 148          5065.53573
 149          5100.44820
 150          5135.39238
 151          5170.36900
 152          5205.37881
 153          5240.42255
 154          5275.50099
 155          5310.61487
 156          5345.76495
 157          5380.95200
 158          5416.17677
 159          5451.44004
 160          5486.74257
 161          5522.08514
 162          5557.46851
 163          5592.89345
 164          5628.36075
 165          5663.87118
 166          5699.42551
 167          5735.02452
 168          5770.66900
 169          5806.35971
 170          5842.09745
 171          5877.88299
 172          5913.71711
 173          5949.60058
 174          5985.53421
 175          6021.51875
 176          6057.55499
 177          6093.64372
 178          6129.78570
 179          6165.98172
 180          6202.23256
 181          6238.53898
 182          6274.90177
 183          6311.32171
 184          6347.79956
 185          6384.33609
 186          6420.93208
 187          6457.58830
 188          6494.30551
 189          6531.08449
 190          6567.92599
 191          6604.83077
 192          6641.79961
 193          6678.83326
 194          6715.93248
 195          6753.09802
 196          6790.33064
 197          6827.63108
 198          6865.00011
 199          6902.43846
 200          6939.94689
 201          6977.52613
 202          7015.17693
 203          7052.90003
 204          7090.69616
 205          7128.56606
 206          7166.51046
 207          7204.53009
 208          7242.62568
 209          7280.79795
 210          7319.04762
 211          7357.37543
 212          7395.78207
 213          7434.26828
 214          7472.83476
 215          7511.48222
 216          7550.21137
 217          7589.02292
 218          7627.91757
 219          7666.89601
 220          7705.95896
 221          7745.10710
 222          7784.34113
 223          7823.66173
 224          7863.06960
 225          7902.56542
 226          7942.14988
 227          7981.82365
 228          8021.58741
 229          8061.44185
 230          8101.38762
 231          8141.42541
 232          8181.55588
 233          8221.77969
 234          8262.09752
 235          8302.51002
 236          8343.01785
 237          8383.62166
 238          8424.32212
 239          8465.11987
 240          8506.01556
 241          8547.00984
 242          8588.10336
 243          8629.29675
 244          8670.59065
 245          8711.98571
 246          8753.48257
 247          8795.08184
 248          8836.78417
 249          8878.59018
 250          8920.50050
 251          8962.51576
 252          9004.63658
 253          9046.86357
 254          9089.19736
 255          9131.63857
 256          9174.18780
 257          9216.84568
 258          9259.61280
 259          9302.48979
 260          9345.47724
 261          9388.57576
 262          9431.78595
 263          9475.10842
 264          9518.54376
 265          9562.09257
 266          9605.75545
 267          9649.53298
 268          9693.42577
 269          9737.43440
 270          9781.55945
 271          9825.80153
 272          9870.16120
 273          9914.63905
 274          9959.23568
 275         10003.95160
 276         10048.78750
 277         10093.74390
 278         10138.82140
 279         10184.02050
 280         10229.34180
 281         10274.78600
 282         10320.35350
 283         10366.04490
 284         10411.86080
 285         10457.80180
 286         10503.86840
 287         10550.06120
 288         10596.38070
 289         10642.82760
 290         10689.40230
 291         10736.10540
 292         10782.93760
 293         10829.89920
 294         10876.99100
 295         10924.21330
 296         10971.56690
 297         11019.05220
 298         11066.66980
 299         11114.42030
 300         11162.30410
 301         11210.32190
 302         11258.47410
 303         11306.76130
 304         11355.18410
 305         11403.74310
 306         11452.43860
 307         11501.27140
 308         11550.24180
 309         11599.35050
 310         11648.59810
 311         11697.98490
 312         11747.51160
 313         11797.17880
 314         11846.98680
 315         11896.93640
 316         11947.02790
 317         11997.26190
 318         12047.63910
 319         12098.15980
 320         12148.82460
 321         12199.63410
 322         12250.58880
 323         12301.68910
 324         12352.93570
 325         12404.32910
 326         12455.86970
 327         12507.55820
 328         12559.39490
 329         12611.38060
 330         12663.51560
 331         12715.80050
 332         12768.23580
 333         12820.82210
 334         12873.55980
 335         12926.44950
 336         12979.49170
 337         13032.68690
 338         13086.03570
 339         13139.53860
 340         13193.19600
 341         13247.00850
 342         13300.97660
 343         13355.10090
 344         13409.38180
 345         13463.81980
 346         13518.41560
 347         13573.16950
 348         13628.08220
 349         13683.15400
 350         13738.38570
 351         13793.77750
 352         13849.33020
 353         13905.04410
 354         13960.91980
 355         14016.95790
 356         14073.15870
 357         14129.52290
 358         14186.05100
 359         14242.74340
 360         14299.60070
 361         14356.62340
 362         14413.81200
 363         14471.16700
 364         14528.68890
 365         14586.37830
 366         14644.23560
 367         14702.26140
 368         14760.45620
 369         14818.82050
 370         14877.35470
 371         14936.05950
 372         14994.93530
 373         15053.98260
 374         15113.20200
 375         15172.59400
 376         15232.15900
 377         15291.89760
 378         15351.81030
 379         15411.89770
 380         15472.16010
 381         15532.59820
 382         15593.21240
 383         15654.00330
 384         15714.97140
 385         15776.11710
 386         15837.44100
 387         15898.94370
 388         15960.62560
 389         16022.48720
 390         16084.52910
 391         16146.75170
 392         16209.15560
 393         16271.74130
 394         16334.50930
 395         16397.46010
 396         16460.59430
 397         16523.91230
 398         16587.41470
 399         16651.10190
 400         16714.97460
 401         16779.03310
 402         16843.27810
 403         16907.71010
 404         16972.32950
 405         17037.13680
 406         17102.13270
 407         17167.31750
 408         17232.69190
 409         17298.25640
 410         17364.01140
 411         17429.95750
 412         17496.09510
 413         17562.42490
 414         17628.94740
 415         17695.66300
 416         17762.57230
 417         17829.67570
 418         17896.97390
 419         17964.46740
 420         18032.15660
 421         18100.04210
 422         18168.12440
 423         18236.40400
 424         18304.88140
 425         18373.55730
 426         18442.43200
 427         18511.50620
 428         18580.78030
 429         18650.25490
 430         18719.93050
 431         18789.80760
 432         18859.88680
 433         18930.16850
 434         19000.65340
 435         19071.34190
 436         19142.23450
 437         19213.33180
 438         19284.63440
 439         19356.14270
 440         19427.85730
 441         19499.77870
 442         19571.90740
 443         19644.24400
 444         19716.78900
 445         19789.54300
 446         19862.50640
 447         19935.67980
 448         20009.06380
 449         20082.65880
 450         20156.46550
 451         20230.48430
 452         20304.71570
 453         20379.16040
 454         20453.81890
 455         20528.69160
 456         20603.77920
 457         20679.08210
 458         20754.60090
 459         20830.33620
 460         20906.28850
 461         20982.45830
 462         21058.84620
 463         21135.45270
 464         21212.27840
 465         21289.32380
 466         21366.58940
 467         21444.07580
 468         21521.78360
 469         21599.71320
 470         21677.86530
 471         21756.24030
 472         21834.83890
 473         21913.66150
 474         21992.70880
 475         22071.98130
 476         22151.47940
 477         22231.20390
 478         22311.15520
 479         22391.33380
 480         22471.74040
 481         22552.37550
 482         22633.23960
 483         22714.33330
 484         22795.65720
 485         22877.21180
 486         22958.99760
 487         23041.01530
 488         23123.26540
 489         23205.74840
 490         23288.46490
 491         23371.41540
 492         23454.60060
 493         23538.02100
 494         23621.67710
 495         23705.56960
 496         23789.69890
 497         23874.06560
 498         23958.67040
 499         24043.51370
 500         24128.59620
 501         24213.91830
 502         24299.48080
 503         24385.28410
 504         24471.32880
 505         24557.61550
 506         24644.14470
 507         24730.91710
 508         24817.93320
 509         24905.19350
 510         24992.69870
 511         25080.44930
 512         25168.44590
 513         25256.68910
 514         25345.17950
 515         25433.91750
 516         25522.90390
 517         25612.13920
 518         25701.62390
 519         25791.35870
 520         25881.34410
 521         25971.58070
 522         26062.06910
 523         26152.80990
 524         26243.80370
 525         26335.05100
 526         26426.55250
 527         26518.30870
 528         26610.32010
 529         26702.58750
 530         26795.11140
 531         26887.89240
 532         26980.93100
 533         27074.22790
 534         27167.78370
 535         27261.59890
 536         27355.67420
 537         27450.01010
 538         27544.60720
 539         27639.46620
 540         27734.58760
 541         27829.97200
 542         27925.62010
 543         28021.53240
 544         28117.70950
 545         28214.15210
 546         28310.86060
 547         28407.83590
 548         28505.07830
 549         28602.58860
 550         28700.36740
 551         28798.41520
 552         28896.73270
 553         28995.32050
 554         29094.17920
 555         29193.30930
 556         29292.71160
 557         29392.38650
 558         29492.33480
 559         29592.55710
 560         29693.05390
 561         29793.82590
 562         29894.87360
 563         29996.19780
 564         30097.79900
 565         30199.67780
 566         30301.83490
 567         30404.27090
 568         30506.98640
 569         30609.98200
 570         30713.25840
 571         30816.81620
 572         30920.65590
 573         31024.77830
 574         31129.18390
 575         31233.87340
 576         31338.84740
 577         31444.10650
 578         31549.65140
 579         31655.48270
 580         31761.60100
 581         31868.00700
 582         31974.70130
 583         32081.68450
 584         32188.95720
 585         32296.52020
 586         32404.37400
 587         32512.51930
 588         32620.95670
 589         32729.68680
 590         32838.71040
 591         32948.02800
 592         33057.64020
 593         33167.54780
 594         33277.75140
 595         33388.25150
 596         33499.04900
 597         33610.14430
 598         33721.53820
 599         33833.23130
 600         33945.22420
 601         34057.51770
 602         34170.11230
 603         34283.00870
 604         34396.20760
 605         34509.70960
 606         34623.51530
 607         34737.62550
 608         34852.04080
 609         34966.76180
 610         35081.78920
 611         35197.12370
 612         35312.76590
 613         35428.71650
 614         35544.97620
 615         35661.54560
 616         35778.42530
 617         35895.61610
 618         36013.11860
 619         36130.93350
 620         36249.06140
 621         36367.50300
 622         36486.25910
 623         36605.33020
 624         36724.71700
 625         36844.42020
 626         36964.44050
 627         37084.77860
 628         37205.43510
 629         37326.41060
 630         37447.70600
 631         37569.32190
 632         37691.25890
 633         37813.51770
 634         37936.09900
 635         38059.00350
 636         38182.23190
 637         38305.78480
 638         38429.66300
 639         38553.86720
 640         38678.39790
 641         38803.25600
 642         38928.44200
 643         39053.95680
 644         39179.80090
 645         39305.97510
 646         39432.48000
 647         39559.31650
 648         39686.48510
 649         39813.98650
 650         39941.82150
 651         40069.99070
 652         40198.49490
 653         40327.33470
 654         40456.51090
 655         40586.02420
 656         40715.87520
 657         40846.06470
 658         40976.59330
 659         41107.46180
 660         41238.67090
 661         41370.22130
 662         41502.11370
 663         41634.34880
 664         41766.92730
 665         41899.84990
 666         42033.11740
 667         42166.73050
 668         42300.68980
 669         42434.99610
 670         42569.65020
 671         42704.65270
 672         42840.00430
 673         42975.70580
 674         43111.75790
 675         43248.16130
 676         43384.91670
 677         43522.02490
 678         43659.48660
 679         43797.30250
 680         43935.47330
 681         44073.99990
 682         44212.88280
 683         44352.12280
 684         44491.72070
 685         44631.67720
 686         44771.99310
 687         44912.66900
 688         45053.70570
 689         45195.10390
 690         45336.86440
 691         45478.98790
 692         45621.47520
 693         45764.32700
 694         45907.54400
 695         46051.12690
 696         46195.07670
 697         46339.39380
 698         46484.07920
 699         46629.13360
 700         46774.55760
 701         46920.35210
 702         47066.51790
 703         47213.05550
 704         47359.96590
 705         47507.24980
 706         47654.90790
 707         47802.94090
 708         47951.34970
 709         48100.13500
 710         48249.29750
 711         48398.83800
 712         48548.75730
 713         48699.05620
 714         48849.73530
 715         49000.79550
 716         49152.23750
 717         49304.06210
 718         49456.27000
 719         49608.86210
 720         49761.83900
 721         49915.20160
 722         50068.95070
 723         50223.08690
 724         50377.61110
 725         50532.52410
 726         50687.82660
 727         50843.51940
 728         50999.60330
 729         51156.07910
 730         51312.94750
 731         51470.20930
 732         51627.86530
 733         51785.91630
 734         51944.36310
 735         52103.20640
 736         52262.44700
 737         52422.08580
 738         52582.12350
 739         52742.56100
 740         52903.39890
 741         53064.63810
 742         53226.27930
 743         53388.32350
 744         53550.77130
 745         53713.62360
 746         53876.88110
 747         54040.54470
 748         54204.61520
 749         54369.09330
 750         54533.97980
 751         54699.27570
 752         54864.98160
 753         55031.09830
 754         55197.62680
 755         55364.56770
 756         55531.92190
 757         55699.69020
 758         55867.87340
 759         56036.47230
 760         56205.48780
 761         56374.92060
 762         56544.77150
 763         56715.04140
 764         56885.73120
 765         57056.84150
 766         57228.37320
 767         57400.32720
 768         57572.70430
 769         57745.50520
 770         57918.73090
 771         58092.38210
 772         58266.45960
 773         58440.96440
 774         58615.89710
 775         58791.25870
 776         58967.05000
 777         59143.27170
 778         59319.92480
 779         59497.01010
 780         59674.52840
 781         59852.48050
 782         60030.86730
 783         60209.68960
 784         60388.94820
 785         60568.64400
 786         60748.77790
 787         60929.35060
 788         61110.36310
 789         61291.81610
 790         61473.71050
 791         61656.04710
 792         61838.82690
 793         62022.05060
 794         62205.71910
 795         62389.83320
 796         62574.39390
 797         62759.40190
 798         62944.85800
 799         63130.76330
 800         63317.11850
 801         63503.92440
 802         63691.18200
 803         63878.89210
 804         64067.05550
 805         64255.67320
 806         64444.74590
 807         64634.27460
 808         64824.26010
 809         65014.70320
 810         65205.60490
 811         65396.96600
 812         65588.78740
 813         65781.07000
 814         65973.81460
 815         66167.02210
 816         66360.69330
 817         66554.82920
 818         66749.43060
 819         66944.49850
 820         67140.03360
 821         67336.03690
 822         67532.50920
 823         67729.45150
 824         67926.86460
 825         68124.74930
 826         68323.10670
 827         68521.93750
 828         68721.24270
 829         68921.02310
 830         69121.27970
 831         69322.01330
 832         69523.22490
 833         69724.91520
 834         69927.08530
 835         70129.73590
 836         70332.86810
 837         70536.48270
 838         70740.58060
 839         70945.16270
 840         71150.22990
 841         71355.78310
 842         71561.82320
 843         71768.35120
 844         71975.36790
 845         72182.87420
 846         72390.87110
 847         72599.35940
 848         72808.34010
 849         73017.81410
 850         73227.78230
 851         73438.24560
 852         73649.20490
 853         73860.66120
 854         74072.61530
 855         74285.06820
 856         74498.02080
 857         74711.47400
 858         74925.42880
 859         75139.88610
 860         75354.84670
 861         75570.31170
 862         75786.28190
 863         76002.75830
 864         76219.74190
 865         76437.23340
 866         76655.23400
 867         76873.74440
 868         77092.76570
 869         77312.29880
 870         77532.34460
 871         77752.90410
 872         77973.97820
 873         78195.56780
 874         78417.67380
 875         78640.29740
 876         78863.43920
 877         79087.10040
 878         79311.28190
 879         79535.98450
 880         79761.20930
 881         79986.95730
 882         80213.22930
 883         80440.02630
 884         80667.34920
 885         80895.19910
 886         81123.57690
 887         81352.48350
 888         81581.91990
 889         81811.88710
 890         82042.38600
 891         82273.41750
 892         82504.98270
 893         82737.08260
 894         82969.71790
 895         83202.88990
 896         83436.59930
 897         83670.84720
 898         83905.63460
 899         84140.96240
 900         84376.83160
 901         84613.24320
 902         84850.19810
 903         85087.69730
 904         85325.74180
 905         85564.33270
 906         85803.47070
 907         86043.15710
 908         86283.39260
 909         86524.17840
 910         86765.51530
 911         87007.40450
 912         87249.84680
 913         87492.84320
 914         87736.39490
 915         87980.50260
 916         88225.16750
 917         88470.39050
 918         88716.17270
 919         88962.51500
 920         89209.41830
 921         89456.88390
 922         89704.91250
 923         89953.50520
 924         90202.66310
 925         90452.38710
 926         90702.67820
 927         90953.53740
 928         91204.96580
 929         91456.96440
 930         91709.53410
 931         91962.67600
 932         92216.39100
 933         92470.68030
 934         92725.54480
 935         92980.98550
 936         93237.00340
 937         93493.59970
 938         93750.77520
 939         94008.53100
 940         94266.86810
 941         94525.78760
 942         94785.29050
 943         95045.37780
 944         95306.05050
 945         95567.30970
 946         95829.15630
 947         96091.59150
 948         96354.61630
 949         96618.23160
 950         96882.43850
 951         97147.23810
 952         97412.63140
 953         97678.61940
 954         97945.20320
 955         98212.38390
 956         98480.16230
 957         98748.53970
 958         99017.51700
 959         99287.09530
 960         99557.27560
 961         99828.05910
 962        100099.44700
 963        100371.43900
 964        100644.03800
 965        100917.24500
 966        101191.05900
 967        101465.48300
 968        101740.51800
 969        102016.16400
 970        102292.42200
 971        102569.29500
 972        102846.78200
 973        103124.88400
 974        103403.60400
 975        103682.94100
 976        103962.89800
 977        104243.47400
 978        104524.67200
 979        104806.49100
 980        105088.93400
 981        105372.00200
 982        105655.69400
 983        105940.01300
 984        106224.96000
 985        106510.53500
 986        106796.74000
 987        107083.57600
 988        107371.04400
 989        107659.14500
 990        107947.87900
 991        108237.24900
 992        108527.25500
 993        108817.89900
 994        109109.18000
 995        109401.10200
 996        109693.66300
 997        109986.86700
 998        110280.71300
 999        110575.20300
1000        110870.33800
1001        111166.12000
1002        111462.54800
1003        111759.62500
1004        112057.35100
1005        112355.72700
1006        112654.75500
1007        112954.43600
1008        113254.77000
1009        113555.76000
1010        113857.40500
1011        114159.70800
1012        114462.66900
1013        114766.28900
1014        115070.57000
1015        115375.51200
1016        115681.11700
1017        115987.38600
1018        116294.31900
1019        116601.91900
1020        116910.18600
1021        117219.12200
1022        117528.72700
1023        117839.00200
1024        118149.94900
1025        118461.56900
1026        118773.86300
1027        119086.83200
1028        119400.47700
1029        119714.80000
1030        120029.80100
1031        120345.48200
1032        120661.84400
1033        120978.88700
1034        121296.61400
1035        121615.02500
1036        121934.12100
1037        122253.90300
1038        122574.37400
1039        122895.53300
1040        123217.38200
1041        123539.92200
1042        123863.15500
1043        124187.08100
1044        124511.70100
1045        124837.01700
1046        125163.03000
1047        125489.74200
1048        125817.15200
1049        126145.26300
1050        126474.07500
1051        126803.59000
1052        127133.80900
1053        127464.73200
1054        127796.36200
1055        128128.70000
1056        128461.74600
1057        128795.50100
1058        129129.96800
1059        129465.14600
1060        129801.03800
1061        130137.64400
1062        130474.96600
1063        130813.00500
1064        131151.76100
1065        131491.23700
1066        131831.43300
1067        132172.35100
1068        132513.99100
1069        132856.35500
1070        133199.44400
1071        133543.25900
1072        133887.80200
1073        134233.07400
1074        134579.07500
1075        134925.80800
1076        135273.27300
1077        135621.47100
1078        135970.40300
1079        136320.07200
1080        136670.47800
1081        137021.62200
1082        137373.50500
1083        137726.12900
1084        138079.49500
1085        138433.60400
1086        138788.45800
1087        139144.05600
1088        139500.40200
1089        139857.49600
1090        140215.33800
1091        140573.93100
1092        140933.27600
1093        141293.37300
1094        141654.22500
1095        142015.83200
1096        142378.19500
1097        142741.31600
1098        143105.19600
1099        143469.83600
1100        143835.23800
1101        144201.40200
1102        144568.33000
1103        144936.02300
1104        145304.48200
1105        145673.70900
1106        146043.70500
1107        146414.47100
1108        146786.00800
1109        147158.31800
1110        147531.40200
1111        147905.26000
1112        148279.89500
1113        148655.30700
1114        149031.49800
1115        149408.46900
1116        149786.22200
1117        150164.75700
1118        150544.07600
1119        150924.17900
1120        151305.06900
1121        151686.74700
1122        152069.21300
1123        152452.47000
1124        152836.51800
1125        153221.35800
1126        153606.99300
1127        153993.42200
1128        154380.64800
1129        154768.67200
1130        155157.49400
1131        155547.11700
1132        155937.54100
1133        156328.76800
1134        156720.79900
1135        157113.63600
1136        157507.27900
1137        157901.73000
1138        158296.99000
1139        158693.06100
1140        159089.94300
1141        159487.63800
1142        159886.14800
1143        160285.47300
1144        160685.61500
1145        161086.57600
1146        161488.35600
1147        161890.95600
1148        162294.37900
1149        162698.62500
1150        163103.69600
1151        163509.59300
1152        163916.31700
1153        164323.86900
1154        164732.25200
1155        165141.46600
1156        165551.51200
1157        165962.39200
1158        166374.10700
1159        166786.65800
1160        167200.04800
1161        167614.27600
1162        168029.34500
1163        168445.25500
1164        168862.00900
1165        169279.60700
1166        169698.05000
1167        170117.34100
1168        170537.47900
1169        170958.46800
1170        171380.30700
1171        171802.99900
1172        172226.54400
1173        172650.94400
1174        173076.20100
1175        173502.31500
1176        173929.28800
1177        174357.12100
1178        174785.81600
1179        175215.37400
1180        175645.79600
1181        176077.08400
1182        176509.23900
1183        176942.26200
1184        177376.15500
1185        177810.91900
1186        178246.55500
1187        178683.06500
1188        179120.45000
1189        179558.71200
1190        179997.85100
1191        180437.87000
1192        180878.76900
1193        181320.55000
1194        181763.21400
1195        182206.76300
1196        182651.19800
1197        183096.52000
1198        183542.73100
1199        183989.83200
1200        184437.82400
1201        184886.70900
1202        185336.48900
1203        185787.16300
1204        186238.73500
1205        186691.20500
1206        187144.57500
1207        187598.84600
1208        188054.01900
1209        188510.09600
1210        188967.07900
1211        189424.96800
1212        189883.76500
1213        190343.47100
1214        190804.08800
1215        191265.61700
1216        191728.06000
1217        192191.41800
1218        192655.69200
1219        193120.88400
1220        193586.99500
1221        194054.02700
1222        194521.98000
1223        194990.85700
1224        195460.65800
1225        195931.38600
1226        196403.04100
1227        196875.62600
1228        197349.14000
1229        197823.58700
1230        198298.96600
1231        198775.28100
1232        199252.53100
1233        199730.71900
1234        200209.84500
1235        200689.91200
1236        201170.92100
1237        201652.87200
1238        202135.76900
1239        202619.61100
1240        203104.40100
1241        203590.13900
1242        204076.82800
1243        204564.46900
1244        205053.06200
1245        205542.61100
1246        206033.11500
1247        206524.57700
1248        207016.99700
1249        207510.37800
1250        208004.72100
1251        208500.02700
1252        208996.29800
1253        209493.53400
1254        209991.73900
1255        210490.91200
1256        210991.05600
1257        211492.17100
1258        211994.26000
1259        212497.32400
1260        213001.36400
1261        213506.38200
1262        214012.37900
1263        214519.35700
1264        215027.31700
1265        215536.26000
1266        216046.18900
1267        216557.10300
1268        217069.00600
1269        217581.89900
1270        218095.78200
1271        218610.65800
1272        219126.52800
1273        219643.39200
1274        220161.25400
1275        220680.11400
1276        221199.97400
1277        221720.83500
1278        222242.69900
1279        222765.56700
1280        223289.44100
1281        223814.32200
1282        224340.21200
1283        224867.11200
1284        225395.02400
1285        225923.94900
1286        226453.88800
1287        226984.84400
1288        227516.81700
1289        228049.81000
1290        228583.82300
1291        229118.85800
1292        229654.91700
1293        230192.00200
1294        230730.11200
1295        231269.25200
1296        231809.42000
1297        232350.62000
1298        232892.85300
1299        233436.12000
1300        233980.42300
1301        234525.76300
1302        235072.14200
1303        235619.56100
1304        236168.02200
1305        236717.52700
1306        237268.07600
1307        237819.67200
1308        238372.31500
1309        238926.00800
1310        239480.75300
1311        240036.54900
1312        240593.40000
1313        241151.30600
1314        241710.27000
1315        242270.29200
1316        242831.37500
1317        243393.51900
1318        243956.72600
1319        244520.99900
1320        245086.33700
1321        245652.74400
1322        246220.22000
1323        246788.76800
1324        247358.38800
1325        247929.08200
1326        248500.85100
1327        249073.69800
1328        249647.62400
1329        250222.63000
1330        250798.71900
1331        251375.89000
1332        251954.14700
1333        252533.49000
1334        253113.92200
1335        253695.44300
1336        254278.05600
1337        254861.76200
1338        255446.56200
1339        256032.45800
1340        256619.45200
1341        257207.54500
1342        257796.73900
1343        258387.03500
1344        258978.43500
1345        259570.94100
1346        260164.55400
1347        260759.27600
1348        261355.10800
1349        261952.05100
1350        262550.10900
1351        263149.28100
1352        263749.57000
1353        264350.97800
1354        264953.50500
1355        265557.15300
1356        266161.92500
1357        266767.82200
1358        267374.84400
1359        267982.99500
1360        268592.27500
1361        269202.68600
1362        269814.23000
1363        270426.90800
1364        271040.72300
1365        271655.67400
1366        272271.76500
1367        272888.99700
1368        273507.37100
1369        274126.88900
1370        274747.55300
1371        275369.36400
1372        275992.32400
1373        276616.43400
1374        277241.69600
1375        277868.11300
1376        278495.68500
1377        279124.41300
1378        279754.30100
1379        280385.34900
1380        281017.55800
1381        281650.93200
1382        282285.47000
1383        282921.17600
1384        283558.04900
1385        284196.09400
1386        284835.30900
1387        285475.69900
1388        286117.26300
1389        286760.00500
1390        287403.92400
1391        288049.02400
1392        288695.30500
1393        289342.77000
1394        289991.42000
1395        290641.25600
1396        291292.28100
1397        291944.49600
1398        292597.90300
1399        293252.50300
1400        293908.29800
1401        294565.29000
1402        295223.48000
1403        295882.87000
1404        296543.46200
1405        297205.25700
1406        297868.25700
1407        298532.46400
1408        299197.88000
1409        299864.50600
1410        300532.34300
1411        301201.39400
1412        301871.66000
1413        302543.14300
1414        303215.84400
1415        303889.76600
1416        304564.91000
1417        305241.27700
1418        305918.87000
1419        306597.68900
1420        307277.73800
1421        307959.01700
1422        308641.52700
1423        309325.27200
1424        310010.25300
1425        310696.47000
1426        311383.92700
1427        312072.62400
1428        312762.56300
1429        313453.74700
1430        314146.17700
1431        314839.85400
1432        315534.78000
1433        316230.95700
1434        316928.38700
1435        317627.07100
1436        318327.01200
1437        319028.21000
1438        319730.66800
1439        320434.38700
1440        321139.37000
1441        321845.61700
1442        322553.13000
1443        323261.91200
1444        323971.96400
1445        324683.28800
1446        325395.88500
1447        326109.75700
1448        326824.90600
1449        327541.33400
1450        328259.04200
1451        328978.03300
1452        329698.30800
1453        330419.86800
1454        331142.71500
1455        331866.85200
1456        332592.28000
1457        333319.00100
1458        334047.01600
1459        334776.32700
1460        335506.93700
1461        336238.84600
1462        336972.05600
1463        337706.57000
1464        338442.38900
1465        339179.51500
1466        339917.95000
1467        340657.69400
1468        341398.75100
1469        342141.12200
1470        342884.80900
1471        343629.81300
1472        344376.13700
1473        345123.78100
1474        345872.74900
1475        346623.04100
1476        347374.65900
1477        348127.60600
1478        348881.88300
1479        349637.49100
1480        350394.43300
1481        351152.71100
1482        351912.32600
1483        352673.27900
1484        353435.57400
1485        354199.21100
1486        354964.19300
1487        355730.52000
1488        356498.19600
1489        357267.22200
1490        358037.59900
1491        358809.32900
1492        359582.41500
1493        360356.85800
1494        361132.66000
1495        361909.82300
1496        362688.34800
1497        363468.23700
1498        364249.49300
1499        365032.11600
1500        365816.11000
1501        366601.47500
1502        367388.21400
1503        368176.32800
1504        368965.81900
1505        369756.68900
1506        370548.94000
1507        371342.57300
1508        372137.59100
1509        372933.99600
1510        373731.78800
1511        374530.97100
1512        375331.54500
1513        376133.51400
1514        376936.87700
1515        377741.63900
1516        378547.79900
1517        379355.36100
1518        380164.32500
1519        380974.69500
1520        381786.47100
1521        382599.65600
1522        383414.25100
1523        384230.25800
1524        385047.68000
1525        385866.51800
1526        386686.77300
1527        387508.44800
1528        388331.54500
1529        389156.06600
1530        389982.01200
1531        390809.38500
1532        391638.18700
1533        392468.42000
1534        393300.08600
1535        394133.18700
1536        394967.72500
1537        395803.70100
1538        396641.11800
1539        397479.97700
1540        398320.28000
1541        399162.02900
1542        400005.22600
1543        400849.87400
1544        401695.97300
1545        402543.52500
1546        403392.53400
1547        404243.00000
1548        405094.92500
1549        405948.31200
1550        406803.16100
1551        407659.47600
1552        408517.25800
1553        409376.50900
1554        410237.23100
1555        411099.42600
1556        411963.09500
1557        412828.24100
1558        413694.86600
1559        414562.97100
1560        415432.55800
1561        416303.63000
1562        417176.18800
1563        418050.23500
1564        418925.77100
1565        419802.79900
1566        420681.32200
1567        421561.34000
1568        422442.85600
1569        423325.87200
1570        424210.39000
1571        425096.41100
1572        425983.93800
1573        426872.97300
1574        427763.51700
1575        428655.57200
1576        429549.14100
1577        430444.22600
1578        431340.82700
1579        432238.94800
1580        433138.59000
1581        434039.75600
1582        434942.44600
1583        435846.66400
1584        436752.41100
1585        437659.68800
1586        438568.49900
1587        439478.84500
1588        440390.72700
1589        441304.14900
1590        442219.11200
1591        443135.61700
1592        444053.66700
1593        444973.26400
1594        445894.41000
1595        446817.10700
1596        447741.35600
1597        448667.16000
1598        449594.52100
1599        450523.44100
1600        451453.92100
1601        452385.96500
1602        453319.57200
1603        454254.74700
1604        455191.49000
1605        456129.80400
1606        457069.69100
1607        458011.15200
1608        458954.19000
1609        459898.80700
1610        460845.00500
1611        461792.78500
1612        462742.15000
1613        463693.10100
1614        464645.64200
1615        465599.77300
1616        466555.49700
1617        467512.81600
1618        468471.73200
1619        469432.24600
1620        470394.36200
1621        471358.08000
1622        472323.40400
1623        473290.33400
1624        474258.87300
1625        475229.02300
1626        476200.78700
1627        477174.16500
1628        478149.16100
1629        479125.77600
1630        480104.01200
1631        481083.87100
1632        482065.35500
1633        483048.46700
1634        484033.20800
1635        485019.58100
1636        486007.58700
1637        486997.22900
1638        487988.50800
1639        488981.42700
1640        489975.98800
1641        490972.19200
1642        491970.04300
1643        492969.54100
1644        493970.68900
1645        494973.48900
1646        495977.94300
1647        496984.05400
1648        497991.82200
1649        499001.25100
1650        500012.34200
1651        501025.09800
1652        502039.52000
1653        503055.61100
1654        504073.37300
1655        505092.80700
1656        506113.91600
1657        507136.70200
1658        508161.16700
1659        509187.31400
1660        510215.14300
1661        511244.65800
1662        512275.86000
1663        513308.75200
1664        514343.33500
1665        515379.61200
1666        516417.58400
1667        517457.25500
1668        518498.62600
1669        519541.69800
1670        520586.47500
1671        521632.95800
1672        522681.15000
1673        523731.05200
1674        524782.66700
1675        525835.99600
1676        526891.04300
1677        527947.80800
1678        529006.29500
1679        530066.50500
1680        531128.44000
1681        532192.10300
1682        533257.49500
1683        534324.61900
1684        535393.47700
1685        536464.07100
1686        537536.40400
1687        538610.47600
1688        539686.29100
1689        540763.85100
1690        541843.15700
1691        542924.21200
1692        544007.01800
1693        545091.57800
1694        546177.89200
1695        547265.96400
1696        548355.79600
1697        549447.38900
1698        550540.74700
1699        551635.87000
1700        552732.76200
1701        553831.42400
1702        554931.85800
1703        556034.06800
1704        557138.05400
1705        558243.81900
1706        559351.36600
1707        560460.69500
1708        561571.81100
1709        562684.71400
1710        563799.40700
1711        564915.89200
1712        566034.17200
1713        567154.24800
1714        568276.12200
1715        569399.79800
1716        570525.27600
1717        571652.55900
1718        572781.65000
1719        573912.55100
1720        575045.26300
1721        576179.78900
1722        577316.13200
1723        578454.29300
1724        579594.27400
1725        580736.07800
1726        581879.70700
1727        583025.16300
1728        584172.44900
1729        585321.56600
1730        586472.51700
1731        587625.30400
1732        588779.92900
1733        589936.39500
1734        591094.70300
1735        592254.85600
1736        593416.85700
1737        594580.70600
1738        595746.40700
1739        596913.96200
1740        598083.37300
1741        599254.64200
1742        600427.77200
1743        601602.76400
1744        602779.62100
1745        603958.34600
1746        605138.93900
1747        606321.40500
1748        607505.74400
1749        608691.95900
1750        609880.05300
1751        611070.02700
1752        612261.88400
1753        613455.62700
1754        614651.25600
1755        615848.77600
1756        617048.18700
1757        618249.49200
1758        619452.69400
1759        620657.79400
1760        621864.79500
1761        623073.69900
1762        624284.50900
1763        625497.22700
1764        626711.85400
1765        627928.39400
1766        629146.84800
1767        630367.21900
1768        631589.50900
1769        632813.72100
1770        634039.85600
1771        635267.91700
1772        636497.90600
1773        637729.82600
1774        638963.67800
1775        640199.46600
1776        641437.19000
1777        642676.85500
1778        643918.46100
1779        645162.01200
1780        646407.50900
1781        647654.95500
1782        648904.35200
1783        650155.70200
1784        651409.00800
1785        652664.27200
1786        653921.49700
1787        655180.68400
1788        656441.83600
1789        657704.95600
1790        658970.04500
1791        660237.10500
1792        661506.14000
1793        662777.15200
1794        664050.14300
1795        665325.11400
1796        666602.06900
1797        667881.01000
1798        669161.94000
1799        670444.85900
1800        671729.77200
1801        673016.67900
1802        674305.58400
1803        675596.48900
1804        676889.39600
1805        678184.30800
1806        679481.22700
1807        680780.15400
1808        682081.09300
1809        683384.04700
1810        684689.01600
1811        685996.00400
1812        687305.01300
1813        688616.04500
1814        689929.10300
1815        691244.18800
1816        692561.30500
1817        693880.45400
1818        695201.63800
1819        696524.85900
1820        697850.12000
1821        699177.42400
1822        700506.77200
1823        701838.16700
1824        703171.61100
1825        704507.10800
1826        705844.65800
1827        707184.26400
1828        708525.93000
1829        709869.65600
1830        711215.44600
1831        712563.30300
1832        713913.22700
1833        715265.22300
1834        716619.29100
1835        717975.43500
1836        719333.65700
1837        720693.95900
1838        722056.34400
1839        723420.81500
1840        724787.37200
1841        726156.02000
1842        727526.76000
1843        728899.59500
1844        730274.52700
1845        731651.55800
1846        733030.69200
1847        734411.93000
1848        735795.27400
1849        737180.72800
1850        738568.29400
1851        739957.97400
1852        741349.77000
1853        742743.68500
1854        744139.72200
1855        745537.88200
1856        746938.16900
1857        748340.58400
1858        749745.13000
1859        751151.81000
1860        752560.62600
1861        753971.58000
1862        755384.67500
1863        756799.91300
1864        758217.29700
1865        759636.83000
1866        761058.51200
1867        762482.34800
1868        763908.34000
1869        765336.48900
1870        766766.79900
1871        768199.27200
1872        769633.91000
1873        771070.71600
1874        772509.69200
1875        773950.84100
1876        775394.16500
1877        776839.66700
1878        778287.34900
1879        779737.21300
1880        781189.26300
1881        782643.50000
1882        784099.92800
1883        785558.54700
1884        787019.36200
1885        788482.37500
1886        789947.58700
1887        791415.00100
1888        792884.62100
1889        794356.44800
1890        795830.48500
1891        797306.73500
1892        798785.19900
1893        800265.88100
1894        801748.78200
1895        803233.90600
1896        804721.25500
1897        806210.83200
1898        807702.63800
1899        809196.67700
1900        810692.95000
1901        812191.46100
1902        813692.21200
1903        815195.20600
1904        816700.44400
1905        818207.93000
1906        819717.66600
1907        821229.65500
1908        822743.89900
1909        824260.40000
1910        825779.16100
1911        827300.18500
1912        828823.47400
1913        830349.03100
1914        831876.85800
1915        833406.95800
1916        834939.33400
1917        836473.98700
1918        838010.92000
1919        839550.13700
1920        841091.63900
1921        842635.42900
1922        844181.50900
1923        845729.88300
1924        847280.55200
1925        848833.52000
1926        850388.78900
1927        851946.36000
1928        853506.23800
1929        855068.42400
1930        856632.92200
1931        858199.73300
1932        859768.86000
1933        861340.30600
1934        862914.07300
1935        864490.16400
1936        866068.58100
1937        867649.32800
1938        869232.40600
1939        870817.81800
1940        872405.56700
1941        873995.65500
1942        875588.08600
1943        877182.86100
1944        878779.98300
1945        880379.45400
1946        881981.27800
1947        883585.45700
1948        885191.99400
1949        886800.89000
1950        888412.14900
1951        890025.77400
1952        891641.76600
1953        893260.12900
1954        894880.86500
1955        896503.97600
1956        898129.46600
1957        899757.33700
1958        901387.59200
1959        903020.23200
1960        904655.26200
1961        906292.68200
1962        907932.49700
1963        909574.70800
1964        911219.31900
1965        912866.33200
1966        914515.74900
1967        916167.57300
1968        917821.80700
1969        919478.45300
1970        921137.51500
1971        922798.99400
1972        924462.89300
1973        926129.21500
1974        927797.96300
1975        929469.14000
1976        931142.74700
1977        932818.78800
1978        934497.26400
1979        936178.18000
1980        937861.53700
1981        939547.33900
1982        941235.58700
1983        942926.28500
1984        944619.43500
1985        946315.03900
1986        948013.10100
1987        949713.62300
1988        951416.60800
1989        953122.05900
1990        954829.97800
1991        956540.36700
1992        958253.23000
1993        959968.56900
1994        961686.38700
1995        963406.68600
1996        965129.47000
1997        966854.74000
1998        968582.50100
1999        970312.75300
2000        972045.50000
2001        973780.74500
2002        975518.49100
2003        977258.73900
2004        979001.49300
2005        980746.75600
2006        982494.52900
2007        984244.81700
2008        985997.62100
2009        987752.94400
2010        989510.78900
2011        991271.15900
2012        993034.05700
2013        994799.48400
2014        996567.44400
2015        998337.94000
2016       1000110.97000
2017       1001886.55000
2018       1003664.67000
2019       1005445.33000
2020       1007228.55000
2021       1009014.31000
2022       1010802.63000
2023       1012593.51000
2024       1014386.95000
2025       1016182.95000
2026       1017981.52000
2027       1019782.65000
2028       1021586.36000
2029       1023392.64000
2030       1025201.49000
2031       1027012.93000
2032       1028826.94000
2033       1030643.55000
2034       1032462.74000
2035       1034284.52000
2036       1036108.89000
2037       1037935.86000
2038       1039765.42000
2039       1041597.59000
2040       1043432.37000
2041       1045269.74000
2042       1047109.73000
2043       1048952.33000
2044       1050797.55000
2045       1052645.39000
2046       1054495.84000
2047       1056348.92000
2048       1058204.62000
2049       1060062.96000
2050       1061923.92000
2051       1063787.52000
2052       1065653.76000
2053       1067522.64000
2054       1069394.16000
2055       1071268.32000
2056       1073145.14000
2057       1075024.60000
2058       1076906.72000
2059       1078791.50000
2060       1080678.94000
2061       1082569.04000
2062       1084461.80000
2063       1086357.24000
2064       1088255.34000
2065       1090156.12000
2066       1092059.57000
2067       1093965.70000
2068       1095874.52000
2069       1097786.02000
2070       1099700.21000
2071       1101617.09000
2072       1103536.66000
2073       1105458.93000
2074       1107383.90000
2075       1109311.57000
2076       1111241.94000
2077       1113175.02000
2078       1115110.82000
2079       1117049.32000
2080       1118990.54000
2081       1120934.48000
2082       1122881.15000
2083       1124830.53000
2084       1126782.65000
2085       1128737.49000
2086       1130695.07000
2087       1132655.39000
2088       1134618.44000
2089       1136584.23000
2090       1138552.77000
2091       1140524.06000
2092       1142498.10000
2093       1144474.89000
2094       1146454.43000
2095       1148436.74000
2096       1150421.81000
2097       1152409.64000
2098       1154400.24000
2099       1156393.61000
2100       1158389.75000
2101       1160388.67000
2102       1162390.37000
2103       1164394.85000
2104       1166402.11000
2105       1168412.16000
2106       1170425.00000
2107       1172440.64000
2108       1174459.07000
2109       1176480.30000
2110       1178504.34000
2111       1180531.18000
2112       1182560.82000
2113       1184593.28000
2114       1186628.55000
2115       1188666.64000
2116       1190707.55000
2117       1192751.27000
2118       1194797.83000
2119       1196847.21000
2120       1198899.43000
2121       1200954.47000
2122       1203012.36000
2123       1205073.08000
2124       1207136.65000
2125       1209203.06000
2126       1211272.33000
2127       1213344.44000
2128       1215419.41000
2129       1217497.23000
2130       1219577.92000
2131       1221661.47000
2132       1223747.88000
2133       1225837.16000
2134       1227929.32000
2135       1230024.35000
2136       1232122.26000
2137       1234223.05000
2138       1236326.72000
2139       1238433.29000
2140       1240542.74000
2141       1242655.08000
2142       1244770.32000
2143       1246888.45000
2144       1249009.49000
2145       1251133.44000
2146       1253260.29000
2147       1255390.05000
2148       1257522.72000
2149       1259658.31000
2150       1261796.82000
2151       1263938.26000
2152       1266082.61000
2153       1268229.90000
2154       1270380.12000
2155       1272533.27000
2156       1274689.36000
2157       1276848.38000
2158       1279010.36000
2159       1281175.27000
2160       1283343.14000
2161       1285513.96000
2162       1287687.73000
2163       1289864.47000
2164       1292044.16000
2165       1294226.82000
2166       1296412.44000
2167       1298601.03000
2168       1300792.60000
2169       1302987.15000
2170       1305184.67000
2171       1307385.17000
2172       1309588.66000
2173       1311795.14000
2174       1314004.61000
2175       1316217.07000
2176       1318432.53000
2177       1320650.99000
2178       1322872.45000
2179       1325096.92000
2180       1327324.40000
2181       1329554.89000
2182       1331788.40000
2183       1334024.92000
2184       1336264.47000
2185       1338507.04000
2186       1340752.64000
2187       1343001.26000
2188       1345252.92000
2189       1347507.62000
2190       1349765.36000
2191       1352026.14000
2192       1354289.97000
2193       1356556.84000
2194       1358826.76000
2195       1361099.75000
2196       1363375.78000
2197       1365654.88000
2198       1367937.05000
2199       1370222.28000
2200       1372510.58000
2201       1374801.95000
2202       1377096.40000
2203       1379393.93000
2204       1381694.54000
2205       1383998.24000
2206       1386305.02000
2207       1388614.90000
2208       1390927.87000
2209       1393243.94000
2210       1395563.11000
2211       1397885.38000
2212       1400210.76000
2213       1402539.25000
2214       1404870.86000
2215       1407205.58000
2216       1409543.42000
2217       1411884.38000
2218       1414228.46000
2219       1416575.68000
2220       1418926.03000
2221       1421279.51000
2222       1423636.13000
2223       1425995.89000
2224       1428358.79000
2225       1430724.85000
2226       1433094.05000
2227       1435466.40000
2228       1437841.92000
2229       1440220.59000
2230       1442602.42000
2231       1444987.42000
2232       1447375.59000
2233       1449766.93000
2234       1452161.45000
2235       1454559.15000
2236       1456960.02000
2237       1459364.08000
2238       1461771.33000
2239       1464181.77000
2240       1466595.41000
2241       1469012.24000
2242       1471432.27000
2243       1473855.50000
2244       1476281.95000
2245       1478711.60000
2246       1481144.46000
2247       1483580.54000
2248       1486019.84000
2249       1488462.36000
2250       1490908.11000
2251       1493357.09000
2252       1495809.29000
2253       1498264.74000
2254       1500723.42000
2255       1503185.34000
2256       1505650.51000
2257       1508118.92000
2258       1510590.58000
2259       1513065.50000
2260       1515543.68000
2261       1518025.12000
2262       1520509.82000
2263       1522997.78000
2264       1525489.02000
2265       1527983.53000
2266       1530481.31000
2267       1532982.38000
2268       1535486.73000
2269       1537994.36000
2270       1540505.28000
2271       1543019.50000
2272       1545537.01000
2273       1548057.81000
2274       1550581.92000
2275       1553109.34000
2276       1555640.06000
2277       1558174.10000
2278       1560711.45000
2279       1563252.12000
2280       1565796.10000
2281       1568343.42000
2282       1570894.06000
2283       1573448.03000
2284       1576005.33000
2285       1578565.97000
2286       1581129.95000
2287       1583697.28000
2288       1586267.95000
2289       1588841.97000
2290       1591419.35000
2291       1594000.08000
2292       1596584.17000
2293       1599171.63000
2294       1601762.45000
2295       1604356.64000
2296       1606954.20000
2297       1609555.14000
2298       1612159.46000
2299       1614767.16000
2300       1617378.24000
2301       1619992.72000
2302       1622610.58000
2303       1625231.84000
2304       1627856.51000
2305       1630484.57000
2306       1633116.04000
2307       1635750.91000
2308       1638389.20000
2309       1641030.90000
2310       1643676.02000
2311       1646324.57000
2312       1648976.53000
2313       1651631.93000
2314       1654290.76000
2315       1656953.02000
2316       1659618.72000
2317       1662287.86000
2318       1664960.44000
2319       1667636.47000
2320       1670315.96000
2321       1672998.90000
2322       1675685.29000
2323       1678375.15000
2324       1681068.47000
2325       1683765.25000
2326       1686465.51000
2327       1689169.25000
2328       1691876.46000
2329       1694587.15000
2330       1697301.32000
2331       1700018.98000
2332       1702740.14000
2333       1705464.78000
2334       1708192.93000
2335       1710924.57000
2336       1713659.72000
2337       1716398.37000
2338       1719140.54000
2339       1721886.22000
2340       1724635.42000
2341       1727388.13000
2342       1730144.37000
2343       1732904.14000
2344       1735667.44000
2345       1738434.27000
2346       1741204.64000
2347       1743978.55000
2348       1746756.01000
2349       1749537.01000
2350       1752321.56000
2351       1755109.66000
2352       1757901.33000
2353       1760696.55000
2354       1763495.34000
2355       1766297.69000
2356       1769103.62000
2357       1771913.11000
2358       1774726.19000
2359       1777542.85000
2360       1780363.09000
2361       1783186.92000
2362       1786014.33000
2363       1788845.35000
2364       1791679.96000
2365       1794518.17000
2366       1797359.98000
2367       1800205.41000
2368       1803054.44000
2369       1805907.09000
2370       1808763.36000
2371       1811623.24000
2372       1814486.76000
2373       1817353.89000
2374       1820224.67000
2375       1823099.07000
2376       1825977.12000
2377       1828858.80000
2378       1831744.13000
2379       1834633.11000
2380       1837525.74000
2381       1840422.02000
2382       1843321.97000
2383       1846225.57000
2384       1849132.85000
2385       1852043.78000
2386       1854958.40000
2387       1857876.68000
2388       1860798.65000
2389       1863724.30000
2390       1866653.63000
2391       1869586.66000
2392       1872523.37000
2393       1875463.78000
2394       1878407.90000
2395       1881355.71000
2396       1884307.23000
2397       1887262.46000
2398       1890221.41000
2399       1893184.07000
2400       1896150.45000
2401       1899120.55000
2402       1902094.38000
2403       1905071.94000
2404       1908053.24000
2405       1911038.27000
2406       1914027.04000
2407       1917019.56000
2408       1920015.83000
2409       1923015.84000
2410       1926019.61000
2411       1929027.14000
2412       1932038.43000
2413       1935053.49000
2414       1938072.31000
2415       1941094.91000
2416       1944121.28000
2417       1947151.43000
2418       1950185.36000
2419       1953223.07000
2420       1956264.58000
2421       1959309.88000
2422       1962358.98000
2423       1965411.87000
2424       1968468.57000
2425       1971529.07000
2426       1974593.39000
2427       1977661.52000
2428       1980733.46000
2429       1983809.23000
2430       1986888.82000
2431       1989972.24000
2432       1993059.49000
2433       1996150.57000
2434       1999245.49000
2435       2002344.26000
2436       2005446.87000
2437       2008553.32000
2438       2011663.63000
2439       2014777.80000
2440       2017895.82000
2441       2021017.71000
2442       2024143.46000
2443       2027273.08000
2444       2030406.58000
2445       2033543.95000
2446       2036685.20000
2447       2039830.34000
2448       2042979.36000
2449       2046132.28000
2450       2049289.09000
2451       2052449.79000
2452       2055614.40000
2453       2058782.92000
2454       2061955.34000
2455       2065131.67000
2456       2068311.92000
2457       2071496.09000
2458       2074684.18000
2459       2077876.20000
2460       2081072.14000
2461       2084272.03000
2462       2087475.84000
2463       2090683.60000
2464       2093895.30000
2465       2097110.95000
2466       2100330.55000
2467       2103554.11000
2468       2106781.62000
2469       2110013.10000
2470       2113248.54000
2471       2116487.95000
2472       2119731.33000
2473       2122978.69000
2474       2126230.03000
2475       2129485.35000
2476       2132744.66000
2477       2136007.96000
2478       2139275.25000
2479       2142546.54000
2480       2145821.83000
2481       2149101.13000
2482       2152384.43000
2483       2155671.75000
2484       2158963.08000
2485       2162258.43000
2486       2165557.81000
2487       2168861.21000
2488       2172168.64000
2489       2175480.10000
2490       2178795.61000
2491       2182115.15000
2492       2185438.74000
2493       2188766.37000
2494       2192098.06000
2495       2195433.80000
2496       2198773.60000
2497       2202117.46000
2498       2205465.39000
2499       2208817.39000
2500       2212173.46000
2501       2215533.61000
2502       2218897.84000
2503       2222266.16000
2504       2225638.56000
2505       2229015.05000
2506       2232395.64000
2507       2235780.33000
2508       2239169.12000
2509       2242562.01000
2510       2245959.02000
2511       2249360.14000
2512       2252765.38000
2513       2256174.73000
2514       2259588.21000
2515       2263005.82000
2516       2266427.56000
2517       2269853.44000
2518       2273283.46000
2519       2276717.61000
2520       2280155.92000
2521       2283598.37000
2522       2287044.98000
2523       2290495.74000
2524       2293950.67000
2525       2297409.76000
2526       2300873.02000
2527       2304340.45000
2528       2307812.06000
2529       2311287.84000
2530       2314767.81000
2531       2318251.97000
2532       2321740.31000
2533       2325232.85000
2534       2328729.59000
2535       2332230.53000
2536       2335735.68000
2537       2339245.03000
2538       2342758.59000
2539       2346276.38000
2540       2349798.38000
2541       2353324.60000
2542       2356855.06000
2543       2360389.74000
2544       2363928.66000
2545       2367471.82000
2546       2371019.22000
2547       2374570.86000
2548       2378126.76000
2549       2381686.91000
2550       2385251.31000
2551       2388819.98000
2552       2392392.91000
2553       2395970.11000
2554       2399551.58000
2555       2403137.33000
2556       2406727.35000
2557       2410321.66000
2558       2413920.26000
2559       2417523.14000
2560       2421130.33000
2561       2424741.80000
2562       2428357.59000
2563       2431977.67000
2564       2435602.07000
2565       2439230.78000
2566       2442863.80000
2567       2446501.15000
2568       2450142.82000
2569       2453788.82000
2570       2457439.15000
2571       2461093.82000
2572       2464752.82000
2573       2468416.17000
2574       2472083.87000
2575       2475755.91000
2576       2479432.31000
2577       2483113.07000
2578       2486798.19000
2579       2490487.68000
2580       2494181.53000
2581       2497879.76000
2582       2501582.37000
2583       2505289.36000
2584       2509000.73000
2585       2512716.49000
2586       2516436.64000
2587       2520161.19000
2588       2523890.14000
2589       2527623.49000
2590       2531361.25000
2591       2535103.42000
2592       2538850.01000
2593       2542601.01000
2594       2546356.44000
2595       2550116.29000
2596       2553880.57000
2597       2557649.29000
2598       2561422.44000
2599       2565200.04000
2600       2568982.08000
2601       2572768.57000
2602       2576559.52000
2603       2580354.92000
2604       2584154.78000
2605       2587959.11000
2606       2591767.90000
2607       2595581.17000
2608       2599398.91000
2609       2603221.13000
2610       2607047.84000
2611       2610879.03000
2612       2614714.72000
2613       2618554.90000
2614       2622399.57000
2615       2626248.76000
2616       2630102.44000
2617       2633960.64000
2618       2637823.36000
2619       2641690.59000
2620       2645562.34000
2621       2649438.62000
2622       2653319.43000
2623       2657204.77000
2624       2661094.65000
2625       2664989.07000
2626       2668888.04000
2627       2672791.55000
2628       2676699.62000
2629       2680612.25000
2630       2684529.43000
2631       2688451.18000
2632       2692377.50000
2633       2696308.39000
2634       2700243.86000
2635       2704183.90000
2636       2708128.54000
2637       2712077.75000
2638       2716031.56000
2639       2719989.97000
2640       2723952.97000
2641       2727920.58000
2642       2731892.80000
2643       2735869.62000
2644       2739851.06000
2645       2743837.12000
2646       2747827.81000
2647       2751823.12000
2648       2755823.06000
2649       2759827.63000
2650       2763836.84000
2651       2767850.70000
2652       2771869.20000
2653       2775892.35000
2654       2779920.16000
2655       2783952.62000
2656       2787989.75000
2657       2792031.54000
2658       2796078.00000
2659       2800129.13000
2660       2804184.94000
2661       2808245.44000
2662       2812310.61000
2663       2816380.48000
2664       2820455.04000
2665       2824534.30000
2666       2828618.26000
2667       2832706.92000
2668       2836800.29000
2669       2840898.38000
2670       2845001.18000
2671       2849108.71000
2672       2853220.95000
2673       2857337.93000
2674       2861459.64000
2675       2865586.09000
2676       2869717.27000
2677       2873853.20000
2678       2877993.88000
2679       2882139.31000
2680       2886289.50000
2681       2890444.45000
2682       2894604.16000
2683       2898768.64000
2684       2902937.89000
2685       2907111.92000
2686       2911290.73000
2687       2915474.32000
2688       2919662.70000
2689       2923855.88000
2690       2928053.84000
2691       2932256.61000
2692       2936464.19000
2693       2940676.57000
2694       2944893.76000
2695       2949115.77000
2696       2953342.59000
2697       2957574.25000
2698       2961810.73000
2699       2966052.04000
2700       2970298.19000
2701       2974549.17000
2702       2978805.01000
2703       2983065.68000
2704       2987331.22000
2705       2991601.60000
2706       2995876.85000
2707       3000156.96000
2708       3004441.94000
2709       3008731.79000
2710       3013026.51000
2711       3017326.12000
2712       3021630.61000
2713       3025939.99000
2714       3030254.26000
2715       3034573.42000
2716       3038897.49000
2717       3043226.46000
2718       3047560.34000
2719       3051899.13000
2720       3056242.84000
2721       3060591.46000
2722       3064945.01000
2723       3069303.49000
2724       3073666.90000
2725       3078035.25000
2726       3082408.54000
2727       3086786.77000
2728       3091169.95000
2729       3095558.08000
2730       3099951.17000
2731       3104349.22000
2732       3108752.24000
2733       3113160.22000
2734       3117573.18000
2735       3121991.11000
2736       3126414.02000
2737       3130841.92000
2738       3135274.81000
2739       3139712.69000
2740       3144155.57000
2741       3148603.44000
2742       3153056.33000
2743       3157514.22000
2744       3161977.13000
2745       3166445.05000
2746       3170918.00000
2747       3175395.97000
2748       3179878.97000
2749       3184367.00000
2750       3188860.08000
2751       3193358.19000
2752       3197861.35000
2753       3202369.56000
2754       3206882.83000
2755       3211401.15000
2756       3215924.53000
2757       3220452.99000
2758       3224986.51000
2759       3229525.10000
2760       3234068.78000
2761       3238617.54000
2762       3243171.38000
2763       3247730.32000
2764       3252294.35000
2765       3256863.48000
2766       3261437.72000
2767       3266017.06000
2768       3270601.52000
2769       3275191.08000
2770       3279785.77000
2771       3284385.59000
2772       3288990.53000
2773       3293600.60000
2774       3298215.81000
2775       3302836.16000
2776       3307461.66000
2777       3312092.30000
2778       3316728.10000
2779       3321369.05000
2780       3326015.17000
2781       3330666.45000
2782       3335322.90000
2783       3339984.52000
2784       3344651.32000
2785       3349323.31000
2786       3354000.48000
2787       3358682.83000
2788       3363370.39000
2789       3368063.14000
2790       3372761.09000
2791       3377464.26000
2792       3382172.63000
2793       3386886.22000
2794       3391605.02000
2795       3396329.05000
2796       3401058.31000
2797       3405792.80000
2798       3410532.52000
2799       3415277.49000
2800       3420027.70000
2801       3424783.16000
2802       3429543.87000
2803       3434309.83000
2804       3439081.06000
2805       3443857.56000
2806       3448639.32000
2807       3453426.36000
2808       3458218.67000
2809       3463016.26000
2810       3467819.15000
2811       3472627.32000
2812       3477440.78000
2813       3482259.55000
2814       3487083.62000
2815       3491912.99000
2816       3496747.68000
2817       3501587.68000
2818       3506433.00000
2819       3511283.65000
2820       3516139.62000
2821       3521000.92000
2822       3525867.57000
2823       3530739.55000
2824       3535616.87000
2825       3540499.55000
2826       3545387.58000
2827       3550280.97000
2828       3555179.72000
2829       3560083.83000
2830       3564993.31000
2831       3569908.17000
2832       3574828.41000
2833       3579754.03000
2834       3584685.04000
2835       3589621.44000
2836       3594563.23000
2837       3599510.43000
2838       3604463.03000
2839       3609421.03000
2840       3614384.45000
2841       3619353.29000
2842       3624327.54000
2843       3629307.23000
2844       3634292.34000
2845       3639282.88000
2846       3644278.87000
2847       3649280.29000
2848       3654287.16000
2849       3659299.48000
2850       3664317.26000
2851       3669340.50000
2852       3674369.20000
2853       3679403.37000
2854       3684443.01000
2855       3689488.12000
2856       3694538.72000
2857       3699594.80000
2858       3704656.37000
2859       3709723.43000
2860       3714796.00000
2861       3719874.06000
2862       3724957.63000
2863       3730046.71000
2864       3735141.30000
2865       3740241.42000
2866       3745347.05000
2867       3750458.22000
2868       3755574.92000
2869       3760697.15000
2870       3765824.92000
2871       3770958.24000
2872       3776097.11000
2873       3781241.53000
2874       3786391.50000
2875       3791547.04000
2876       3796708.15000
2877       3801874.83000
2878       3807047.08000
2879       3812224.91000
2880       3817408.32000
2881       3822597.32000
2882       3827791.92000
2883       3832992.11000
2884       3838197.90000
2885       3843409.29000
2886       3848626.30000
2887       3853848.92000
2888       3859077.15000
2889       3864311.01000
2890       3869550.50000
2891       3874795.61000
2892       3880046.36000
2893       3885302.76000
2894       3890564.79000
2895       3895832.47000
2896       3901105.81000
2897       3906384.80000
2898       3911669.46000
2899       3916959.78000
2900       3922255.76000
2901       3927557.43000
2902       3932864.77000
2903       3938177.80000
2904       3943496.51000
2905       3948820.91000
2906       3954151.01000
2907       3959486.81000
2908       3964828.32000
2909       3970175.53000
2910       3975528.46000
2911       3980887.10000
2912       3986251.47000
2913       3991621.56000
2914       3996997.39000
2915       4002378.95000
2916       4007766.25000
2917       4013159.29000
2918       4018558.08000
2919       4023962.63000
2920       4029372.93000
2921       4034788.99000
2922       4040210.82000
2923       4045638.42000
2924       4051071.79000
2925       4056510.94000
2926       4061955.88000
2927       4067406.60000
2928       4072863.12000
2929       4078325.43000
2930       4083793.54000
2931       4089267.46000
2932       4094747.19000
2933       4100232.73000
2934       4105724.09000
2935       4111221.27000
2936       4116724.28000
2937       4122233.12000
2938       4127747.80000
2939       4133268.32000
2940       4138794.68000
2941       4144326.89000
2942       4149864.96000
2943       4155408.88000
2944       4160958.67000
2945       4166514.32000
2946       4172075.85000
2947       4177643.25000
2948       4183216.53000
2949       4188795.69000
2950       4194380.74000
2951       4199971.69000
2952       4205568.54000
2953       4211171.28000
2954       4216779.94000
2955       4222394.50000
2956       4228014.98000
2957       4233641.38000
2958       4239273.70000
2959       4244911.96000
2960       4250556.14000
2961       4256206.27000
2962       4261862.34000
2963       4267524.35000
2964       4273192.31000
2965       4278866.23000
2966       4284546.11000
2967       4290231.95000
2968       4295923.77000
2969       4301621.55000
2970       4307325.31000
2971       4313035.06000
2972       4318750.79000
2973       4324472.52000
2974       4330200.23000
2975       4335933.95000
2976       4341673.68000
2977       4347419.41000
2978       4353171.15000
2979       4358928.92000
2980       4364692.70000
2981       4370462.51000
2982       4376238.36000
2983       4382020.24000
2984       4387808.15000
2985       4393602.12000
2986       4399402.13000
2987       4405208.20000
2988       4411020.32000
2989       4416838.51000
2990       4422662.76000
2991       4428493.09000
2992       4434329.49000
2993       4440171.97000
2994       4446020.54000
2995       4451875.20000
2996       4457735.95000
2997       4463602.80000
2998       4469475.75000
2999       4475354.81000
3000       4481239.98000
3001       4487131.27000
3002       4493028.68000
3003       4498932.21000
3004       4504841.88000
3005       4510757.68000
3006       4516679.62000
3007       4522607.70000
3008       4528541.93000
3009       4534482.31000
3010       4540428.85000
3011       4546381.55000
3012       4552340.42000
3013       4558305.45000
3014       4564276.67000
3015       4570254.06000
3016       4576237.63000
3017       4582227.40000
3018       4588223.36000
3019       4594225.51000
3020       4600233.87000
3021       4606248.44000
3022       4612269.21000
3023       4618296.20000
3024       4624329.42000
3025       4630368.85000
3026       4636414.52000
3027       4642466.42000
3028       4648524.56000
3029       4654588.94000
3030       4660659.57000
3031       4666736.46000
3032       4672819.59000
3033       4678908.99000
3034       4685004.66000
3035       4691106.60000
3036       4697214.81000
3037       4703329.30000
3038       4709450.07000
3039       4715577.14000
3040       4721710.49000
3041       4727850.15000
3042       4733996.10000
3043       4740148.37000
3044       4746306.94000
3045       4752471.83000
3046       4758643.04000
3047       4764820.58000
3048       4771004.45000
3049       4777194.65000
3050       4783391.19000
3051       4789594.07000
3052       4795803.30000
3053       4802018.88000
3054       4808240.82000
3055       4814469.12000
3056       4820703.79000
3057       4826944.83000
3058       4833192.25000
3059       4839446.04000
3060       4845706.22000
3061       4851972.79000
3062       4858245.75000
3063       4864525.11000
3064       4870810.87000
3065       4877103.05000
3066       4883401.63000
3067       4889706.63000
3068       4896018.05000
3069       4902335.90000
3070       4908660.18000
3071       4914990.89000
3072       4921328.04000
3073       4927671.64000
3074       4934021.69000
3075       4940378.19000
3076       4946741.14000
3077       4953110.57000
3078       4959486.45000
3079       4965868.82000
3080       4972257.65000
3081       4978652.97000
3082       4985054.78000
3083       4991463.07000
3084       4997877.86000
3085       5004299.15000
3086       5010726.95000
3087       5017161.25000
3088       5023602.07000
3089       5030049.41000
3090       5036503.26000
3091       5042963.65000
3092       5049430.57000
3093       5055904.02000
3094       5062384.02000
3095       5068870.56000
3096       5075363.66000
3097       5081863.31000
3098       5088369.52000
3099       5094882.29000
3100       5101401.63000
3101       5107927.55000
3102       5114460.05000
3103       5120999.13000
3104       5127544.79000
3105       5134097.05000
3106       5140655.91000
3107       5147221.37000
3108       5153793.43000
3109       5160372.11000
3110       5166957.40000
3111       5173549.32000
3112       5180147.86000
3113       5186753.02000
3114       5193364.83000
3115       5199983.27000
3116       5206608.35000
3117       5213240.09000
3118       5219878.48000
3119       5226523.52000
3120       5233175.23000
3121       5239833.60000
3122       5246498.65000
3123       5253170.37000
3124       5259848.78000
3125       5266533.87000
3126       5273225.65000
3127       5279924.13000
3128       5286629.30000
3129       5293341.19000
3130       5300059.78000
3131       5306785.08000
3132       5313517.11000
3133       5320255.85000
3134       5327001.33000
3135       5333753.53000
3136       5340512.48000
3137       5347278.17000
3138       5354050.60000
3139       5360829.79000
3140       5367615.73000
3141       5374408.43000
3142       5381207.90000
3143       5388014.14000
3144       5394827.16000
3145       5401646.95000
3146       5408473.53000
3147       5415306.90000
3148       5422147.06000
3149       5428994.02000
3150       5435847.79000
3151       5442708.36000
3152       5449575.74000
3153       5456449.95000
3154       5463330.97000
3155       5470218.82000
3156       5477113.51000
3157       5484015.03000
3158       5490923.39000
3159       5497838.59000
3160       5504760.65000
3161       5511689.56000
3162       5518625.34000
3163       5525567.97000
3164       5532517.48000
3165       5539473.86000
3166       5546437.12000
3167       5553407.27000
3168       5560384.30000
3169       5567368.23000
3170       5574359.05000
3171       5581356.78000
3172       5588361.41000
3173       5595372.96000
3174       5602391.42000
3175       5609416.80000
3176       5616449.12000
3177       5623488.36000
3178       5630534.54000
3179       5637587.65000
3180       5644647.72000
3181       5651714.73000
3182       5658788.70000
3183       5665869.63000
3184       5672957.53000
3185       5680052.39000
3186       5687154.22000
3187       5694263.04000
3188       5701378.84000
3189       5708501.63000
3190       5715631.41000
3191       5722768.18000
3192       5729911.96000
3193       5737062.75000
3194       5744220.55000
3195       5751385.37000
3196       5758557.21000
3197       5765736.07000
3198       5772921.97000
3199       5780114.90000
3200       5787314.87000
3201       5794521.89000
3202       5801735.96000
3203       5808957.08000
3204       5816185.27000
3205       5823420.51000
3206       5830662.83000
3207       5837912.22000
3208       5845168.70000
3209       5852432.25000
3210       5859702.89000
3211       5866980.63000
3212       5874265.47000
3213       5881557.40000
3214       5888856.45000
3215       5896162.61000
3216       5903475.88000
3217       5910796.28000
3218       5918123.81000
3219       5925458.46000
3220       5932800.26000
3221       5940149.19000
3222       5947505.27000
3223       5954868.50000
3224       5962238.89000
3225       5969616.44000
3226       5977001.15000
3227       5984393.04000
3228       5991792.10000
3229       5999198.34000
3230       6006611.76000
3231       6014032.37000
3232       6021460.18000
3233       6028895.19000
3234       6036337.40000
3235       6043786.82000
3236       6051243.45000
3237       6058707.30000
3238       6066178.38000
3239       6073656.68000
3240       6081142.22000
3241       6088634.99000
3242       6096135.01000
3243       6103642.27000
3244       6111156.79000
3245       6118678.56000
3246       6126207.59000
3247       6133743.90000
3248       6141287.47000
3249       6148838.32000
3250       6156396.45000
3251       6163961.87000
3252       6171534.57000
3253       6179114.58000
3254       6186701.88000
3255       6194296.49000
3256       6201898.41000
3257       6209507.65000
3258       6217124.20000
3259       6224748.08000
3260       6232379.29000
3261       6240017.84000
3262       6247663.72000
3263       6255316.95000
3264       6262977.53000
3265       6270645.46000
3266       6278320.75000
3267       6286003.41000
3268       6293693.43000
3269       6301390.82000
3270       6309095.60000
3271       6316807.76000
3272       6324527.30000
3273       6332254.24000
3274       6339988.58000
3275       6347730.32000
3276       6355479.46000
3277       6363236.02000
3278       6371000.00000
3279       6378771.40000
3280       6386550.22000
3281       6394336.48000
3282       6402130.17000
3283       6409931.31000
3284       6417739.89000
3285       6425555.93000
3286       6433379.42000
3287       6441210.37000
3288       6449048.78000
3289       6456894.67000
3290       6464748.04000
3291       6472608.88000
3292       6480477.21000
3293       6488353.03000
3294       6496236.35000
3295       6504127.16000
3296       6512025.48000
3297       6519931.32000
3298       6527844.66000
3299       6535765.53000
3300       6543693.92000
3301       6551629.84000
3302       6559573.30000
3303       6567524.29000
3304       6575482.83000
3305       6583448.92000
3306       6591422.56000
3307       6599403.76000
3308       6607392.53000
3309       6615388.86000
3310       6623392.77000
3311       6631404.25000
3312       6639423.32000
3313       6647449.98000
3314       6655484.23000
3315       6663526.08000
3316       6671575.54000
3317       6679632.60000
3318       6687697.27000
3319       6695769.57000
3320       6703849.48000
3321       6711937.03000
3322       6720032.20000
3323       6728135.02000
3324       6736245.47000
3325       6744363.58000
3326       6752489.33000
3327       6760622.75000
3328       6768763.82000
3329       6776912.57000
3330       6785068.98000
3331       6793233.07000
3332       6801404.85000
3333       6809584.31000
3334       6817771.46000
3335       6825966.31000
3336       6834168.86000
3337       6842379.12000
3338       6850597.09000
3339       6858822.78000
3340       6867056.19000
3341       6875297.32000
3342       6883546.19000
3343       6891802.79000
3344       6900067.13000
3345       6908339.22000
3346       6916619.06000
3347       6924906.66000
3348       6933202.02000
3349       6941505.14000
3350       6949816.04000
3351       6958134.71000
3352       6966461.16000
3353       6974795.40000
3354       6983137.42000
3355       6991487.25000
3356       6999844.87000
3357       7008210.30000
3358       7016583.54000
3359       7024964.60000
3360       7033353.47000
3361       7041750.18000
3362       7050154.71000
3363       7058567.08000
3364       7066987.28000
3365       7075415.34000
3366       7083851.24000
3367       7092295.00000
3368       7100746.62000
3369       7109206.10000
3370       7117673.46000
3371       7126148.69000
3372       7134631.80000
3373       7143122.79000
3374       7151621.67000
3375       7160128.45000
3376       7168643.13000
3377       7177165.72000
3378       7185696.21000
3379       7194234.62000
3380       7202780.95000
3381       7211335.20000
3382       7219897.39000
3383       7228467.51000
3384       7237045.56000
3385       7245631.57000
3386       7254225.52000
3387       7262827.43000
3388       7271437.29000
3389       7280055.13000
3390       7288680.93000
3391       7297314.70000
3392       7305956.46000
3393       7314606.20000
3394       7323263.93000
3395       7331929.66000
3396       7340603.38000
3397       7349285.11000
3398       7357974.85000
3399       7366672.60000
3400       7375378.38000
3401       7384092.18000
3402       7392814.00000
3403       7401543.87000
3404       7410281.77000
3405       7419027.71000
3406       7427781.71000
3407       7436543.76000
3408       7445313.87000
3409       7454092.05000
3410       7462878.29000
3411       7471672.61000
3412       7480475.01000
3413       7489285.49000
3414       7498104.07000
3415       7506930.74000
3416       7515765.50000
3417       7524608.38000
3418       7533459.36000
3419       7542318.46000
3420       7551185.67000
3421       7560061.01000
3422       7568944.49000
3423       7577836.09000
3424       7586735.84000
3425       7595643.73000
3426       7604559.77000
3427       7613483.97000
3428       7622416.32000
3429       7631356.84000
3430       7640305.53000
3431       7649262.40000
3432       7658227.45000
3433       7667200.68000
3434       7676182.10000
3435       7685171.71000
3436       7694169.53000
3437       7703175.55000
3438       7712189.78000
3439       7721212.23000
3440       7730242.90000
3441       7739281.79000
3442       7748328.91000
3443       7757384.27000
3444       7766447.87000
3445       7775519.71000
3446       7784599.81000
3447       7793688.16000
3448       7802784.77000
3449       7811889.64000
3450       7821002.79000
3451       7830124.21000
3452       7839253.92000
3453       7848391.90000
3454       7857538.18000
3455       7866692.76000
3456       7875855.64000
3457       7885026.82000
3458       7894206.31000
3459       7903394.12000
3460       7912590.25000
3461       7921794.71000
3462       7931007.50000
3463       7940228.62000
3464       7949458.09000
3465       7958695.90000
3466       7967942.06000
3467       7977196.58000
3468       7986459.46000
3469       7995730.71000
3470       8005010.33000
3471       8014298.32000
3472       8023594.70000
3473       8032899.47000
3474       8042212.62000
3475       8051534.18000
3476       8060864.13000
3477       8070202.49000
3478       8079549.27000
3479       8088904.46000
3480       8098268.07000
3481       8107640.12000
3482       8117020.59000
3483       8126409.50000
3484       8135806.85000
3485       8145212.65000
3486       8154626.91000
3487       8164049.62000
3488       8173480.79000
3489       8182920.44000
3490       8192368.55000
3491       8201825.14000
3492       8211290.22000
3493       8220763.78000
3494       8230245.84000
3495       8239736.40000
3496       8249235.45000
3497       8258743.02000
3498       8268259.10000
3499       8277783.70000
3500       8287316.83000
3501       8296858.48000
3502       8306408.66000
3503       8315967.39000
3504       8325534.66000
3505       8335110.47000
3506       8344694.85000
3507       8354287.78000
3508       8363889.27000
3509       8373499.34000
3510       8383117.98000
3511       8392745.20000
3512       8402381.00000
3513       8412025.39000
3514       8421678.38000
3515       8431339.97000
3516       8441010.17000
3517       8450688.97000
3518       8460376.39000
3519       8470072.43000
3520       8479777.09000
3521       8489490.39000
3522       8499212.32000
3523       8508942.89000
3524       8518682.11000
3525       8528429.97000
3526       8538186.50000
3527       8547951.68000
3528       8557725.54000
3529       8567508.06000
3530       8577299.26000
3531       8587099.14000
3532       8596907.71000
3533       8606724.96000
3534       8616550.92000
3535       8626385.58000
3536       8636228.94000
3537       8646081.02000
3538       8655941.81000
3539       8665811.33000
3540       8675689.57000
3541       8685576.55000
3542       8695472.26000
3543       8705376.72000
3544       8715289.92000
3545       8725211.88000
3546       8735142.60000
3547       8745082.08000
3548       8755030.32000
3549       8764987.34000
3550       8774953.14000
3551       8784927.73000
3552       8794911.10000
3553       8804903.26000
3554       8814904.23000
3555       8824913.99000
3556       8834932.57000
3557       8844959.96000
3558       8854996.18000
3559       8865041.21000
3560       8875095.08000
3561       8885157.78000
3562       8895229.32000
3563       8905309.70000
3564       8915398.94000
3565       8925497.03000
3566       8935603.98000
3567       8945719.80000
3568       8955844.49000
3569       8965978.05000
3570       8976120.49000
3571       8986271.83000
3572       8996432.05000
3573       9006601.16000
3574       9016779.18000
3575       9026966.11000
3576       9037161.95000
3577       9047366.70000
3578       9057580.38000
3579       9067802.98000
3580       9078034.52000
3581       9088274.99000
3582       9098524.41000
3583       9108782.77000
3584       9119050.08000
3585       9129326.36000
3586       9139611.60000
3587       9149905.80000
3588       9160208.98000
3589       9170521.13000
3590       9180842.27000
3591       9191172.40000
3592       9201511.53000
3593       9211859.65000
3594       9222216.77000
3595       9232582.91000
3596       9242958.06000
3597       9253342.23000
3598       9263735.42000
3599       9274137.64000
3600       9284548.90000
3601       9294969.20000
3602       9305398.54000
3603       9315836.94000
3604       9326284.39000
3605       9336740.90000
3606       9347206.47000
3607       9357681.12000
3608       9368164.84000
3609       9378657.64000
3610       9389159.54000
3611       9399670.52000
3612       9410190.60000
3613       9420719.78000
3614       9431258.06000
3615       9441805.46000
3616       9452361.98000
3617       9462927.62000
3618       9473502.39000
3619       9484086.29000
3620       9494679.32000
3621       9505281.50000
3622       9515892.83000
3623       9526513.31000
3624       9537142.96000
3625       9547781.76000
3626       9558429.73000
3627       9569086.88000
3628       9579753.21000
3629       9590428.72000
3630       9601113.42000
3631       9611807.31000
3632       9622510.40000
3633       9633222.70000
3634       9643944.21000
3635       9654674.94000
3636       9665414.88000
3637       9676164.05000
3638       9686922.45000
3639       9697690.09000
3640       9708466.97000
3641       9719253.09000
3642       9730048.47000
3643       9740853.10000
3644       9751666.99000
3645       9762490.15000
3646       9773322.58000
3647       9784164.29000
3648       9795015.28000
3649       9805875.56000
3650       9816745.14000
3651       9827624.00000
3652       9838512.18000
3653       9849409.66000
3654       9860316.45000
3655       9871232.56000
3656       9882158.00000
3657       9893092.77000
3658       9904036.87000
3659       9914990.30000
3660       9925953.09000
3661       9936925.22000
3662       9947906.70000
3663       9958897.55000
3664       9969897.76000
3665       9980907.34000
3666       9991926.30000
3667      10002954.60000
3668      10013992.40000
3669      10025039.50000
3670      10036096.00000
3671      10047161.90000
3672      10058237.20000
3673      10069321.90000
3674      10080416.10000
3675      10091519.70000
3676      10102632.70000
3677      10113755.10000
3678      10124886.90000
3679      10136028.30000
3680      10147179.00000
3681      10158339.20000
3682      10169508.90000
3683      10180688.00000
3684      10191876.60000
3685      10203074.70000
3686      10214282.20000
3687      10225499.30000
3688      10236725.80000
3689      10247961.80000
3690      10259207.30000
3691      10270462.30000
3692      10281726.90000
3693      10293000.90000
3694      10304284.50000
3695      10315577.60000
3696      10326880.20000
3697      10338192.40000
3698      10349514.10000
3699      10360845.30000
3700      10372186.10000
3701      10383536.50000
3702      10394896.40000
3703      10406265.90000
3704      10417644.90000
3705      10429033.60000
3706      10440431.80000
3707      10451839.60000
3708      10463257.00000
3709      10474684.00000
3710      10486120.60000
3711      10497566.80000
3712      10509022.60000
3713      10520488.00000
3714      10531963.10000
3715      10543447.80000
3716      10554942.10000
3717      10566446.10000
3718      10577959.70000
3719      10589483.00000
3720      10601015.90000
3721      10612558.40000
3722      10624110.70000
3723      10635672.60000
3724      10647244.20000
3725      10658825.50000
3726      10670416.40000
3727      10682017.10000
3728      10693627.40000
3729      10705247.40000
3730      10716877.20000
3731      10728516.70000
3732      10740165.80000
3733      10751824.70000
3734      10763493.40000
3735      10775171.70000
3736      10786859.80000
3737      10798557.70000
3738      10810265.30000
3739      10821982.60000
3740      10833709.70000
3741      10845446.60000
3742      10857193.30000
3743      10868949.70000
3744      10880715.90000
3745      10892491.90000
3746      10904277.60000
3747      10916073.20000
3748      10927878.60000
3749      10939693.70000
3750      10951518.70000
3751      10963353.50000
3752      10975198.10000
3753      10987052.60000
3754      10998916.90000
3755      11010791.00000
3756      11022674.90000
3757      11034568.70000
3758      11046472.40000
3759      11058385.90000
3760      11070309.30000
3761      11082242.50000
3762      11094185.70000
3763      11106138.70000
3764      11118101.50000
3765      11130074.30000
3766      11142057.00000
3767      11154049.50000
3768      11166052.00000
3769      11178064.40000
3770      11190086.70000
3771      11202118.90000
3772      11214161.00000
3773      11226213.10000
3774      11238275.10000
3775      11250347.10000
3776      11262428.90000
3777      11274520.80000
3778      11286622.60000
3779      11298734.40000
3780      11310856.10000
3781      11322987.80000
3782      11335129.50000
3783      11347281.10000
3784      11359442.80000
3785      11371614.40000
3786      11383796.10000
3787      11395987.70000
3788      11408189.30000
3789      11420401.00000
3790      11432622.70000
3791      11444854.40000
3792      11457096.10000
3793      11469347.90000
3794      11481609.70000
3795      11493881.60000
3796      11506163.50000
3797      11518455.40000
3798      11530757.50000
3799      11543069.60000
3800      11555391.70000
3801      11567724.00000
3802      11580066.30000
3803      11592418.70000
3804      11604781.20000
3805      11617153.80000
3806      11629536.50000
3807      11641929.30000
3808      11654332.20000
3809      11666745.20000
3810      11679168.40000
3811      11691601.60000
3812      11704045.10000
3813      11716498.60000
3814      11728962.30000
3815      11741436.20000
3816      11753920.20000
3817      11766414.30000
3818      11778918.60000
3819      11791433.10000
3820      11803957.80000
3821      11816492.70000
3822      11829037.70000
3823      11841592.90000
3824      11854158.40000
3825      11866734.00000
3826      11879319.80000
3827      11891915.90000
3828      11904522.10000
3829      11917138.60000
3830      11929765.30000
3831      11942402.20000
3832      11955049.40000
3833      11967706.80000
3834      11980374.50000
3835      11993052.40000
3836      12005740.60000
3837      12018439.10000
3838      12031147.80000
3839      12043866.80000
3840      12056596.00000
3841      12069335.60000
3842      12082085.40000
3843      12094845.50000
3844      12107616.00000
3845      12120396.70000
3846      12133187.80000
3847      12145989.10000
3848      12158800.80000
3849      12171622.80000
3850      12184455.20000
3851      12197297.90000
3852      12210150.90000
3853      12223014.30000
3854      12235888.00000
3855      12248772.00000
3856      12261666.50000
3857      12274571.30000
3858      12287486.50000
3859      12300412.00000
3860      12313348.00000
3861      12326294.30000
3862      12339251.00000
3863      12352218.20000
3864      12365195.70000
3865      12378183.60000
3866      12391182.00000
3867      12404190.80000
3868      12417209.90000
3869      12430239.60000
3870      12443279.60000
3871      12456330.10000
3872      12469391.10000
3873      12482462.50000
3874      12495544.30000
3875      12508636.70000
3876      12521739.40000
3877      12534852.70000
3878      12547976.40000
3879      12561110.60000
3880      12574255.40000
3881      12587410.50000
3882      12600576.20000
3883      12613752.40000
3884      12626939.10000
3885      12640136.40000
3886      12653344.10000
3887      12666562.40000
3888      12679791.10000
3889      12693030.50000
3890      12706280.30000
3891      12719540.70000
3892      12732811.70000
3893      12746093.20000
3894      12759385.30000
3895      12772687.90000
3896      12786001.10000
3897      12799324.90000
3898      12812659.30000
3899      12826004.20000
3900      12839359.80000
3901      12852725.90000
3902      12866102.70000
3903      12879490.00000
3904      12892888.00000
3905      12906296.50000
3906      12919715.70000
3907      12933145.60000
3908      12946586.00000
3909      12960037.10000
3910      12973498.90000
3911      12986971.30000
3912      13000454.30000
3913      13013948.00000
3914      13027452.40000
3915      13040967.40000
3916      13054493.20000
3917      13068029.60000
3918      13081576.60000
3919      13095134.40000
3920      13108702.90000
3921      13122282.00000
3922      13135871.90000
3923      13149472.50000
3924      13163083.80000
3925      13176705.80000
3926      13190338.60000
3927      13203982.00000
3928      13217636.30000
3929      13231301.20000
3930      13244976.90000
3931      13258663.40000
3932      13272360.60000
3933      13286068.60000
3934      13299787.30000
3935      13313516.90000
3936      13327257.20000
3937      13341008.30000
3938      13354770.10000
3939      13368542.80000
3940      13382326.30000
3941      13396120.50000
3942      13409925.60000
3943      13423741.50000
3944      13437568.20000
3945      13451405.80000
3946      13465254.20000
3947      13479113.40000
3948      13492983.40000
3949      13506864.30000
3950      13520756.10000
3951      13534658.70000
3952      13548572.10000
3953      13562496.50000
3954      13576431.70000
3955      13590377.80000
3956      13604334.70000
3957      13618302.60000
3958      13632281.30000
3959      13646271.00000
3960      13660271.50000
3961      13674283.00000
3962      13688305.40000
3963      13702338.70000
3964      13716382.90000
3965      13730438.00000
3966      13744504.10000
3967      13758581.10000
3968      13772669.10000
3969      13786768.00000
3970      13800877.90000
3971      13814998.70000
3972      13829130.50000
3973      13843273.30000
3974      13857427.00000
3975      13871591.70000
3976      13885767.50000
3977      13899954.20000
3978      13914151.90000
3979      13928360.60000
3980      13942580.30000
3981      13956811.00000
3982      13971052.70000
3983      13985305.50000
3984      13999569.30000
3985      14013844.10000
3986      14028130.00000
3987      14042426.90000
3988      14056734.80000
3989      14071053.80000
3990      14085383.90000
3991      14099725.00000
3992      14114077.20000
3993      14128440.50000
3994      14142814.80000
3995      14157200.30000
3996      14171596.80000
3997      14186004.40000
3998      14200423.20000
3999      14214853.00000
4000      14229293.90000
4001      14243746.00000
4002      14258209.20000
4003      14272683.50000
4004      14287168.90000
4005      14301665.50000
4006      14316173.20000
4007      14330692.10000
4008      14345222.10000
4009      14359763.30000
4010      14374315.60000
4011      14388879.10000
4012      14403453.80000
4013      14418039.60000
4014      14432636.70000
4015      14447244.90000
4016      14461864.30000
4017      14476494.90000
4018      14491136.80000
4019      14505789.80000
4020      14520454.00000
4021      14535129.50000
4022      14549816.20000
4023      14564514.10000
4024      14579223.30000
4025      14593943.70000
4026      14608675.30000
4027      14623418.20000
4028      14638172.40000
4029      14652937.80000
4030      14667714.40000
4031      14682502.40000
4032      14697301.60000
4033      14712112.10000
4034      14726933.90000
4035      14741767.00000
4036      14756611.40000
4037      14771467.10000
4038      14786334.00000
4039      14801212.30000
4040      14816102.00000
4041      14831002.90000
4042      14845915.20000
4043      14860838.80000
4044      14875773.70000
4045      14890720.00000
4046      14905677.70000
4047      14920646.70000
4048      14935627.00000
4049      14950618.70000
4050      14965621.80000
4051      14980636.30000
4052      14995662.10000
4053      15010699.30000
4054      15025747.90000
4055      15040808.00000
4056      15055879.40000
4057      15070962.20000
4058      15086056.40000
4059      15101162.00000
4060      15116279.10000
4061      15131407.60000
4062      15146547.50000
4063      15161698.90000
4064      15176861.70000
4065      15192035.90000
4066      15207221.60000
4067      15222418.80000
4068      15237627.40000
4069      15252847.50000
4070      15268079.00000
4071      15283322.10000
4072      15298576.60000
4073      15313842.60000
4074      15329120.10000
4075      15344409.10000
4076      15359709.60000
4077      15375021.60000
4078      15390345.10000
4079      15405680.20000
4080      15421026.70000
4081      15436384.80000
4082      15451754.50000
4083      15467135.60000
4084      15482528.30000
4085      15497932.60000
4086      15513348.40000
4087      15528775.80000
4088      15544214.80000
4089      15559665.30000
4090      15575127.40000
4091      15590601.00000
4092      15606086.30000
4093      15621583.10000
4094      15637091.60000
4095      15652611.60000
4096      15668143.30000
4097      15683686.50000
4098      15699241.40000
4099      15714807.90000
4100      15730386.10000
4101      15745975.80000
4102      15761577.20000
4103      15777190.30000
4104      15792814.90000
4105      15808451.30000
4106      15824099.30000
4107      15839759.00000
4108      15855430.30000
4109      15871113.30000
4110      15886808.00000
4111      15902514.30000
4112      15918232.40000
4113      15933962.10000
4114      15949703.60000
4115      15965456.70000
4116      15981221.60000
4117      15996998.20000
4118      16012786.50000
4119      16028586.50000
4120      16044398.20000
4121      16060221.70000
4122      16076056.90000
4123      16091903.90000
4124      16107762.60000
4125      16123633.10000
4126      16139515.30000
4127      16155409.30000
4128      16171315.10000
4129      16187232.60000
4130      16203162.00000
4131      16219103.10000
4132      16235056.00000
4133      16251020.70000
4134      16266997.20000
4135      16282985.50000
4136      16298985.60000
4137      16314997.50000
4138      16331021.30000
4139      16347056.90000
4140      16363104.30000
4141      16379163.50000
4142      16395234.60000
4143      16411317.60000
4144      16427412.40000
4145      16443519.00000
4146      16459637.50000
4147      16475767.90000
4148      16491910.20000
4149      16508064.30000
4150      16524230.30000
4151      16540408.20000
4152      16556598.00000
4153      16572799.70000
4154      16589013.30000
4155      16605238.80000
4156      16621476.30000
4157      16637725.60000
4158      16653986.90000
4159      16670260.10000
4160      16686545.20000
4161      16702842.30000
4162      16719151.30000
4163      16735472.20000
4164      16751805.20000
4165      16768150.00000
4166      16784506.90000
4167      16800875.70000
4168      16817256.50000
4169      16833649.30000
4170      16850054.00000
4171      16866470.70000
4172      16882899.50000
4173      16899340.20000
4174      16915793.00000
4175      16932257.70000
4176      16948734.50000
4177      16965223.30000
4178      16981724.10000
4179      16998236.90000
4180      17014761.80000
4181      17031298.80000
4182      17047847.70000
4183      17064408.70000
4184      17080981.80000
4185      17097567.00000
4186      17114164.20000
4187      17130773.50000
4188      17147394.80000
4189      17164028.20000
4190      17180673.80000
4191      17197331.40000
4192      17214001.10000
4193      17230682.90000
4194      17247376.80000
4195      17264082.90000
4196      17280801.00000
4197      17297531.30000
4198      17314273.70000
4199      17331028.20000
4200      17347794.90000
4201      17364573.70000
4202      17381364.70000
4203      17398167.80000
4204      17414983.10000
4205      17431810.50000
4206      17448650.10000
4207      17465501.90000
4208      17482365.90000
4209      17499242.00000
4210      17516130.30000
4211      17533030.90000
4212      17549943.60000
4213      17566868.50000
4214      17583805.60000
4215      17600755.00000
4216      17617716.50000
4217      17634690.30000
4218      17651676.40000
4219      17668674.60000
4220      17685685.10000
4221      17702707.80000
4222      17719742.80000
4223      17736790.10000
4224      17753849.60000
4225      17770921.30000
4226      17788005.40000
4227      17805101.70000
4228      17822210.20000
4229      17839331.10000
4230      17856464.30000
4231      17873609.70000
4232      17890767.50000
4233      17907937.50000
4234      17925119.90000
4235      17942314.60000
4236      17959521.60000
4237      17976740.90000
4238      17993972.60000
4239      18011216.60000
4240      18028472.90000
4241      18045741.60000
4242      18063022.60000
4243      18080316.00000
4244      18097621.70000
4245      18114939.90000
4246      18132270.30000
4247      18149613.20000
4248      18166968.40000
4249      18184336.00000
4250      18201716.10000
4251      18219108.50000
4252      18236513.30000
4253      18253930.50000
4254      18271360.10000
4255      18288802.10000
4256      18306256.60000
4257      18323723.50000
4258      18341202.80000
4259      18358694.50000
4260      18376198.70000
4261      18393715.40000
4262      18411244.50000
4263      18428786.00000
4264      18446340.00000
4265      18463906.50000
4266      18481485.40000
4267      18499076.80000
4268      18516680.70000
4269      18534297.10000
4270      18551926.00000
4271      18569567.40000
4272      18587221.20000
4273      18604887.60000
4274      18622566.50000
4275      18640257.90000
4276      18657961.80000
4277      18675678.30000
4278      18693407.30000
4279      18711148.80000
4280      18728902.90000
4281      18746669.50000
4282      18764448.60000
4283      18782240.30000
4284      18800044.60000
4285      18817861.40000
4286      18835690.90000
4287      18853532.80000
4288      18871387.40000
4289      18889254.60000
4290      18907134.30000
4291      18925026.70000
4292      18942931.60000
4293      18960849.10000
4294      18978779.30000
4295      18996722.10000
4296      19014677.50000
4297      19032645.50000
4298      19050626.20000
4299      19068619.40000
4300      19086625.40000
4301      19104644.00000
4302      19122675.20000
4303      19140719.10000
4304      19158775.60000
4305      19176844.80000
4306      19194926.70000
4307      19213021.30000
4308      19231128.50000
4309      19249248.40000
4310      19267381.00000
4311      19285526.40000
4312      19303684.40000
4313      19321855.10000
4314      19340038.50000
4315      19358234.70000
4316      19376443.50000
4317      19394665.10000
4318      19412899.40000
4319      19431146.50000
4320      19449406.30000
4321      19467678.80000
4322      19485964.10000
4323      19504262.20000
4324      19522573.00000
4325      19540896.60000
4326      19559232.90000
4327      19577582.00000
4328      19595943.90000
4329      19614318.60000
4330      19632706.10000
4331      19651106.40000
4332      19669519.50000
4333      19687945.30000
4334      19706384.00000
4335      19724835.50000
4336      19743299.90000
4337      19761777.00000
4338      19780267.00000
4339      19798769.80000
4340      19817285.40000
4341      19835813.90000
4342      19854355.30000
4343      19872909.50000
4344      19891476.60000
4345      19910056.50000
4346      19928649.30000
4347      19947255.00000
4348      19965873.50000
4349      19984504.90000
4350      20003149.30000
4351      20021806.50000
4352      20040476.60000
4353      20059159.60000
4354      20077855.60000
4355      20096564.40000
4356      20115286.20000
4357      20134020.80000
4358      20152768.50000
4359      20171529.00000
4360      20190302.50000
4361      20209088.90000
4362      20227888.30000
4363      20246700.70000
4364      20265525.90000
4365      20284364.20000
4366      20303215.40000
4367      20322079.60000
4368      20340956.80000
4369      20359847.00000
4370      20378750.10000
4371      20397666.20000
4372      20416595.40000
4373      20435537.50000
4374      20454492.70000
4375      20473460.80000
4376      20492442.00000
4377      20511436.20000
4378      20530443.40000
4379      20549463.70000
4380      20568497.00000
4381      20587543.30000
4382      20606602.70000
4383      20625675.10000
4384      20644760.60000
4385      20663859.20000
4386      20682970.80000
4387      20702095.50000
4388      20721233.30000
4389      20740384.10000
4390      20759548.10000
4391      20778725.10000
4392      20797915.20000
4393      20817118.40000
4394      20836334.80000
4395      20855564.20000
4396      20874806.80000
4397      20894062.40000
4398      20913331.20000
4399      20932613.20000
4400      20951908.20000
4401      20971216.40000
4402      20990537.80000
4403      21009872.30000
4404      21029219.90000
4405      21048580.80000
4406      21067954.70000
4407      21087341.90000
4408      21106742.20000
4409      21126155.70000
4410      21145582.40000
4411      21165022.30000
4412      21184475.30000
4413      21203941.60000
4414      21223421.10000
4415      21242913.80000
4416      21262419.60000
4417      21281938.70000
4418      21301471.10000
4419      21321016.60000
4420      21340575.40000
4421      21360147.50000
4422      21379732.70000
4423      21399331.20000
4424      21418943.00000
4425      21438568.00000
4426      21458206.30000
4427      21477857.90000
4428      21497522.70000
4429      21517200.80000
4430      21536892.20000
4431      21556596.90000
4432      21576314.80000
4433      21596046.10000
4434      21615790.60000
4435      21635548.50000
4436      21655319.70000
4437      21675104.20000
4438      21694902.00000
4439      21714713.10000
4440      21734537.60000
4441      21754375.40000
4442      21774226.50000
4443      21794091.00000
4444      21813968.80000
4445      21833860.00000
4446      21853764.50000
4447      21873682.40000
4448      21893613.70000
4449      21913558.40000
4450      21933516.40000
4451      21953487.80000
4452      21973472.60000
4453      21993470.80000
4454      22013482.40000
4455      22033507.30000
4456      22053545.70000
4457      22073597.50000
4458      22093662.80000
4459      22113741.40000
4460      22133833.50000
4461      22153939.00000
4462      22174057.90000
4463      22194190.30000
4464      22214336.10000
4465      22234495.40000
4466      22254668.10000
4467      22274854.30000
4468      22295053.90000
4469      22315267.10000
4470      22335493.60000
4471      22355733.70000
4472      22375987.30000
4473      22396254.30000
4474      22416534.90000
4475      22436828.90000
4476      22457136.40000
4477      22477457.50000
4478      22497792.10000
4479      22518140.10000
4480      22538501.70000
4481      22558876.90000
4482      22579265.50000
4483      22599667.70000
4484      22620083.50000
4485      22640512.70000
4486      22660955.60000
4487      22681412.00000
4488      22701881.90000
4489      22722365.40000
4490      22742862.50000
4491      22763373.20000
4492      22783897.40000
4493      22804435.30000
4494      22824986.70000
4495      22845551.70000
4496      22866130.30000
4497      22886722.50000
4498      22907328.30000
4499      22927947.70000
4500      22948580.80000
4501      22969227.50000
4502      22989887.80000
4503      23010561.70000
4504      23031249.30000
4505      23051950.50000
4506      23072665.30000
4507      23093393.90000
4508      23114136.00000
4509      23134891.80000
4510      23155661.30000
4511      23176444.50000
4512      23197241.30000
4513      23218051.80000
4514      23238876.00000
4515      23259713.90000
4516      23280565.50000
4517      23301430.80000
4518      23322309.80000
4519      23343202.50000
4520      23364108.90000
4521      23385029.00000
4522      23405962.90000
4523      23426910.40000
4524      23447871.70000
4525      23468846.80000
4526      23489835.60000
4527      23510838.10000
4528      23531854.40000
4529      23552884.40000
4530      23573928.20000
4531      23594985.80000
4532      23616057.10000
4533      23637142.20000
4534      23658241.10000
4535      23679353.70000
4536      23700480.20000
4537      23721620.50000
4538      23742774.50000
4539      23763942.40000
4540      23785124.00000
4541      23806319.50000
4542      23827528.80000
4543      23848751.90000
4544      23869988.80000
4545      23891239.60000
4546      23912504.20000
4547      23933782.60000
4548      23955074.90000
4549      23976381.00000
4550      23997701.00000
4551      24019034.90000
4552      24040382.60000
4553      24061744.20000
4554      24083119.60000
4555      24104509.00000
4556      24125912.20000
4557      24147329.30000
4558      24168760.30000
4559      24190205.20000
4560      24211664.00000
4561      24233136.70000
4562      24254623.30000
4563      24276123.80000
4564      24297638.30000
4565      24319166.60000
4566      24340708.90000
4567      24362265.20000
4568      24383835.30000
4569      24405419.50000
4570      24427017.50000
4571      24448629.60000
4572      24470255.50000
4573      24491895.50000
4574      24513549.40000
4575      24535217.30000
4576      24556899.10000
4577      24578594.90000
4578      24600304.80000
4579      24622028.60000
4580      24643766.40000
4581      24665518.20000
4582      24687284.00000
4583      24709063.80000
4584      24730857.60000
4585      24752665.50000
4586      24774487.40000
4587      24796323.30000
4588      24818173.20000
4589      24840037.20000
4590      24861915.20000
4591      24883807.20000
4592      24905713.30000
4593      24927633.50000
4594      24949567.70000
4595      24971516.00000
4596      24993478.40000
4597      25015454.80000
4598      25037445.30000
4599      25059449.90000
4600      25081468.60000
4601      25103501.30000
4602      25125548.20000
4603      25147609.20000
4604      25169684.30000
4605      25191773.40000
4606      25213876.70000
4607      25235994.20000
4608      25258125.70000
4609      25280271.40000
4610      25302431.20000
4611      25324605.20000
4612      25346793.20000
4613      25368995.50000
4614      25391211.90000
4615      25413442.40000
4616      25435687.10000
4617      25457946.00000
4618      25480219.10000
4619      25502506.30000
4620      25524807.70000
4621      25547123.30000
4622      25569453.10000
4623      25591797.00000
4624      25614155.20000
4625      25636527.60000
4626      25658914.20000
4627      25681314.90000
4628      25703730.00000
4629      25726159.20000
4630      25748602.60000
4631      25771060.30000
4632      25793532.30000
4633      25816018.40000
4634      25838518.80000
4635      25861033.50000
4636      25883562.40000
4637      25906105.60000
4638      25928663.00000
4639      25951234.70000
4640      25973820.70000
4641      25996420.90000
4642      26019035.40000
4643      26041664.20000
4644      26064307.30000
4645      26086964.70000
4646      26109636.40000
4647      26132322.40000
4648      26155022.70000
4649      26177737.40000
4650      26200466.30000
4651      26223209.60000
4652      26245967.10000
4653      26268739.10000
4654      26291525.30000
4655      26314325.90000
4656      26337140.80000
4657      26359970.10000
4658      26382813.80000
4659      26405671.80000
4660      26428544.10000
4661      26451430.80000
4662      26474331.90000
4663      26497247.40000
4664      26520177.30000
4665      26543121.50000
4666      26566080.20000
4667      26589053.20000
4668      26612040.60000
4669      26635042.40000
4670      26658058.70000
4671      26681089.30000
4672      26704134.40000
4673      26727193.90000
4674      26750267.80000
4675      26773356.20000
4676      26796458.90000
4677      26819576.20000
4678      26842707.80000
4679      26865853.90000
4680      26889014.50000
4681      26912189.50000
4682      26935379.00000
4683      26958583.00000
4684      26981801.40000
4685      27005034.30000
4686      27028281.70000
4687      27051543.60000
4688      27074819.90000
4689      27098110.80000
4690      27121416.10000
4691      27144736.00000
4692      27168070.30000
4693      27191419.20000
4694      27214782.60000
4695      27238160.50000
4696      27261552.90000
4697      27284959.90000
4698      27308381.40000
4699      27331817.40000
4700      27355268.00000
4701      27378733.20000
4702      27402212.80000
4703      27425707.10000
4704      27449215.90000
4705      27472739.20000
4706      27496277.20000
4707      27519829.70000
4708      27543396.80000
4709      27566978.40000
4710      27590574.70000
4711      27614185.50000
4712      27637811.00000
4713      27661451.00000
4714      27685105.70000
4715      27708775.00000
4716      27732458.80000
4717      27756157.30000
4718      27779870.40000
4719      27803598.20000
4720      27827340.60000
4721      27851097.60000
4722      27874869.30000
4723      27898655.60000
4724      27922456.50000
4725      27946272.10000
4726      27970102.40000
4727      27993947.30000
4728      28017806.90000
4729      28041681.20000
4730      28065570.20000
4731      28089473.80000
4732      28113392.10000
4733      28137325.10000
4734      28161272.80000
4735      28185235.20000
4736      28209212.30000
4737      28233204.10000
4738      28257210.60000
4739      28281231.90000
4740      28305267.80000
4741      28329318.50000
4742      28353383.90000
4743      28377464.10000
4744      28401559.00000
4745      28425668.60000
4746      28449793.00000
4747      28473932.10000
4748      28498086.00000
4749      28522254.70000
4750      28546438.10000
4751      28570636.20000
4752      28594849.20000
4753      28619076.90000
4754      28643319.50000
4755      28667576.80000
4756      28691848.90000
4757      28716135.70000
4758      28740437.40000
4759      28764753.90000
4760      28789085.20000
4761      28813431.30000
4762      28837792.30000
4763      28862168.00000
4764      28886558.60000
4765      28910964.00000
4766      28935384.30000
4767      28959819.40000
4768      28984269.30000
4769      29008734.10000
4770      29033213.70000
4771      29057708.20000
4772      29082217.60000
4773      29106741.80000
4774      29131280.90000
4775      29155834.80000
4776      29180403.70000
4777      29204987.40000
4778      29229586.00000
4779      29254199.50000
4780      29278827.90000
4781      29303471.20000
4782      29328129.40000
4783      29352802.50000
4784      29377490.50000
4785      29402193.50000
4786      29426911.30000
4787      29451644.10000
4788      29476391.90000
4789      29501154.50000
4790      29525932.10000
4791      29550724.70000
4792      29575532.10000
4793      29600354.60000
4794      29625192.00000
4795      29650044.30000
4796      29674911.70000
4797      29699794.00000
4798      29724691.20000
4799      29749603.50000
4800      29774530.70000
4801      29799472.90000
4802      29824430.10000
4803      29849402.30000
4804      29874389.50000
4805      29899391.80000
4806      29924409.00000
4807      29949441.20000
4808      29974488.40000
4809      29999550.70000
4810      30024628.00000
4811      30049720.30000
4812      30074827.70000
4813      30099950.10000
4814      30125087.50000
4815      30150240.00000
4816      30175407.50000
4817      30200590.10000
4818      30225787.80000
4819      30251000.50000
4820      30276228.30000
4821      30301471.20000
4822      30326729.10000
4823      30352002.10000
4824      30377290.20000
4825      30402593.40000
4826      30427911.70000
4827      30453245.10000
4828      30478593.60000
4829      30503957.20000
4830      30529335.90000
4831      30554729.70000
4832      30580138.60000
4833      30605562.70000
4834      30631001.90000
4835      30656456.20000
4836      30681925.70000
4837      30707410.30000
4838      30732910.00000
4839      30758424.90000
4840      30783955.00000
4841      30809500.20000
4842      30835060.60000
4843      30860636.10000
4844      30886226.80000
4845      30911832.70000
4846      30937453.70000
4847      30963090.00000
4848      30988741.40000
4849      31014408.00000
4850      31040089.90000
4851      31065786.90000
4852      31091499.10000
4853      31117226.60000
4854      31142969.20000
4855      31168727.10000
4856      31194500.10000
4857      31220288.50000
4858      31246092.00000
4859      31271910.80000
4860      31297744.80000
4861      31323594.00000
4862      31349458.50000
4863      31375338.30000
4864      31401233.30000
4865      31427143.60000
4866      31453069.10000
4867      31479009.90000
4868      31504966.00000
4869      31530937.30000
4870      31556923.90000
4871      31582925.90000
4872      31608943.00000
4873      31634975.50000
4874      31661023.30000
4875      31687086.40000
4876      31713164.80000
4877      31739258.50000
4878      31765367.50000
4879      31791491.90000
4880      31817631.50000
4881      31843786.50000
4882      31869956.80000
4883      31896142.50000
4884      31922343.40000
4885      31948559.80000
4886      31974791.40000
4887      32001038.50000
4888      32027300.90000
4889      32053578.60000
4890      32079871.70000
4891      32106180.20000
4892      32132504.00000
4893      32158843.20000
4894      32185197.80000
4895      32211567.80000
4896      32237953.20000
4897      32264353.90000
4898      32290770.10000
4899      32317201.70000
4900      32343648.60000
4901      32370111.00000
4902      32396588.80000
4903      32423082.00000
4904      32449590.60000
4905      32476114.70000
4906      32502654.20000
4907      32529209.10000
4908      32555779.40000
4909      32582365.20000
4910      32608966.50000
4911      32635583.20000
4912      32662215.30000
4913      32688862.90000
4914      32715526.00000
4915      32742204.50000
4916      32768898.50000
4917      32795608.00000
4918      32822333.00000
4919      32849073.40000
4920      32875829.30000
4921      32902600.70000
4922      32929387.70000
4923      32956190.10000
4924      32983008.00000
4925      33009841.40000
4926      33036690.40000
4927      33063554.80000
4928      33090434.80000
4929      33117330.30000
4930      33144241.30000
4931      33171167.90000
4932      33198109.90000
4933      33225067.60000
4934      33252040.80000
4935      33279029.50000
4936      33306033.80000
4937      33333053.60000
4938      33360089.00000
4939      33387139.90000
4940      33414206.50000
4941      33441288.60000
4942      33468386.30000
4943      33495499.50000
4944      33522628.40000
4945      33549772.80000
4946      33576932.80000
4947      33604108.40000
4948      33631299.70000
4949      33658506.50000
4950      33685728.90000
4951      33712967.00000
4952      33740220.60000
4953      33767489.90000
4954      33794774.80000
4955      33822075.40000
4956      33849391.60000
4957      33876723.40000
4958      33904070.80000
4959      33931433.90000
4960      33958812.70000
4961      33986207.10000
4962      34013617.10000
4963      34041042.90000
4964      34068484.30000
4965      34095941.30000
4966      34123414.00000
4967      34150902.50000
4968      34178406.50000
4969      34205926.30000
4970      34233461.80000
4971      34261012.90000
4972      34288579.80000
4973      34316162.40000
4974      34343760.60000
4975      34371374.60000
4976      34399004.30000
4977      34426649.70000
4978      34454310.80000
4979      34481987.70000
4980      34509680.20000
4981      34537388.50000
4982      34565112.60000
4983      34592852.40000
4984      34620607.90000
4985      34648379.20000
4986      34676166.20000
4987      34703969.00000
4988      34731787.60000
4989      34759621.90000
4990      34787472.00000
4991      34815337.90000
4992      34843219.50000
4993      34871116.90000
4994      34899030.20000
4995      34926959.20000
4996      34954903.90000
4997      34982864.50000
4998      35010840.90000
4999      35038833.10000
5000      35066841.10000