   1            82.48682
   2           148.97046
   3           216.85686
   4           284.88420
   5           352.95794
   6           421.05437
   7           489.16369
   8           557.28107
   9           625.40385
  10           693.53043
  11           761.65982
  12           829.79136
  13           897.92458
  14           966.05915
  15          1034.19483
  16          1102.33145
  17          1170.46888
  18          1238.60699
  19          1306.74571
  20          1374.88498
  21          1443.02474
  22          1511.16494
  23          1579.30554
  24          1647.44653
  25          1715.58786
  26          1783.72953
  27          1851.87151
  28          1920.01378
  29          1988.15634
  30          2056.29917
  31          2124.44226
  32          2192.58560
  33          2260.72919
  34          2328.87301
  35          2397.01706
  36          2465.16134
  37          2533.30584
  38          2601.45056
  39          2669.59549
  40          2737.74063
  41          2805.88597
  42          2874.03152
  43          2942.17727
  44          3010.32321
  45          3078.46936
  46          3146.61569
  47          3214.76223
  48          3282.90895
  49          3351.05587
  50          3419.20299
  51          3487.35030
  52          3555.49780
  53          3623.64551
  54          3691.79342
  55          3759.94153
  56          3828.08987
  57          3896.23842
  58          3964.38722
  59          4032.53626
  60          4100.68557
  61          4168.83516
  62          4236.98506
  63          4305.13530
  64          4373.28592
  65          4441.43694
  66          4509.58841
  67          4577.74039
  68          4645.89293
  69          4714.04610
  70          4782.19997
  71          4850.35463
  72          4918.51018
  73          4986.66671
  74          5054.82435
  75          5122.98323
  76          5191.14348
  77          5259.30528
  78          5327.46878
  79          5395.63418
  80          5463.80168
  81          5531.97150
  82          5600.14388
  83          5668.31909
  84          5736.49738
  85          5804.67908
  86          5872.86448
  87          5941.05394
  88          6009.24781
  89          6077.44648
  90          6145.65035
  91          6213.85985
  92          6282.07544
  93          6350.29760
  94          6418.52683
  95          6486.76366
  96          6555.00864
  97          6623.26235
  98          6691.52541
  99          6759.79843
 100          6828.08208
 101          6896.37704
 102          6964.68403
 103          7033.00379
 104          7101.33707
 105          7169.68466
 106          7238.04739
 107          7306.42610
 108          7374.82165
 109          7443.23495
 110          7511.66691
 111          7580.11849
 112          7648.59064
 113          7717.08438
 114          7785.60072
 115          7854.14071
 116          7922.70542
 117          7991.29594
 118          8059.91339
 119          8128.55892
 120          8197.23367
 121          8265.93885
 122          8334.67565
 123          8403.44530
 124          8472.24904
 125          8541.08815
 126          8609.96392
 127          8678.87764
 128          8747.83064
 129          8816.82426
 130          8885.85987
 131          8954.93884
 132          9024.06255
 133          9093.23243
 134          9162.44989
 135          9231.71636
 136          9301.03331
 137          9370.40220
 138          9439.82450
 139          9509.30171
 140          9578.83532
 141          9648.42686
 142          9718.07785
 143          9787.78982
 144          9857.56431
 145          9927.40288
 146          9997.30710
 147         10067.27850
 148         10137.31880
 149         10207.42940
 150         10277.61190
 151         10347.86810
 152         10418.19940
 153         10488.60750
 154         10559.09410
 155         10629.66060
 156         10700.30880
 157         10771.04020
 158         10841.85660
 159         10912.75950
 160         10983.75060
 161         11054.83150
 162         11126.00380
 163         11197.26930
 164         11268.62950
 165         11340.08610
 166         11411.64070
 167         11483.29500
 168         11555.05060
 169         11626.90920
 170         11698.87240
 171         11770.94190
 172         11843.11920
 173         11915.40610
 174         11987.80420
 175         12060.31500
 176         12132.94030
 177         12205.68170
 178         12278.54080
 179         12351.51930
 180         12424.61870
 181         12497.84070
 182         12571.18680
 183         12644.65880
 184         12718.25820
 185         12791.98670
 186         12865.84570
 187         12939.83700
 188         13013.96210
 189         13088.22270
 190         13162.62020
 191         13237.15630
 192         13311.83260
 193         13386.65050
 194         13461.61180
 195         13536.71800
 196         13611.97050
 197         13687.37100
 198         13762.92110
 199         13838.62220
 200         13914.47580
 201         13990.48360
 202         14066.64710
 203         14142.96770
 204         14219.44700
 205         14296.08640
 206         14372.88760
 207         14449.85200
 208         14526.98100
 209         14604.27620
 210         14681.73910
 211         14759.37110
 212         14837.17370
 213         14915.14830
 214         14993.29650
 215         15071.61960
 216         15150.11920
 217         15228.79660
 218         15307.65340
 219         15386.69080
 220         15465.91050
 221         15545.31370
 222         15624.90190
 223         15704.67650
 224         15784.63880
 225         15864.79040
 226         15945.13260
 227         16025.66680
 228         16106.39430
 229         16187.31660
 230         16268.43500
 231         16349.75080
 232         16431.26550
 233         16512.98040
 234         16594.89680
 235         16677.01610
 236         16759.33960
 237         16841.86870
 238         16924.60460
 239         17007.54880
 240         17090.70250
 241         17174.06710
 242         17257.64380
 243         17341.43390
 244         17425.43890
 245         17509.65980
 246         17594.09820
 247         17678.75510
 248         17763.63200
 249         17848.73010
 250         17934.05060
 251         18019.59490
 252         18105.36420
 253         18191.35970
 254         18277.58280
 255         18364.03460
 256         18450.71640
 257         18537.62950
 258         18624.77510
 259         18712.15440
 260         18799.76870
 261         18887.61910
 262         18975.70700
 263         19064.03350
 264         19152.59990
 265         19241.40730
 266         19330.45700
 267         19419.75020
 268         19509.28800
 269         19599.07170
 270         19689.10250
 271         19779.38160
 272         19869.91010
 273         19960.68920
 274         20051.72020
 275         20143.00410
 276         20234.54230
 277         20326.33570
 278         20418.38570
 279         20510.69330
 280         20603.25980
 281         20696.08630
 282         20789.17400
 283         20882.52400
 284         20976.13740
 285         21070.01550
 286         21164.15930
 287         21258.57000
 288         21353.24880
 289         21448.19680
 290         21543.41510
 291         21638.90480
 292         21734.66720
 293         21830.70330
 294         21927.01420
 295         22023.60110
 296         22120.46510
 297         22217.60740
 298         22315.02900
 299         22412.73100
 300         22510.71460
 301         22608.98090
 302         22707.53100
 303         22806.36600
 304         22905.48700
 305         23004.89520
 306         23104.59160
 307         23204.57730
 308         23304.85340
 309         23405.42110
 310         23506.28140
 311         23607.43540
 312         23708.88420
 313         23810.62900
 314         23912.67070
 315         24015.01050
 316         24117.64960
 317         24220.58890
 318         24323.82950
 319         24427.37260
 320         24531.21920
 321         24635.37040
 322         24739.82740
 323         24844.59100
 324         24949.66260
 325         25055.04300
 326         25160.73350
 327         25266.73510
 328         25373.04880
 329         25479.67570
 330         25586.61700
 331         25693.87360
 332         25801.44670
 333         25909.33730
 334         26017.54650
 335         26126.07540
 336         26234.92500
 337         26344.09640
 338         26453.59070
 339         26563.40890
 340         26673.55220
 341         26784.02150
 342         26894.81790
 343         27005.94250
 344         27117.39640
 345         27229.18070
 346         27341.29630
 347         27453.74440
 348         27566.52600
 349         27679.64220
 350         27793.09410
 351         27906.88260
 352         28021.00900
 353         28135.47420
 354         28250.27920
 355         28365.42530
 356         28480.91330
 357         28596.74450
 358         28712.91970
 359         28829.44020
 360         28946.30700
 361         29063.52110
 362         29181.08350
 363         29298.99550
 364         29417.25790
 365         29535.87190
 366         29654.83850
 367         29774.15890
 368         29893.83390
 369         30013.86490
 370         30134.25260
 371         30254.99840
 372         30376.10310
 373         30497.56790
 374         30619.39390
 375         30741.58200
 376         30864.13340
 377         30987.04910
 378         31110.33020
 379         31233.97770
 380         31357.99280
 381         31482.37650
 382         31607.12970
 383         31732.25370
 384         31857.74950
 385         31983.61810
 386         32109.86070
 387         32236.47820
 388         32363.47170
 389         32490.84240
 390         32618.59130
 391         32746.71940
 392         32875.22780
 393         33004.11770
 394         33133.39000
 395         33263.04580
 396         33393.08630
 397         33523.51250
 398         33654.32540
 399         33785.52610
 400         33917.11580
 401         34049.09550
 402         34181.46620
 403         34314.22910
 404         34447.38520
 405         34580.93560
 406         34714.88130
 407         34849.22360
 408         34983.96340
 409         35119.10180
 410         35254.63990
 411         35390.57890
 412         35526.91970
 413         35663.66350
 414         35800.81130
 415         35938.36430
 416         36076.32350
 417         36214.69000
 418         36353.46490
 419         36492.64940
 420         36632.24440
 421         36772.25110
 422         36912.67060
 423         37053.50400
 424         37194.75240
 425         37336.41680
 426         37478.49840
 427         37620.99830
 428         37763.91760
 429         37907.25730
 430         38051.01860
 431         38195.20260
 432         38339.81030
 433         38484.84300
 434         38630.30170
 435         38776.18740
 436         38922.50140
 437         39069.24470
 438         39216.41840
 439         39364.02370
 440         39512.06170
 441         39660.53350
 442         39809.44010
 443         39958.78280
 444         40108.56260
 445         40258.78060
 446         40409.43800
 447         40560.53600
 448         40712.07550
 449         40864.05780
 450         41016.48400
 451         41169.35520
 452         41322.67250
 453         41476.43700
 454         41630.65000
 455         41785.31250
 456         41940.42560
 457         42095.99060
 458         42252.00850
 459         42408.48040
 460         42565.40760
 461         42722.79110
 462         42880.63210
 463         43038.93180
 464         43197.69120
 465         43356.91160
 466         43516.59410
 467         43676.73970
 468         43837.34980
 469         43998.42540
 470         44159.96770
 471         44321.97780
 472         44484.45690
 473         44647.40610
 474         44810.82670
 475         44974.71980
 476         45139.08650
 477         45303.92800
 478         45469.24540
 479         45635.04000
 480         45801.31290
 481         45968.06530
 482         46135.29830
 483         46303.01310
 484         46471.21090
 485         46639.89290
 486         46809.06030
 487         46978.71410
 488         47148.85570
 489         47319.48610
 490         47490.60660
 491         47662.21840
 492         47834.32260
 493         48006.92050
 494         48180.01310
 495         48353.60180
 496         48527.68770
 497         48702.27200
 498         48877.35590
 499         49052.94050
 500         49229.02720
 501         49405.61710
 502         49582.71130
 503         49760.31120
 504         49938.41790
 505         50117.03260
 506         50296.15650
 507         50475.79090
 508         50655.93690
 509         50836.59580
 510         51017.76870
 511         51199.45700
 512         51381.66180
 513         51564.38430
 514         51747.62580
 515         51931.38750
 516         52115.67060
 517         52300.47630
 518         52485.80590
 519         52671.66060
 520         52858.04170
 521         53044.95030
 522         53232.38770
 523         53420.35520
 524         53608.85400
 525         53797.88530
 526         53987.45040
 527         54177.55050
 528         54368.18680
 529         54559.36070
 530         54751.07330
 531         54943.32600
 532         55136.11990
 533         55329.45640
 534         55523.33660
 535         55717.76190
 536         55912.73350
 537         56108.25270
 538         56304.32070
 539         56500.93880
 540         56698.10830
 541         56895.83040
 542         57094.10650
 543         57292.93770
 544         57492.32540
 545         57692.27080
 546         57892.77530
 547         58093.84000
 548         58295.46640
 549         58497.65560
 550         58700.40900
 551         58903.72780
 552         59107.61330
 553         59312.06690
 554         59517.08980
 555         59722.68340
 556         59928.84880
 557         60135.58750
 558         60342.90070
 559         60550.78970
 560         60759.25590
 561         60968.30040
 562         61177.92480
 563         61388.13020
 564         61598.91790
 565         61810.28940
 566         62022.24580
 567         62234.78860
 568         62447.91900
 569         62661.63840
 570         62875.94810
 571         63090.84940
 572         63306.34360
 573         63522.43210
 574         63739.11620
 575         63956.39730
 576         64174.27660
 577         64392.75560
 578         64611.83550
 579         64831.51780
 580         65051.80360
 581         65272.69450
 582         65494.19170
 583         65716.29660
 584         65939.01050
 585         66162.33480
 586         66386.27090
 587         66610.82000
 588         66835.98370
 589         67061.76320
 590         67288.15980
 591         67515.17500
 592         67742.81020
 593         67971.06660
 594         68199.94570
 595         68429.44890
 596         68659.57750
 597         68890.33280
 598         69121.71640
 599         69353.72940
 600         69586.37350
 601         69819.64980
 602         70053.55990
 603         70288.10510
 604         70523.28670
 605         70759.10630
 606         70995.56510
 607         71232.66470
 608         71470.40630
 609         71708.79130
 610         71947.82130
 611         72187.49760
 612         72427.82160
 613         72668.79460
 614         72910.41820
 615         73152.69380
 616         73395.62270
 617         73639.20640
 618         73883.44620
 619         74128.34370
 620         74373.90020
 621         74620.11720
 622         74866.99610
 623         75114.53830
 624         75362.74530
 625         75611.61840
 626         75861.15920
 627         76111.36910
 628         76362.24940
 629         76613.80180
 630         76866.02750
 631         77118.92810
 632         77372.50490
 633         77626.75950
 634         77881.69340
 635         78137.30780
 636         78393.60440
 637         78650.58460
 638         78908.24980
 639         79166.60150
 640         79425.64110
 641         79685.37020
 642         79945.79020
 643         80206.90260
 644         80468.70880
 645         80731.21040
 646         80994.40880
 647         81258.30550
 648         81522.90190
 649         81788.19960
 650         82054.20000
 651         82320.90470
 652         82588.31510
 653         82856.43280
 654         83125.25910
 655         83394.79570
 656         83665.04400
 657         83936.00550
 658         84207.68170
 659         84480.07420
 660         84753.18440
 661         85027.01380
 662         85301.56410
 663         85576.83660
 664         85852.83290
 665         86129.55450
 666         86407.00290
 667         86685.17970
 668         86964.08650
 669         87243.72460
 670         87524.09570
 671         87805.20120
 672         88087.04280
 673         88369.62200
 674         88652.94020
 675         88936.99910
 676         89221.80010
 677         89507.34490
 678         89793.63490
 679         90080.67180
 680         90368.45710
 681         90656.99230
 682         90946.27900
 683         91236.31870
 684         91527.11300
 685         91818.66350
 686         92110.97180
 687         92404.03940
 688         92697.86780
 689         92992.45870
 690         93287.81360
 691         93583.93420
 692         93880.82190
 693         94178.47840
 694         94476.90520
 695         94776.10400
 696         95076.07630
 697         95376.82370
 698         95678.34780
 699         95980.65020
 700         96283.73250
 701         96587.59630
 702         96892.24320
 703         97197.67480
 704         97503.89270
 705         97810.89860
 706         98118.69390
 707         98427.28040
 708         98736.65970
 709         99046.83330
 710         99357.80300
 711         99669.57020
 712         99982.13670
 713        100295.50400
 714        100609.67400
 715        100924.64800
 716        101240.42800
 717        101557.01500
 718        101874.41100
 719        102192.61800
 720        102511.63700
 721        102831.47000
 722        103152.11900
 723        103473.58500
 724        103795.87000
 725        104118.97500
 726        104442.90300
 727        104767.65500
 728        105093.23200
 729        105419.63600
 730        105746.86900
 731        106074.93300
 732        106403.82900
 733        106733.55900
 734        107064.12400
 735        107395.52700
 736        107727.76800
 737        108060.85000
 738        108394.77500
 739        108729.54300
 740        109065.15700
 741        109401.61800
 742        109738.92900
 743        110077.09000
 744        110416.10300
 745        110755.97100
 746        111096.69400
 747        111438.27600
 748        111780.71600
 749        112124.01700
 750        112468.18100
 751        112813.20900
 752        113159.10400
 753        113505.86600
 754        113853.49800
 755        114202.00100
 756        114551.37600
 757        114901.62700
 758        115252.75400
 759        115604.76000
 760        115957.64500
 761        116311.41200
 762        116666.06200
 763        117021.59700
 764        117378.02000
 765        117735.33100
 766        118093.53200
 767        118452.62500
 768        118812.61300
 769        119173.49600
 770        119535.27600
 771        119897.95600
 772        120261.53600
 773        120626.01900
 774        120991.40700
 775        121357.70100
 776        121724.90300
 777        122093.01400
 778        122462.03700
 779        122831.97400
 780        123202.82600
 781        123574.59400
 782        123947.28200
 783        124320.88900
 784        124695.41900
 785        125070.87300
 786        125447.25300
 787        125824.56100
 788        126202.79800
 789        126581.96700
 790        126962.06800
 791        127343.10500
 792        127725.07800
 793        128107.98900
 794        128491.84100
 795        128876.63600
 796        129262.37400
 797        129649.05800
 798        130036.68900
 799        130425.27000
 800        130814.80300
 801        131205.28800
 802        131596.72900
 803        131989.12600
 804        132382.48200
 805        132776.79800
 806        133172.07700
 807        133568.32000
 808        133965.52900
 809        134363.70600
 810        134762.85200
 811        135162.97000
 812        135564.06200
 813        135966.12900
 814        136369.17300
 815        136773.19600
 816        137178.20100
 817        137584.18800
 818        137991.15900
 819        138399.11700
 820        138808.06400
 821        139218.00100
 822        139628.93000
 823        140040.85400
 824        140453.77300
 825        140867.69000
 826        141282.60700
 827        141698.52600
 828        142115.44800
 829        142533.37500
 830        142952.31000
 831        143372.25500
 832        143793.21000
 833        144215.17900
 834        144638.16300
 835        145062.16300
 836        145487.18300
 837        145913.22300
 838        146340.28600
 839        146768.37400
 840        147197.48800
 841        147627.63100
 842        148058.80400
 843        148491.01000
 844        148924.24900
 845        149358.52600
 846        149793.84000
 847        150230.19400
 848        150667.59100
 849        151106.03200
 850        151545.51900
 851        151986.05300
 852        152427.63800
 853        152870.27400
 854        153313.96500
 855        153758.71100
 856        154204.51500
 857        154651.37900
 858        155099.30400
 859        155548.29400
 860        155998.34900
 861        156449.47100
 862        156901.66400
 863        157354.92800
 864        157809.26600
 865        158264.67900
 866        158721.17000
 867        159178.74100
 868        159637.39300
 869        160097.12900
 870        160557.95100
 871        161019.86000
 872        161482.85900
 873        161946.95000
 874        162412.13400
 875        162878.41500
 876        163345.79300
 877        163814.27000
 878        164283.85000
 879        164754.53300
 880        165226.32200
 881        165699.22000
 882        166173.22700
 883        166648.34600
 884        167124.57900
 885        167601.92800
 886        168080.39500
 887        168559.98300
 888        169040.69200
 889        169522.52600
 890        170005.48700
 891        170489.57500
 892        170974.79500
 893        171461.14600
 894        171948.63300
 895        172437.25500
 896        172927.01700
 897        173417.92000
 898        173909.96500
 899        174403.15500
 900        174897.49300
 901        175392.97900
 902        175889.61700
 903        176387.40800
 904        176886.35500
 905        177386.45900
 906        177887.72200
 907        178390.14800
 908        178893.73700
 909        179398.49200
 910        179904.41500
 911        180411.50900
 912        180919.77400
 913        181429.21400
 914        181939.83100
 915        182451.62600
 916        182964.60200
 917        183478.76100
 918        183994.10500
 919        184510.63600
 920        185028.35600
 921        185547.26800
 922        186067.37300
 923        186588.67400
 924        187111.17300
 925        187634.87200
 926        188159.77300
 927        188685.87900
 928        189213.19000
 929        189741.71100
 930        190271.44200
 931        190802.38700
 932        191334.54600
 933        191867.92300
 934        192402.51900
 935        192938.33700
 936        193475.37900
 937        194013.64700
 938        194553.14300
 939        195093.86900
 940        195635.82800
 941        196179.02200
 942        196723.45200
 943        197269.12200
 944        197816.03400
 945        198364.18800
 946        198913.58900
 947        199464.23800
 948        200016.13700
 949        200569.28800
 950        201123.69400
 951        201679.35600
 952        202236.27800
 953        202794.46100
 954        203353.90800
 955        203914.62000
 956        204476.60100
 957        205039.85200
 958        205604.37500
 959        206170.17200
 960        206737.24700
 961        207305.60100
 962        207875.23700
 963        208446.15600
 964        209018.36100
 965        209591.85400
 966        210166.63800
 967        210742.71400
 968        211320.08600
 969        211898.75500
 970        212478.72300
 971        213059.99300
 972        213642.56700
 973        214226.44800
 974        214811.63700
 975        215398.13800
 976        215985.95100
 977        216575.08000
 978        217165.52700
 979        217757.29400
 980        218350.38300
 981        218944.79700
 982        219540.53800
 983        220137.60800
 984        220736.01000
 985        221335.74600
 986        221936.81800
 987        222539.22900
 988        223142.98100
 989        223748.07600
 990        224354.51600
 991        224962.30400
 992        225571.44300
 993        226181.93400
 994        226793.78000
 995        227406.98300
 996        228021.54500
 997        228637.47000
 998        229254.75900
 999        229873.41400
1000        230493.43900
1001        231114.83500
1002        231737.60400
1003        232361.74900
1004        232987.27300
1005        233614.17800
1006        234242.46600
1007        234872.13900
1008        235503.20000
1009        236135.65200
1010        236769.49600
1011        237404.73500
1012        238041.37100
1013        238679.40800
1014        239318.84600
1015        239959.69000
1016        240601.94000
1017        241245.59900
1018        241890.67100
1019        242537.15600
1020        243185.05900
1021        243834.38000
1022        244485.12300
1023        245137.28900
1024        245790.88200
1025        246445.90400
1026        247102.35700
1027        247760.24300
1028        248419.56600
1029        249080.32600
1030        249742.52800
1031        250406.17300
1032        251071.26400
1033        251737.80300
1034        252405.79300
1035        253075.23600
1036        253746.13400
1037        254418.49000
1038        255092.30700
1039        255767.58700
1040        256444.33200
1041        257122.54600
1042        257802.22900
1043        258483.38500
1044        259166.01700
1045        259850.12700
1046        260535.71600
1047        261222.78900
1048        261911.34700
1049        262601.39200
1050        263292.92800
1051        263985.95700
1052        264680.48000
1053        265376.50200
1054        266074.02400
1055        266773.04800
1056        267473.57800
1057        268175.61600
1058        268879.16300
1059        269584.22400
1060        270290.80000
1061        270998.89400
1062        271708.50900
1063        272419.64600
1064        273132.30900
1065        273846.50000
1066        274562.22100
1067        275279.47500
1068        275998.26600
1069        276718.59400
1070        277440.46300
1071        278163.87500
1072        278888.83400
1073        279615.34000
1074        280343.39800
1075        281073.00900
1076        281804.17700
1077        282536.90300
1078        283271.19000
1079        284007.04100
1080        284744.45900
1081        285483.44500
1082        286224.00400
1083        286966.13600
1084        287709.84500
1085        288455.13400
1086        289202.00500
1087        289950.46000
1088        290700.50200
1089        291452.13500
1090        292205.35900
1091        292960.17900
1092        293716.59600
1093        294474.61400
1094        295234.23500
1095        295995.46100
1096        296758.29500
1097        297522.74000
1098        298288.79800
1099        299056.47300
1100        299825.76600
1101        300596.68000
1102        301369.21900
1103        302143.38400
1104        302919.17800
1105        303696.60400
1106        304475.66500
1107        305256.36300
1108        306038.70100
1109        306822.68200
1110        307608.30800
1111        308395.58100
1112        309184.50600
1113        309975.08400
1114        310767.31700
1115        311561.20900
1116        312356.76300
1117        313153.98100
1118        313952.86500
1119        314753.41900
1120        315555.64500
1121        316359.54600
1122        317165.12400
1123        317972.38200
1124        318781.32400
1125        319591.95100
1126        320404.26600
1127        321218.27300
1128        322033.97300
1129        322851.37000
1130        323670.46700
1131        324491.26500
1132        325313.76800
1133        326137.97800
1134        326963.89900
1135        327791.53300
1136        328620.88200
1137        329451.95000
1138        330284.73900
1139        331119.25200
1140        331955.49200
1141        332793.46100
1142        333633.16300
1143        334474.59900
1144        335317.77400
1145        336162.68900
1146        337009.34700
1147        337857.75100
1148        338707.90500
1149        339559.81000
1150        340413.46900
1151        341268.88600
1152        342126.06300
1153        342985.00300
1154        343845.70900
1155        344708.18300
1156        345572.42800
1157        346438.44700
1158        347306.24400
1159        348175.82000
1160        349047.17800
1161        349920.32200
1162        350795.25400
1163        351671.97800
1164        352550.49500
1165        353430.80800
1166        354312.92200
1167        355196.83800
1168        356082.55800
1169        356970.08800
1170        357859.42700
1171        358750.58100
1172        359643.55200
1173        360538.34100
1174        361434.95400
1175        362333.39100
1176        363233.65600
1177        364135.75300
1178        365039.68300
1179        365945.45000
1180        366853.05700
1181        367762.50600
1182        368673.80000
1183        369586.94300
1184        370501.93700
1185        371418.78500
1186        372337.48900
1187        373258.05400
1188        374180.48200
1189        375104.77500
1190        376030.93600
1191        376958.96900
1192        377888.87700
1193        378820.66200
1194        379754.32700
1195        380689.87500
1196        381627.30900
1197        382566.63300
1198        383507.84800
1199        384450.95800
1200        385395.96700
1201        386342.87600
1202        387291.68800
1203        388242.40800
1204        389195.03700
1205        390149.57800
1206        391106.03600
1207        392064.41100
1208        393024.70900
1209        393986.93000
1210        394951.08000
1211        395917.15900
1212        396885.17200
1213        397855.12200
1214        398827.01000
1215        399800.84200
1216        400776.61800
1217        401754.34300
1218        402734.01900
1219        403715.65000
1220        404699.23800
1221        405684.78600
1222        406672.29800
1223        407661.77600
1224        408653.22300
1225        409646.64300
1226        410642.03800
1227        411639.41200
1228        412638.76700
1229        413640.10700
1230        414643.43500
1231        415648.75300
1232        416656.06400
1233        417665.37300
1234        418676.68100
1235        419689.99200
1236        420705.30800
1237        421722.63400
1238        422741.97200
1239        423763.32400
1240        424786.69500
1241        425812.08700
1242        426839.50300
1243        427868.94700
1244        428900.42100
1245        429933.92800
1246        430969.47300
1247        432007.05600
1248        433046.68300
1249        434088.35500
1250        435132.07600
1251        436177.85000
1252        437225.67800
1253        438275.56500
1254        439327.51300
1255        440381.52600
1256        441437.60600
1257        442495.75700
1258        443555.98200
1259        444618.28400
1260        445682.66500
1261        446749.13100
1262        447817.68200
1263        448888.32300
1264        449961.05700
1265        451035.88700
1266        452112.81500
1267        453191.84600
1268        454272.98200
1269        455356.22600
1270        456441.58300
1271        457529.05300
1272        458618.64200
1273        459710.35200
1274        460804.18600
1275        461900.14800
1276        462998.24000
1277        464098.46600
1278        465200.82900
1279        466305.33200
1280        467411.97900
1281        468520.77200
1282        469631.71500
1283        470744.81100
1284        471860.06400
1285        472977.47500
1286        474097.05000
1287        475218.79000
1288        476342.69900
1289        477468.78100
1290        478597.03800
1291        479727.47400
1292        480860.09200
1293        481994.89500
1294        483131.88700
1295        484271.07000
1296        485412.44800
1297        486556.02500
1298        487701.80300
1299        488849.78500
1300        489999.97600
1301        491152.37800
1302        492306.99400
1303        493463.82800
1304        494622.88300
1305        495784.16300
1306        496947.67000
1307        498113.40800
1308        499281.38000
1309        500451.59000
1310        501624.04000
1311        502798.73400
1312        503975.67600
1313        505154.86800
1314        506336.31500
1315        507520.01800
1316        508705.98200
1317        509894.21000
1318        511084.70500
1319        512277.47100
1320        513472.51100
1321        514669.82700
1322        515869.42500
1323        517071.30600
1324        518275.47400
1325        519481.93200
1326        520690.68500
1327        521901.73500
1328        523115.08500
1329        524330.73900
1330        525548.70100
1331        526768.97300
1332        527991.55900
1333        529216.46200
1334        530443.68600
1335        531673.23500
1336        532905.11000
1337        534139.31700
1338        535375.85800
1339        536614.73600
1340        537855.95600
1341        539099.51900
1342        540345.43100
1343        541593.69400
1344        542844.31100
1345        544097.28700
1346        545352.62400
1347        546610.32500
1348        547870.39500
1349        549132.83700
1350        550397.65400
1351        551664.84900
1352        552934.42600
1353        554206.38900
1354        555480.74000
1355        556757.48400
1356        558036.62300
1357        559318.16100
1358        560602.10200
1359        561888.45000
1360        563177.20600
1361        564468.37600
1362        565761.96200
1363        567057.96800
1364        568356.39700
1365        569657.25300
1366        570960.53900
1367        572266.25900
1368        573574.41700
1369        574885.01500
1370        576198.05700
1371        577513.54700
1372        578831.48900
1373        580151.88500
1374        581474.73900
1375        582800.05500
1376        584127.83700
1377        585458.08700
1378        586790.80900
1379        588126.00700
1380        589463.68500
1381        590803.84500
1382        592146.49200
1383        593491.62800
1384        594839.25800
1385        596189.38500
1386        597542.01300
1387        598897.14400
1388        600254.78300
1389        601614.93400
1390        602977.59900
1391        604342.78200
1392        605710.48700
1393        607080.71800
1394        608453.47800
1395        609828.77000
1396        611206.59800
1397        612586.96600
1398        613969.87700
1399        615355.33600
1400        616743.34400
1401        618133.90700
1402        619527.02700
1403        620922.70900
1404        622320.95600
1405        623721.77100
1406        625125.15800
1407        626531.12000
1408        627939.66300
1409        629350.78800
1410        630764.49900
1411        632180.80100
1412        633599.69600
1413        635021.18900
1414        636445.28300
1415        637871.98200
1416        639301.28900
1417        640733.20800
1418        642167.74300
1419        643604.89700
1420        645044.67500
1421        646487.07800
1422        647932.11200
1423        649379.78000
1424        650830.08600
1425        652283.03300
1426        653738.62500
1427        655196.86500
1428        656657.75800
1429        658121.30700
1430        659587.51600
1431        661056.38800
1432        662527.92800
1433        664002.13800
1434        665479.02200
1435        666958.58500
1436        668440.83000
1437        669925.76100
1438        671413.38100
1439        672903.69400
1440        674396.70400
1441        675892.41400
1442        677390.82900
1443        678891.95100
1444        680395.78600
1445        681902.33600
1446        683411.60500
1447        684923.59800
1448        686438.31700
1449        687955.76600
1450        689475.95000
1451        690998.87200
1452        692524.53600
1453        694052.94500
1454        695584.10400
1455        697118.01500
1456        698654.68400
1457        700194.11300
1458        701736.30700
1459        703281.26900
1460        704829.00400
1461        706379.51400
1462        707932.80300
1463        709488.87600
1464        711047.73700
1465        712609.38800
1466        714173.83500
1467        715741.08000
1468        717311.12800
1469        718883.98200
1470        720459.64600
1471        722038.12400
1472        723619.42000
1473        725203.53800
1474        726790.48200
1475        728380.25400
1476        729972.86000
1477        731568.30400
1478        733166.58800
1479        734767.71600
1480        736371.69400
1481        737978.52400
1482        739588.21100
1483        741200.75700
1484        742816.16800
1485        744434.44700
1486        746055.59800
1487        747679.62500
1488        749306.53100
1489        750936.32100
1490        752568.99900
1491        754204.56800
1492        755843.03200
1493        757484.39500
1494        759128.66200
1495        760775.83500
1496        762425.92000
1497        764078.91900
1498        765734.83700
1499        767393.67800
1500        769055.44600
1501        770720.14400
1502        772387.77700
1503        774058.34800
1504        775731.86200
1505        777408.32200
1506        779087.73200
1507        780770.09700
1508        782455.42000
1509        784143.70500
1510        785834.95700
1511        787529.17800
1512        789226.37400
1513        790926.54700
1514        792629.70300
1515        794335.84500
1516        796044.97700
1517        797757.10300
1518        799472.22700
1519        801190.35400
1520        802911.48600
1521        804635.62800
1522        806362.78500
1523        808092.95900
1524        809826.15600
1525        811562.37800
1526        813301.63100
1527        815043.91800
1528        816789.24400
1529        818537.61100
1530        820289.02500
1531        822043.48900
1532        823801.00700
1533        825561.58400
1534        827325.22400
1535        829091.93000
1536        830861.70600
1537        832634.55700
1538        834410.48700
1539        836189.50000
1540        837971.59900
1541        839756.79000
1542        841545.07500
1543        843336.46000
1544        845130.94700
1545        846928.54200
1546        848729.24900
1547        850533.07100
1548        852340.01200
1549        854150.07700
1550        855963.27000
1551        857779.59500
1552        859599.05600
1553        861421.65700
1554        863247.40200
1555        865076.29600
1556        866908.34200
1557        868743.54400
1558        870581.90800
1559        872423.43700
1560        874268.13400
1561        876116.00500
1562        877967.05300
1563        879821.28300
1564        881678.69800
1565        883539.30400
1566        885403.10300
1567        887270.10000
1568        889140.30000
1569        891013.70600
1570        892890.32300
1571        894770.15500
1572        896653.20700
1573        898539.48100
1574        900428.98300
1575        902321.71600
1576        904217.68500
1577        906116.89500
1578        908019.34900
1579        909925.05100
1580        911834.00600
1581        913746.21800
1582        915661.69100
1583        917580.42900
1584        919502.43700
1585        921427.71900
1586        923356.27900
1587        925288.12100
1588        927223.25000
1589        929161.67000
1590        931103.38500
1591        933048.39900
1592        934996.71600
1593        936948.34200
1594        938903.27900
1595        940861.53300
1596        942823.10800
1597        944788.00800
1598        946756.23700
1599        948727.79900
1600        950702.69900
1601        952680.94100
1602        954662.53000
1603        956647.46900
1604        958635.76300
1605        960627.41700
1606        962622.43400
1607        964620.81900
1608        966622.57600
1609        968627.71000
1610        970636.22500
1611        972648.12400
1612        974663.41400
1613        976682.09700
1614        978704.17900
1615        980729.66300
1616        982758.55300
1617        984790.85500
1618        986826.57300
1619        988865.71100
1620        990908.27300
1621        992954.26300
1622        995003.68700
1623        997056.54800
1624        999112.85100
1625       1001172.60000
1626       1003235.80000
1627       1005302.45000
1628       1007372.57000
1629       1009446.15000
1630       1011523.19000
1631       1013603.71000
1632       1015687.70000
1633       1017775.18000
1634       1019866.14000
1635       1021960.59000
1636       1024058.54000
1637       1026159.99000
1638       1028264.94000
1639       1030373.39000
1640       1032485.36000
1641       1034600.85000
1642       1036719.86000
1643       1038842.39000
1644       1040968.45000
1645       1043098.05000
1646       1045231.19000
1647       1047367.87000
1648       1049508.09000
1649       1051651.87000
1650       1053799.21000
1651       1055950.11000
1652       1058104.57000
1653       1060262.60000
1654       1062424.21000
1655       1064589.40000
1656       1066758.17000
1657       1068930.53000
1658       1071106.49000
1659       1073286.03000
1660       1075469.19000
1661       1077655.94000
1662       1079846.31000
1663       1082040.30000
1664       1084237.90000
1665       1086439.13000
1666       1088643.98000
1667       1090852.47000
1668       1093064.60000
1669       1095280.37000
1670       1097499.79000
1671       1099722.86000
1672       1101949.58000
1673       1104179.97000
1674       1106414.02000
1675       1108651.74000
1676       1110893.13000
1677       1113138.20000
1678       1115386.96000
1679       1117639.41000
1680       1119895.54000
1681       1122155.38000
1682       1124418.91000
1683       1126686.16000
1684       1128957.11000
1685       1131231.78000
1686       1133510.17000
1687       1135792.28000
1688       1138078.13000
1689       1140367.71000
1690       1142661.02000
1691       1144958.08000
1692       1147258.89000
1693       1149563.45000
1694       1151871.76000
1695       1154183.84000
1696       1156499.69000
1697       1158819.30000
1698       1161142.70000
1699       1163469.87000
1700       1165800.82000
1701       1168135.57000
1702       1170474.11000
1703       1172816.45000
1704       1175162.59000
1705       1177512.55000
1706       1179866.31000
1707       1182223.89000
1708       1184585.30000
1709       1186950.53000
1710       1189319.59000
1711       1191692.49000
1712       1194069.23000
1713       1196449.82000
1714       1198834.26000
1715       1201222.55000
1716       1203614.70000
1717       1206010.72000
1718       1208410.61000
1719       1210814.37000
1720       1213222.01000
1721       1215633.53000
1722       1218048.94000
1723       1220468.24000
1724       1222891.45000
1725       1225318.55000
1726       1227749.56000
1727       1230184.49000
1728       1232623.33000
1729       1235066.09000
1730       1237512.78000
1731       1239963.40000
1732       1242417.95000
1733       1244876.45000
1734       1247338.89000
1735       1249805.28000
1736       1252275.63000
1737       1254749.94000
1738       1257228.21000
1739       1259710.45000
1740       1262196.66000
1741       1264686.85000
1742       1267181.03000
1743       1269679.20000
1744       1272181.36000
1745       1274687.52000
1746       1277197.68000
1747       1279711.84000
1748       1282230.03000
1749       1284752.23000
1750       1287278.45000
1751       1289808.70000
1752       1292342.98000
1753       1294881.29000
1754       1297423.65000
1755       1299970.06000
1756       1302520.52000
1757       1305075.03000
1758       1307633.61000
1759       1310196.25000
1760       1312762.96000
1761       1315333.75000
1762       1317908.62000
1763       1320487.57000
1764       1323070.62000
1765       1325657.76000
1766       1328249.00000
1767       1330844.35000
1768       1333443.81000
1769       1336047.38000
1770       1338655.07000
1771       1341266.89000
1772       1343882.84000
1773       1346502.92000
1774       1349127.14000
1775       1351755.50000
1776       1354388.02000
1777       1357024.69000
1778       1359665.52000
1779       1362310.51000
1780       1364959.68000
1781       1367613.02000
1782       1370270.53000
1783       1372932.23000
1784       1375598.13000
1785       1378268.21000
1786       1380942.49000
1787       1383620.98000
1788       1386303.68000
1789       1388990.59000
1790       1391681.72000
1791       1394377.08000
1792       1397076.66000
1793       1399780.48000
1794       1402488.54000
1795       1405200.84000
1796       1407917.39000
1797       1410638.19000
1798       1413363.26000
1799       1416092.59000
1800       1418826.18000
1801       1421564.05000
1802       1424306.21000
1803       1427052.64000
1804       1429803.37000
1805       1432558.39000
1806       1435317.70000
1807       1438081.33000
1808       1440849.26000
1809       1443621.51000
1810       1446398.08000
1811       1449178.97000
1812       1451964.19000
1813       1454753.75000
1814       1457547.65000
1815       1460345.89000
1816       1463148.48000
1817       1465955.43000
1818       1468766.74000
1819       1471582.41000
1820       1474402.46000
1821       1477226.88000
1822       1480055.68000
1823       1482888.87000
1824       1485726.45000
1825       1488568.42000
1826       1491414.80000
1827       1494265.58000
1828       1497120.77000
1829       1499980.38000
1830       1502844.42000
1831       1505712.88000
1832       1508585.77000
1833       1511463.10000
1834       1514344.87000
1835       1517231.09000
1836       1520121.77000
1837       1523016.90000
1838       1525916.49000
1839       1528820.55000
1840       1531729.09000
1841       1534642.10000
1842       1537559.60000
1843       1540481.59000
1844       1543408.07000
1845       1546339.06000
1846       1549274.54000
1847       1552214.54000
1848       1555159.05000
1849       1558108.08000
1850       1561061.64000
1851       1564019.73000
1852       1566982.36000
1853       1569949.52000
1854       1572921.24000
1855       1575897.50000
1856       1578878.32000
1857       1581863.71000
1858       1584853.66000
1859       1587848.18000
1860       1590847.28000
1861       1593850.97000
1862       1596859.24000
1863       1599872.11000
1864       1602889.58000
1865       1605911.65000
1866       1608938.33000
1867       1611969.63000
1868       1615005.54000
1869       1618046.09000
1870       1621091.26000
1871       1624141.07000
1872       1627195.52000
1873       1630254.62000
1874       1633318.37000
1875       1636386.77000
1876       1639459.84000
1877       1642537.58000
1878       1645619.99000
1879       1648707.08000
1880       1651798.85000
1881       1654895.32000
1882       1657996.48000
1883       1661102.33000
1884       1664212.90000
1885       1667328.17000
1886       1670448.16000
1887       1673572.87000
1888       1676702.31000
1889       1679836.48000
1890       1682975.39000
1891       1686119.04000
1892       1689267.44000
1893       1692420.60000
1894       1695578.51000
1895       1698741.19000
1896       1701908.64000
1897       1705080.86000
1898       1708257.86000
1899       1711439.65000
1900       1714626.24000
1901       1717817.62000
1902       1721013.80000
1903       1724214.79000
1904       1727420.59000
1905       1730631.21000
1906       1733846.66000
1907       1737066.93000
1908       1740292.04000
1909       1743521.99000
1910       1746756.79000
1911       1749996.44000
1912       1753240.94000
1913       1756490.31000
1914       1759744.54000
1915       1763003.65000
1916       1766267.64000
1917       1769536.51000
1918       1772810.27000
1919       1776088.93000
1920       1779372.49000
1921       1782660.95000
1922       1785954.32000
1923       1789252.62000
1924       1792555.83000
1925       1795863.98000
1926       1799177.05000
1927       1802495.07000
1928       1805818.03000
1929       1809145.94000
1930       1812478.81000
1931       1815816.64000
1932       1819159.44000
1933       1822507.20000
1934       1825859.95000
1935       1829217.68000
1936       1832580.40000
1937       1835948.11000
1938       1839320.83000
1939       1842698.55000
1940       1846081.28000
1941       1849469.03000
1942       1852861.80000
1943       1856259.60000
1944       1859662.43000
1945       1863070.31000
1946       1866483.22000
1947       1869901.19000
1948       1873324.21000
1949       1876752.30000
1950       1880185.45000
1951       1883623.68000
1952       1887066.98000
1953       1890515.37000
1954       1893968.85000
1955       1897427.43000
1956       1900891.10000
1957       1904359.88000
1958       1907833.78000
1959       1911312.79000
1960       1914796.92000
1961       1918286.19000
1962       1921780.59000
1963       1925280.13000
1964       1928784.82000
1965       1932294.66000
1966       1935809.65000
1967       1939329.81000
1968       1942855.14000
1969       1946385.65000
1970       1949921.33000
1971       1953462.20000
1972       1957008.26000
1973       1960559.52000
1974       1964115.99000
1975       1967677.66000
1976       1971244.54000
1977       1974816.65000
1978       1978393.98000
1979       1981976.55000
1980       1985564.35000
1981       1989157.40000
1982       1992755.69000
1983       1996359.24000
1984       1999968.05000
1985       2003582.12000
1986       2007201.47000
1987       2010826.10000
1988       2014456.00000
1989       2018091.20000
1990       2021731.69000
1991       2025377.49000
1992       2029028.59000
1993       2032685.00000
1994       2036346.73000
1995       2040013.79000
1996       2043686.17000
1997       2047363.89000
1998       2051046.95000
1999       2054735.36000
2000       2058429.12000
2001       2062128.24000
2002       2065832.72000
2003       2069542.58000
2004       2073257.81000
2005       2076978.42000
2006       2080704.42000
2007       2084435.82000
2008       2088172.61000
2009       2091914.81000
2010       2095662.42000
2011       2099415.45000
2012       2103173.90000
2013       2106937.78000
2014       2110707.09000
2015       2114481.85000
2016       2118262.05000
2017       2122047.70000
2018       2125838.81000
2019       2129635.39000
2020       2133437.43000
2021       2137244.95000
2022       2141057.95000
2023       2144876.44000
2024       2148700.43000
2025       2152529.91000
2026       2156364.90000
2027       2160205.40000
2028       2164051.41000
2029       2167902.95000
2030       2171760.02000
2031       2175622.63000
2032       2179490.77000
2033       2183364.46000
2034       2187243.71000
2035       2191128.51000
2036       2195018.88000
2037       2198914.81000
2038       2202816.33000
2039       2206723.43000
2040       2210636.11000
2041       2214554.39000
2042       2218478.27000
2043       2222407.76000
2044       2226342.86000
2045       2230283.58000
2046       2234229.92000
2047       2238181.89000
2048       2242139.50000
2049       2246102.75000
2050       2250071.65000
2051       2254046.20000
2052       2258026.42000
2053       2262012.30000
2054       2266003.85000
2055       2270001.09000
2056       2274004.00000
2057       2278012.61000
2058       2282026.91000
2059       2286046.92000
2060       2290072.63000
2061       2294104.06000
2062       2298141.21000
2063       2302184.09000
2064       2306232.70000
2065       2310287.05000
2066       2314347.14000
2067       2318412.99000
2068       2322484.59000
2069       2326561.96000
2070       2330645.09000
2071       2334734.00000
2072       2338828.70000
2073       2342929.18000
2074       2347035.45000
2075       2351147.52000
2076       2355265.40000
2077       2359389.09000
2078       2363518.60000
2079       2367653.94000
2080       2371795.10000
2081       2375942.10000
2082       2380094.95000
2083       2384253.64000
2084       2388418.19000
2085       2392588.60000
2086       2396764.88000
2087       2400947.03000
2088       2405135.06000
2089       2409328.97000
2090       2413528.78000
2091       2417734.48000
2092       2421946.09000
2093       2426163.61000
2094       2430387.05000
2095       2434616.41000
2096       2438851.70000
2097       2443092.93000
2098       2447340.09000
2099       2451593.20000
2100       2455852.27000
2101       2460117.30000
2102       2464388.29000
2103       2468665.26000
2104       2472948.21000
2105       2477237.14000
2106       2481532.06000
2107       2485832.98000
2108       2490139.90000
2109       2494452.83000
2110       2498771.78000
2111       2503096.75000
2112       2507427.75000
2113       2511764.78000
2114       2516107.86000
2115       2520456.98000
2116       2524812.16000
2117       2529173.40000
2118       2533540.70000
2119       2537914.08000
2120       2542293.53000
2121       2546679.07000
2122       2551070.70000
2123       2555468.43000
2124       2559872.27000
2125       2564282.21000
2126       2568698.27000
2127       2573120.46000
2128       2577548.77000
2129       2581983.22000
2130       2586423.81000
2131       2590870.55000
2132       2595323.44000
2133       2599782.50000
2134       2604247.72000
2135       2608719.12000
2136       2613196.69000
2137       2617680.45000
2138       2622170.41000
2139       2626666.56000
2140       2631168.92000
2141       2635677.50000
2142       2640192.29000
2143       2644713.30000
2144       2649240.55000
2145       2653774.03000
2146       2658313.76000
2147       2662859.73000
2148       2667411.97000
2149       2671970.47000
2150       2676535.23000
2151       2681106.28000
2152       2685683.60000
2153       2690267.21000
2154       2694857.12000
2155       2699453.33000
2156       2704055.85000
2157       2708664.68000
2158       2713279.84000
2159       2717901.32000
2160       2722529.13000
2161       2727163.29000
2162       2731803.79000
2163       2736450.64000
2164       2741103.86000
2165       2745763.44000
2166       2750429.39000
2167       2755101.72000
2168       2759780.44000
2169       2764465.55000
2170       2769157.06000
2171       2773854.97000
2172       2778559.30000
2173       2783270.04000
2174       2787987.21000
2175       2792710.80000
2176       2797440.84000
2177       2802177.32000
2178       2806920.25000
2179       2811669.64000
2180       2816425.49000
2181       2821187.81000
2182       2825956.61000
2183       2830731.89000
2184       2835513.66000
2185       2840301.93000
2186       2845096.70000
2187       2849897.98000
2188       2854705.78000
2189       2859520.10000
2190       2864340.95000
2191       2869168.33000
2192       2874002.26000
2193       2878842.73000
2194       2883689.76000
2195       2888543.36000
2196       2893403.52000
2197       2898270.25000
2198       2903143.57000
2199       2908023.48000
2200       2912909.98000
2201       2917803.09000
2202       2922702.80000
2203       2927609.13000
2204       2932522.08000
2205       2937441.66000
2206       2942367.87000
2207       2947300.73000
2208       2952240.23000
2209       2957186.39000
2210       2962139.21000
2211       2967098.69000
2212       2972064.86000
2213       2977037.70000
2214       2982017.23000
2215       2987003.46000
2216       2991996.39000
2217       2996996.02000
2218       3002002.38000
2219       3007015.45000
2220       3012035.25000
2221       3017061.79000
2222       3022095.07000
2223       3027135.09000
2224       3032181.87000
2225       3037235.42000
2226       3042295.73000
2227       3047362.82000
2228       3052436.69000
2229       3057517.35000
2230       3062604.80000
2231       3067699.06000
2232       3072800.12000
2233       3077908.00000
2234       3083022.71000
2235       3088144.24000
2236       3093272.61000
2237       3098407.82000
2238       3103549.88000
2239       3108698.80000
2240       3113854.58000
2241       3119017.23000
2242       3124186.75000
2243       3129363.16000
2244       3134546.46000
2245       3139736.66000
2246       3144933.76000
2247       3150137.78000
2248       3155348.70000
2249       3160566.56000
2250       3165791.34000
2251       3171023.07000
2252       3176261.73000
2253       3181507.35000
2254       3186759.93000
2255       3192019.47000
2256       3197285.99000
2257       3202559.48000
2258       3207839.96000
2259       3213127.43000
2260       3218421.91000
2261       3223723.38000
2262       3229031.88000
2263       3234347.39000
2264       3239669.93000
2265       3244999.50000
2266       3250336.11000
2267       3255679.77000
2268       3261030.49000
2269       3266388.26000
2270       3271753.11000
2271       3277125.03000
2272       3282504.03000
2273       3287890.12000
2274       3293283.31000
2275       3298683.60000
2276       3304091.00000
2277       3309505.52000
2278       3314927.16000
2279       3320355.93000
2280       3325791.84000
2281       3331234.89000
2282       3336685.09000
2283       3342142.46000
2284       3347606.98000
2285       3353078.69000
2286       3358557.57000
2287       3364043.63000
2288       3369536.89000
2289       3375037.35000
2290       3380545.02000
2291       3386059.90000
2292       3391582.00000
2293       3397111.33000
2294       3402647.90000
2295       3408191.70000
2296       3413742.76000
2297       3419301.07000
2298       3424866.65000
2299       3430439.50000
2300       3436019.62000
2301       3441607.03000
2302       3447201.73000
2303       3452803.72000
2304       3458413.03000
2305       3464029.64000
2306       3469653.58000
2307       3475284.84000
2308       3480923.43000
2309       3486569.37000
2310       3492222.65000
2311       3497883.29000
2312       3503551.29000
2313       3509226.66000
2314       3514909.41000
2315       3520599.53000
2316       3526297.05000
2317       3532001.97000
2318       3537714.29000
2319       3543434.02000
2320       3549161.17000
2321       3554895.74000
2322       3560637.75000
2323       3566387.20000
2324       3572144.10000
2325       3577908.44000
2326       3583680.26000
2327       3589459.53000
2328       3595246.29000
2329       3601040.53000
2330       3606842.25000
2331       3612651.48000
2332       3618468.21000
2333       3624292.45000
2334       3630124.21000
2335       3635963.49000
2336       3641810.31000
2337       3647664.66000
2338       3653526.57000
2339       3659396.03000
2340       3665273.05000
2341       3671157.63000
2342       3677049.80000
2343       3682949.55000
2344       3688856.88000
2345       3694771.82000
2346       3700694.36000
2347       3706624.51000
2348       3712562.28000
2349       3718507.68000
2350       3724460.71000
2351       3730421.39000
2352       3736389.71000
2353       3742365.68000
2354       3748349.32000
2355       3754340.63000
2356       3760339.62000
2357       3766346.29000
2358       3772360.65000
2359       3778382.71000
2360       3784412.48000
2361       3790449.96000
2362       3796495.16000
2363       3802548.09000
2364       3808608.75000
2365       3814677.16000
2366       3820753.32000
2367       3826837.23000
2368       3832928.91000
2369       3839028.36000
2370       3845135.59000
2371       3851250.60000
2372       3857373.41000
2373       3863504.02000
2374       3869642.44000
2375       3875788.68000
2376       3881942.73000
2377       3888104.62000
2378       3894274.35000
2379       3900451.92000
2380       3906637.34000
2381       3912830.63000
2382       3919031.78000
2383       3925240.80000
2384       3931457.71000
2385       3937682.50000
2386       3943915.20000
2387       3950155.79000
2388       3956404.30000
2389       3962660.73000
2390       3968925.08000
2391       3975197.37000
2392       3981477.60000
2393       3987765.77000
2394       3994061.90000
2395       4000366.00000
2396       4006678.06000
2397       4012998.11000
2398       4019326.14000
2399       4025662.16000
2400       4032006.18000
2401       4038358.21000
2402       4044718.26000
2403       4051086.33000
2404       4057462.42000
2405       4063846.56000
2406       4070238.74000
2407       4076638.98000
2408       4083047.27000
2409       4089463.63000
2410       4095888.07000
2411       4102320.58000
2412       4108761.19000
2413       4115209.90000
2414       4121666.71000
2415       4128131.63000
2416       4134604.67000
2417       4141085.84000
2418       4147575.15000
2419       4154072.59000
2420       4160578.19000
2421       4167091.95000
2422       4173613.86000
2423       4180143.96000
2424       4186682.23000
2425       4193228.69000
2426       4199783.34000
2427       4206346.20000
2428       4212917.27000
2429       4219496.55000
2430       4226084.06000
2431       4232679.81000
2432       4239283.79000
2433       4245896.02000
2434       4252516.51000
2435       4259145.26000
2436       4265782.28000
2437       4272427.58000
2438       4279081.16000
2439       4285743.04000
2440       4292413.22000
2441       4299091.71000
2442       4305778.51000
2443       4312473.64000
2444       4319177.10000
2445       4325888.90000
2446       4332609.05000
2447       4339337.55000
2448       4346074.41000
2449       4352819.64000
2450       4359573.25000
2451       4366335.25000
2452       4373105.63000
2453       4379884.42000
2454       4386671.62000
2455       4393467.23000
2456       4400271.26000
2457       4407083.73000
2458       4413904.63000
2459       4420733.98000
2460       4427571.78000
2461       4434418.05000
2462       4441272.78000
2463       4448135.99000
2464       4455007.69000
2465       4461887.88000
2466       4468776.57000
2467       4475673.76000
2468       4482579.48000
2469       4489493.71000
2470       4496416.48000
2471       4503347.78000
2472       4510287.63000
2473       4517236.04000
2474       4524193.00000
2475       4531158.54000
2476       4538132.66000
2477       4545115.35000
2478       4552106.65000
2479       4559106.54000
2480       4566115.04000
2481       4573132.16000
2482       4580157.90000
2483       4587192.27000
2484       4594235.28000
2485       4601286.94000
2486       4608347.26000
2487       4615416.24000
2488       4622493.88000
2489       4629580.21000
2490       4636675.22000
2491       4643778.93000
2492       4650891.34000
2493       4658012.46000
2494       4665142.29000
2495       4672280.85000
2496       4679428.15000
2497       4686584.18000
2498       4693748.97000
2499       4700922.51000
2500       4708104.81000
2501       4715295.89000
2502       4722495.75000
2503       4729704.39000
2504       4736921.84000
2505       4744148.08000
2506       4751383.14000
2507       4758627.01000
2508       4765879.72000
2509       4773141.26000
2510       4780411.64000
2511       4787690.87000
2512       4794978.97000
2513       4802275.92000
2514       4809581.76000
2515       4816896.48000
2516       4824220.08000
2517       4831552.59000
2518       4838894.00000
2519       4846244.33000
2520       4853603.57000
2521       4860971.75000
2522       4868348.87000
2523       4875734.93000
2524       4883129.95000
2525       4890533.93000
2526       4897946.88000
2527       4905368.80000
2528       4912799.71000
2529       4920239.62000
2530       4927688.53000
2531       4935146.44000
2532       4942613.38000
2533       4950089.34000
2534       4957574.33000
2535       4965068.37000
2536       4972571.45000
2537       4980083.60000
2538       4987604.80000
2539       4995135.09000
2540       5002674.45000
2541       5010222.90000
2542       5017780.45000
2543       5025347.11000
2544       5032922.88000
2545       5040507.77000
2546       5048101.79000
2547       5055704.95000
2548       5063317.25000
2549       5070938.71000
2550       5078569.33000
2551       5086209.12000
2552       5093858.09000
2553       5101516.25000
2554       5109183.60000
2555       5116860.15000
2556       5124545.91000
2557       5132240.89000
2558       5139945.09000
2559       5147658.53000
2560       5155381.21000
2561       5163113.15000
2562       5170854.34000
2563       5178604.80000
2564       5186364.53000
2565       5194133.55000
2566       5201911.86000
2567       5209699.46000
2568       5217496.38000
2569       5225302.61000
2570       5233118.16000
2571       5240943.05000
2572       5248777.27000
2573       5256620.85000
2574       5264473.78000
2575       5272336.07000
2576       5280207.74000
2577       5288088.78000
2578       5295979.22000
2579       5303879.05000
2580       5311788.29000
2581       5319706.94000
2582       5327635.02000
2583       5335572.52000
2584       5343519.46000
2585       5351475.85000
2586       5359441.69000
2587       5367416.99000
2588       5375401.77000
2589       5383396.02000
2590       5391399.76000
2591       5399412.99000
2592       5407435.73000
2593       5415467.98000
2594       5423509.75000
2595       5431561.05000
2596       5439621.89000
2597       5447692.27000
2598       5455772.20000
2599       5463861.69000
2600       5471960.76000
2601       5480069.40000
2602       5488187.62000
2603       5496315.44000
2604       5504452.87000
2605       5512599.90000
2606       5520756.55000
2607       5528922.83000
2608       5537098.75000
2609       5545284.31000
2610       5553479.52000
2611       5561684.39000
2612       5569898.93000
2613       5578123.15000
2614       5586357.05000
2615       5594600.65000
2616       5602853.94000
2617       5611116.95000
2618       5619389.68000
2619       5627672.13000
2620       5635964.32000
2621       5644266.25000
2622       5652577.94000
2623       5660899.38000
2624       5669230.59000
2625       5677571.58000
2626       5685922.36000
2627       5694282.93000
2628       5702653.30000
2629       5711033.48000
2630       5719423.48000
2631       5727823.30000
2632       5736232.97000
2633       5744652.47000
2634       5753081.83000
2635       5761521.05000
2636       5769970.14000
2637       5778429.10000
2638       5786897.95000
2639       5795376.70000
2640       5803865.34000
2641       5812363.90000
2642       5820872.38000
2643       5829390.79000
2644       5837919.13000
2645       5846457.42000
2646       5855005.66000
2647       5863563.86000
2648       5872132.03000
2649       5880710.18000
2650       5889298.31000
2651       5897896.45000
2652       5906504.58000
2653       5915122.73000
2654       5923750.90000
2655       5932389.10000
2656       5941037.33000
2657       5949695.62000
2658       5958363.95000
2659       5967042.35000
2660       5975730.82000
2661       5984429.37000
2662       5993138.01000
2663       6001856.75000
2664       6010585.59000
2665       6019324.55000
2666       6028073.63000
2667       6036832.84000
2668       6045602.19000
2669       6054381.69000
2670       6063171.34000
2671       6071971.16000
2672       6080781.16000
2673       6089601.33000
2674       6098431.70000
2675       6107272.27000
2676       6116123.04000
2677       6124984.03000
2678       6133855.25000
2679       6142736.70000
2680       6151628.39000
2681       6160530.33000
2682       6169442.53000
2683       6178365.00000
2684       6187297.75000
2685       6196240.78000
2686       6205194.10000
2687       6214157.73000
2688       6223131.67000
2689       6232115.93000
2690       6241110.51000
2691       6250115.43000
2692       6259130.70000
2693       6268156.32000
2694       6277192.31000
2695       6286238.66000
2696       6295295.40000
2697       6304362.52000
2698       6313440.04000
2699       6322527.97000
2700       6331626.31000
2701       6340735.07000
2702       6349854.27000
2703       6358983.90000
2704       6368123.99000
2705       6377274.53000
2706       6386435.53000
2707       6395607.02000
2708       6404788.98000
2709       6413981.44000
2710       6423184.40000
2711       6432397.87000
2712       6441621.86000
2713       6450856.38000
2714       6460101.43000
2715       6469357.02000
2716       6478623.17000
2717       6487899.88000
2718       6497187.16000
2719       6506485.02000
2720       6515793.47000
2721       6525112.52000
2722       6534442.17000
2723       6543782.43000
2724       6553133.32000
2725       6562494.84000
2726       6571867.00000
2727       6581249.81000
2728       6590643.28000
2729       6600047.41000
2730       6609462.22000
2731       6618887.72000
2732       6628323.90000
2733       6637770.79000
2734       6647228.39000
2735       6656696.71000
2736       6666175.76000
2737       6675665.54000
2738       6685166.07000
2739       6694677.36000
2740       6704199.40000
2741       6713732.22000
2742       6723275.82000
2743       6732830.22000
2744       6742395.40000
2745       6751971.40000
2746       6761558.21000
2747       6771155.85000
2748       6780764.32000
2749       6790383.64000
2750       6800013.80000
2751       6809654.83000
2752       6819306.72000
2753       6828969.50000
2754       6838643.16000
2755       6848327.71000
2756       6858023.18000
2757       6867729.55000
2758       6877446.85000
2759       6887175.08000
2760       6896914.24000
2761       6906664.36000
2762       6916425.44000
2763       6926197.48000
2764       6935980.50000
2765       6945774.50000
2766       6955579.49000
2767       6965395.49000
2768       6975222.50000
2769       6985060.53000
2770       6994909.59000
2771       7004769.69000
2772       7014640.83000
2773       7024523.03000
2774       7034416.30000
2775       7044320.63000
2776       7054236.06000
2777       7064162.57000
2778       7074100.18000
2779       7084048.91000
2780       7094008.75000
2781       7103979.72000
2782       7113961.82000
2783       7123955.07000
2784       7133959.48000
2785       7143975.05000
2786       7154001.79000
2787       7164039.71000
2788       7174088.82000
2789       7184149.13000
2790       7194220.65000
2791       7204303.39000
2792       7214397.35000
2793       7224502.55000
2794       7234618.99000
2795       7244746.69000
2796       7254885.65000
2797       7265035.88000
2798       7275197.39000
2799       7285370.19000
2800       7295554.28000
2801       7305749.69000
2802       7315956.41000
2803       7326174.46000
2804       7336403.84000
2805       7346644.56000
2806       7356896.64000
2807       7367160.08000
2808       7377434.89000
2809       7387721.08000
2810       7398018.66000
2811       7408327.64000
2812       7418648.02000
2813       7428979.82000
2814       7439323.04000
2815       7449677.70000
2816       7460043.81000
2817       7470421.36000
2818       7480810.38000
2819       7491210.87000
2820       7501622.83000
2821       7512046.29000
2822       7522481.24000
2823       7532927.70000
2824       7543385.68000
2825       7553855.18000
2826       7564336.22000
2827       7574828.80000
2828       7585332.93000
2829       7595848.63000
2830       7606375.89000
2831       7616914.74000
2832       7627465.17000
2833       7638027.21000
2834       7648600.85000
2835       7659186.11000
2836       7669782.99000
2837       7680391.51000
2838       7691011.67000
2839       7701643.49000
2840       7712286.97000
2841       7722942.12000
2842       7733608.95000
2843       7744287.48000
2844       7754977.70000
2845       7765679.63000
2846       7776393.28000
2847       7787118.65000
2848       7797855.76000
2849       7808604.62000
2850       7819365.23000
2851       7830137.60000
2852       7840921.75000
2853       7851717.68000
2854       7862525.40000
2855       7873344.93000
2856       7884176.26000
2857       7895019.41000
2858       7905874.39000
2859       7916741.21000
2860       7927619.87000
2861       7938510.39000
2862       7949412.78000
2863       7960327.04000
2864       7971253.19000
2865       7982191.22000
2866       7993141.16000
2867       8004103.02000
2868       8015076.79000
2869       8026062.50000
2870       8037060.14000
2871       8048069.73000
2872       8059091.28000
2873       8070124.80000
2874       8081170.30000
2875       8092227.78000
2876       8103297.26000
2877       8114378.74000
2878       8125472.23000
2879       8136577.75000
2880       8147695.30000
2881       8158824.90000
2882       8169966.54000
2883       8181120.25000
2884       8192286.03000
2885       8203463.88000
2886       8214653.83000
2887       8225855.87000
2888       8237070.02000
2889       8248296.29000
2890       8259534.68000
2891       8270785.21000
2892       8282047.88000
2893       8293322.71000
2894       8304609.71000
2895       8315908.87000
2896       8327220.22000
2897       8338543.76000
2898       8349879.50000
2899       8361227.45000
2900       8372587.62000
2901       8383960.02000
2902       8395344.66000
2903       8406741.55000
2904       8418150.69000
2905       8429572.10000
2906       8441005.79000
2907       8452451.77000
2908       8463910.04000
2909       8475380.61000
2910       8486863.50000
2911       8498358.71000
2912       8509866.26000
2913       8521386.14000
2914       8532918.38000
2915       8544462.99000
2916       8556019.96000
2917       8567589.31000
2918       8579171.05000
2919       8590765.19000
2920       8602371.74000
2921       8613990.71000
2922       8625622.11000
2923       8637265.94000
2924       8648922.22000
2925       8660590.95000
2926       8672272.16000
2927       8683965.83000
2928       8695671.99000
2929       8707390.65000
2930       8719121.81000
2931       8730865.48000
2932       8742621.67000
2933       8754390.40000
2934       8766171.66000
2935       8777965.48000
2936       8789771.86000
2937       8801590.81000
2938       8813422.34000
2939       8825266.46000
2940       8837123.18000
2941       8848992.50000
2942       8860874.45000
2943       8872769.02000
2944       8884676.23000
2945       8896596.08000
2946       8908528.59000
2947       8920473.77000
2948       8932431.62000
2949       8944402.15000
2950       8956385.38000
2951       8968381.32000
2952       8980389.97000
2953       8992411.34000
2954       9004445.44000
2955       9016492.29000
2956       9028551.89000
2957       9040624.24000
2958       9052709.37000
2959       9064807.29000
2960       9076917.99000
2961       9089041.49000
2962       9101177.80000
2963       9113326.93000
2964       9125488.89000
2965       9137663.68000
2966       9149851.33000
2967       9162051.83000
2968       9174265.20000
2969       9186491.45000
2970       9198730.58000
2971       9210982.61000
2972       9223247.55000
2973       9235525.40000
2974       9247816.17000
2975       9260119.88000
2976       9272436.54000
2977       9284766.15000
2978       9297108.72000
2979       9309464.27000
2980       9321832.80000
2981       9334214.32000
2982       9346608.84000
2983       9359016.38000
2984       9371436.94000
2985       9383870.53000
2986       9396317.16000
2987       9408776.84000
2988       9421249.59000
2989       9433735.40000
2990       9446234.29000
2991       9458746.28000
2992       9471271.36000
2993       9483809.55000
2994       9496360.87000
2995       9508925.31000
2996       9521502.88000
2997       9534093.61000
2998       9546697.49000
2999       9559314.55000
3000       9571944.78000
3001       9584588.19000
3002       9597244.81000
3003       9609914.63000
3004       9622597.66000
3005       9635293.92000
3006       9648003.42000
3007       9660726.17000
3008       9673462.17000
3009       9686211.43000
3010       9698973.97000
3011       9711749.79000
3012       9724538.91000
3013       9737341.34000
3014       9750157.07000
3015       9762986.13000
3016       9775828.53000
3017       9788684.27000
3018       9801553.36000
3019       9814435.81000
3020       9827331.64000
3021       9840240.85000
3022       9853163.46000
3023       9866099.46000
3024       9879048.88000
3025       9892011.72000
3026       9904987.99000
3027       9917977.70000
3028       9930980.87000
3029       9943997.49000
3030       9957027.59000
3031       9970071.17000
3032       9983128.24000
3033       9996198.81000
3034      10009282.90000
3035      10022380.50000
3036      10035491.60000
3037      10048616.30000
3038      10061754.50000
3039      10074906.30000
3040      10088071.60000
3041      10101250.60000
3042      10114443.10000
3043      10127649.20000
3044      10140868.90000
3045      10154102.30000
3046      10167349.30000
3047      10180609.90000
3048      10193884.20000
3049      10207172.10000
3050      10220473.70000
3051      10233788.90000
3052      10247117.90000
3053      10260460.60000
3054      10273816.90000
3055      10287187.00000
3056      10300570.80000
3057      10313968.40000
3058      10327379.70000
3059      10340804.70000
3060      10354243.60000
3061      10367696.20000
3062      10381162.60000
3063      10394642.70000
3064      10408136.70000
3065      10421644.60000
3066      10435166.20000
3067      10448701.70000
3068      10462251.00000
3069      10475814.20000
3070      10489391.20000
3071      10502982.20000
3072      10516587.00000
3073      10530205.70000
3074      10543838.30000
3075      10557484.90000
3076      10571145.30000
3077      10584819.70000
3078      10598508.10000
3079      10612210.40000
3080      10625926.70000
3081      10639656.90000
3082      10653401.20000
3083      10667159.40000
3084      10680931.70000
3085      10694717.90000
3086      10708518.20000
3087      10722332.50000
3088      10736160.90000
3089      10750003.40000
3090      10763859.90000
3091      10777730.40000
3092      10791615.10000
3093      10805513.90000
3094      10819426.70000
3095      10833353.70000
3096      10847294.90000
3097      10861250.10000
3098      10875219.50000
3099      10889203.10000
3100      10903200.80000
3101      10917212.70000
3102      10931238.80000
3103      10945279.10000
3104      10959333.60000
3105      10973402.30000
3106      10987485.30000
3107      11001582.50000
3108      11015693.90000
3109      11029819.60000
3110      11043959.60000
3111      11058113.80000
3112      11072282.30000
3113      11086465.20000
3114      11100662.30000
3115      11114873.80000
3116      11129099.60000
3117      11143339.70000
3118      11157594.20000
3119      11171863.00000
3120      11186146.20000
3121      11200443.80000
3122      11214755.80000
3123      11229082.20000
3124      11243423.00000
3125      11257778.20000
3126      11272147.80000
3127      11286531.90000
3128      11300930.50000
3129      11315343.50000
3130      11329770.90000
3131      11344212.90000
3132      11358669.30000
3133      11373140.30000
3134      11387625.70000
3135      11402125.70000
3136      11416640.20000
3137      11431169.20000
3138      11445712.90000
3139      11460271.00000
3140      11474843.80000
3141      11489431.10000
3142      11504033.00000
3143      11518649.50000
3144      11533280.70000
3145      11547926.40000
3146      11562586.80000
3147      11577261.90000
3148      11591951.60000
3149      11606655.90000
3150      11621374.90000
3151      11636108.70000
3152      11650857.10000
3153      11665620.20000
3154      11680398.00000
3155      11695190.60000
3156      11709997.90000
3157      11724819.90000
3158      11739656.70000
3159      11754508.30000
3160      11769374.70000
3161      11784255.80000
3162      11799151.70000
3163      11814062.50000
3164      11828988.00000
3165      11843928.40000
3166      11858883.60000
3167      11873853.70000
3168      11888838.70000
3169      11903838.50000
3170      11918853.10000
3171      11933882.70000
3172      11948927.20000
3173      11963986.60000
3174      11979060.90000
3175      11994150.10000
3176      12009254.30000
3177      12024373.40000
3178      12039507.50000
3179      12054656.60000
3180      12069820.70000
3181      12084999.70000
3182      12100193.80000
3183      12115402.80000
3184      12130626.90000
3185      12145866.00000
3186      12161120.20000
3187      12176389.40000
3188      12191673.70000
3189      12206973.10000
3190      12222287.50000
3191      12237617.00000
3192      12252961.70000
3193      12268321.50000
3194      12283696.40000
3195      12299086.40000
3196      12314491.60000
3197      12329911.90000
3198      12345347.40000
3199      12360798.10000
3200      12376264.00000
3201      12391745.10000
3202      12407241.30000
3203      12422752.90000
3204      12438279.60000
3205      12453821.60000
3206      12469378.80000
3207      12484951.30000
3208      12500539.10000
3209      12516142.10000
3210      12531760.40000
3211      12547394.10000
3212      12563043.00000
3213      12578707.30000
3214      12594386.90000
3215      12610081.90000
3216      12625792.20000
3217      12641517.90000
3218      12657259.00000
3219      12673015.40000
3220      12688787.30000
3221      12704574.50000
3222      12720377.20000
3223      12736195.30000
3224      12752028.80000
3225      12767877.80000
3226      12783742.20000
3227      12799622.20000
3228      12815517.60000
3229      12831428.40000
3230      12847354.80000
3231      12863296.70000
3232      12879254.20000
3233      12895227.10000
3234      12911215.60000
3235      12927219.70000
3236      12943239.30000
3237      12959274.50000
3238      12975325.20000
3239      12991391.60000
3240      13007473.60000
3241      13023571.20000
3242      13039684.40000
3243      13055813.30000
3244      13071957.80000
3245      13088117.90000
3246      13104293.80000
3247      13120485.30000
3248      13136692.50000
3249      13152915.40000
3250      13169154.00000
3251      13185408.30000
3252      13201678.40000
3253      13217964.20000
3254      13234265.70000
3255      13250583.10000
3256      13266916.20000
3257      13283265.00000
3258      13299629.70000
3259      13316010.20000
3260      13332406.50000
3261      13348818.60000
3262      13365246.60000
3263      13381690.40000
3264      13398150.00000
3265      13414625.60000
3266      13431117.00000
3267      13447624.30000
3268      13464147.50000
3269      13480686.60000
3270      13497241.60000
3271      13513812.60000
3272      13530399.50000
3273      13547002.30000
3274      13563621.20000
3275      13580256.00000
3276      13596906.70000
3277      13613573.50000
3278      13630256.30000
3279      13646955.10000
3280      13663669.90000
3281      13680400.80000
3282      13697147.70000
3283      13713910.60000
3284      13730689.70000
3285      13747484.80000
3286      13764296.00000
3287      13781123.30000
3288      13797966.70000
3289      13814826.20000
3290      13831701.90000
3291      13848593.70000
3292      13865501.70000
3293      13882425.80000
3294      13899366.10000
3295      13916322.60000
3296      13933295.30000
3297      13950284.10000
3298      13967289.30000
3299      13984310.60000
3300      14001348.20000
3301      14018402.00000
3302      14035472.10000
3303      14052558.40000
3304      14069661.00000
3305      14086780.00000
3306      14103915.20000
3307      14121066.70000
3308      14138234.60000
3309      14155418.80000
3310      14172619.30000
3311      14189836.20000
3312      14207069.50000
3313      14224319.10000
3314      14241585.10000
3315      14258867.60000
3316      14276166.40000
3317      14293481.60000
3318      14310813.30000
3319      14328161.40000
3320      14345526.00000
3321      14362907.00000
3322      14380304.50000
3323      14397718.50000
3324      14415149.00000
3325      14432596.00000
3326      14450059.50000
3327      14467539.50000
3328      14485036.10000
3329      14502549.20000
3330      14520078.80000
3331      14537625.10000
3332      14555187.90000
3333      14572767.30000
3334      14590363.30000
3335      14607975.90000
3336      14625605.20000
3337      14643251.00000
3338      14660913.50000
3339      14678592.70000
3340      14696288.50000
3341      14714001.00000
3342      14731730.20000
3343      14749476.10000
3344      14767238.70000
3345      14785018.00000
3346      14802814.10000
3347      14820626.90000
3348      14838456.40000
3349      14856302.70000
3350      14874165.80000
3351      14892045.60000
3352      14909942.30000
3353      14927855.70000
3354      14945786.00000
3355      14963733.10000
3356      14981697.00000
3357      14999677.80000
3358      15017675.40000
3359      15035689.90000
3360      15053721.30000
3361      15071769.50000
3362      15089834.70000
3363      15107916.80000
3364      15126015.80000
3365      15144131.70000
3366      15162264.60000
3367      15180414.40000
3368      15198581.20000
3369      15216765.00000
3370      15234965.80000
3371      15253183.50000
3372      15271418.30000
3373      15289670.10000
3374      15307938.90000
3375      15326224.80000
3376      15344527.70000
3377      15362847.60000
3378      15381184.70000
3379      15399538.80000
3380      15417910.00000
3381      15436298.40000
3382      15454703.80000
3383      15473126.40000
3384      15491566.10000
3385      15510022.90000
3386      15528497.00000
3387      15546988.10000
3388      15565496.50000
3389      15584022.10000
3390      15602564.80000
3391      15621124.80000
3392      15639702.00000
3393      15658296.50000
3394      15676908.10000
3395      15695537.10000
3396      15714183.30000
3397      15732846.80000
3398      15751527.60000
3399      15770225.60000
3400      15788941.00000
3401      15807673.70000
3402      15826423.80000
3403      15845191.10000
3404      15863975.90000
3405      15882778.00000
3406      15901597.50000
3407      15920434.30000
3408      15939288.60000
3409      15958160.30000
3410      15977049.40000
3411      15995955.90000
3412      16014879.90000
3413      16033821.30000
3414      16052780.10000
3415      16071756.50000
3416      16090750.30000
3417      16109761.70000
3418      16128790.50000
3419      16147836.90000
3420      16166900.70000
3421      16185982.20000
3422      16205081.10000
3423      16224197.70000
3424      16243331.80000
3425      16262483.50000
3426      16281652.70000
3427      16300839.60000
3428      16320044.10000
3429      16339266.30000
3430      16358506.00000
3431      16377763.40000
3432      16397038.50000
3433      16416331.20000
3434      16435641.70000
3435      16454969.80000
3436      16474315.60000
3437      16493679.10000
3438      16513060.40000
3439      16532459.30000
3440      16551876.10000
3441      16571310.60000
3442      16590762.80000
3443      16610232.80000
3444      16629720.70000
3445      16649226.30000
3446      16668749.70000
3447      16688291.00000
3448      16707850.10000
3449      16727427.00000
3450      16747021.80000
3451      16766634.50000
3452      16786265.00000
3453      16805913.40000
3454      16825579.70000
3455      16845264.00000
3456      16864966.10000
3457      16884686.20000
3458      16904424.20000
3459      16924180.20000
3460      16943954.10000
3461      16963746.10000
3462      16983556.00000
3463      17003383.90000
3464      17023229.80000
3465      17043093.70000
3466      17062975.70000
3467      17082875.70000
3468      17102793.70000
3469      17122729.80000
3470      17142684.00000
3471      17162656.30000
3472      17182646.70000
3473      17202655.10000
3474      17222681.70000
3475      17242726.50000
3476      17262789.30000
3477      17282870.30000
3478      17302969.50000
3479      17323086.90000
3480      17343222.40000
3481      17363376.10000
3482      17383548.00000
3483      17403738.20000
3484      17423946.60000
3485      17444173.20000
3486      17464418.10000
3487      17484681.20000
3488      17504962.60000
3489      17525262.30000
3490      17545580.20000
3491      17565916.50000
3492      17586271.10000
3493      17606644.00000
3494      17627035.30000
3495      17647444.90000
3496      17667872.90000
3497      17688319.20000
3498      17708783.90000
3499      17729267.00000
3500      17749768.60000
3501      17770288.50000
3502      17790826.80000
3503      17811383.60000
3504      17831958.90000
3505      17852552.60000
3506      17873164.70000
3507      17893795.40000
3508      17914444.50000
3509      17935112.20000
3510      17955798.30000
3511      17976503.00000
3512      17997226.20000
3513      18017968.00000
3514      18038728.30000
3515      18059507.20000
3516      18080304.70000
3517      18101120.80000
3518      18121955.40000
3519      18142808.70000
3520      18163680.60000
3521      18184571.20000
3522      18205480.40000
3523      18226408.20000
3524      18247354.70000
3525      18268319.90000
3526      18289303.80000
3527      18310306.40000
3528      18331327.70000
3529      18352367.70000
3530      18373426.40000
3531      18394503.90000
3532      18415600.20000
3533      18436715.20000
3534      18457849.00000
3535      18479001.60000
3536      18500173.00000
3537      18521363.20000
3538      18542572.30000
3539      18563800.10000
3540      18585046.80000
3541      18606312.40000
3542      18627596.90000
3543      18648900.20000
3544      18670222.40000
3545      18691563.50000
3546      18712923.50000
3547      18734302.40000
3548      18755700.30000
3549      18777117.10000
3550      18798552.90000
3551      18820007.70000
3552      18841481.40000
3553      18862974.10000
3554      18884485.80000
3555      18906016.50000
3556      18927566.30000
3557      18949135.10000
3558      18970722.90000
3559      18992329.80000
3560      19013955.70000
3561      19035600.70000
3562      19057264.90000
3563      19078948.10000
3564      19100650.40000
3565      19122371.90000
3566      19144112.40000
3567      19165872.20000
3568      19187651.10000
3569      19209449.10000
3570      19231266.30000
3571      19253102.80000
3572      19274958.40000
3573      19296833.20000
3574      19318727.30000
3575      19340640.60000
3576      19362573.10000
3577      19384524.90000
3578      19406496.00000
3579      19428486.30000
3580      19450495.90000
3581      19472524.80000
3582      19494573.10000
3583      19516640.60000
3584      19538727.50000
3585      19560833.80000
3586      19582959.40000
3587      19605104.30000
3588      19627268.70000
3589      19649452.40000
3590      19671655.60000
3591      19693878.10000
3592      19716120.10000
3593      19738381.50000
3594      19760662.30000
3595      19782962.60000
3596      19805282.40000
3597      19827621.70000
3598      19849980.40000
3599      19872358.60000
3600      19894756.40000
3601      19917173.70000
3602      19939610.50000
3603      19962066.90000
3604      19984542.80000
3605      20007038.30000
3606      20029553.30000
3607      20052088.00000
3608      20074642.20000
3609      20097216.10000
3610      20119809.60000
3611      20142422.70000
3612      20165055.50000
3613      20187707.90000
3614      20210380.00000
3615      20233071.80000
3616      20255783.30000
3617      20278514.40000
3618      20301265.30000
3619      20324035.90000
3620      20346826.30000
3621      20369636.40000
3622      20392466.20000
3623      20415315.80000
3624      20438185.20000
3625      20461074.40000
3626      20483983.40000
3627      20506912.20000
3628      20529860.90000
3629      20552829.30000
3630      20575817.60000
3631      20598825.80000
3632      20621853.90000
3633      20644901.80000
3634      20667969.60000
3635      20691057.30000
3636      20714164.90000
3637      20737292.50000
3638      20760440.00000
3639      20783607.40000
3640      20806794.80000
3641      20830002.20000
3642      20853229.60000
3643      20876476.90000
3644      20899744.30000
3645      20923031.60000
3646      20946339.00000
3647      20969666.50000
3648      20993014.00000
3649      21016381.50000
3650      21039769.10000
3651      21063176.80000
3652      21086604.60000
3653      21110052.50000
3654      21133520.50000
3655      21157008.60000
3656      21180516.90000
3657      21204045.30000
3658      21227593.90000
3659      21251162.70000
3660      21274751.60000
3661      21298360.70000
3662      21321990.10000
3663      21345639.60000
3664      21369309.40000
3665      21392999.40000
3666      21416709.70000
3667      21440440.20000
3668      21464191.10000
3669      21487962.10000
3670      21511753.50000
3671      21535565.20000
3672      21559397.20000
3673      21583249.60000
3674      21607122.30000
3675      21631015.30000
3676      21654928.70000
3677      21678862.50000
3678      21702816.60000
3679      21726791.20000
3680      21750786.10000
3681      21774801.50000
3682      21798837.30000
3683      21822893.60000
3684      21846970.30000
3685      21871067.50000
3686      21895185.10000
3687      21919323.20000
3688      21943481.90000
3689      21967661.00000
3690      21991860.60000
3691      22016080.80000
3692      22040321.60000
3693      22064582.80000
3694      22088864.70000
3695      22113167.10000
3696      22137490.10000
3697      22161833.70000
3698      22186198.00000
3699      22210582.80000
3700      22234988.30000
3701      22259414.40000
3702      22283861.20000
3703      22308328.60000
3704      22332816.70000
3705      22357325.50000
3706      22381855.00000
3707      22406405.20000
3708      22430976.20000
3709      22455567.80000
3710      22480180.30000
3711      22504813.40000
3712      22529467.40000
3713      22554142.10000
3714      22578837.60000
3715      22603553.90000
3716      22628291.00000
3717      22653049.00000
3718      22677827.70000
3719      22702627.40000
3720      22727447.80000
3721      22752289.20000
3722      22777151.40000
3723      22802034.60000
3724      22826938.60000
3725      22851863.50000
3726      22876809.40000
3727      22901776.20000
3728      22926763.90000
3729      22951772.60000
3730      22976802.30000
3731      23001853.00000
3732      23026924.60000
3733      23052017.30000
3734      23077130.90000
3735      23102265.60000
3736      23127421.40000
3737      23152598.20000
3738      23177796.00000
3739      23203014.90000
3740      23228254.90000
3741      23253516.00000
3742      23278798.20000
3743      23304101.50000
3744      23329425.90000
3745      23354771.50000
3746      23380138.20000
3747      23405526.10000
3748      23430935.20000
3749      23456365.40000
3750      23481816.90000
3751      23507289.50000
3752      23532783.40000
3753      23558298.50000
3754      23583834.80000
3755      23609392.40000
3756      23634971.30000
3757      23660571.40000
3758      23686192.80000
3759      23711835.50000
3760      23737499.50000
3761      23763184.90000
3762      23788891.50000
3763      23814619.50000
3764      23840368.90000
3765      23866139.60000
3766      23891931.70000
3767      23917745.20000
3768      23943580.10000
3769      23969436.40000
3770      23995314.10000
3771      24021213.30000
3772      24047133.90000
3773      24073075.90000
3774      24099039.40000
3775      24125024.40000
3776      24151030.90000
3777      24177058.90000
3778      24203108.40000
3779      24229179.40000
3780      24255271.90000
3781      24281386.00000
3782      24307521.70000
3783      24333678.90000
3784      24359857.70000
3785      24386058.10000
3786      24412280.00000
3787      24438523.60000
3788      24464788.90000
3789      24491075.70000
3790      24517384.20000
3791      24543714.40000
3792      24570066.20000
3793      24596439.70000
3794      24622834.90000
3795      24649251.90000
3796      24675690.50000
3797      24702150.80000
3798      24728632.90000
3799      24755136.70000
3800      24781662.30000
3801      24808209.70000
3802      24834778.80000
3803      24861369.80000
3804      24887982.50000
3805      24914617.10000
3806      24941273.50000
3807      24967951.70000
3808      24994651.80000
3809      25021373.70000
3810      25048117.50000
3811      25074883.20000
3812      25101670.80000
3813      25128480.30000
3814      25155311.70000
3815      25182165.00000
3816      25209040.30000
3817      25235937.50000
3818      25262856.70000
3819      25289797.90000
3820      25316761.00000
3821      25343746.20000
3822      25370753.30000
3823      25397782.50000
3824      25424833.70000
3825      25451907.00000
3826      25479002.30000
3827      25506119.60000
3828      25533259.10000
3829      25560420.60000
3830      25587604.20000
3831      25614810.00000
3832      25642037.80000
3833      25669287.80000
3834      25696560.00000
3835      25723854.20000
3836      25751170.70000
3837      25778509.30000
3838      25805870.20000
3839      25833253.20000
3840      25860658.40000
3841      25888085.90000
3842      25915535.50000
3843      25943007.50000
3844      25970501.70000
3845      25998018.10000
3846      26025556.90000
3847      26053117.90000
3848      26080701.20000
3849      26108306.90000
3850      26135934.80000
3851      26163585.10000
3852      26191257.80000
3853      26218952.80000
3854      26246670.10000
3855      26274409.90000
3856      26302172.00000
3857      26329956.60000
3858      26357763.60000
3859      26385593.00000
3860      26413444.80000
3861      26441319.10000
3862      26469215.80000
3863      26497135.00000
3864      26525076.70000
3865      26553040.90000
3866      26581027.60000
3867      26609036.80000
3868      26637068.50000
3869      26665122.80000
3870      26693199.60000
3871      26721299.00000
3872      26749420.90000
3873      26777565.50000
3874      26805732.60000
3875      26833922.30000
3876      26862134.70000
3877      26890369.70000
3878      26918627.30000
3879      26946907.60000
3880      26975210.50000
3881      27003536.20000
3882      27031884.50000
3883      27060255.50000
3884      27088649.20000
3885      27117065.60000
3886      27145504.80000
3887      27173966.70000
3888      27202451.30000
3889      27230958.70000
3890      27259488.90000
3891      27288041.90000
3892      27316617.70000
3893      27345216.30000
3894      27373837.70000
3895      27402482.00000
3896      27431149.00000
3897      27459839.00000
3898      27488551.80000
3899      27517287.50000
3900      27546046.10000
3901      27574827.50000
3902      27603631.90000
3903      27632459.20000
3904      27661309.50000
3905      27690182.70000
3906      27719078.80000
3907      27747997.90000
3908      27776940.00000
3909      27805905.10000
3910      27834893.20000
3911      27863904.30000
3912      27892938.40000
3913      27921995.60000
3914      27951075.80000
3915      27980179.10000
3916      28009305.40000
3917      28038454.80000
3918      28067627.30000
3919      28096822.90000
3920      28126041.70000
3921      28155283.50000
3922      28184548.50000
3923      28213836.60000
3924      28243147.90000
3925      28272482.40000
3926      28301840.10000
3927      28331220.90000
3928      28360625.00000
3929      28390052.20000
3930      28419502.70000
3931      28448976.40000
3932      28478473.40000
3933      28507993.70000
3934      28537537.20000
3935      28567104.00000
3936      28596694.10000
3937      28626307.50000
3938      28655944.20000
3939      28685604.30000
3940      28715287.60000
3941      28744994.40000
3942      28774724.50000
3943      28804478.00000
3944      28834254.80000
3945      28864055.10000
3946      28893878.80000
3947      28923725.90000
3948      28953596.40000
3949      28983490.30000
3950      29013407.70000
3951      29043348.60000
3952      29073313.00000
3953      29103300.80000
3954      29133312.20000
3955      29163347.00000
3956      29193405.40000
3957      29223487.30000
3958      29253592.70000
3959      29283721.70000
3960      29313874.30000
3961      29344050.40000
3962      29374250.20000
3963      29404473.50000
3964      29434720.40000
3965      29464991.00000
3966      29495285.20000
3967      29525603.00000
3968      29555944.50000
3969      29586309.70000
3970      29616698.50000
3971      29647111.10000
3972      29677547.30000
3973      29708007.20000
3974      29738490.90000
3975      29768998.30000
3976      29799529.50000
3977      29830084.40000
3978      29860663.00000
3979      29891265.50000
3980      29921891.70000
3981      29952541.80000
3982      29983215.70000
3983      30013913.30000
3984      30044634.90000
3985      30075380.20000
3986      30106149.50000
3987      30136942.60000
3988      30167759.50000
3989      30198600.40000
3990      30229465.20000
3991      30260353.90000
3992      30291266.50000
3993      30322203.10000
3994      30353163.60000
3995      30384148.00000
3996      30415156.50000
3997      30446188.90000
3998      30477245.30000
3999      30508325.70000
4000      30539430.10000
4001      30570558.60000
4002      30601711.10000
4003      30632887.60000
4004      30664088.20000
4005      30695312.90000
4006      30726561.70000
4007      30757834.60000
4008      30789131.50000
4009      30820452.60000
4010      30851797.80000
4011      30883167.20000
4012      30914560.70000
4013      30945978.30000
4014      30977420.20000
4015      31008886.20000
4016      31040376.40000
4017      31071890.80000
4018      31103429.50000
4019      31134992.40000
4020      31166579.50000
4021      31198190.80000
4022      31229826.50000
4023      31261486.40000
4024      31293170.60000
4025      31324879.00000
4026      31356611.80000
4027      31388369.00000
4028      31420150.40000
4029      31451956.20000
4030      31483786.30000
4031      31515640.80000
4032      31547519.70000
4033      31579423.00000
4034      31611350.60000
4035      31643302.70000
4036      31675279.20000
4037      31707280.10000
4038      31739305.50000
4039      31771355.30000
4040      31803429.60000
4041      31835528.40000
4042      31867651.60000
4043      31899799.40000
4044      31931971.70000
4045      31964168.40000
4046      31996389.80000
4047      32028635.60000
4048      32060906.00000
4049      32093201.00000
4050      32125520.60000
4051      32157864.70000
4052      32190233.50000
4053      32222626.80000
4054      32255044.80000
4055      32287487.40000
4056      32319954.70000
4057      32352446.60000
4058      32384963.20000
4059      32417504.40000
4060      32450070.40000
4061      32482661.00000
4062      32515276.40000
4063      32547916.50000
4064      32580581.30000
4065      32613270.90000
4066      32645985.20000
4067      32678724.30000
4068      32711488.20000
4069      32744276.80000
4070      32777090.30000
4071      32809928.50000
4072      32842791.60000
4073      32875679.60000
4074      32908592.30000
4075      32941530.00000
4076      32974492.50000
4077      33007479.90000
4078      33040492.10000
4079      33073529.30000
4080      33106591.40000
4081      33139678.40000
4082      33172790.40000
4083      33205927.30000
4084      33239089.10000
4085      33272275.90000
4086      33305487.70000
4087      33338724.50000
4088      33371986.30000
4089      33405273.10000
4090      33438585.00000
4091      33471921.80000
4092      33505283.70000
4093      33538670.70000
4094      33572082.80000
4095      33605519.90000
4096      33638982.10000
4097      33672469.40000
4098      33705981.90000
4099      33739519.40000
4100      33773082.10000
4101      33806670.00000
4102      33840283.00000
4103      33873921.10000
4104      33907584.50000
4105      33941273.00000
4106      33974986.80000
4107      34008725.70000
4108      34042489.90000
4109      34076279.40000
4110      34110094.00000
4111      34143934.00000
4112      34177799.20000
4113      34211689.60000
4114      34245605.40000
4115      34279546.50000
4116      34313512.90000
4117      34347504.60000
4118      34381521.70000
4119      34415564.10000
4120      34449631.80000
4121      34483725.00000
4122      34517843.50000
4123      34551987.40000
4124      34586156.70000
4125      34620351.40000
4126      34654571.60000
4127      34688817.20000
4128      34723088.20000
4129      34757384.70000
4130      34791706.70000
4131      34826054.10000
4132      34860427.10000
4133      34894825.50000
4134      34929249.50000
4135      34963699.00000
4136      34998174.00000
4137      35032674.60000
4138      35067200.70000
4139      35101752.40000
4140      35136329.70000
4141      35170932.60000
4142      35205561.10000
4143      35240215.20000
4144      35274894.90000
4145      35309600.30000
4146      35344331.30000
4147      35379087.90000
4148      35413870.30000
4149      35448678.30000
4150      35483512.00000
4151      35518371.40000
4152      35553256.50000
4153      35588167.40000
4154      35623104.00000
4155      35658066.30000
4156      35693054.40000
4157      35728068.30000
4158      35763108.00000
4159      35798173.40000
4160      35833264.60000
4161      35868381.70000
4162      35903524.60000
4163      35938693.30000
4164      35973887.90000
4165      36009108.30000
4166      36044354.60000
4167      36079626.80000
4168      36114924.90000
4169      36150248.90000
4170      36185598.70000
4171      36220974.60000
4172      36256376.30000
4173      36291804.00000
4174      36327257.70000
4175      36362737.30000
4176      36398242.90000
4177      36433774.50000
4178      36469332.10000
4179      36504915.70000
4180      36540525.40000
4181      36576161.00000
4182      36611822.80000
4183      36647510.50000
4184      36683224.40000
4185      36718964.30000
4186      36754730.30000
4187      36790522.50000
4188      36826340.70000
4189      36862185.10000
4190      36898055.60000
4191      36933952.20000
4192      36969875.00000
4193      37005824.00000
4194      37041799.10000
4195      37077800.40000
4196      37113828.00000
4197      37149881.70000
4198      37185961.70000
4199      37222067.90000
4200      37258200.40000
4201      37294359.10000
4202      37330544.00000
4203      37366755.30000
4204      37402992.80000
4205      37439256.70000
4206      37475546.80000
4207      37511863.30000
4208      37548206.10000
4209      37584575.30000
4210      37620970.80000
4211      37657392.70000
4212      37693840.90000
4213      37730315.60000
4214      37766816.60000
4215      37803344.10000
4216      37839897.90000
4217      37876478.20000
4218      37913085.00000
4219      37949718.20000
4220      37986377.90000
4221      38023064.00000
4222      38059776.60000
4223      38096515.80000
4224      38133281.40000
4225      38170073.60000
4226      38206892.30000
4227      38243737.50000
4228      38280609.30000
4229      38317507.60000
4230      38354432.60000
4231      38391384.10000
4232      38428362.20000
4233      38465366.90000
4234      38502398.20000
4235      38539456.20000
4236      38576540.80000
4237      38613652.10000
4238      38650790.00000
4239      38687954.60000
4240      38725145.90000
4241      38762363.90000
4242      38799608.50000
4243      38836879.90000
4244      38874178.10000
4245      38911502.90000
4246      38948854.60000
4247      38986232.90000
4248      39023638.10000
4249      39061070.00000
4250      39098528.80000
4251      39136014.30000
4252      39173526.60000
4253      39211065.80000
4254      39248631.80000
4255      39286224.70000
4256      39323844.40000
4257      39361491.00000
4258      39399164.50000
4259      39436864.90000
4260      39474592.10000
4261      39512346.30000
4262      39550127.40000
4263      39587935.50000
4264      39625770.50000
4265      39663632.40000
4266      39701521.40000
4267      39739437.30000
4268      39777380.20000
4269      39815350.00000
4270      39853347.00000
4271      39891370.90000
4272      39929421.80000
4273      39967499.90000
4274      40005604.90000
4275      40043737.10000
4276      40081896.30000
4277      40120082.60000
4278      40158296.00000
4279      40196536.50000
4280      40234804.10000
4281      40273098.90000
4282      40311420.80000
4283      40349769.80000
4284      40388146.00000
4285      40426549.40000
4286      40464980.00000
4287      40503437.80000
4288      40541922.80000
4289      40580435.00000
4290      40618974.50000
4291      40657541.10000
4292      40696135.10000
4293      40734756.30000
4294      40773404.70000
4295      40812080.50000
4296      40850783.50000
4297      40889513.90000
4298      40928271.60000
4299      40967056.60000
4300      41005868.90000
4301      41044708.60000
4302      41083575.60000
4303      41122470.00000
4304      41161391.80000
4305      41200341.00000
4306      41239317.60000
4307      41278321.60000
4308      41317353.10000
4309      41356411.90000
4310      41395498.30000
4311      41434612.00000
4312      41473753.30000
4313      41512922.00000
4314      41552118.20000
4315      41591341.90000
4316      41630593.10000
4317      41669871.90000
4318      41709178.20000
4319      41748512.00000
4320      41787873.40000
4321      41827262.30000
4322      41866678.80000
4323      41906122.90000
4324      41945594.60000
4325      41985094.00000
4326      42024620.90000
4327      42064175.50000
4328      42103757.70000
4329      42143367.50000
4330      42183005.00000
4331      42222670.20000
4332      42262363.10000
4333      42302083.70000
4334      42341832.00000
4335      42381608.00000
4336      42421411.70000
4337      42461243.10000
4338      42501102.30000
4339      42540989.30000
4340      42580904.10000
4341      42620846.60000
4342      42660816.90000
4343      42700815.00000
4344      42740840.90000
4345      42780894.70000
4346      42820976.30000
4347      42861085.70000
4348      42901223.00000
4349      42941388.10000
4350      42981581.20000
4351      43021802.10000
4352      43062050.90000
4353      43102327.70000
4354      43142632.30000
4355      43182964.90000
4356      43223325.40000
4357      43263713.90000
4358      43304130.30000
4359      43344574.70000
4360      43385047.10000
4361      43425547.50000
4362      43466075.90000
4363      43506632.40000
4364      43547216.80000
4365      43587829.30000
4366      43628469.80000
4367      43669138.40000
4368      43709835.10000
4369      43750559.80000
4370      43791312.70000
4371      43832093.60000
4372      43872902.70000
4373      43913739.90000
4374      43954605.20000
4375      43995498.60000
4376      44036420.20000
4377      44077370.00000
4378      44118348.00000
4379      44159354.10000
4380      44200388.50000
4381      44241451.00000
4382      44282541.80000
4383      44323660.80000
4384      44364808.10000
4385      44405983.60000
4386      44447187.30000
4387      44488419.40000
4388      44529679.70000
4389      44570968.30000
4390      44612285.20000
4391      44653630.50000
4392      44695004.00000
4393      44736405.90000
4394      44777836.20000
4395      44819294.80000
4396      44860781.70000
4397      44902297.10000
4398      44943840.80000
4399      44985413.00000
4400      45027013.50000
4401      45068642.50000
4402      45110299.90000
4403      45151985.80000
4404      45193700.10000
4405      45235442.90000
4406      45277214.10000
4407      45319013.90000
4408      45360842.10000
4409      45402698.80000
4410      45444584.10000
4411      45486497.90000
4412      45528440.20000
4413      45570411.10000
4414      45612410.50000
4415      45654438.50000
4416      45696495.10000
4417      45738580.30000
4418      45780694.00000
4419      45822836.40000
4420      45865007.50000
4421      45907207.10000
4422      45949435.40000
4423      45991692.30000
4424      46033978.00000
4425      46076292.20000
4426      46118635.20000
4427      46161006.90000
4428      46203407.30000
4429      46245836.40000
4430      46288294.20000
4431      46330780.80000
4432      46373296.10000
4433      46415840.20000
4434      46458413.00000
4435      46501014.70000
4436      46543645.10000
4437      46586304.30000
4438      46628992.40000
4439      46671709.20000
4440      46714454.90000
4441      46757229.50000
4442      46800032.90000
4443      46842865.10000
4444      46885726.30000
4445      46928616.30000
4446      46971535.20000
4447      47014483.10000
4448      47057459.80000
4449      47100465.50000
4450      47143500.10000
4451      47186563.70000
4452      47229656.20000
4453      47272777.70000
4454      47315928.20000
4455      47359107.70000
4456      47402316.20000
4457      47445553.60000
4458      47488820.20000
4459      47532115.70000
4460      47575440.30000
4461      47618793.90000
4462      47662176.60000
4463      47705588.40000
4464      47749029.30000
4465      47792499.30000
4466      47835998.30000
4467      47879526.50000
4468      47923083.90000
4469      47966670.30000
4470      48010285.90000
4471      48053930.70000
4472      48097604.60000
4473      48141307.70000
4474      48185040.10000
4475      48228801.60000
4476      48272592.30000
4477      48316412.20000
4478      48360261.40000
4479      48404139.80000
4480      48448047.50000
4481      48491984.40000
4482      48535950.60000
4483      48579946.10000
4484      48623970.90000
4485      48668025.00000
4486      48712108.40000
4487      48756221.10000
4488      48800363.20000
4489      48844534.60000
4490      48888735.40000
4491      48932965.50000
4492      48977225.00000
4493      49021513.90000
4494      49065832.20000
4495      49110179.90000
4496      49154557.10000
4497      49198963.60000
4498      49243399.60000
4499      49287865.10000
4500      49332360.00000
4501      49376884.40000
4502      49421438.20000
4503      49466021.60000
4504      49510634.40000
4505      49555276.80000
4506      49599948.70000
4507      49644650.10000
4508      49689381.10000
4509      49734141.60000
4510      49778931.70000
4511      49823751.40000
4512      49868600.60000
4513      49913479.40000
4514      49958387.90000
4515      50003326.00000
4516      50048293.60000
4517      50093291.00000
4518      50138317.90000
4519      50183374.60000
4520      50228460.90000
4521      50273576.80000
4522      50318722.50000
4523      50363897.90000
4524      50409102.90000
4525      50454337.70000
4526      50499602.20000
4527      50544896.50000
4528      50590220.50000
4529      50635574.20000
4530      50680957.80000
4531      50726371.10000
4532      50771814.20000
4533      50817287.10000
4534      50862789.80000
4535      50908322.40000
4536      50953884.70000
4537      50999477.00000
4538      51045099.00000
4539      51090750.90000
4540      51136432.70000
4541      51182144.40000
4542      51227886.00000
4543      51273657.50000
4544      51319458.90000
4545      51365290.20000
4546      51411151.50000
4547      51457042.70000
4548      51502963.80000
4549      51548914.90000
4550      51594896.00000
4551      51640907.10000
4552      51686948.20000
4553      51733019.20000
4554      51779120.30000
4555      51825251.50000
4556      51871412.60000
4557      51917603.80000
4558      51963825.10000
4559      52010076.40000
4560      52056357.80000
4561      52102669.30000
4562      52149010.90000
4563      52195382.60000
4564      52241784.40000
4565      52288216.30000
4566      52334678.40000
4567      52381170.60000
4568      52427693.00000
4569      52474245.60000
4570      52520828.30000
4571      52567441.20000
4572      52614084.40000
4573      52660757.70000
4574      52707461.30000
4575      52754195.00000
4576      52800959.10000
4577      52847753.30000
4578      52894577.90000
4579      52941432.70000
4580      52988317.70000
4581      53035233.10000
4582      53082178.80000
4583      53129154.80000
4584      53176161.10000
4585      53223197.70000
4586      53270264.70000
4587      53317362.00000
4588      53364489.70000
4589      53411647.70000
4590      53458836.20000
4591      53506055.00000
4592      53553304.20000
4593      53600583.90000
4594      53647893.90000
4595      53695234.40000
4596      53742605.40000
4597      53790006.80000
4598      53837438.60000
4599      53884900.90000
4600      53932393.80000
4601      53979917.10000
4602      54027470.90000
4603      54075055.20000
4604      54122670.00000
4605      54170315.40000
4606      54217991.30000
4607      54265697.70000
4608      54313434.80000
4609      54361202.40000
4610      54409000.50000
4611      54456829.30000
4612      54504688.70000
4613      54552578.70000
4614      54600499.30000
4615      54648450.50000
4616      54696432.40000
4617      54744445.00000
4618      54792488.20000
4619      54840562.00000
4620      54888666.60000
4621      54936801.80000
4622      54984967.80000
4623      55033164.50000
4624      55081391.80000
4625      55129650.00000
4626      55177938.80000
4627      55226258.40000
4628      55274608.80000
4629      55322990.00000
4630      55371401.90000
4631      55419844.60000
4632      55468318.20000
4633      55516822.50000
4634      55565357.70000
4635      55613923.70000
4636      55662520.50000
4637      55711148.20000
4638      55759806.70000
4639      55808496.20000
4640      55857216.50000
4641      55905967.70000
4642      55954749.80000
4643      56003562.80000
4644      56052406.70000
4645      56101281.60000
4646      56150187.40000
4647      56199124.20000
4648      56248091.90000
4649      56297090.60000
4650      56346120.30000
4651      56395180.90000
4652      56444272.60000
4653      56493395.30000
4654      56542549.00000
4655      56591733.70000
4656      56640949.50000
4657      56690196.30000
4658      56739474.20000
4659      56788783.10000
4660      56838123.10000
4661      56887494.30000
4662      56936896.50000
4663      56986329.80000
4664      57035794.30000
4665      57085289.80000
4666      57134816.60000
4667      57184374.40000
4668      57233963.50000
4669      57283583.70000
4670      57333235.00000
4671      57382917.60000
4672      57432631.40000
4673      57482376.30000
4674      57532152.50000
4675      57581959.90000
4676      57631798.60000
4677      57681668.50000
4678      57731569.60000
4679      57781502.10000
4680      57831465.80000
4681      57881460.80000
4682      57931487.00000
4683      57981544.60000
4684      58031633.50000
4685      58081753.80000
4686      58131905.30000
4687      58182088.30000
4688      58232302.50000
4689      58282548.20000
4690      58332825.20000
4691      58383133.60000
4692      58433473.40000
4693      58483844.60000
4694      58534247.20000
4695      58584681.20000
4696      58635146.70000
4697      58685643.60000
4698      58736171.90000
4699      58786731.70000
4700      58837323.00000
4701      58887945.80000
4702      58938600.10000
4703      58989285.90000
4704      59040003.10000
4705      59090751.90000
4706      59141532.30000
4707      59192344.10000
4708      59243187.60000
4709      59294062.50000
4710      59344969.10000
4711      59395907.20000
4712      59446877.00000
4713      59497878.30000
4714      59548911.20000
4715      59599975.70000
4716      59651071.90000
4717      59702199.70000
4718      59753359.20000
4719      59804550.30000
4720      59855773.10000
4721      59907027.50000
4722      59958313.70000
4723      60009631.50000
4724      60060981.10000
4725      60112362.30000
4726      60163775.30000
4727      60215220.00000
4728      60266696.50000
4729      60318204.70000
4730      60369744.60000
4731      60421316.40000
4732      60472919.90000
4733      60524555.20000
4734      60576222.40000
4735      60627921.30000
4736      60679652.00000
4737      60731414.60000
4738      60783209.10000
4739      60835035.30000
4740      60886893.50000
4741      60938783.50000
4742      60990705.30000
4743      61042659.10000
4744      61094644.80000
4745      61146662.30000
4746      61198711.80000
4747      61250793.20000
4748      61302906.60000
4749      61355051.90000
4750      61407229.10000
4751      61459438.30000
4752      61511679.50000
4753      61563952.70000
4754      61616257.80000
4755      61668595.00000
4756      61720964.20000
4757      61773365.40000
4758      61825798.60000
4759      61878263.90000
4760      61930761.20000
4761      61983290.60000
4762      62035852.00000
4763      62088445.50000
4764      62141071.20000
4765      62193728.90000
4766      62246418.70000
4767      62299140.60000
4768      62351894.70000
4769      62404680.90000
4770      62457499.20000
4771      62510349.70000
4772      62563232.40000
4773      62616147.20000
4774      62669094.20000
4775      62722073.50000
4776      62775084.90000
4777      62828128.50000
4778      62881204.30000
4779      62934312.40000
4780      62987452.70000
4781      63040625.30000
4782      63093830.10000
4783      63147067.20000
4784      63200336.60000
4785      63253638.20000
4786      63306972.20000
4787      63360338.40000
4788      63413737.00000
4789      63467167.90000
4790      63520631.20000
4791      63574126.70000
4792      63627654.70000
4793      63681215.00000
4794      63734807.60000
4795      63788432.70000
4796      63842090.10000
4797      63895779.90000
4798      63949502.20000
4799      64003256.80000
4800      64057043.90000
4801      64110863.50000
4802      64164715.40000
4803      64218599.90000
4804      64272516.80000
4805      64326466.20000
4806      64380448.00000
4807      64434462.40000
4808      64488509.20000
4809      64542588.60000
4810      64596700.50000
4811      64650844.90000
4812      64705021.90000
4813      64759231.40000
4814      64813473.40000
4815      64867748.10000
4816      64922055.30000
4817      64976395.10000
4818      65030767.50000
4819      65085172.50000
4820      65139610.10000
4821      65194080.30000
4822      65248583.20000
4823      65303118.70000
4824      65357686.90000
4825      65412287.70000
4826      65466921.20000
4827      65521587.40000
4828      65576286.30000
4829      65631017.90000
4830      65685782.20000
4831      65740579.10000
4832      65795408.90000
4833      65850271.30000
4834      65905166.50000
4835      65960094.50000
4836      66015055.20000
4837      66070048.70000
4838      66125075.00000
4839      66180134.00000
4840      66235225.90000
4841      66290350.60000
4842      66345508.10000
4843      66400698.40000
4844      66455921.50000
4845      66511177.50000
4846      66566466.40000
4847      66621788.10000
4848      66677142.70000
4849      66732530.20000
4850      66787950.60000
4851      66843403.90000
4852      66898890.00000
4853      66954409.10000
4854      67009961.20000
4855      67065546.20000
4856      67121164.10000
4857      67176814.90000
4858      67232498.80000
4859      67288215.60000
4860      67343965.40000
4861      67399748.20000
4862      67455564.00000
4863      67511412.80000
4864      67567294.60000
4865      67623209.50000
4866      67679157.40000
4867      67735138.30000
4868      67791152.30000
4869      67847199.40000
4870      67903279.50000
4871      67959392.80000
4872      68015539.10000
4873      68071718.50000
4874      68127931.00000
4875      68184176.70000
4876      68240455.50000
4877      68296767.40000
4878      68353112.50000
4879      68409490.70000
4880      68465902.10000
4881      68522346.70000
4882      68578824.40000
4883      68635335.40000
4884      68691879.50000
4885      68748456.90000
4886      68805067.40000
4887      68861711.30000
4888      68918388.30000
4889      68975098.60000
4890      69031842.20000
4891      69088619.00000
4892      69145429.10000
4893      69202272.40000
4894      69259149.10000
4895      69316059.10000
4896      69373002.40000
4897      69429979.00000
4898      69486988.90000
4899      69544032.20000
4900      69601108.80000
4901      69658218.80000
4902      69715362.10000
4903      69772538.80000
4904      69829748.90000
4905      69886992.40000
4906      69944269.30000
4907      70001579.60000
4908      70058923.30000
4909      70116300.40000
4910      70173711.00000
4911      70231155.00000
4912      70288632.50000
4913      70346143.40000
4914      70403687.80000
4915      70461265.70000
4916      70518877.10000
4917      70576522.00000
4918      70634200.40000
4919      70691912.30000
4920      70749657.70000
4921      70807436.70000
4922      70865249.20000
4923      70923095.20000
4924      70980974.90000
4925      71038888.10000
4926      71096834.80000
4927      71154815.20000
4928      71212829.20000
4929      71270876.70000
4930      71328957.90000
4931      71387072.70000
4932      71445221.10000
4933      71503403.20000
4934      71561618.90000
4935      71619868.30000
4936      71678151.40000
4937      71736468.10000
4938      71794818.50000
4939      71853202.60000
4940      71911620.40000
4941      71970072.00000
4942      72028557.20000
4943      72087076.20000
4944      72145628.90000
4945      72204215.40000
4946      72262835.60000
4947      72321489.50000
4948      72380177.30000
4949      72438898.80000
4950      72497654.20000
4951      72556443.30000
4952      72615266.20000
4953      72674123.00000
4954      72733013.60000
4955      72791938.00000
4956      72850896.20000
4957      72909888.40000
4958      72968914.30000
4959      73027974.20000
4960      73087067.90000
4961      73146195.50000
4962      73205357.00000
4963      73264552.40000
4964      73323781.80000
4965      73383045.00000
4966      73442342.20000
4967      73501673.30000
4968      73561038.40000
4969      73620437.40000
4970      73679870.40000
4971      73739337.40000
4972      73798838.30000
4973      73858373.20000
4974      73917942.20000
4975      73977545.10000
4976      74037182.10000
4977      74096853.10000
4978      74156558.20000
4979      74216297.20000
4980      74276070.40000
4981      74335877.60000
4982      74395718.80000
4983      74455594.20000
4984      74515503.60000
4985      74575447.10000
4986      74635424.80000
4987      74695436.50000
4988      74755482.40000
4989      74815562.40000
4990      74875676.50000
4991      74935824.80000
4992      74996007.20000
4993      75056223.80000
4994      75116474.60000
4995      75176759.60000
4996      75237078.70000
4997      75297432.10000
4998      75357819.70000
4999      75418241.40000
5000      75478697.50000