   1             1.25089
   2             2.18072
   3             3.17857
   4             4.17915
   5             5.18034
   6             6.18183
   7             7.18349
   8             8.18525
   9             9.18708
  10            10.18897
  11            11.19089
  12            12.19284
  13            13.19481
  14            14.19680
  15            15.19881
  16            16.20083
  17            17.20285
  18            18.20489
  19            19.20694
  20            20.20899
  21            21.21105
  22            22.21312
  23            23.21519
  24            24.21727
  25            25.21935
  26            26.22144
  27            27.22353
  28            28.22562
  29            29.22772
  30            30.22982
  31            31.23193
  32            32.23404
  33            33.23615
  34            34.23827
  35            35.24039
  36            36.24251
  37            37.24464
  38            38.24677
  39            39.24890
  40            40.25104
  41            41.25318
  42            42.25532
  43            43.25746
  44            44.25961
  45            45.26176
  46            46.26391
  47            47.26607
  48            48.26823
  49            49.27039
  50            50.27255
  51            51.27472
  52            52.27689
  53            53.27906
  54            54.28124
  55            55.28342
  56            56.28560
  57            57.28778
  58            58.28997
  59            59.29216
  60            60.29436
  61            61.29656
  62            62.29876
  63            63.30097
  64            64.30318
  65            65.30539
  66            66.30762
  67            67.30985
  68            68.31208
  69            69.31432
  70            70.31658
  71            71.31884
  72            72.32111
  73            73.32340
  74            74.32569
  75            75.32801
  76            76.33033
  77            77.33268
  78            78.33505
  79            79.33744
  80            80.33986
  81            81.34230
  82            82.34478
  83            83.34729
  84            84.34984
  85            85.35243
  86            86.35506
  87            87.35774
  88            88.36048
  89            89.36328
  90            90.36614
  91            91.36907
  92            92.37207
  93            93.37516
  94            94.37833
  95            95.38160
  96            96.38497
  97            97.38845
  98            98.39204
  99            99.39576
 100           100.39961
 101           101.40360
 102           102.40775
 103           103.41206
 104           104.41653
 105           105.42119
 106           106.42604
 107           107.43109
 108           108.43636
 109           109.44185
 110           110.44758
 111           111.45356
 112           112.45980
 113           113.46632
 114           114.47313
 115           115.48025
 116           116.48768
 117           117.49544
 118           118.50355
 119           119.51203
 120           120.52088
 121           121.53013
 122           122.53979
 123           123.54987
 124           124.56040
 125           125.57139
 126           126.58286
 127           127.59482
 128           128.60730
 129           129.62031
 130           130.63387
 131           131.64800
 132           132.66272
 133           133.67804
 134           134.69400
 135           135.71060
 136           136.72786
 137           137.74581
 138           138.76448
 139           139.78386
 140           140.80400
 141           141.82490
 142           142.84660
 143           143.86910
 144           144.89244
 145           145.91664
 146           146.94171
 147           147.96767
 148           148.99456
 149           150.02239
 150           151.05118
 151           152.08096
 152           153.11175
 153           154.14357
 154           155.17644
 155           156.21039
 156           157.24544
 157           158.28161
 158           159.31893
 159           160.35742
 160           161.39710
 161           162.43799
 162           163.48012
 163           164.52351
 164           165.56818
 165           166.61417
 166           167.66148
 167           168.71015
 168           169.76019
 169           170.81164
 170           171.86451
 171           172.91882
 172           173.97461
 173           175.03190
 174           176.09070
 175           177.15104
 176           178.21294
 177           179.27644
 178           180.34154
 179           181.40829
 180           182.47668
 181           183.54676
 182           184.61855
 183           185.69206
 184           186.76732
 185           187.84435
 186           188.92318
 187           190.00384
 188           191.08633
 189           192.17069
 190           193.25694
 191           194.34511
 192           195.43520
 193           196.52726
 194           197.62129
 195           198.71732
 196           199.81539
 197           200.91550
 198           202.01767
 199           203.12195
 200           204.22833
 201           205.33686
 202           206.44754
 203           207.56040
 204           208.67547
 205           209.79277
 206           210.91231
 207           212.03412
 208           213.15822
 209           214.28463
 210           215.41338
 211           216.54449
 212           217.67797
 213           218.81385
 214           219.95216
 215           221.09290
 216           222.23611
 217           223.38180
 218           224.53000
 219           225.68072
 220           226.83399
 221           227.98982
 222           229.14825
 223           230.30929
 224           231.47295
 225           232.63927
 226           233.80826
 227           234.97994
 228           236.15433
 229           237.33145
 230           238.51132
 231           239.69397
 232           240.87941
 233           242.06767
 234           243.25875
 235           244.45269
 236           245.64950
 237           246.84920
 238           248.05181
 239           249.25736
 240           250.46585
 241           251.67731
 242           252.89177
 243           254.10923
 244           255.32972
 245           256.55325
 246           257.77986
 247           259.00954
 248           260.24233
 249           261.47825
 250           262.71730
 251           263.95952
 252           265.20492
 253           266.45351
 254           267.70532
 255           268.96036
 256           270.21866
 257           271.48023
 258           272.74509
 259           274.01326
 260           275.28476
 261           276.55960
 262           277.83780
 263           279.11939
 264           280.40437
 265           281.69277
 266           282.98461
 267           284.27990
 268           285.57866
 269           286.88090
 270           288.18666
 271           289.49594
 272           290.80876
 273           292.12514
 274           293.44509
 275           294.76864
 276           296.09581
 277           297.42660
 278           298.76103
 279           300.09913
 280           301.44092
 281           302.78639
 282           304.13559
 283           305.48851
 284           306.84519
 285           308.20563
 286           309.56986
 287           310.93788
 288           312.30973
 289           313.68540
 290           315.06493
 291           316.44833
 292           317.83561
 293           319.22679
 294           320.62189
 295           322.02092
 296           323.42391
 297           324.83086
 298           326.24180
 299           327.65674
 300           329.07569
 301           330.49869
 302           331.92573
 303           333.35683
 304           334.79202
 305           336.23131
 306           337.67472
 307           339.12226
 308           340.57394
 309           342.02980
 310           343.48983
 311           344.95406
 312           346.42250
 313           347.89517
 314           349.37209
 315           350.85327
 316           352.33873
 317           353.82848
 318           355.32254
 319           356.82093
 320           358.32366
 321           359.83074
 322           361.34220
 323           362.85805
 324           364.37831
 325           365.90299
 326           367.43210
 327           368.96567
 328           370.50371
 329           372.04623
 330           373.59325
 331           375.14479
 332           376.70086
 333           378.26148
 334           379.82667
 335           381.39643
 336           382.97079
 337           384.54976
 338           386.13336
 339           387.72160
 340           389.31450
 341           390.91207
 342           392.51433
 343           394.12130
 344           395.73298
 345           397.34941
 346           398.97059
 347           400.59653
 348           402.22726
 349           403.86278
 350           405.50312
 351           407.14829
 352           408.79831
 353           410.45319
 354           412.11294
 355           413.77759
 356           415.44714
 357           417.12162
 358           418.80104
 359           420.48541
 360           422.17476
 361           423.86908
 362           425.56841
 363           427.27276
 364           428.98214
 365           430.69657
 366           432.41605
 367           434.14062
 368           435.87029
 369           437.60506
 370           439.34496
 371           441.09000
 372           442.84019
 373           444.59556
 374           446.35612
 375           448.12188
 376           449.89285
 377           451.66907
 378           453.45053
 379           455.23725
 380           457.02926
 381           458.82656
 382           460.62918
 383           462.43712
 384           464.25041
 385           466.06905
 386           467.89307
 387           469.72248
 388           471.55729
 389           473.39752
 390           475.24319
 391           477.09431
 392           478.95090
 393           480.81297
 394           482.68054
 395           484.55363
 396           486.43224
 397           488.31640
 398           490.20613
 399           492.10142
 400           494.00231
 401           495.90881
 402           497.82094
 403           499.73870
 404           501.66211
 405           503.59120
 406           505.52597
 407           507.46645
 408           509.41264
 409           511.36457
 410           513.32224
 411           515.28569
 412           517.25491
 413           519.22993
 414           521.21076
 415           523.19741
 416           525.18992
 417           527.18828
 418           529.19252
 419           531.20265
 420           533.21868
 421           535.24064
 422           537.26854
 423           539.30239
 424           541.34221
 425           543.38802
 426           545.43983
 427           547.49766
 428           549.56153
 429           551.63144
 430           553.70742
 431           555.78948
 432           557.87764
 433           559.97192
 434           562.07232
 435           564.17887
 436           566.29159
 437           568.41048
 438           570.53556
 439           572.66686
 440           574.80438
 441           576.94814
 442           579.09817
 443           581.25447
 444           583.41706
 445           585.58595
 446           587.76117
 447           589.94273
 448           592.13065
 449           594.32494
 450           596.52562
 451           598.73270
 452           600.94620
 453           603.16614
 454           605.39253
 455           607.62540
 456           609.86475
 457           612.11060
 458           614.36297
 459           616.62188
 460           618.88734
 461           621.15936
 462           623.43798
 463           625.72319
 464           628.01502
 465           630.31349
 466           632.61861
 467           634.93039
 468           637.24886
 469           639.57403
 470           641.90592
 471           644.24454
 472           646.58991
 473           648.94205
 474           651.30098
 475           653.66670
 476           656.03924
 477           658.41862
 478           660.80485
 479           663.19794
 480           665.59792
 481           668.00480
 482           670.41860
 483           672.83934
 484           675.26703
 485           677.70168
 486           680.14332
 487           682.59197
 488           685.04764
 489           687.51034
 490           689.98009
 491           692.45692
 492           694.94084
 493           697.43186
 494           699.93000
 495           702.43528
 496           704.94772
 497           707.46733
 498           709.99414
 499           712.52815
 500           715.06939
 501           717.61787
 502           720.17361
 503           722.73663
 504           725.30694
 505           727.88456
 506           730.46952
 507           733.06182
 508           735.66148
 509           738.26853
 510           740.88297
 511           743.50483
 512           746.13413
 513           748.77088
 514           751.41509
 515           754.06680
 516           756.72601
 517           759.39274
 518           762.06700
 519           764.74883
 520           767.43823
 521           770.13523
 522           772.83983
 523           775.55207
 524           778.27195
 525           780.99949
 526           783.73472
 527           786.47764
 528           789.22829
 529           791.98667
 530           794.75280
 531           797.52670
 532           800.30839
 533           803.09789
 534           805.89522
 535           808.70039
 536           811.51342
 537           814.33433
 538           817.16314
 539           819.99986
 540           822.84452
 541           825.69713
 542           828.55771
 543           831.42628
 544           834.30286
 545           837.18746
 546           840.08011
 547           842.98082
 548           845.88961
 549           848.80649
 550           851.73150
 551           854.66464
 552           857.60594
 553           860.55541
 554           863.51307
 555           866.47894
 556           869.45304
 557           872.43539
 558           875.42600
 559           878.42490
 560           881.43210
 561           884.44763
 562           887.47149
 563           890.50371
 564           893.54432
 565           896.59332
 566           899.65073
 567           902.71658
 568           905.79089
 569           908.87367
 570           911.96494
 571           915.06472
 572           918.17303
 573           921.28989
 574           924.41532
 575           927.54933
 576           930.69195
 577           933.84320
 578           937.00309
 579           940.17165
 580           943.34888
 581           946.53483
 582           949.72949
 583           952.93289
 584           956.14506
 585           959.36600
 586           962.59574
 587           965.83430
 588           969.08170
 589           972.33796
 590           975.60309
 591           978.87712
 592           982.16007
 593           985.45195
 594           988.75279
 595           992.06260
 596           995.38141
 597           998.70924
 598          1002.04609
 599          1005.39200
 600          1008.74699
 601          1012.11106
 602          1015.48425
 603          1018.86658
 604          1022.25806
 605          1025.65871
 606          1029.06855
 607          1032.48761
 608          1035.91590
 609          1039.35345
 610          1042.80026
 611          1046.25637
 612          1049.72180
 613          1053.19656
 614          1056.68067
 615          1060.17415
 616          1063.67704
 617          1067.18933
 618          1070.71106
 619          1074.24225
 620          1077.78291
 621          1081.33307
 622          1084.89274
 623          1088.46195
 624          1092.04072
 625          1095.62907
 626          1099.22702
 627          1102.83458
 628          1106.45179
 629          1110.07865
 630          1113.71520
 631          1117.36145
 632          1121.01742
 633          1124.68313
 634          1128.35861
 635          1132.04388
 636          1135.73895
 637          1139.44384
 638          1143.15859
 639          1146.88320
 640          1150.61770
 641          1154.36211
 642          1158.11645
 643          1161.88075
 644          1165.65502
 645          1169.43928
 646          1173.23356
 647          1177.03788
 648          1180.85226
 649          1184.67671
 650          1188.51127
 651          1192.35595
 652          1196.21077
 653          1200.07575
 654          1203.95092
 655          1207.83630
 656          1211.73191
 657          1215.63777
 658          1219.55390
 659          1223.48033
 660          1227.41707
 661          1231.36414
 662          1235.32158
 663          1239.28939
 664          1243.26761
 665          1247.25625
 666          1251.25533
 667          1255.26488
 668          1259.28492
 669          1263.31547
 670          1267.35656
 671          1271.40819
 672          1275.47041
 673          1279.54322
 674          1283.62665
 675          1287.72073
 676          1291.82546
 677          1295.94089
 678          1300.06702
 679          1304.20389
 680          1308.35151
 681          1312.50990
 682          1316.67909
 683          1320.85910
 684          1325.04995
 685          1329.25167
 686          1333.46427
 687          1337.68778
 688          1341.92223
 689          1346.16763
 690          1350.42400
 691          1354.69137
 692          1358.96977
 693          1363.25921
 694          1367.55971
 695          1371.87131
 696          1376.19402
 697          1380.52786
 698          1384.87286
 699          1389.22904
 700          1393.59643
 701          1397.97504
 702          1402.36490
 703          1406.76603
 704          1411.17846
 705          1415.60220
 706          1420.03729
 707          1424.48373
 708          1428.94157
 709          1433.41082
 710          1437.89150
 711          1442.38363
 712          1446.88725
 713          1451.40237
 714          1455.92901
 715          1460.46720
 716          1465.01697
 717          1469.57833
 718          1474.15132
 719          1478.73594
 720          1483.33223
 721          1487.94022
 722          1492.55991
 723          1497.19134
 724          1501.83454
 725          1506.48951
 726          1511.15630
 727          1515.83491
 728          1520.52539
 729          1525.22774
 730          1529.94199
 731          1534.66817
 732          1539.40630
 733          1544.15641
 734          1548.91851
 735          1553.69264
 736          1558.47881
 737          1563.27705
 738          1568.08739
 739          1572.90984
 740          1577.74444
 741          1582.59120
 742          1587.45016
 743          1592.32133
 744          1597.20474
 745          1602.10041
 746          1607.00837
 747          1611.92865
 748          1616.86126
 749          1621.80623
 750          1626.76358
 751          1631.73335
 752          1636.71555
 753          1641.71021
 754          1646.71736
 755          1651.73701
 756          1656.76919
 757          1661.81394
 758          1666.87126
 759          1671.94119
 760          1677.02376
 761          1682.11898
 762          1687.22688
 763          1692.34749
 764          1697.48083
 765          1702.62692
 766          1707.78580
 767          1712.95748
 768          1718.14200
 769          1723.33937
 770          1728.54962
 771          1733.77278
 772          1739.00887
 773          1744.25792
 774          1749.51995
 775          1754.79499
 776          1760.08306
 777          1765.38419
 778          1770.69841
 779          1776.02573
 780          1781.36619
 781          1786.71980
 782          1792.08661
 783          1797.46662
 784          1802.85987
 785          1808.26638
 786          1813.68619
 787          1819.11930
 788          1824.56576
 789          1830.02558
 790          1835.49879
 791          1840.98541
 792          1846.48549
 793          1851.99902
 794          1857.52606
 795          1863.06661
 796          1868.62071
 797          1874.18839
 798          1879.76966
 799          1885.36456
 800          1890.97311
 801          1896.59533
 802          1902.23126
 803          1907.88092
 804          1913.54434
 805          1919.22153
 806          1924.91254
 807          1930.61738
 808          1936.33608
 809          1942.06867
 810          1947.81517
 811          1953.57562
 812          1959.35003
 813          1965.13844
 814          1970.94087
 815          1976.75734
 816          1982.58789
 817          1988.43254
 818          1994.29132
 819          2000.16425
 820          2006.05136
 821          2011.95268
 822          2017.86824
 823          2023.79806
 824          2029.74216
 825          2035.70059
 826          2041.67335
 827          2047.66049
 828          2053.66202
 829          2059.67798
 830          2065.70839
 831          2071.75328
 832          2077.81267
 833          2083.88660
 834          2089.97509
 835          2096.07817
 836          2102.19586
 837          2108.32820
 838          2114.47520
 839          2120.63691
 840          2126.81334
 841          2133.00452
 842          2139.21048
 843          2145.43125
 844          2151.66686
 845          2157.91733
 846          2164.18270
 847          2170.46298
 848          2176.75821
 849          2183.06841
 850          2189.39362
 851          2195.73386
 852          2202.08916
 853          2208.45955
 854          2214.84505
 855          2221.24569
 856          2227.66150
 857          2234.09252
 858          2240.53876
 859          2247.00026
 860          2253.47704
 861          2259.96913
 862          2266.47657
 863          2272.99937
 864          2279.53757
 865          2286.09120
 866          2292.66028
 867          2299.24485
 868          2305.84493
 869          2312.46054
 870          2319.09173
 871          2325.73851
 872          2332.40092
 873          2339.07898
 874          2345.77273
 875          2352.48219
 876          2359.20739
 877          2365.94837
 878          2372.70514
 879          2379.47774
 880          2386.26619
 881          2393.07054
 882          2399.89079
 883          2406.72700
 884          2413.57917
 885          2420.44735
 886          2427.33156
 887          2434.23183
 888          2441.14819
 889          2448.08067
 890          2455.02931
 891          2461.99411
 892          2468.97513
 893          2475.97239
 894          2482.98591
 895          2490.01573
 896          2497.06187
 897          2504.12437
 898          2511.20325
 899          2518.29855
 900          2525.41030
 901          2532.53852
 902          2539.68324
 903          2546.84450
 904          2554.02232
 905          2561.21674
 906          2568.42778
 907          2575.65547
 908          2582.89985
 909          2590.16094
 910          2597.43878
 911          2604.73339
 912          2612.04481
 913          2619.37306
 914          2626.71817
 915          2634.08018
 916          2641.45912
 917          2648.85501
 918          2656.26789
 919          2663.69778
 920          2671.14472
 921          2678.60874
 922          2686.08987
 923          2693.58814
 924          2701.10357
 925          2708.63621
 926          2716.18608
 927          2723.75321
 928          2731.33763
 929          2738.93938
 930          2746.55848
 931          2754.19496
 932          2761.84886
 933          2769.52021
 934          2777.20904
 935          2784.91537
 936          2792.63924
 937          2800.38069
 938          2808.13974
 939          2815.91642
 940          2823.71077
 941          2831.52281
 942          2839.35258
 943          2847.20011
 944          2855.06543
 945          2862.94857
 946          2870.84956
 947          2878.76844
 948          2886.70523
 949          2894.65997
 950          2902.63270
 951          2910.62343
 952          2918.63220
 953          2926.65905
 954          2934.70401
 955          2942.76710
 956          2950.84836
 957          2958.94782
 958          2967.06552
 959          2975.20149
 960          2983.35575
 961          2991.52834
 962          2999.71929
 963          3007.92863
 964          3016.15641
 965          3024.40264
 966          3032.66736
 967          3040.95060
 968          3049.25240
 969          3057.57278
 970          3065.91179
 971          3074.26944
 972          3082.64578
 973          3091.04084
 974          3099.45465
 975          3107.88724
 976          3116.33865
 977          3124.80890
 978          3133.29803
 979          3141.80608
 980          3150.33307
 981          3158.87904
 982          3167.44402
 983          3176.02804
 984          3184.63114
 985          3193.25336
 986          3201.89471
 987          3210.55524
 988          3219.23498
 989          3227.93397
 990          3236.65222
 991          3245.38979
 992          3254.14670
 993          3262.92299
 994          3271.71868
 995          3280.53381
 996          3289.36842
 997          3298.22254
 998          3307.09621
 999          3315.98944
1000          3324.90229
1001          3333.83478
1002          3342.78694
1003          3351.75882
1004          3360.75044
1005          3369.76184
1006          3378.79305
1007          3387.84410
1008          3396.91504
1009          3406.00589
1010          3415.11668
1011          3424.24746
1012          3433.39825
1013          3442.56909
1014          3451.76001
1015          3460.97105
1016          3470.20224
1017          3479.45362
1018          3488.72522
1019          3498.01707
1020          3507.32921
1021          3516.66168
1022          3526.01450
1023          3535.38771
1024          3544.78135
1025          3554.19546
1026          3563.63005
1027          3573.08518
1028          3582.56087
1029          3592.05717
1030          3601.57409
1031          3611.11169
1032          3620.66999
1033          3630.24903
1034          3639.84884
1035          3649.46947
1036          3659.11093
1037          3668.77328
1038          3678.45654
1039          3688.16074
1040          3697.88594
1041          3707.63215
1042          3717.39941
1043          3727.18777
1044          3736.99725
1045          3746.82789
1046          3756.67973
1047          3766.55280
1048          3776.44713
1049          3786.36277
1050          3796.29974
1051          3806.25809
1052          3816.23785
1053          3826.23905
1054          3836.26174
1055          3846.30594
1056          3856.37169
1057          3866.45903
1058          3876.56799
1059          3886.69861
1060          3896.85093
1061          3907.02498
1062          3917.22080
1063          3927.43842
1064          3937.67788
1065          3947.93922
1066          3958.22247
1067          3968.52767
1068          3978.85485
1069          3989.20406
1070          3999.57532
1071          4009.96867
1072          4020.38416
1073          4030.82181
1074          4041.28167
1075          4051.76376
1076          4062.26814
1077          4072.79482
1078          4083.34386
1079          4093.91528
1080          4104.50912
1081          4115.12543
1082          4125.76423
1083          4136.42557
1084          4147.10947
1085          4157.81599
1086          4168.54515
1087          4179.29699
1088          4190.07155
1089          4200.86887
1090          4211.68898
1091          4222.53192
1092          4233.39773
1093          4244.28645
1094          4255.19810
1095          4266.13274
1096          4277.09039
1097          4288.07110
1098          4299.07490
1099          4310.10184
1100          4321.15193
1101          4332.22524
1102          4343.32179
1103          4354.44161
1104          4365.58476
1105          4376.75126
1106          4387.94116
1107          4399.15449
1108          4410.39128
1109          4421.65159
1110          4432.93544
1111          4444.24288
1112          4455.57394
1113          4466.92865
1114          4478.30707
1115          4489.70922
1116          4501.13515
1117          4512.58489
1118          4524.05848
1119          4535.55596
1120          4547.07738
1121          4558.62275
1122          4570.19214
1123          4581.78556
1124          4593.40307
1125          4605.04470
1126          4616.71049
1127          4628.40048
1128          4640.11471
1129          4651.85321
1130          4663.61602
1131          4675.40320
1132          4687.21476
1133          4699.05075
1134          4710.91122
1135          4722.79620
1136          4734.70572
1137          4746.63984
1138          4758.59858
1139          4770.58198
1140          4782.59010
1141          4794.62296
1142          4806.68060
1143          4818.76307
1144          4830.87040
1145          4843.00263
1146          4855.15981
1147          4867.34197
1148          4879.54914
1149          4891.78139
1150          4904.03873
1151          4916.32121
1152          4928.62887
1153          4940.96176
1154          4953.31990
1155          4965.70334
1156          4978.11213
1157          4990.54629
1158          5003.00588
1159          5015.49092
1160          5028.00147
1161          5040.53755
1162          5053.09922
1163          5065.68651
1164          5078.29945
1165          5090.93810
1166          5103.60250
1167          5116.29267
1168          5129.00867
1169          5141.75053
1170          5154.51829
1171          5167.31200
1172          5180.13170
1173          5192.97742
1174          5205.84921
1175          5218.74710
1176          5231.67115
1177          5244.62138
1178          5257.59784
1179          5270.60057
1180          5283.62962
1181          5296.68502
1182          5309.76681
1183          5322.87504
1184          5336.00974
1185          5349.17096
1186          5362.35874
1187          5375.57312
1188          5388.81414
1189          5402.08185
1190          5415.37627
1191          5428.69747
1192          5442.04547
1193          5455.42032
1194          5468.82206
1195          5482.25073
1196          5495.70638
1197          5509.18904
1198          5522.69876
1199          5536.23557
1200          5549.79953
1201          5563.39067
1202          5577.00904
1203          5590.65467
1204          5604.32761
1205          5618.02790
1206          5631.75558
1207          5645.51070
1208          5659.29329
1209          5673.10341
1210          5686.94109
1211          5700.80637
1212          5714.69929
1213          5728.61991
1214          5742.56826
1215          5756.54438
1216          5770.54831
1217          5784.58011
1218          5798.63981
1219          5812.72745
1220          5826.84308
1221          5840.98673
1222          5855.15847
1223          5869.35831
1224          5883.58632
1225          5897.84252
1226          5912.12697
1227          5926.43971
1228          5940.78078
1229          5955.15022
1230          5969.54808
1231          5983.97439
1232          5998.42921
1233          6012.91258
1234          6027.42454
1235          6041.96513
1236          6056.53439
1237          6071.13238
1238          6085.75913
1239          6100.41469
1240          6115.09909
1241          6129.81240
1242          6144.55464
1243          6159.32586
1244          6174.12611
1245          6188.95542
1246          6203.81385
1247          6218.70144
1248          6233.61823
1249          6248.56426
1250          6263.53959
1251          6278.54424
1252          6293.57828
1253          6308.64173
1254          6323.73465
1255          6338.85708
1256          6354.00907
1257          6369.19065
1258          6384.40188
1259          6399.64280
1260          6414.91344
1261          6430.21387
1262          6445.54411
1263          6460.90422
1264          6476.29425
1265          6491.71422
1266          6507.16420
1267          6522.64422
1268          6538.15433
1269          6553.69458
1270          6569.26501
1271          6584.86566
1272          6600.49658
1273          6616.15781
1274          6631.84941
1275          6647.57141
1276          6663.32386
1277          6679.10680
1278          6694.92029
1279          6710.76436
1280          6726.63906
1281          6742.54444
1282          6758.48054
1283          6774.44741
1284          6790.44510
1285          6806.47364
1286          6822.53309
1287          6838.62349
1288          6854.74488
1289          6870.89732
1290          6887.08084
1291          6903.29550
1292          6919.54133
1293          6935.81840
1294          6952.12673
1295          6968.46638
1296          6984.83740
1297          7001.23983
1298          7017.67371
1299          7034.13909
1300          7050.63603
1301          7067.16455
1302          7083.72472
1303          7100.31658
1304          7116.94017
1305          7133.59555
1306          7150.28275
1307          7167.00182
1308          7183.75282
1309          7200.53578
1310          7217.35075
1311          7234.19779
1312          7251.07694
1313          7267.98824
1314          7284.93174
1315          7301.90749
1316          7318.91553
1317          7335.95592
1318          7353.02870
1319          7370.13391
1320          7387.27161
1321          7404.44184
1322          7421.64465
1323          7438.88009
1324          7456.14819
1325          7473.44902
1326          7490.78262
1327          7508.14903
1328          7525.54831
1329          7542.98050
1330          7560.44564
1331          7577.94380
1332          7595.47500
1333          7613.03931
1334          7630.63677
1335          7648.26742
1336          7665.93133
1337          7683.62852
1338          7701.35906
1339          7719.12298
1340          7736.92035
1341          7754.75120
1342          7772.61558
1343          7790.51355
1344          7808.44514
1345          7826.41042
1346          7844.40942
1347          7862.44220
1348          7880.50881
1349          7898.60928
1350          7916.74368
1351          7934.91205
1352          7953.11444
1353          7971.35089
1354          7989.62146
1355          8007.92620
1356          8026.26515
1357          8044.63836
1358          8063.04588
1359          8081.48777
1360          8099.96406
1361          8118.47482
1362          8137.02008
1363          8155.59990
1364          8174.21432
1365          8192.86340
1366          8211.54719
1367          8230.26573
1368          8249.01908
1369          8267.80727
1370          8286.63037
1371          8305.48843
1372          8324.38148
1373          8343.30959
1374          8362.27280
1375          8381.27116
1376          8400.30471
1377          8419.37352
1378          8438.47764
1379          8457.61710
1380          8476.79196
1381          8496.00227
1382          8515.24808
1383          8534.52945
1384          8553.84641
1385          8573.19902
1386          8592.58734
1387          8612.01141
1388          8631.47128
1389          8650.96700
1390          8670.49862
1391          8690.06620
1392          8709.66978
1393          8729.30942
1394          8748.98516
1395          8768.69705
1396          8788.44515
1397          8808.22951
1398          8828.05018
1399          8847.90721
1400          8867.80064
1401          8887.73054
1402          8907.69695
1403          8927.69992
1404          8947.73950
1405          8967.81575
1406          8987.92872
1407          9008.07845
1408          9028.26500
1409          9048.48842
1410          9068.74876
1411          9089.04608
1412          9109.38042
1413          9129.75183
1414          9150.16038
1415          9170.60610
1416          9191.08905
1417          9211.60928
1418          9232.16685
1419          9252.76181
1420          9273.39420
1421          9294.06408
1422          9314.77150
1423          9335.51652
1424          9356.29918
1425          9377.11954
1426          9397.97765
1427          9418.87356
1428          9439.80733
1429          9460.77900
1430          9481.78863
1431          9502.83627
1432          9523.92198
1433          9545.04580
1434          9566.20779
1435          9587.40800
1436          9608.64649
1437          9629.92330
1438          9651.23849
1439          9672.59211
1440          9693.98422
1441          9715.41487
1442          9736.88410
1443          9758.39198
1444          9779.93855
1445          9801.52388
1446          9823.14801
1447          9844.81099
1448          9866.51288
1449          9888.25373
1450          9910.03360
1451          9931.85254
1452          9953.71060
1453          9975.60783
1454          9997.54430
1455         10019.52000
1456         10041.53510
1457         10063.58960
1458         10085.68350
1459         10107.81690
1460         10129.98990
1461         10152.20240
1462         10174.45470
1463         10196.74660
1464         10219.07830
1465         10241.44980
1466         10263.86120
1467         10286.31260
1468         10308.80390
1469         10331.33520
1470         10353.90670
1471         10376.51820
1472         10399.17000
1473         10421.86200
1474         10444.59440
1475         10467.36710
1476         10490.18020
1477         10513.03380
1478         10535.92790
1479         10558.86260
1480         10581.83800
1481         10604.85400
1482         10627.91080
1483         10651.00830
1484         10674.14680
1485         10697.32610
1486         10720.54640
1487         10743.80770
1488         10767.11010
1489         10790.45370
1490         10813.83840
1491         10837.26440
1492         10860.73160
1493         10884.24020
1494         10907.79020
1495         10931.38170
1496         10955.01470
1497         10978.68930
1498         11002.40550
1499         11026.16330
1500         11049.96300
1501         11073.80440
1502         11097.68760
1503         11121.61280
1504         11145.57990
1505         11169.58910
1506         11193.64030
1507         11217.73370
1508         11241.86930
1509         11266.04710
1510         11290.26710
1511         11314.52960
1512         11338.83450
1513         11363.18180
1514         11387.57170
1515         11412.00410
1516         11436.47920
1517         11460.99690
1518         11485.55750
1519         11510.16080
1520         11534.80700
1521         11559.49610
1522         11584.22820
1523         11609.00330
1524         11633.82150
1525         11658.68290
1526         11683.58750
1527         11708.53530
1528         11733.52650
1529         11758.56100
1530         11783.63900
1531         11808.76040
1532         11833.92540
1533         11859.13400
1534         11884.38630
1535         11909.68230
1536         11935.02210
1537         11960.40570
1538         11985.83310
1539         12011.30460
1540         12036.82000
1541         12062.37960
1542         12087.98320
1543         12113.63100
1544         12139.32310
1545         12165.05940
1546         12190.84010
1547         12216.66530
1548         12242.53490
1549         12268.44900
1550         12294.40770
1551         12320.41100
1552         12346.45910
1553         12372.55190
1554         12398.68950
1555         12424.87210
1556         12451.09950
1557         12477.37200
1558         12503.68950
1559         12530.05210
1560         12556.45980
1561         12582.91290
1562         12609.41120
1563         12635.95480
1564         12662.54390
1565         12689.17840
1566         12715.85840
1567         12742.58400
1568         12769.35530
1569         12796.17230
1570         12823.03500
1571         12849.94350
1572         12876.89790
1573         12903.89830
1574         12930.94460
1575         12958.03710
1576         12985.17560
1577         13012.36030
1578         13039.59120
1579         13066.86840
1580         13094.19200
1581         13121.56200
1582         13148.97850
1583         13176.44150
1584         13203.95110
1585         13231.50730
1586         13259.11030
1587         13286.76000
1588         13314.45660
1589         13342.20000
1590         13369.99040
1591         13397.82780
1592         13425.71230
1593         13453.64390
1594         13481.62270
1595         13509.64880
1596         13537.72220
1597         13565.84300
1598         13594.01110
1599         13622.22680
1600         13650.49010
1601         13678.80090
1602         13707.15950
1603         13735.56570
1604         13764.01980
1605         13792.52170
1606         13821.07160
1607         13849.66940
1608         13878.31530
1609         13907.00930
1610         13935.75140
1611         13964.54180
1612         13993.38050
1613         14022.26750
1614         14051.20290
1615         14080.18680
1616         14109.21920
1617         14138.30020
1618         14167.42990
1619         14196.60830
1620         14225.83550
1621         14255.11150
1622         14284.43640
1623         14313.81030
1624         14343.23310
1625         14372.70510
1626         14402.22630
1627         14431.79660
1628         14461.41620
1629         14491.08520
1630         14520.80350
1631         14550.57140
1632         14580.38870
1633         14610.25560
1634         14640.17220
1635         14670.13840
1636         14700.15450
1637         14730.22040
1638         14760.33610
1639         14790.50190
1640         14820.71760
1641         14850.98350
1642         14881.29950
1643         14911.66570
1644         14942.08210
1645         14972.54890
1646         15003.06610
1647         15033.63380
1648         15064.25200
1649         15094.92070
1650         15125.64020
1651         15156.41030
1652         15187.23120
1653         15218.10300
1654         15249.02560
1655         15279.99920
1656         15311.02390
1657         15342.09960
1658         15373.22650
1659         15404.40470
1660         15435.63410
1661         15466.91480
1662         15498.24700
1663         15529.63060
1664         15561.06580
1665         15592.55260
1666         15624.09110
1667         15655.68120
1668         15687.32320
1669         15719.01710
1670         15750.76280
1671         15782.56060
1672         15814.41040
1673         15846.31230
1674         15878.26640
1675         15910.27270
1676         15942.33140
1677         15974.44240
1678         16006.60580
1679         16038.82180
1680         16071.09030
1681         16103.41150
1682         16135.78540
1683         16168.21200
1684         16200.69140
1685         16233.22380
1686         16265.80910
1687         16298.44740
1688         16331.13880
1689         16363.88330
1690         16396.68110
1691         16429.53220
1692         16462.43660
1693         16495.39440
1694         16528.40570
1695         16561.47050
1696         16594.58890
1697         16627.76100
1698         16660.98690
1699         16694.26660
1700         16727.60010
1701         16760.98760
1702         16794.42900
1703         16827.92460
1704         16861.47420
1705         16895.07810
1706         16928.73620
1707         16962.44870
1708         16996.21560
1709         17030.03690
1710         17063.91280
1711         17097.84320
1712         17131.82840
1713         17165.86820
1714         17199.96280
1715         17234.11240
1716         17268.31680
1717         17302.57620
1718         17336.89070
1719         17371.26030
1720         17405.68520
1721         17440.16520
1722         17474.70060
1723         17509.29140
1724         17543.93770
1725         17578.63950
1726         17613.39690
1727         17648.20990
1728         17683.07870
1729         17718.00330
1730         17752.98370
1731         17788.02010
1732         17823.11250
1733         17858.26090
1734         17893.46550
1735         17928.72630
1736         17964.04330
1737         17999.41670
1738         18034.84650
1739         18070.33280
1740         18105.87560
1741         18141.47500
1742         18177.13100
1743         18212.84390
1744         18248.61350
1745         18284.44000
1746         18320.32350
1747         18356.26400
1748         18392.26150
1749         18428.31620
1750         18464.42820
1751         18500.59740
1752         18536.82390
1753         18573.10790
1754         18609.44940
1755         18645.84850
1756         18682.30520
1757         18718.81950
1758         18755.39170
1759         18792.02170
1760         18828.70960
1761         18865.45540
1762         18902.25930
1763         18939.12140
1764         18976.04160
1765         19013.02000
1766         19050.05680
1767         19087.15190
1768         19124.30550
1769         19161.51770
1770         19198.78840
1771         19236.11780
1772         19273.50590
1773         19310.95290
1774         19348.45870
1775         19386.02340
1776         19423.64720
1777         19461.33000
1778         19499.07200
1779         19536.87320
1780         19574.73370
1781         19612.65360
1782         19650.63290
1783         19688.67170
1784         19726.77000
1785         19764.92800
1786         19803.14580
1787         19841.42330
1788         19879.76060
1789         19918.15790
1790         19956.61510
1791         19995.13250
1792         20033.70990
1793         20072.34760
1794         20111.04550
1795         20149.80380
1796         20188.62250
1797         20227.50170
1798         20266.44140
1799         20305.44180
1800         20344.50280
1801         20383.62470
1802         20422.80730
1803         20462.05090
1804         20501.35550
1805         20540.72110
1806         20580.14780
1807         20619.63570
1808         20659.18490
1809         20698.79550
1810         20738.46740
1811         20778.20090
1812         20817.99580
1813         20857.85240
1814         20897.77070
1815         20937.75080
1816         20977.79270
1817         21017.89650
1818         21058.06230
1819         21098.29010
1820         21138.58010
1821         21178.93230
1822         21219.34670
1823         21259.82350
1824         21300.36270
1825         21340.96440
1826         21381.62860
1827         21422.35550
1828         21463.14510
1829         21503.99740
1830         21544.91260
1831         21585.89070
1832         21626.93180
1833         21668.03600
1834         21709.20330
1835         21750.43380
1836         21791.72760
1837         21833.08480
1838         21874.50540
1839         21915.98950
1840         21957.53710
1841         21999.14850
1842         22040.82350
1843         22082.56230
1844         22124.36500
1845         22166.23160
1846         22208.16230
1847         22250.15700
1848         22292.21590
1849         22334.33910
1850         22376.52650
1851         22418.77830
1852         22461.09460
1853         22503.47540
1854         22545.92080
1855         22588.43080
1856         22631.00570
1857         22673.64530
1858         22716.34980
1859         22759.11940
1860         22801.95390
1861         22844.85360
1862         22887.81850
1863         22930.84860
1864         22973.94410
1865         23017.10500
1866         23060.33140
1867         23103.62330
1868         23146.98090
1869         23190.40420
1870         23233.89330
1871         23277.44820
1872         23321.06910
1873         23364.75600
1874         23408.50900
1875         23452.32810
1876         23496.21350
1877         23540.16520
1878         23584.18330
1879         23628.26780
1880         23672.41890
1881         23716.63660
1882         23760.92090
1883         23805.27210
1884         23849.69000
1885         23894.17490
1886         23938.72680
1887         23983.34570
1888         24028.03180
1889         24072.78510
1890         24117.60560
1891         24162.49360
1892         24207.44900
1893         24252.47190
1894         24297.56240
1895         24342.72050
1896         24387.94640
1897         24433.24010
1898         24478.60180
1899         24524.03130
1900         24569.52900
1901         24615.09470
1902         24660.72870
1903         24706.43100
1904         24752.20150
1905         24798.04060
1906         24843.94810
1907         24889.92420
1908         24935.96900
1909         24982.08250
1910         25028.26480
1911         25074.51600
1912         25120.83620
1913         25167.22540
1914         25213.68380
1915         25260.21130
1916         25306.80810
1917         25353.47430
1918         25400.20990
1919         25447.01500
1920         25493.88970
1921         25540.83400
1922         25587.84810
1923         25634.93200
1924         25682.08580
1925         25729.30950
1926         25776.60330
1927         25823.96720
1928         25871.40140
1929         25918.90580
1930         25966.48050
1931         26014.12570
1932         26061.84150
1933         26109.62780
1934         26157.48470
1935         26205.41240
1936         26253.41100
1937         26301.48040
1938         26349.62090
1939         26397.83240
1940         26446.11500
1941         26494.46880
1942         26542.89400
1943         26591.39050
1944         26639.95840
1945         26688.59790
1946         26737.30900
1947         26786.09180
1948         26834.94640
1949         26883.87280
1950         26932.87110
1951         26981.94140
1952         27031.08380
1953         27080.29840
1954         27129.58520
1955         27178.94430
1956         27228.37580
1957         27277.87980
1958         27327.45640
1959         27377.10560
1960         27426.82750
1961         27476.62220
1962         27526.48980
1963         27576.43030
1964         27626.44390
1965         27676.53050
1966         27726.69040
1967         27776.92350
1968         27827.23000
1969         27877.60990
1970         27928.06340
1971         27978.59040
1972         28029.19110
1973         28079.86550
1974         28130.61380
1975         28181.43600
1976         28232.33220
1977         28283.30240
1978         28334.34690
1979         28385.46550
1980         28436.65840
1981         28487.92580
1982         28539.26760
1983         28590.68400
1984         28642.17500
1985         28693.74070
1986         28745.38130
1987         28797.09670
1988         28848.88700
1989         28900.75240
1990         28952.69290
1991         29004.70870
1992         29056.79970
1993         29108.96610
1994         29161.20790
1995         29213.52520
1996         29265.91820
1997         29318.38680
1998         29370.93120
1999         29423.55150
2000         29476.24770
2001         29529.01990
2002         29581.86820
2003         29634.79270
2004         29687.79340
2005         29740.87050
2006         29794.02410
2007         29847.25410
2008         29900.56070
2009         29953.94400
2010         30007.40400
2011         30060.94090
2012         30114.55460
2013         30168.24540
2014         30222.01330
2015         30275.85830
2016         30329.78060
2017         30383.78020
2018         30437.85720
2019         30492.01170
2020         30546.24370
2021         30600.55350
2022         30654.94100
2023         30709.40630
2024         30763.94950
2025         30818.57070
2026         30873.26990
2027         30928.04740
2028         30982.90300
2029         31037.83700
2030         31092.84940
2031         31147.94030
2032         31203.10970
2033         31258.35780
2034         31313.68470
2035         31369.09030
2036         31424.57490
2037         31480.13840
2038         31535.78110
2039         31591.50290
2040         31647.30390
2041         31703.18420
2042         31759.14400
2043         31815.18320
2044         31871.30200
2045         31927.50050
2046         31983.77870
2047         32040.13680
2048         32096.57470
2049         32153.09270
2050         32209.69070
2051         32266.36890
2052         32323.12740
2053         32379.96620
2054         32436.88540
2055         32493.88510
2056         32550.96530
2057         32608.12630
2058         32665.36800
2059         32722.69060
2060         32780.09400
2061         32837.57850
2062         32895.14410
2063         32952.79090
2064         33010.51890
2065         33068.32830
2066         33126.21910
2067         33184.19140
2068         33242.24530
2069         33300.38100
2070         33358.59840
2071         33416.89760
2072         33475.27890
2073         33533.74210
2074         33592.28750
2075         33650.91500
2076         33709.62490
2077         33768.41710
2078         33827.29180
2079         33886.24910
2080         33945.28890
2081         34004.41150
2082         34063.61690
2083         34122.90520
2084         34182.27650
2085         34241.73080
2086         34301.26830
2087         34360.88900
2088         34420.59300
2089         34480.38050
2090         34540.25140
2091         34600.20590
2092         34660.24410
2093         34720.36610
2094         34780.57180
2095         34840.86160
2096         34901.23530
2097         34961.69310
2098         35022.23510
2099         35082.86140
2100         35143.57210
2101         35204.36720
2102         35265.24680
2103         35326.21110
2104         35387.26000
2105         35448.39380
2106         35509.61250
2107         35570.91610
2108         35632.30480
2109         35693.77860
2110         35755.33770
2111         35816.98210
2112         35878.71190
2113         35940.52720
2114         36002.42810
2115         36064.41470
2116         36126.48700
2117         36188.64520
2118         36250.88930
2119         36313.21950
2120         36375.63570
2121         36438.13820
2122         36500.72690
2123         36563.40210
2124         36626.16370
2125         36689.01180
2126         36751.94660
2127         36814.96820
2128         36878.07650
2129         36941.27180
2130         37004.55400
2131         37067.92340
2132         37131.37990
2133         37194.92370
2134         37258.55480
2135         37322.27340
2136         37386.07950
2137         37449.97320
2138         37513.95470
2139         37578.02390
2140         37642.18100
2141         37706.42620
2142         37770.75930
2143         37835.18070
2144         37899.69020
2145         37964.28810
2146         38028.97450
2147         38093.74930
2148         38158.61280
2149         38223.56490
2150         38288.60580
2151         38353.73560
2152         38418.95440
2153         38484.26220
2154         38549.65920
2155         38615.14540
2156         38680.72090
2157         38746.38580
2158         38812.14020
2159         38877.98430
2160         38943.91800
2161         39009.94140
2162         39076.05480
2163         39142.25810
2164         39208.55140
2165         39274.93490
2166         39341.40860
2167         39407.97270
2168         39474.62710
2169         39541.37200
2170         39608.20750
2171         39675.13380
2172         39742.15070
2173         39809.25860
2174         39876.45740
2175         39943.74720
2176         40011.12820
2177         40078.60040
2178         40146.16390
2179         40213.81880
2180         40281.56530
2181         40349.40330
2182         40417.33300
2183         40485.35450
2184         40553.46790
2185         40621.67320
2186         40689.97060
2187         40758.36010
2188         40826.84180
2189         40895.41590
2190         40964.08240
2191         41032.84140
2192         41101.69300
2193         41170.63730
2194         41239.67440
2195         41308.80440
2196         41378.02740
2197         41447.34340
2198         41516.75250
2199         41586.25500
2200         41655.85070
2201         41725.53990
2202         41795.32260
2203         41865.19900
2204         41935.16900
2205         42005.23290
2206         42075.39070
2207         42145.64240
2208         42215.98830
2209         42286.42830
2210         42356.96260
2211         42427.59120
2212         42498.31430
2213         42569.13200
2214         42640.04430
2215         42711.05130
2216         42782.15320
2217         42853.35000
2218         42924.64180
2219         42996.02870
2220         43067.51080
2221         43139.08830
2222         43210.76110
2223         43282.52940
2224         43354.39330
2225         43426.35280
2226         43498.40820
2227         43570.55940
2228         43642.80650
2229         43715.14970
2230         43787.58900
2231         43860.12460
2232         43932.75650
2233         44005.48490
2234         44078.30970
2235         44151.23120
2236         44224.24940
2237         44297.36440
2238         44370.57630
2239         44443.88520
2240         44517.29110
2241         44590.79430
2242         44664.39480
2243         44738.09260
2244         44811.88790
2245         44885.78070
2246         44959.77120
2247         45033.85950
2248         45108.04560
2249         45182.32970
2250         45256.71180
2251         45331.19200
2252         45405.77050
2253         45480.44730
2254         45555.22250
2255         45630.09620
2256         45705.06860
2257         45780.13960
2258         45855.30950
2259         45930.57830
2260         46005.94600
2261         46081.41290
2262         46156.97890
2263         46232.64430
2264         46308.40900
2265         46384.27320
2266         46460.23690
2267         46536.30040
2268         46612.46360
2269         46688.72660
2270         46765.08970
2271         46841.55270
2272         46918.11600
2273         46994.77940
2274         47071.54330
2275         47148.40750
2276         47225.37230
2277         47302.43780
2278         47379.60390
2279         47456.87090
2280         47534.23890
2281         47611.70780
2282         47689.27790
2283         47766.94920
2284         47844.72180
2285         47922.59580
2286         48000.57130
2287         48078.64850
2288         48156.82730
2289         48235.10790
2290         48313.49050
2291         48391.97500
2292         48470.56170
2293         48549.25050
2294         48628.04160
2295         48706.93510
2296         48785.93110
2297         48865.02970
2298         48944.23090
2299         49023.53500
2300         49102.94190
2301         49182.45180
2302         49262.06480
2303         49341.78090
2304         49421.60030
2305         49501.52310
2306         49581.54930
2307         49661.67920
2308         49741.91260
2309         49822.24990
2310         49902.69100
2311         49983.23610
2312         50063.88520
2313         50144.63850
2314         50225.49610
2315         50306.45800
2316         50387.52430
2317         50468.69520
2318         50549.97080
2319         50631.35110
2320         50712.83630
2321         50794.42650
2322         50876.12160
2323         50957.92200
2324         51039.82760
2325         51121.83850
2326         51203.95490
2327         51286.17680
2328         51368.50440
2329         51450.93770
2330         51533.47690
2331         51616.12200
2332         51698.87320
2333         51781.73050
2334         51864.69410
2335         51947.76400
2336         52030.94040
2337         52114.22330
2338         52197.61290
2339         52281.10920
2340         52364.71240
2341         52448.42250
2342         52532.23960
2343         52616.16390
2344         52700.19550
2345         52784.33440
2346         52868.58080
2347         52952.93470
2348         53037.39630
2349         53121.96560
2350         53206.64280
2351         53291.42800
2352         53376.32120
2353         53461.32250
2354         53546.43220
2355         53631.65020
2356         53716.97660
2357         53802.41160
2358         53887.95530
2359         53973.60780
2360         54059.36910
2361         54145.23940
2362         54231.21870
2363         54317.30720
2364         54403.50500
2365         54489.81220
2366         54576.22890
2367         54662.75510
2368         54749.39110
2369         54836.13680
2370         54922.99240
2371         55009.95790
2372         55097.03360
2373         55184.21950
2374         55271.51560
2375         55358.92220
2376         55446.43930
2377         55534.06690
2378         55621.80530
2379         55709.65450
2380         55797.61450
2381         55885.68560
2382         55973.86790
2383         56062.16130
2384         56150.56600
2385         56239.08220
2386         56327.70990
2387         56416.44920
2388         56505.30030
2389         56594.26320
2390         56683.33800
2391         56772.52490
2392         56861.82390
2393         56951.23520
2394         57040.75880
2395         57130.39490
2396         57220.14360
2397         57310.00490
2398         57399.97890
2399         57490.06590
2400         57580.26580
2401         57670.57880
2402         57761.00500
2403         57851.54440
2404         57942.19730
2405         58032.96360
2406         58123.84350
2407         58214.83720
2408         58305.94460
2409         58397.16600
2410         58488.50130
2411         58579.95080
2412         58671.51450
2413         58763.19260
2414         58854.98500
2415         58946.89200
2416         59038.91370
2417         59131.05010
2418         59223.30130
2419         59315.66750
2420         59408.14880
2421         59500.74520
2422         59593.45690
2423         59686.28390
2424         59779.22650
2425         59872.28460
2426         59965.45840
2427         60058.74800
2428         60152.15350
2429         60245.67510
2430         60339.31270
2431         60433.06650
2432         60526.93670
2433         60620.92330
2434         60715.02640
2435         60809.24620
2436         60903.58270
2437         60998.03610
2438         61092.60640
2439         61187.29380
2440         61282.09830
2441         61377.02020
2442         61472.05940
2443         61567.21610
2444         61662.49030
2445         61757.88230
2446         61853.39210
2447         61949.01980
2448         62044.76550
2449         62140.62940
2450         62236.61140
2451         62332.71180
2452         62428.93070
2453         62525.26810
2454         62621.72420
2455         62718.29900
2456         62814.99270
2457         62911.80540
2458         63008.73710
2459         63105.78810
2460         63202.95830
2461         63300.24800
2462         63397.65710
2463         63495.18590
2464         63592.83450
2465         63690.60280
2466         63788.49110
2467         63886.49940
2468         63984.62790
2469         64082.87670
2470         64181.24590
2471         64279.73550
2472         64378.34570
2473         64477.07660
2474         64575.92830
2475         64674.90090
2476         64773.99450
2477         64873.20930
2478         64972.54530
2479         65072.00270
2480         65171.58150
2481         65271.28180
2482         65371.10380
2483         65471.04760
2484         65571.11330
2485         65671.30100
2486         65771.61080
2487         65872.04280
2488         65972.59710
2489         66073.27380
2490         66174.07310
2491         66274.99500
2492         66376.03970
2493         66477.20720
2494         66578.49770
2495         66679.91130
2496         66781.44810
2497         66883.10820
2498         66984.89170
2499         67086.79870
2500         67188.82930
2501         67290.98370
2502         67393.26190
2503         67495.66410
2504         67598.19030
2505         67700.84070
2506         67803.61540
2507         67906.51450
2508         68009.53810
2509         68112.68630
2510         68215.95920
2511         68319.35700
2512         68422.87970
2513         68526.52750
2514         68630.30040
2515         68734.19860
2516         68838.22210
2517         68942.37120
2518         69046.64590
2519         69151.04630
2520         69255.57250
2521         69360.22460
2522         69465.00280
2523         69569.90710
2524         69674.93780
2525         69780.09470
2526         69885.37820
2527         69990.78830
2528         70096.32510
2529         70201.98870
2530         70307.77920
2531         70413.69680
2532         70519.74150
2533         70625.91350
2534         70732.21290
2535         70838.63970
2536         70945.19420
2537         71051.87630
2538         71158.68630
2539         71265.62420
2540         71372.69020
2541         71479.88430
2542         71587.20670
2543         71694.65750
2544         71802.23670
2545         71909.94460
2546         72017.78110
2547         72125.74650
2548         72233.84080
2549         72342.06420
2550         72450.41680
2551         72558.89860
2552         72667.50980
2553         72776.25050
2554         72885.12080
2555         72994.12080
2556         73103.25070
2557         73212.51050
2558         73321.90040
2559         73431.42040
2560         73541.07070
2561         73650.85150
2562         73760.76270
2563         73870.80450
2564         73980.97710
2565         74091.28060
2566         74201.71500
2567         74312.28050
2568         74422.97710
2569         74533.80510
2570         74644.76450
2571         74755.85540
2572         74867.07800
2573         74978.43230
2574         75089.91840
2575         75201.53660
2576         75313.28680
2577         75425.16930
2578         75537.18400
2579         75649.33130
2580         75761.61100
2581         75874.02340
2582         75986.56860
2583         76099.24670
2584         76212.05780
2585         76325.00200
2586         76438.07940
2587         76551.29020
2588         76664.63450
2589         76778.11230
2590         76891.72380
2591         77005.46910
2592         77119.34830
2593         77233.36160
2594         77347.50900
2595         77461.79060
2596         77576.20660
2597         77690.75720
2598         77805.44230
2599         77920.26210
2600         78035.21680
2601         78150.30650
2602         78265.53110
2603         78380.89100
2604         78496.38620
2605         78612.01670
2606         78727.78280
2607         78843.68460
2608         78959.72210
2609         79075.89540
2610         79192.20470
2611         79308.65020
2612         79425.23180
2613         79541.94980
2614         79658.80420
2615         79775.79520
2616         79892.92290
2617         80010.18740
2618         80127.58870
2619         80245.12710
2620         80362.80270
2621         80480.61550
2622         80598.56560
2623         80716.65330
2624         80834.87850
2625         80953.24150
2626         81071.74230
2627         81190.38110
2628         81309.15790
2629         81428.07290
2630         81547.12630
2631         81666.31800
2632         81785.64830
2633         81905.11720
2634         82024.72490
2635         82144.47150
2636         82264.35710
2637         82384.38180
2638         82504.54570
2639         82624.84900
2640         82745.29170
2641         82865.87410
2642         82986.59610
2643         83107.45800
2644         83228.45980
2645         83349.60160
2646         83470.88370
2647         83592.30600
2648         83713.86870
2649         83835.57200
2650         83957.41580
2651         84079.40050
2652         84201.52600
2653         84323.79250
2654         84446.20020
2655         84568.74900
2656         84691.43920
2657         84814.27090
2658         84937.24420
2659         85060.35910
2660         85183.61590
2661         85307.01460
2662         85430.55540
2663         85554.23830
2664         85678.06350
2665         85802.03120
2666         85926.14130
2667         86050.39420
2668         86174.78970
2669         86299.32820
2670         86424.00970
2671         86548.83430
2672         86673.80210
2673         86798.91330
2674         86924.16790
2675         87049.56620
2676         87175.10820
2677         87300.79400
2678         87426.62370
2679         87552.59760
2680         87678.71560
2681         87804.97790
2682         87931.38470
2683         88057.93600
2684         88184.63200
2685         88311.47270
2686         88438.45840
2687         88565.58910
2688         88692.86490
2689         88820.28610
2690         88947.85250
2691         89075.56450
2692         89203.42220
2693         89331.42550
2694         89459.57470
2695         89587.86990
2696         89716.31130
2697         89844.89880
2698         89973.63270
2699         90102.51300
2700         90231.53990
2701         90360.71360
2702         90490.03400
2703         90619.50140
2704         90749.11590
2705         90878.87750
2706         91008.78650
2707         91138.84280
2708         91269.04680
2709         91399.39840
2710         91529.89770
2711         91660.54500
2712         91791.34030
2713         91922.28380
2714         92053.37550
2715         92184.61570
2716         92316.00430
2717         92447.54160
2718         92579.22760
2719         92711.06250
2720         92843.04640
2721         92975.17950
2722         93107.46170
2723         93239.89340
2724         93372.47450
2725         93505.20520
2726         93638.08560
2727         93771.11590
2728         93904.29620
2729         94037.62650
2730         94171.10710
2731         94304.73800
2732         94438.51930
2733         94572.45120
2734         94706.53390
2735         94840.76730
2736         94975.15170
2737         95109.68720
2738         95244.37380
2739         95379.21180
2740         95514.20120
2741         95649.34210
2742         95784.63470
2743         95920.07920
2744         96055.67550
2745         96191.42390
2746         96327.32440
2747         96463.37730
2748         96599.58260
2749         96735.94030
2750         96872.45080
2751         97009.11400
2752         97145.93020
2753         97282.89930
2754         97420.02160
2755         97557.29720
2756         97694.72620
2757         97832.30870
2758         97970.04480
2759         98107.93470
2760         98245.97850
2761         98384.17630
2762         98522.52830
2763         98661.03450
2764         98799.69510
2765         98938.51020
2766         99077.47990
2767         99216.60430
2768         99355.88370
2769         99495.31800
2770         99634.90750
2771         99774.65220
2772         99914.55230
2773        100054.60800
2774        100194.81900
2775        100335.18600
2776        100475.70900
2777        100616.38800
2778        100757.22300
2779        100898.21400
2780        101039.36100
2781        101180.66500
2782        101322.12600
2783        101463.74300
2784        101605.51800
2785        101747.44900
2786        101889.53700
2787        102031.78300
2788        102174.18600
2789        102316.74600
2790        102459.46400
2791        102602.34000
2792        102745.37400
2793        102888.56500
2794        103031.91500
2795        103175.42300
2796        103319.08900
2797        103462.91400
2798        103606.89700
2799        103751.04000
2800        103895.34100
2801        104039.80100
2802        104184.42000
2803        104329.19800
2804        104474.13600
2805        104619.23300
2806        104764.49000
2807        104909.90600
2808        105055.48300
2809        105201.21900
2810        105347.11600
2811        105493.17300
2812        105639.39000
2813        105785.76800
2814        105932.30600
2815        106079.00500
2816        106225.86500
2817        106372.88600
2818        106520.06800
2819        106667.41100
2820        106814.91600
2821        106962.58200
2822        107110.41000
2823        107258.39900
2824        107406.55100
2825        107554.86400
2826        107703.34000
2827        107851.97800
2828        108000.77800
2829        108149.74100
2830        108298.86600
2831        108448.15400
2832        108597.60500
2833        108747.21900
2834        108896.99700
2835        109046.93700
2836        109197.04100
2837        109347.30900
2838        109497.74000
2839        109648.33500
2840        109799.09400
2841        109950.01700
2842        110101.10400
2843        110252.35500
2844        110403.77100
2845        110555.35100
2846        110707.09600
2847        110859.00600
2848        111011.08100
2849        111163.32100
2850        111315.72600
2851        111468.29600
2852        111621.03200
2853        111773.93400
2854        111927.00100
2855        112080.23400
2856        112233.63300
2857        112387.19800
2858        112540.92900
2859        112694.82600
2860        112848.89100
2861        113003.12100
2862        113157.51900
2863        113312.08300
2864        113466.81400
2865        113621.71200
2866        113776.77800
2867        113932.01100
2868        114087.41100
2869        114242.98000
2870        114398.71500
2871        114554.61900
2872        114710.69100
2873        114866.93100
2874        115023.33900
2875        115179.91600
2876        115336.66100
2877        115493.57500
2878        115650.65700
2879        115807.90900
2880        115965.32900
2881        116122.91900
2882        116280.67800
2883        116438.60700
2884        116596.70500
2885        116754.97200
2886        116913.41000
2887        117072.01800
2888        117230.79500
2889        117389.74300
2890        117548.86100
2891        117708.15000
2892        117867.60900
2893        118027.23900
2894        118187.04000
2895        118347.01200
2896        118507.15500
2897        118667.47000
2898        118827.95500
2899        118988.61300
2900        119149.44100
2901        119310.44200
2902        119471.61500
2903        119632.95900
2904        119794.47600
2905        119956.16500
2906        120118.02600
2907        120280.06100
2908        120442.26700
2909        120604.64700
2910        120767.19900
2911        120929.92500
2912        121092.82400
2913        121255.89600
2914        121419.14200
2915        121582.56100
2916        121746.15400
2917        121909.92100
2918        122073.86200
2919        122237.97700
2920        122402.26600
2921        122566.73000
2922        122731.36800
2923        122896.18100
2924        123061.16800
2925        123226.33100
2926        123391.66900
2927        123557.18100
2928        123722.87000
2929        123888.73300
2930        124054.77200
2931        124220.98700
2932        124387.37800
2933        124553.94500
2934        124720.68700
2935        124887.60600
2936        125054.70200
2937        125221.97400
2938        125389.42200
2939        125557.04800
2940        125724.85000
2941        125892.82900
2942        126060.98600
2943        126229.31900
2944        126397.83000
2945        126566.51900
2946        126735.38600
2947        126904.43000
2948        127073.65200
2949        127243.05200
2950        127412.63100
2951        127582.38800
2952        127752.32300
2953        127922.43700
2954        128092.73000
2955        128263.20100
2956        128433.85200
2957        128604.68200
2958        128775.69100
2959        128946.87900
2960        129118.24700
2961        129289.79500
2962        129461.52300
2963        129633.43000
2964        129805.51800
2965        129977.78600
2966        130150.23400
2967        130322.86300
2968        130495.67200
2969        130668.66200
2970        130841.83300
2971        131015.18500
2972        131188.71800
2973        131362.43200
2974        131536.32800
2975        131710.40600
2976        131884.66500
2977        132059.10600
2978        132233.72900
2979        132408.53400
2980        132583.52100
2981        132758.69000
2982        132934.04200
2983        133109.57700
2984        133285.29400
2985        133461.19500
2986        133637.27800
2987        133813.54500
2988        133989.99500
2989        134166.62800
2990        134343.44500
2991        134520.44500
2992        134697.63000
2993        134874.99800
2994        135052.55000
2995        135230.28700
2996        135408.20800
2997        135586.31400
2998        135764.60400
2999        135943.07900
3000        136121.73900
3001        136300.58400
3002        136479.61400
3003        136658.83000
3004        136838.23100
3005        137017.81700
3006        137197.59000
3007        137377.54800
3008        137557.69200
3009        137738.02200
3010        137918.53900
3011        138099.24200
3012        138280.13100
3013        138461.20800
3014        138642.47100
3015        138823.92000
3016        139005.55700
3017        139187.38200
3018        139369.39300
3019        139551.59200
3020        139733.97900
3021        139916.55400
3022        140099.31600
3023        140282.26600
3024        140465.40500
3025        140648.73200
3026        140832.24700
3027        141015.95100
3028        141199.84400
3029        141383.92500
3030        141568.19600
3031        141752.65500
3032        141937.30400
3033        142122.14200
3034        142307.17000
3035        142492.38800
3036        142677.79500
3037        142863.39200
3038        143049.17900
3039        143235.15700
3040        143421.32500
3041        143607.68300
3042        143794.23200
3043        143980.97200
3044        144167.90200
3045        144355.02400
3046        144542.33700
3047        144729.84100
3048        144917.53700
3049        145105.42400
3050        145293.50300
3051        145481.77400
3052        145670.23600
3053        145858.89100
3054        146047.73800
3055        146236.77800
3056        146426.01000
3057        146615.43500
3058        146805.05300
3059        146994.86300
3060        147184.86700
3061        147375.06400
3062        147565.45400
3063        147756.03800
3064        147946.81500
3065        148137.78700
3066        148328.95200
3067        148520.31100
3068        148711.86400
3069        148903.61200
3070        149095.55400
3071        149287.69100
3072        149480.02300
3073        149672.54900
3074        149865.27100
3075        150058.18800
3076        150251.30000
3077        150444.60700
3078        150638.11000
3079        150831.80900
3080        151025.70300
3081        151219.79400
3082        151414.08100
3083        151608.56400
3084        151803.24300
3085        151998.11900
3086        152193.19200
3087        152388.46100
3088        152583.92800
3089        152779.59100
3090        152975.45200
3091        153171.51000
3092        153367.76600
3093        153564.21900
3094        153760.87000
3095        153957.72000
3096        154154.76700
3097        154352.01200
3098        154549.45600
3099        154747.09800
3100        154944.93900
3101        155142.97900
3102        155341.21700
3103        155539.65500
3104        155738.29200
3105        155937.12800
3106        156136.16300
3107        156335.39900
3108        156534.83400
3109        156734.46900
3110        156934.30300
3111        157134.33900
3112        157334.57400
3113        157535.01000
3114        157735.64600
3115        157936.48300
3116        158137.52100
3117        158338.76000
3118        158540.20100
3119        158741.84200
3120        158943.68500
3121        159145.73000
3122        159347.97600
3123        159550.42400
3124        159753.07400
3125        159955.92600
3126        160158.98000
3127        160362.23700
3128        160565.69700
3129        160769.35900
3130        160973.22400
3131        161177.29200
3132        161381.56300
3133        161586.03700
3134        161790.71400
3135        161995.59600
3136        162200.68000
3137        162405.96900
3138        162611.46200
3139        162817.15900
3140        163023.06000
3141        163229.16500
3142        163435.47500
3143        163641.98900
3144        163848.70900
3145        164055.63300
3146        164262.76200
3147        164470.09700
3148        164677.63700
3149        164885.38200
3150        165093.33400
3151        165301.49100
3152        165509.85300
3153        165718.42200
3154        165927.19800
3155        166136.17900
3156        166345.36700
3157        166554.76200
3158        166764.36300
3159        166974.17200
3160        167184.18700
3161        167394.41000
3162        167604.84000
3163        167815.47700
3164        168026.32200
3165        168237.37500
3166        168448.63600
3167        168660.10500
3168        168871.78200
3169        169083.66700
3170        169295.76100
3171        169508.06400
3172        169720.57500
3173        169933.29500
3174        170146.22400
3175        170359.36300
3176        170572.71100
3177        170786.26800
3178        171000.03500
3179        171214.01100
3180        171428.19800
3181        171642.59500
3182        171857.20100
3183        172072.01900
3184        172287.04600
3185        172502.28400
3186        172717.73300
3187        172933.39300
3188        173149.26400
3189        173365.34600
3190        173581.64000
3191        173798.14500
3192        174014.86100
3193        174231.79000
3194        174448.93000
3195        174666.28200
3196        174883.84700
3197        175101.62400
3198        175319.61300
3199        175537.81500
3200        175756.22900
3201        175974.85700
3202        176193.69800
3203        176412.75200
3204        176632.01900
3205        176851.49900
3206        177071.19400
3207        177291.10200
3208        177511.22400
3209        177731.56000
3210        177952.11000
3211        178172.87400
3212        178393.85300
3213        178615.04700
3214        178836.45500
3215        179058.07900
3216        179279.91700
3217        179501.97100
3218        179724.24000
3219        179946.72400
3220        180169.42400
3221        180392.34000
3222        180615.47200
3223        180838.82000
3224        181062.38400
3225        181286.16400
3226        181510.16100
3227        181734.37500
3228        181958.80500
3229        182183.45200
3230        182408.31700
3231        182633.39800
3232        182858.69700
3233        183084.21400
3234        183309.94800
3235        183535.90000
3236        183762.07000
3237        183988.45800
3238        184215.06400
3239        184441.88800
3240        184668.93100
3241        184896.19300
3242        185123.67400
3243        185351.37300
3244        185579.29200
3245        185807.43000
3246        186035.78700
3247        186264.36400
3248        186493.16000
3249        186722.17600
3250        186951.41300
3251        187180.86900
3252        187410.54500
3253        187640.44200
3254        187870.56000
3255        188100.89800
3256        188331.45700
3257        188562.23700
3258        188793.23900
3259        189024.46100
3260        189255.90500
3261        189487.57100
3262        189719.45800
3263        189951.56700
3264        190183.89800
3265        190416.45100
3266        190649.22600
3267        190882.22400
3268        191115.44500
3269        191348.88800
3270        191582.55400
3271        191816.44300
3272        192050.55600
3273        192284.89100
3274        192519.45000
3275        192754.23300
3276        192989.23900
3277        193224.47000
3278        193459.92400
3279        193695.60300
3280        193931.50500
3281        194167.63300
3282        194403.98500
3283        194640.56200
3284        194877.36300
3285        195114.39000
3286        195351.64200
3287        195589.11900
3288        195826.82200
3289        196064.75000
3290        196302.90500
3291        196541.28500
3292        196779.89100
3293        197018.72400
3294        197257.78200
3295        197497.06800
3296        197736.58000
3297        197976.31900
3298        198216.28500
3299        198456.47800
3300        198696.89800
3301        198937.54600
3302        199178.42100
3303        199419.52400
3304        199660.85400
3305        199902.41300
3306        200144.20000
3307        200386.21500
3308        200628.45900
3309        200870.93100
3310        201113.63200
3311        201356.56200
3312        201599.72000
3313        201843.10800
3314        202086.72600
3315        202330.57200
3316        202574.64900
3317        202818.95500
3318        203063.49100
3319        203308.25700
3320        203553.25300
3321        203798.48000
3322        204043.93700
3323        204289.62500
3324        204535.54300
3325        204781.69300
3326        205028.07300
3327        205274.68500
3328        205521.52800
3329        205768.60300
3330        206015.90900
3331        206263.44700
3332        206511.21800
3333        206759.22000
3334        207007.45400
3335        207255.92100
3336        207504.62100
3337        207753.55300
3338        208002.71800
3339        208252.11600
3340        208501.74700
3341        208751.61200
3342        209001.71000
3343        209252.04100
3344        209502.60700
3345        209753.40600
3346        210004.43900
3347        210255.70600
3348        210507.20800
3349        210758.94400
3350        211010.91500
3351        211263.12100
3352        211515.56100
3353        211768.23700
3354        212021.14800
3355        212274.29400
3356        212527.67600
3357        212781.29300
3358        213035.14600
3359        213289.23500
3360        213543.56100
3361        213798.12200
3362        214052.92000
3363        214307.95500
3364        214563.22600
3365        214818.73400
3366        215074.47900
3367        215330.46100
3368        215586.68100
3369        215843.13800
3370        216099.83200
3371        216356.76500
3372        216613.93500
3373        216871.34300
3374        217128.99000
3375        217386.87400
3376        217644.99800
3377        217903.36000
3378        218161.96000
3379        218420.80000
3380        218679.87900
3381        218939.19700
3382        219198.75400
3383        219458.55100
3384        219718.58800
3385        219978.86400
3386        220239.38000
3387        220500.13700
3388        220761.13400
3389        221022.37100
3390        221283.84900
3391        221545.56700
3392        221807.52700
3393        222069.72700
3394        222332.16900
3395        222594.85200
3396        222857.77600
3397        223120.94200
3398        223384.35000
3399        223648.00000
3400        223911.89200
3401        224176.02600
3402        224440.40200
3403        224705.02100
3404        224969.88300
3405        225234.98700
3406        225500.33400
3407        225765.92500
3408        226031.75900
3409        226297.83600
3410        226564.15700
3411        226830.72100
3412        227097.53000
3413        227364.58200
3414        227631.87800
3415        227899.41900
3416        228167.20500
3417        228435.23500
3418        228703.50900
3419        228972.02900
3420        229240.79400
3421        229509.80400
3422        229779.05900
3423        230048.56000
3424        230318.30600
3425        230588.29900
3426        230858.53700
3427        231129.02100
3428        231399.75200
3429        231670.72900
3430        231941.95300
3431        232213.42300
3432        232485.14000
3433        232757.10500
3434        233029.31600
3435        233301.77500
3436        233574.48100
3437        233847.43500
3438        234120.63600
3439        234394.08600
3440        234667.78400
3441        234941.73000
3442        235215.92400
3443        235490.36700
3444        235765.05800
3445        236039.99800
3446        236315.18800
3447        236590.62600
3448        236866.31400
3449        237142.25100
3450        237418.43700
3451        237694.87400
3452        237971.56000
3453        238248.49600
3454        238525.68300
3455        238803.12000
3456        239080.80700
3457        239358.74500
3458        239636.93400
3459        239915.37400
3460        240194.06400
3461        240473.00600
3462        240752.20000
3463        241031.64500
3464        241311.34100
3465        241591.29000
3466        241871.49000
3467        242151.94300
3468        242432.64800
3469        242713.60500
3470        242994.81500
3471        243276.27800
3472        243557.99400
3473        243839.96300
3474        244122.18500
3475        244404.66000
3476        244687.38900
3477        244970.37100
3478        245253.60700
3479        245537.09800
3480        245820.84200
3481        246104.84100
3482        246389.09400
3483        246673.60100
3484        246958.36400
3485        247243.38100
3486        247528.65300
3487        247814.18100
3488        248099.96300
3489        248386.00200
3490        248672.29500
3491        248958.84500
3492        249245.65100
3493        249532.71200
3494        249820.03000
3495        250107.60500
3496        250395.43500
3497        250683.52300
3498        250971.86700
3499        251260.46900
3500        251549.32700
3501        251838.44300
3502        252127.81600
3503        252417.44700
3504        252707.33600
3505        252997.48200
3506        253287.88700
3507        253578.55000
3508        253869.47100
3509        254160.65100
3510        254452.08900
3511        254743.78700
3512        255035.74300
3513        255327.95800
3514        255620.43300
3515        255913.16700
3516        256206.16000
3517        256499.41400
3518        256792.92700
3519        257086.70000
3520        257380.73400
3521        257675.02700
3522        257969.58200
3523        258264.39700
3524        258559.47200
3525        258854.80900
3526        259150.40700
3527        259446.26600
3528        259742.38700
3529        260038.76900
3530        260335.41200
3531        260632.31800
3532        260929.48600
3533        261226.91600
3534        261524.60800
3535        261822.56200
3536        262120.78000
3537        262419.26000
3538        262718.00300
3539        263017.00900
3540        263316.27800
3541        263615.81100
3542        263915.60700
3543        264215.66700
3544        264515.99100
3545        264816.57900
3546        265117.43100
3547        265418.54700
3548        265719.92800
3549        266021.57300
3550        266323.48300
3551        266625.65900
3552        266928.09900
3553        267230.80400
3554        267533.77500
3555        267837.01100
3556        268140.51300
3557        268444.28100
3558        268748.31500
3559        269052.61500
3560        269357.18100
3561        269662.01400
3562        269967.11300
3563        270272.47900
3564        270578.11200
3565        270884.01200
3566        271190.18000
3567        271496.61400
3568        271803.31700
3569        272110.28600
3570        272417.52400
3571        272725.03000
3572        273032.80400
3573        273340.84600
3574        273649.15600
3575        273957.73600
3576        274266.58300
3577        274575.70000
3578        274885.08600
3579        275194.74100
3580        275504.66600
3581        275814.86000
3582        276125.32300
3583        276436.05700
3584        276747.06000
3585        277058.33400
3586        277369.87800
3587        277681.69200
3588        277993.77700
3589        278306.13200
3590        278618.75900
3591        278931.65700
3592        279244.82500
3593        279558.26600
3594        279871.97700
3595        280185.96100
3596        280500.21600
3597        280814.74300
3598        281129.54200
3599        281444.61400
3600        281759.95800
3601        282075.57400
3602        282391.46300
3603        282707.62600
3604        283024.06100
3605        283340.76900
3606        283657.75100
3607        283975.00600
3608        284292.53500
3609        284610.33800
3610        284928.41500
3611        285246.76600
3612        285565.39100
3613        285884.29100
3614        286203.46500
3615        286522.91400
3616        286842.63800
3617        287162.63700
3618        287482.91100
3619        287803.46000
3620        288124.28500
3621        288445.38600
3622        288766.76200
3623        289088.41500
3624        289410.34300
3625        289732.54800
3626        290055.02900
3627        290377.78700
3628        290700.82200
3629        291024.13300
3630        291347.72200
3631        291671.58800
3632        291995.73100
3633        292320.15200
3634        292644.85000
3635        292969.82600
3636        293295.08000
3637        293620.61200
3638        293946.42300
3639        294272.51200
3640        294598.87900
3641        294925.52600
3642        295252.45100
3643        295579.65500
3644        295907.13900
3645        296234.90200
3646        296562.94400
3647        296891.26600
3648        297219.86800
3649        297548.75000
3650        297877.91200
3651        298207.35400
3652        298537.07700
3653        298867.08000
3654        299197.36400
3655        299527.92900
3656        299858.77500
3657        300189.90200
3658        300521.31100
3659        300853.00100
3660        301184.97300
3661        301517.22700
3662        301849.76200
3663        302182.58000
3664        302515.68000
3665        302849.06300
3666        303182.72800
3667        303516.67600
3668        303850.90700
3669        304185.42100
3670        304520.21800
3671        304855.29800
3672        305190.66300
3673        305526.31000
3674        305862.24200
3675        306198.45800
3676        306534.95700
3677        306871.74100
3678        307208.81000
3679        307546.16300
3680        307883.80100
3681        308221.72400
3682        308559.93200
3683        308898.42500
3684        309237.20300
3685        309576.26800
3686        309915.61700
3687        310255.25300
3688        310595.17500
3689        310935.38200
3690        311275.87700
3691        311616.65700
3692        311957.72400
3693        312299.07900
3694        312640.71900
3695        312982.64800
3696        313324.86300
3697        313667.36600
3698        314010.15600
3699        314353.23400
3700        314696.60000
3701        315040.25400
3702        315384.19600
3703        315728.42600
3704        316072.94500
3705        316417.75200
3706        316762.84900
3707        317108.23400
3708        317453.90800
3709        317799.87200
3710        318146.12500
3711        318492.66800
3712        318839.50000
3713        319186.62200
3714        319534.03400
3715        319881.73700
3716        320229.73000
3717        320578.01300
3718        320926.58700
3719        321275.45200
3720        321624.60800
3721        321974.05400
3722        322323.79200
3723        322673.82200
3724        323024.14300
3725        323374.75600
3726        323725.66100
3727        324076.85800
3728        324428.34700
3729        324780.12800
3730        325132.20200
3731        325484.56900
3732        325837.22800
3733        326190.18100
3734        326543.42600
3735        326896.96500
3736        327250.79700
3737        327604.92300
3738        327959.34300
3739        328314.05600
3740        328669.06400
3741        329024.36600
3742        329379.96200
3743        329735.85300
3744        330092.03800
3745        330448.51800
3746        330805.29400
3747        331162.36400
3748        331519.73000
3749        331877.39100
3750        332235.34800
3751        332593.60100
3752        332952.14900
3753        333310.99400
3754        333670.13500
3755        334029.57200
3756        334389.30600
3757        334749.33600
3758        335109.66300
3759        335470.28800
3760        335831.20900
3761        336192.42800
3762        336553.94500
3763        336915.75900
3764        337277.87100
3765        337640.28000
3766        338002.98800
3767        338365.99400
3768        338729.29900
3769        339092.90200
3770        339456.80400
3771        339821.00400
3772        340185.50400
3773        340550.30300
3774        340915.40100
3775        341280.79900
3776        341646.49600
3777        342012.49400
3778        342378.79100
3779        342745.38800
3780        343112.28600
3781        343479.48400
3782        343846.98300
3783        344214.78200
3784        344582.88200
3785        344951.28300
3786        345319.98600
3787        345688.99000
3788        346058.29500
3789        346427.90200
3790        346797.81100
3791        347168.02200
3792        347538.53500
3793        347909.35100
3794        348280.46800
3795        348651.88900
3796        349023.61200
3797        349395.63800
3798        349767.96700
3799        350140.60000
3800        350513.53500
3801        350886.77500
3802        351260.31800
3803        351634.16500
3804        352008.31600
3805        352382.77100
3806        352757.53000
3807        353132.59400
3808        353507.96200
3809        353883.63500
3810        354259.61400
3811        354635.89700
3812        355012.48500
3813        355389.37900
3814        355766.57900
3815        356144.08400
3816        356521.89500
3817        356900.01200
3818        357278.43600
3819        357657.16500
3820        358036.20100
3821        358415.54400
3822        358795.19400
3823        359175.15000
3824        359555.41400
3825        359935.98500
3826        360316.86300
3827        360698.04900
3828        361079.54300
3829        361461.34400
3830        361843.45400
3831        362225.87100
3832        362608.59800
3833        362991.63200
3834        363374.97600
3835        363758.62800
3836        364142.58900
3837        364526.85900
3838        364911.43900
3839        365296.32800
3840        365681.52600
3841        366067.03500
3842        366452.85300
3843        366838.98100
3844        367225.42000
3845        367612.16900
3846        367999.22800
3847        368386.59900
3848        368774.28000
3849        369162.27200
3850        369550.57500
3851        369939.18900
3852        370328.11500
3853        370717.35300
3854        371106.90200
3855        371496.76300
3856        371886.93700
3857        372277.42200
3858        372668.22000
3859        373059.33100
3860        373450.75400
3861        373842.49000
3862        374234.54000
3863        374626.90200
3864        375019.57800
3865        375412.56700
3866        375805.87000
3867        376199.48600
3868        376593.41700
3869        376987.66100
3870        377382.22000
3871        377777.09400
3872        378172.28200
3873        378567.78400
3874        378963.60200
3875        379359.73400
3876        379756.18200
3877        380152.94500
3878        380550.02400
3879        380947.41800
3880        381345.12800
3881        381743.15400
3882        382141.49700
3883        382540.15500
3884        382939.13000
3885        383338.42100
3886        383738.03000
3887        384137.95500
3888        384538.19700
3889        384938.75700
3890        385339.63300
3891        385740.82800
3892        386142.34000
3893        386544.17000
3894        386946.31800
3895        387348.78400
3896        387751.56800
3897        388154.67100
3898        388558.09200
3899        388961.83200
3900        389365.89100
3901        389770.26900
3902        390174.96700
3903        390579.98400
3904        390985.32000
3905        391390.97600
3906        391796.95200
3907        392203.24800
3908        392609.86400
3909        393016.80000
3910        393424.05700
3911        393831.63500
3912        394239.53300
3913        394647.75200
3914        395056.29200
3915        395465.15400
3916        395874.33700
3917        396283.84200
3918        396693.66800
3919        397103.81600
3920        397514.28600
3921        397925.07800
3922        398336.19300
3923        398747.63000
3924        399159.39000
3925        399571.47300
3926        399983.87800
3927        400396.60700
3928        400809.65900
3929        401223.03500
3930        401636.73400
3931        402050.75600
3932        402465.10300
3933        402879.77400
3934        403294.76800
3935        403710.08800
3936        404125.73100
3937        404541.70000
3938        404957.99300
3939        405374.61100
3940        405791.55500
3941        406208.82300
3942        406626.41700
3943        407044.33700
3944        407462.58200
3945        407881.15400
3946        408300.05100
3947        408719.27500
3948        409138.82500
3949        409558.70100
3950        409978.90400
3951        410399.43400
3952        410820.29100
3953        411241.47500
3954        411662.98700
3955        412084.82600
3956        412506.99200
3957        412929.48700
3958        413352.30900
3959        413775.45900
3960        414198.93800
3961        414622.74400
3962        415046.88000
3963        415471.34400
3964        415896.13700
3965        416321.25900
3966        416746.71000
3967        417172.49100
3968        417598.60100
3969        418025.04000
3970        418451.81000
3971        418878.90900
3972        419306.33800
3973        419734.09800
3974        420162.18800
3975        420590.60900
3976        421019.36000
3977        421448.44200
3978        421877.85500
3979        422307.60000
3980        422737.67500
3981        423168.08200
3982        423598.82100
3983        424029.89200
3984        424461.29400
3985        424893.02900
3986        425325.09600
3987        425757.49500
3988        426190.22700
3989        426623.29200
3990        427056.68900
3991        427490.42000
3992        427924.48300
3993        428358.88000
3994        428793.61100
3995        429228.67500
3996        429664.07300
3997        430099.80500
3998        430535.87100
3999        430972.27100
4000        431409.00600
4001        431846.07500
4002        432283.47900
4003        432721.21800
4004        433159.29200
4005        433597.70100
4006        434036.44600
4007        434475.52600
4008        434914.94200
4009        435354.69300
4010        435794.78100
4011        436235.20400
4012        436675.96400
4013        437117.06000
4014        437558.49300
4015        438000.26300
4016        438442.36900
4017        438884.81300
4018        439327.59400
4019        439770.71200
4020        440214.16700
4021        440657.96100
4022        441102.09200
4023        441546.56100
4024        441991.36800
4025        442436.51300
4026        442881.99700
4027        443327.82000
4028        443773.98100
4029        444220.48100
4030        444667.32000
4031        445114.49900
4032        445562.01700
4033        446009.87400
4034        446458.07100
4035        446906.60800
4036        447355.48400
4037        447804.70100
4038        448254.25900
4039        448704.15600
4040        449154.39400
4041        449604.97300
4042        450055.89300
4043        450507.15400
4044        450958.75600
4045        451410.70000
4046        451862.98500
4047        452315.61200
4048        452768.58000
4049        453221.89100
4050        453675.54300
4051        454129.53800
4052        454583.87600
4053        455038.55600
4054        455493.57800
4055        455948.94400
4056        456404.65300
4057        456860.70400
4058        457317.10000
4059        457773.83800
4060        458230.92100
4061        458688.34700
4062        459146.11800
4063        459604.23200
4064        460062.69100
4065        460521.49400
4066        460980.64100
4067        461440.13400
4068        461899.97100
4069        462360.15400
4070        462820.68100
4071        463281.55400
4072        463742.77300
4073        464204.33700
4074        464666.24700
4075        465128.50300
4076        465591.10500
4077        466054.05400
4078        466517.34900
4079        466980.99000
4080        467444.97800
4081        467909.31400
4082        468373.99600
4083        468839.02500
4084        469304.40200
4085        469770.12600
4086        470236.19800
4087        470702.61800
4088        471169.38600
4089        471636.50100
4090        472103.96600
4091        472571.77800
4092        473039.93900
4093        473508.44900
4094        473977.30800
4095        474446.51600
4096        474916.07300
4097        475385.97900
4098        475856.23500
4099        476326.84100
4100        476797.79600
4101        477269.10200
4102        477740.75700
4103        478212.76300
4104        478685.11900
4105        479157.82600
4106        479630.88300
4107        480104.29200
4108        480578.05100
4109        481052.16200
4110        481526.62400
4111        482001.43700
4112        482476.60200
4113        482952.11900
4114        483427.98800
4115        483904.20900
4116        484380.78200
4117        484857.70800
4118        485334.98600
4119        485812.61700
4120        486290.60100
4121        486768.93800
4122        487247.62800
4123        487726.67100
4124        488206.06800
4125        488685.81800
4126        489165.92300
4127        489646.38100
4128        490127.19300
4129        490608.36000
4130        491089.88100
4131        491571.75600
4132        492053.98700
4133        492536.57200
4134        493019.51200
4135        493502.80700
4136        493986.45800
4137        494470.46400
4138        494954.82500
4139        495439.54300
4140        495924.61600
4141        496410.04600
4142        496895.83200
4143        497381.97400
4144        497868.47200
4145        498355.32800
4146        498842.54000
4147        499330.10900
4148        499818.03500
4149        500306.31900
4150        500794.96000
4151        501283.95900
4152        501773.31500
4153        502263.02900
4154        502753.10200
4155        503243.53200
4156        503734.32100
4157        504225.46900
4158        504716.97500
4159        505208.84000
4160        505701.06400
4161        506193.64700
4162        506686.59000
4163        507179.89100
4164        507673.55300
4165        508167.57400
4166        508661.95500
4167        509156.69600
4168        509651.79700
4169        510147.25900
4170        510643.08100
4171        511139.26400
4172        511635.80700
4173        512132.71100
4174        512629.97700
4175        513127.60400
4176        513625.59200
4177        514123.94200
4178        514622.65300
4179        515121.72700
4180        515621.16200
4181        516120.96000
4182        516621.11900
4183        517121.64200
4184        517622.52700
4185        518123.77400
4186        518625.38500
4187        519127.35900
4188        519629.69600
4189        520132.39600
4190        520635.46000
4191        521138.88700
4192        521642.67900
4193        522146.83400
4194        522651.35300
4195        523156.23700
4196        523661.48500
4197        524167.09800
4198        524673.07500
4199        525179.41800
4200        525686.12500
4201        526193.19800
4202        526700.63600
4203        527208.43900
4204        527716.60800
4205        528225.14300
4206        528734.04400
4207        529243.31100
4208        529752.94400
4209        530262.94400
4210        530773.31000
4211        531284.04300
4212        531795.14200
4213        532306.60900
4214        532818.44300
4215        533330.64400
4216        533843.21300
4217        534356.14900
4218        534869.45300
4219        535383.12500
4220        535897.16500
4221        536411.57300
4222        536926.35000
4223        537441.49500
4224        537957.00800
4225        538472.89100
4226        538989.14200
4227        539505.76300
4228        540022.75300
4229        540540.11200
4230        541057.84100
4231        541575.94000
4232        542094.40800
4233        542613.24700
4234        543132.45500
4235        543652.03400
4236        544171.98400
4237        544692.30400
4238        545212.99400
4239        545734.05600
4240        546255.48900
4241        546777.29300
4242        547299.46800
4243        547822.01500
4244        548344.93400
4245        548868.22400
4246        549391.88700
4247        549915.92100
4248        550440.32800
4249        550965.10700
4250        551490.25900
4251        552015.78300
4252        552541.68100
4253        553067.95100
4254        553594.59500
4255        554121.61200
4256        554649.00200
4257        555176.76600
4258        555704.90400
4259        556233.41600
4260        556762.30100
4261        557291.56100
4262        557821.19600
4263        558351.20400
4264        558881.58800
4265        559412.34600
4266        559943.48000
4267        560474.98800
4268        561006.87200
4269        561539.13100
4270        562071.76600
4271        562604.77600
4272        563138.16200
4273        563671.92500
4274        564206.06300
4275        564740.57800
4276        565275.46900
4277        565810.73700
4278        566346.38200
4279        566882.40300
4280        567418.80200
4281        567955.57800
4282        568492.73100
4283        569030.26100
4284        569568.17000
4285        570106.45600
4286        570645.12000
4287        571184.16200
4288        571723.58300
4289        572263.38200
4290        572803.55900
4291        573344.11500
4292        573885.05000
4293        574426.36400
4294        574968.05700
4295        575510.13000
4296        576052.58100
4297        576595.41300
4298        577138.62400
4299        577682.21500
4300        578226.18600
4301        578770.53800
4302        579315.26900
4303        579860.38100
4304        580405.87400
4305        580951.74800
4306        581498.00200
4307        582044.63800
4308        582591.65500
4309        583139.05300
4310        583686.83200
4311        584234.99400
4312        584783.53700
4313        585332.46200
4314        585881.76900
4315        586431.45900
4316        586981.53100
4317        587531.98600
4318        588082.82300
4319        588634.04300
4320        589185.64600
4321        589737.63200
4322        590290.00200
4323        590842.75500
4324        591395.89200
4325        591949.41200
4326        592503.31600
4327        593057.60500
4328        593612.27700
4329        594167.33400
4330        594722.77500
4331        595278.60100
4332        595834.81200
4333        596391.40800
4334        596948.38800
4335        597505.75400
4336        598063.50600
4337        598621.64300
4338        599180.16500
4339        599739.07400
4340        600298.36800
4341        600858.04800
4342        601418.11500
4343        601978.56800
4344        602539.40800
4345        603100.63400
4346        603662.24800
4347        604224.24800
4348        604786.63500
4349        605349.41000
4350        605912.57200
4351        606476.12200
4352        607040.05900
4353        607604.38400
4354        608169.09800
4355        608734.19900
4356        609299.68900
4357        609865.56700
4358        610431.83400
4359        610998.49000
4360        611565.53400
4361        612132.96800
4362        612700.79100
4363        613269.00300
4364        613837.60400
4365        614406.59600
4366        614975.97700
4367        615545.74800
4368        616115.90900
4369        616686.46000
4370        617257.40200
4371        617828.73400
4372        618400.45700
4373        618972.57100
4374        619545.07500
4375        620117.97100
4376        620691.25800
4377        621264.93700
4378        621839.00700
4379        622413.46800
4380        622988.32200
4381        623563.56700
4382        624139.20500
4383        624715.23500
4384        625291.65700
4385        625868.47200
4386        626445.67900
4387        627023.28000
4388        627601.27300
4389        628179.66000
4390        628758.44000
4391        629337.61300
4392        629917.18000
4393        630497.14100
4394        631077.49600
4395        631658.24400
4396        632239.38700
4397        632820.92400
4398        633402.85600
4399        633985.18200
4400        634567.90300
4401        635151.01900
4402        635734.52900
4403        636318.43500
4404        636902.73700
4405        637487.43400
4406        638072.52600
4407        638658.01500
4408        639243.89900
4409        639830.17900
4410        640416.85600
4411        641003.92800
4412        641591.39800
4413        642179.26400
4414        642767.52700
4415        643356.18600
4416        643945.24300
4417        644534.69700
4418        645124.54800
4419        645714.79700
4420        646305.44400
4421        646896.48800
4422        647487.93100
4423        648079.77100
4424        648672.01000
4425        649264.64700
4426        649857.68200
4427        650451.11700
4428        651044.95000
4429        651639.18200
4430        652233.81300
4431        652828.84300
4432        653424.27300
4433        654020.10200
4434        654616.33100
4435        655212.96000
4436        655809.98900
4437        656407.41800
4438        657005.24700
4439        657603.47700
4440        658202.10700
4441        658801.13800
4442        659400.56900
4443        660000.40200
4444        660600.63600
4445        661201.27100
4446        661802.30800
4447        662403.74600
4448        663005.58500
4449        663607.82700
4450        664210.47000
4451        664813.51600
4452        665416.96400
4453        666020.81500
4454        666625.06800
4455        667229.72300
4456        667834.78200
4457        668440.24300
4458        669046.10800
4459        669652.37600
4460        670259.04700
4461        670866.12200
4462        671473.60100
4463        672081.48400
4464        672689.77000
4465        673298.46100
4466        673907.55600
4467        674517.05500
4468        675126.95900
4469        675737.26800
4470        676347.98100
4471        676959.10000
4472        677570.62400
4473        678182.55200
4474        678794.88700
4475        679407.62700
4476        680020.77300
4477        680634.32400
4478        681248.28200
4479        681862.64500
4480        682477.41500
4481        683092.59200
4482        683708.17500
4483        684324.16400
4484        684940.56100
4485        685557.36500
4486        686174.57500
4487        686792.19300
4488        687410.21900
4489        688028.65200
4490        688647.49200
4491        689266.74100
4492        689886.39800
4493        690506.46200
4494        691126.93500
4495        691747.81700
4496        692369.10700
4497        692990.80500
4498        693612.91300
4499        694235.42900
4500        694858.35500
4501        695481.69000
4502        696105.43400
4503        696729.58800
4504        697354.15200
4505        697979.12500
4506        698604.50900
4507        699230.30200
4508        699856.50600
4509        700483.12000
4510        701110.14500
4511        701737.58100
4512        702365.42700
4513        702993.68400
4514        703622.35300
4515        704251.43200
4516        704880.92300
4517        705510.82600
4518        706141.14000
4519        706771.86600
4520        707403.00400
4521        708034.55400
4522        708666.51700
4523        709298.89200
4524        709931.67900
4525        710564.87900
4526        711198.49200
4527        711832.51800
4528        712466.95600
4529        713101.80900
4530        713737.07400
4531        714372.75300
4532        715008.84600
4533        715645.35200
4534        716282.27200
4535        716919.60700
4536        717557.35500
4537        718195.51800
4538        718834.09600
4539        719473.08800
4540        720112.49500
4541        720752.31700
4542        721392.55400
4543        722033.20600
4544        722674.27300
4545        723315.75600
4546        723957.65500
4547        724599.96900
4548        725242.69900
4549        725885.84500
4550        726529.40800
4551        727173.38700
4552        727817.78200
4553        728462.59400
4554        729107.82200
4555        729753.46800
4556        730399.53000
4557        731046.01000
4558        731692.90600
4559        732340.22100
4560        732987.95300
4561        733636.10200
4562        734284.67000
4563        734933.65500
4564        735583.05900
4565        736232.88100
4566        736883.12100
4567        737533.78000
4568        738184.85700
4569        738836.35400
4570        739488.26900
4571        740140.60300
4572        740793.35700
4573        741446.53000
4574        742100.12300
4575        742754.13500
4576        743408.56700
4577        744063.41900
4578        744718.69100
4579        745374.38300
4580        746030.49600
4581        746687.02900
4582        747343.98300
4583        748001.35700
4584        748659.15300
4585        749317.36900
4586        749976.00700
4587        750635.06600
4588        751294.54700
4589        751954.44900
4590        752614.77200
4591        753275.51800
4592        753936.68600
4593        754598.27600
4594        755260.28800
4595        755922.72300
4596        756585.58000
4597        757248.86000
4598        757912.56200
4599        758576.68800
4600        759241.23700
4601        759906.20900
4602        760571.60500
4603        761237.42400
4604        761903.66600
4605        762570.33300
4606        763237.42300
4607        763904.93800
4608        764572.87700
4609        765241.24000
4610        765910.02700
4611        766579.24000
4612        767248.87700
4613        767918.93900
4614        768589.42600
4615        769260.33800
4616        769931.67500
4617        770603.43800
4618        771275.62700
4619        771948.24100
4620        772621.28100
4621        773294.74700
4622        773968.64000
4623        774642.95800
4624        775317.70300
4625        775992.87500
4626        776668.47300
4627        777344.49800
4628        778020.95000
4629        778697.82900
4630        779375.13600
4631        780052.86900
4632        780731.03000
4633        781409.61900
4634        782088.63600
4635        782768.08100
4636        783447.95300
4637        784128.25400
4638        784808.98300
4639        785490.14100
4640        786171.72700
4641        786853.74200
4642        787536.18600
4643        788219.05800
4644        788902.36000
4645        789586.09200
4646        790270.25200
4647        790954.84200
4648        791639.86200
4649        792325.31200
4650        793011.19100
4651        793697.50100
4652        794384.24100
4653        795071.41100
4654        795759.01200
4655        796447.04400
4656        797135.50600
4657        797824.39900
4658        798513.72300
4659        799203.47800
4660        799893.66500
4661        800584.28300
4662        801275.33300
4663        801966.81400
4664        802658.72700
4665        803351.07200
4666        804043.85000
4667        804737.05900
4668        805430.70100
4669        806124.77600
4670        806819.28300
4671        807514.22300
4672        808209.59600
4673        808905.40100
4674        809601.64100
4675        810298.31300
4676        810995.41900
4677        811692.95800
4678        812390.93100
4679        813089.33900
4680        813788.18000
4681        814487.45500
4682        815187.16400
4683        815887.30800
4684        816587.88700
4685        817288.90000
4686        817990.34800
4687        818692.23000
4688        819394.54800
4689        820097.30100
4690        820800.49000
4691        821504.11400
4692        822208.17300
4693        822912.66800
4694        823617.60000
4695        824322.96700
4696        825028.77000
4697        825735.00900
4698        826441.68500
4699        827148.79800
4700        827856.34700
4701        828564.33300
4702        829272.75600
4703        829981.61600
4704        830690.91300
4705        831400.64800
4706        832110.82000
4707        832821.42900
4708        833532.47700
4709        834243.96200
4710        834955.88500
4711        835668.24600
4712        836381.04600
4713        837094.28400
4714        837807.96000
4715        838522.07600
4716        839236.63000
4717        839951.62300
4718        840667.05500
4719        841382.92600
4720        842099.23600
4721        842815.98600
4722        843533.17600
4723        844250.80500
4724        844968.87400
4725        845687.38300
4726        846406.33300
4727        847125.72200
4728        847845.55200
4729        848565.82200
4730        849286.53300
4731        850007.68500
4732        850729.27800
4733        851451.31200
4734        852173.78700
4735        852896.70300
4736        853620.06100
4737        854343.86000
4738        855068.10100
4739        855792.78400
4740        856517.90800
4741        857243.47500
4742        857969.48400
4743        858695.93600
4744        859422.83000
4745        860150.16600
4746        860877.94500
4747        861606.16800
4748        862334.83300
4749        863063.94100
4750        863793.49300
4751        864523.48800
4752        865253.92600
4753        865984.80800
4754        866716.13400
4755        867447.90400
4756        868180.11800
4757        868912.77600
4758        869645.87900
4759        870379.42500
4760        871113.41700
4761        871847.85300
4762        872582.73400
4763        873318.06000
4764        874053.83100
4765        874790.04700
4766        875526.70900
4767        876263.81600
4768        877001.36900
4769        877739.36700
4770        878477.81200
4771        879216.70200
4772        879956.03900
4773        880695.82200
4774        881436.05100
4775        882176.72600
4776        882917.84900
4777        883659.41800
4778        884401.43400
4779        885143.89700
4780        885886.80700
4781        886630.16500
4782        887373.97000
4783        888118.22200
4784        888862.92300
4785        889608.07100
4786        890353.66700
4787        891099.71100
4788        891846.20300
4789        892593.14400
4790        893340.53300
4791        894088.37000
4792        894836.65700
4793        895585.39200
4794        896334.57600
4795        897084.20900
4796        897834.29200
4797        898584.82400
4798        899335.80500
4799        900087.23600
4800        900839.11700
4801        901591.44700
4802        902344.22800
4803        903097.45900
4804        903851.14000
4805        904605.27100
4806        905359.85300
4807        906114.88500
4808        906870.36900
4809        907626.30300
4810        908382.68800
4811        909139.52400
4812        909896.81200
4813        910654.55100
4814        911412.74200
4815        912171.38400
4816        912930.47800
4817        913690.02400
4818        914450.02200
4819        915210.47200
4820        915971.37500
4821        916732.72900
4822        917494.53700
4823        918256.79700
4824        919019.51000
4825        919782.67600
4826        920546.29500
4827        921310.36700
4828        922074.89200
4829        922839.87100
4830        923605.30300
4831        924371.19000
4832        925137.52900
4833        925904.32300
4834        926671.57100
4835        927439.27300
4836        928207.43000
4837        928976.04100
4838        929745.10600
4839        930514.62700
4840        931284.60200
4841        932055.03200
4842        932825.91700
4843        933597.25700
4844        934369.05300
4845        935141.30400
4846        935914.01000
4847        936687.17300
4848        937460.79100
4849        938234.86500
4850        939009.39500
4851        939784.38200
4852        940559.82500
4853        941335.72400
4854        942112.08000
4855        942888.89200
4856        943666.16200
4857        944443.88800
4858        945222.07200
4859        946000.71200
4860        946779.81000
4861        947559.36600
4862        948339.37900
4863        949119.85000
4864        949900.77800
4865        950682.16500
4866        951464.01000
4867        952246.31300
4868        953029.07400
4869        953812.29400
4870        954595.97200
4871        955380.10900
4872        956164.70500
4873        956949.76000
4874        957735.27300
4875        958521.24700
4876        959307.67900
4877        960094.57100
4878        960881.92200
4879        961669.73400
4880        962458.00500
4881        963246.73600
4882        964035.92700
4883        964825.57800
4884        965615.68900
4885        966406.26200
4886        967197.29400
4887        967988.78700
4888        968780.74200
4889        969573.15700
4890        970366.03300
4891        971159.37000
4892        971953.16900
4893        972747.42900
4894        973542.15000
4895        974337.33400
4896        975132.97900
4897        975929.08600
4898        976725.65500
4899        977522.68600
4900        978320.18000
4901        979118.13600
4902        979916.55400
4903        980715.43500
4904        981514.77900
4905        982314.58600
4906        983114.85600
4907        983915.58900
4908        984716.78600
4909        985518.44600
4910        986320.56900
4911        987123.15600
4912        987926.20600
4913        988729.72100
4914        989533.70000
4915        990338.14200
4916        991143.04900
4917        991948.42100
4918        992754.25700
4919        993560.55700
4920        994367.32200
4921        995174.55200
4922        995982.24700
4923        996790.40800
4924        997599.03300
4925        998408.12400
4926        999217.68000
4927       1000027.70000
4928       1000838.19000
4929       1001649.14000
4930       1002460.56000
4931       1003272.45000
4932       1004084.80000
4933       1004897.62000
4934       1005710.90000
4935       1006524.65000
4936       1007338.87000
4937       1008153.55000
4938       1008968.71000
4939       1009784.32000
4940       1010600.41000
4941       1011416.96000
4942       1012233.98000
4943       1013051.47000
4944       1013869.43000
4945       1014687.85000
4946       1015506.74000
4947       1016326.10000
4948       1017145.93000
4949       1017966.22000
4950       1018786.99000
4951       1019608.22000
4952       1020429.92000
4953       1021252.09000
4954       1022074.73000
4955       1022897.83000
4956       1023721.41000
4957       1024545.46000
4958       1025369.97000
4959       1026194.96000
4960       1027020.41000
4961       1027846.33000
4962       1028672.73000
4963       1029499.59000
4964       1030326.93000
4965       1031154.73000
4966       1031983.00000
4967       1032811.75000
4968       1033640.96000
4969       1034470.65000
4970       1035300.80000
4971       1036131.43000
4972       1036962.53000
4973       1037794.10000
4974       1038626.14000
4975       1039458.65000
4976       1040291.63000
4977       1041125.09000
4978       1041959.02000
4979       1042793.41000
4980       1043628.29000
4981       1044463.63000
4982       1045299.44000
4983       1046135.73000
4984       1046972.49000
4985       1047809.72000
4986       1048647.43000
4987       1049485.60000
4988       1050324.25000
4989       1051163.38000
4990       1052002.97000
4991       1052843.04000
4992       1053683.58000
4993       1054524.60000
4994       1055366.09000
4995       1056208.06000
4996       1057050.49000
4997       1057893.40000
4998       1058736.79000
4999       1059580.65000
5000       1060424.98000