   1             2.50170
   2             4.36124
   3             6.35685
   4             8.35791
   5            10.36020
   6            12.36308
   7            14.36630
   8            16.36973
   9            18.37330
  10            20.37698
  11            22.38073
  12            24.38453
  13            26.38838
  14            28.39226
  15            30.39618
  16            32.40012
  17            34.40408
  18            36.40806
  19            38.41205
  20            40.41606
  21            42.42009
  22            44.42412
  23            46.42817
  24            48.43223
  25            50.43630
  26            52.44037
  27            54.44446
  28            56.44855
  29            58.45266
  30            60.45677
  31            62.46088
  32            64.46501
  33            66.46914
  34            68.47328
  35            70.47742
  36            72.48157
  37            74.48573
  38            76.48989
  39            78.49406
  40            80.49824
  41            82.50242
  42            84.50660
  43            86.51080
  44            88.51500
  45            90.51920
  46            92.52341
  47            94.52763
  48            96.53185
  49            98.53607
  50           100.54031
  51           102.54454
  52           104.54879
  53           106.55304
  54           108.55729
  55           110.56156
  56           112.56583
  57           114.57010
  58           116.57438
  59           118.57867
  60           120.58297
  61           122.58728
  62           124.59159
  63           126.59592
  64           128.60026
  65           130.60461
  66           132.60897
  67           134.61335
  68           136.61775
  69           138.62217
  70           140.62661
  71           142.63107
  72           144.63557
  73           146.64009
  74           148.64465
  75           150.64925
  76           152.65389
  77           154.65858
  78           156.66332
  79           158.66812
  80           160.67299
  81           162.67794
  82           164.68296
  83           166.68807
  84           168.69328
  85           170.69860
  86           172.70403
  87           174.70959
  88           176.71528
  89           178.72113
  90           180.72714
  91           182.73333
  92           184.73971
  93           186.74629
  94           188.75310
  95           190.76014
  96           192.76743
  97           194.77500
  98           196.78286
  99           198.79102
 100           200.79952
 101           202.80837
 102           204.81760
 103           206.82722
 104           208.83726
 105           210.84774
 106           212.85869
 107           214.87014
 108           216.88211
 109           218.89462
 110           220.90772
 111           222.92142
 112           224.93575
 113           226.95075
 114           228.96645
 115           230.98288
 116           233.00007
 117           235.01806
 118           237.03687
 119           239.05655
 120           241.07712
 121           243.09864
 122           245.12112
 123           247.14461
 124           249.16915
 125           251.19477
 126           253.22152
 127           255.24944
 128           257.27855
 129           259.30891
 130           261.34056
 131           263.37353
 132           265.40788
 133           267.44363
 134           269.48084
 135           271.51955
 136           273.55980
 137           275.60164
 138           277.64511
 139           279.69026
 140           281.73712
 141           283.78576
 142           285.83621
 143           287.88851
 144           289.94272
 145           291.99889
 146           294.05705
 147           296.11727
 148           298.17957
 149           300.24402
 150           302.31066
 151           304.37954
 152           306.45070
 153           308.52420
 154           310.60008
 155           312.67839
 156           314.75919
 157           316.84251
 158           318.92841
 159           321.01694
 160           323.10815
 161           325.20208
 162           327.29879
 163           329.39833
 164           331.50073
 165           333.60606
 166           335.71437
 167           337.82569
 168           339.94009
 169           342.05760
 170           344.17829
 171           346.30219
 172           348.42937
 173           350.55986
 174           352.69371
 175           354.83098
 176           356.97172
 177           359.11597
 178           361.26378
 179           363.41520
 180           365.57029
 181           367.72908
 182           369.89162
 183           372.05797
 184           374.22818
 185           376.40228
 186           378.58033
 187           380.76238
 188           382.94848
 189           385.13866
 190           387.33299
 191           389.53150
 192           391.73425
 193           393.94128
 194           396.15263
 195           398.36836
 196           400.58852
 197           402.81314
 198           405.04227
 199           407.27596
 200           409.51427
 201           411.75722
 202           414.00487
 203           416.25726
 204           418.51444
 205           420.77646
 206           423.04335
 207           425.31517
 208           427.59196
 209           429.87376
 210           432.16061
 211           434.45257
 212           436.74967
 213           439.05197
 214           441.35949
 215           443.67229
 216           445.99042
 217           448.31390
 218           450.64279
 219           452.97713
 220           455.31696
 221           457.66233
 222           460.01327
 223           462.36983
 224           464.73206
 225           467.09998
 226           469.47365
 227           471.85311
 228           474.23839
 229           476.62954
 230           479.02661
 231           481.42962
 232           483.83863
 233           486.25366
 234           488.67477
 235           491.10200
 236           493.53537
 237           495.97495
 238           498.42075
 239           500.87283
 240           503.33122
 241           505.79596
 242           508.26709
 243           510.74466
 244           513.22869
 245           515.71924
 246           518.21633
 247           520.72001
 248           523.23031
 249           525.74727
 250           528.27094
 251           530.80135
 252           533.33853
 253           535.88253
 254           538.43338
 255           540.99112
 256           543.55579
 257           546.12743
 258           548.70607
 259           551.29175
 260           553.88451
 261           556.48438
 262           559.09140
 263           561.70561
 264           564.32705
 265           566.95574
 266           569.59174
 267           572.23506
 268           574.88576
 269           577.54386
 270           580.20940
 271           582.88243
 272           585.56296
 273           588.25104
 274           590.94671
 275           593.65000
 276           596.36095
 277           599.07958
 278           601.80594
 279           604.54007
 280           607.28198
 281           610.03174
 282           612.78936
 283           615.55487
 284           618.32833
 285           621.10976
 286           623.89919
 287           626.69666
 288           629.50221
 289           632.31586
 290           635.13766
 291           637.96763
 292           640.80582
 293           643.65225
 294           646.50697
 295           649.36999
 296           652.24137
 297           655.12112
 298           658.00929
 299           660.90591
 300           663.81102
 301           666.72464
 302           669.64681
 303           672.57756
 304           675.51693
 305           678.46495
 306           681.42166
 307           684.38708
 308           687.36125
 309           690.34421
 310           693.33598
 311           696.33660
 312           699.34611
 313           702.36453
 314           705.39191
 315           708.42826
 316           711.47363
 317           714.52805
 318           717.59155
 319           720.66416
 320           723.74592
 321           726.83686
 322           729.93701
 323           733.04641
 324           736.16508
 325           739.29307
 326           742.43040
 327           745.57710
 328           748.73321
 329           751.89876
 330           755.07379
 331           758.25832
 332           761.45239
 333           764.65603
 334           767.86927
 335           771.09215
 336           774.32470
 337           777.56694
 338           780.81892
 339           784.08066
 340           787.35221
 341           790.63358
 342           793.92481
 343           797.22594
 344           800.53699
 345           803.85800
 346           807.18901
 347           810.53003
 348           813.88112
 349           817.24229
 350           820.61357
 351           823.99502
 352           827.38664
 353           830.78849
 354           834.20058
 355           837.62295
 356           841.05564
 357           844.49867
 358           847.95208
 359           851.41590
 360           854.89016
 361           858.37490
 362           861.87014
 363           865.37592
 364           868.89228
 365           872.41923
 366           875.95682
 367           879.50508
 368           883.06404
 369           886.63373
 370           890.21418
 371           893.80543
 372           897.40751
 373           901.02045
 374           904.64428
 375           908.27904
 376           911.92476
 377           915.58146
 378           919.24919
 379           922.92797
 380           926.61784
 381           930.31884
 382           934.03098
 383           937.75430
 384           941.48884
 385           945.23464
 386           948.99171
 387           952.76009
 388           956.53983
 389           960.33094
 390           964.13346
 391           967.94743
 392           971.77287
 393           975.60982
 394           979.45831
 395           983.31838
 396           987.19005
 397           991.07336
 398           994.96834
 399           998.87503
 400          1002.79346
 401          1006.72365
 402          1010.66565
 403          1014.61948
 404          1018.58518
 405          1022.56278
 406          1026.55232
 407          1030.55382
 408          1034.56732
 409          1038.59285
 410          1042.63045
 411          1046.68015
 412          1050.74197
 413          1054.81597
 414          1058.90216
 415          1063.00058
 416          1067.11126
 417          1071.23424
 418          1075.36955
 419          1079.51722
 420          1083.67729
 421          1087.84979
 422          1092.03475
 423          1096.23220
 424          1100.44219
 425          1104.66474
 426          1108.89988
 427          1113.14766
 428          1117.40809
 429          1121.68123
 430          1125.96709
 431          1130.26572
 432          1134.57714
 433          1138.90140
 434          1143.23852
 435          1147.58854
 436          1151.95149
 437          1156.32740
 438          1160.71632
 439          1165.11827
 440          1169.53329
 441          1173.96140
 442          1178.40266
 443          1182.85708
 444          1187.32470
 445          1191.80557
 446          1196.29970
 447          1200.80714
 448          1205.32792
 449          1209.86208
 450          1214.40964
 451          1218.97064
 452          1223.54513
 453          1228.13312
 454          1232.73466
 455          1237.34978
 456          1241.97851
 457          1246.62090
 458          1251.27697
 459          1255.94675
 460          1260.63029
 461          1265.32762
 462          1270.03877
 463          1274.76378
 464          1279.50268
 465          1284.25551
 466          1289.02230
 467          1293.80309
 468          1298.59791
 469          1303.40680
 470          1308.22979
 471          1313.06691
 472          1317.91822
 473          1322.78372
 474          1327.66348
 475          1332.55751
 476          1337.46585
 477          1342.38855
 478          1347.32563
 479          1352.27713
 480          1357.24309
 481          1362.22353
 482          1367.21851
 483          1372.22805
 484          1377.25219
 485          1382.29096
 486          1387.34440
 487          1392.41255
 488          1397.49545
 489          1402.59312
 490          1407.70560
 491          1412.83294
 492          1417.97516
 493          1423.13231
 494          1428.30441
 495          1433.49151
 496          1438.69364
 497          1443.91084
 498          1449.14314
 499          1454.39059
 500          1459.65321
 501          1464.93105
 502          1470.22414
 503          1475.53251
 504          1480.85621
 505          1486.19527
 506          1491.54973
 507          1496.91962
 508          1502.30499
 509          1507.70586
 510          1513.12228
 511          1518.55428
 512          1524.00190
 513          1529.46518
 514          1534.94416
 515          1540.43886
 516          1545.94934
 517          1551.47562
 518          1557.01774
 519          1562.57575
 520          1568.14967
 521          1573.73956
 522          1579.34543
 523          1584.96734
 524          1590.60532
 525          1596.25941
 526          1601.92964
 527          1607.61605
 528          1613.31869
 529          1619.03759
 530          1624.77278
 531          1630.52431
 532          1636.29221
 533          1642.07653
 534          1647.87730
 535          1653.69455
 536          1659.52834
 537          1665.37868
 538          1671.24564
 539          1677.12924
 540          1683.02951
 541          1688.94651
 542          1694.88027
 543          1700.83083
 544          1706.79822
 545          1712.78249
 546          1718.78368
 547          1724.80182
 548          1730.83695
 549          1736.88911
 550          1742.95835
 551          1749.04469
 552          1755.14819
 553          1761.26887
 554          1767.40679
 555          1773.56197
 556          1779.73446
 557          1785.92430
 558          1792.13153
 559          1798.35618
 560          1804.59830
 561          1810.85793
 562          1817.13510
 563          1823.42986
 564          1829.74225
 565          1836.07230
 566          1842.42006
 567          1848.78557
 568          1855.16886
 569          1861.56999
 570          1867.98898
 571          1874.42588
 572          1880.88072
 573          1887.35356
 574          1893.84443
 575          1900.35337
 576          1906.88042
 577          1913.42562
 578          1919.98902
 579          1926.57065
 580          1933.17055
 581          1939.78877
 582          1946.42535
 583          1953.08033
 584          1959.75375
 585          1966.44564
 586          1973.15606
 587          1979.88505
 588          1986.63264
 589          1993.39887
 590          2000.18380
 591          2006.98745
 592          2013.80988
 593          2020.65112
 594          2027.51121
 595          2034.39020
 596          2041.28813
 597          2048.20505
 598          2055.14098
 599          2062.09598
 600          2069.07009
 601          2076.06335
 602          2083.07580
 603          2090.10748
 604          2097.15844
 605          2104.22872
 606          2111.31837
 607          2118.42742
 608          2125.55591
 609          2132.70390
 610          2139.87141
 611          2147.05851
 612          2154.26522
 613          2161.49160
 614          2168.73767
 615          2176.00350
 616          2183.28912
 617          2190.59457
 618          2197.91991
 619          2205.26516
 620          2212.63037
 621          2220.01560
 622          2227.42088
 623          2234.84625
 624          2242.29176
 625          2249.75746
 626          2257.24338
 627          2264.74957
 628          2272.27607
 629          2279.82294
 630          2287.39021
 631          2294.97792
 632          2302.58613
 633          2310.21487
 634          2317.86419
 635          2325.53414
 636          2333.22475
 637          2340.93608
 638          2348.66816
 639          2356.42105
 640          2364.19478
 641          2371.98941
 642          2379.80497
 643          2387.64152
 644          2395.49909
 645          2403.37774
 646          2411.27750
 647          2419.19842
 648          2427.14055
 649          2435.10394
 650          2443.08862
 651          2451.09465
 652          2459.12206
 653          2467.17091
 654          2475.24124
 655          2483.33310
 656          2491.44653
 657          2499.58157
 658          2507.73828
 659          2515.91670
 660          2524.11688
 661          2532.33886
 662          2540.58269
 663          2548.84841
 664          2557.13607
 665          2565.44572
 666          2573.77740
 667          2582.13116
 668          2590.50705
 669          2598.90511
 670          2607.32539
 671          2615.76794
 672          2624.23281
 673          2632.72003
 674          2641.22966
 675          2649.76175
 676          2658.31634
 677          2666.89347
 678          2675.49321
 679          2684.11558
 680          2692.76065
 681          2701.42846
 682          2710.11905
 683          2718.83248
 684          2727.56879
 685          2736.32802
 686          2745.11024
 687          2753.91547
 688          2762.74379
 689          2771.59522
 690          2780.46982
 691          2789.36764
 692          2798.28872
 693          2807.23311
 694          2816.20087
 695          2825.19204
 696          2834.20667
 697          2843.24480
 698          2852.30649
 699          2861.39179
 700          2870.50074
 701          2879.63339
 702          2888.78979
 703          2897.96999
 704          2907.17404
 705          2916.40199
 706          2925.65389
 707          2934.92978
 708          2944.22972
 709          2953.55375
 710          2962.90193
 711          2972.27431
 712          2981.67093
 713          2991.09184
 714          3000.53709
 715          3010.00674
 716          3019.50083
 717          3029.01942
 718          3038.56255
 719          3048.13027
 720          3057.72263
 721          3067.33969
 722          3076.98149
 723          3086.64809
 724          3096.33953
 725          3106.05587
 726          3115.79715
 727          3125.56343
 728          3135.35476
 729          3145.17118
 730          3155.01276
 731          3164.87953
 732          3174.77155
 733          3184.68888
 734          3194.63156
 735          3204.59964
 736          3214.59318
 737          3224.61223
 738          3234.65683
 739          3244.72704
 740          3254.82292
 741          3264.94451
 742          3275.09186
 743          3285.26503
 744          3295.46407
 745          3305.68903
 746          3315.93997
 747          3326.21692
 748          3336.51996
 749          3346.84912
 750          3357.20446
 751          3367.58604
 752          3377.99390
 753          3388.42811
 754          3398.88870
 755          3409.37574
 756          3419.88927
 757          3430.42936
 758          3440.99604
 759          3451.58938
 760          3462.20943
 761          3472.85624
 762          3483.52987
 763          3494.23036
 764          3504.95778
 765          3515.71216
 766          3526.49358
 767          3537.30208
 768          3548.13771
 769          3559.00053
 770          3569.89060
 771          3580.80796
 772          3591.75267
 773          3602.72479
 774          3613.72436
 775          3624.75145
 776          3635.80610
 777          3646.88837
 778          3657.99832
 779          3669.13600
 780          3680.30146
 781          3691.49476
 782          3702.71596
 783          3713.96510
 784          3725.24225
 785          3736.54745
 786          3747.88076
 787          3759.24225
 788          3770.63195
 789          3782.04994
 790          3793.49625
 791          3804.97096
 792          3816.47411
 793          3828.00576
 794          3839.56596
 795          3851.15477
 796          3862.77225
 797          3874.41845
 798          3886.09343
 799          3897.79724
 800          3909.52994
 801          3921.29159
 802          3933.08224
 803          3944.90195
 804          3956.75077
 805          3968.62876
 806          3980.53598
 807          3992.47248
 808          4004.43832
 809          4016.43356
 810          4028.45825
 811          4040.51245
 812          4052.59622
 813          4064.70961
 814          4076.85269
 815          4089.02550
 816          4101.22811
 817          4113.46057
 818          4125.72294
 819          4138.01527
 820          4150.33763
 821          4162.69008
 822          4175.07266
 823          4187.48544
 824          4199.92848
 825          4212.40183
 826          4224.90556
 827          4237.43971
 828          4250.00435
 829          4262.59953
 830          4275.22532
 831          4287.88177
 832          4300.56894
 833          4313.28689
 834          4326.03568
 835          4338.81536
 836          4351.62600
 837          4364.46766
 838          4377.34038
 839          4390.24424
 840          4403.17929
 841          4416.14558
 842          4429.14319
 843          4442.17216
 844          4455.23257
 845          4468.32446
 846          4481.44789
 847          4494.60293
 848          4507.78964
 849          4521.00807
 850          4534.25828
 851          4547.54035
 852          4560.85431
 853          4574.20024
 854          4587.57820
 855          4600.98824
 856          4614.43043
 857          4627.90482
 858          4641.41148
 859          4654.95046
 860          4668.52183
 861          4682.12565
 862          4695.76198
 863          4709.43088
 864          4723.13241
 865          4736.86662
 866          4750.63360
 867          4764.43338
 868          4778.26604
 869          4792.13164
 870          4806.03023
 871          4819.96188
 872          4833.92665
 873          4847.92460
 874          4861.95580
 875          4876.02030
 876          4890.11817
 877          4904.24946
 878          4918.41425
 879          4932.61259
 880          4946.84455
 881          4961.11018
 882          4975.40955
 883          4989.74273
 884          5004.10977
 885          5018.51073
 886          5032.94569
 887          5047.41470
 888          5061.91782
 889          5076.45512
 890          5091.02666
 891          5105.63251
 892          5120.27272
 893          5134.94736
 894          5149.65650
 895          5164.40019
 896          5179.17851
 897          5193.99150
 898          5208.83925
 899          5223.72180
 900          5238.63923
 901          5253.59160
 902          5268.57897
 903          5283.60140
 904          5298.65897
 905          5313.75173
 906          5328.87975
 907          5344.04310
 908          5359.24183
 909          5374.47601
 910          5389.74571
 911          5405.05099
 912          5420.39191
 913          5435.76855
 914          5451.18096
 915          5466.62921
 916          5482.11337
 917          5497.63350
 918          5513.18966
 919          5528.78193
 920          5544.41036
 921          5560.07502
 922          5575.77598
 923          5591.51330
 924          5607.28705
 925          5623.09730
 926          5638.94411
 927          5654.82754
 928          5670.74766
 929          5686.70454
 930          5702.69825
 931          5718.72885
 932          5734.79640
 933          5750.90098
 934          5767.04264
 935          5783.22147
 936          5799.43751
 937          5815.69085
 938          5831.98154
 939          5848.30966
 940          5864.67526
 941          5881.07843
 942          5897.51922
 943          5913.99770
 944          5930.51394
 945          5947.06801
 946          5963.65997
 947          5980.28989
 948          5996.95784
 949          6013.66389
 950          6030.40811
 951          6047.19055
 952          6064.01130
 953          6080.87042
 954          6097.76797
 955          6114.70403
 956          6131.67866
 957          6148.69194
 958          6165.74392
 959          6182.83469
 960          6199.96430
 961          6217.13283
 962          6234.34034
 963          6251.58691
 964          6268.87260
 965          6286.19748
 966          6303.56162
 967          6320.96510
 968          6338.40797
 969          6355.89031
 970          6373.41219
 971          6390.97368
 972          6408.57485
 973          6426.21577
 974          6443.89650
 975          6461.61712
 976          6479.37770
 977          6497.17830
 978          6515.01901
 979          6532.89988
 980          6550.82098
 981          6568.78240
 982          6586.78420
 983          6604.82644
 984          6622.90921
 985          6641.03256
 986          6659.19658
 987          6677.40133
 988          6695.64689
 989          6713.93332
 990          6732.26069
 991          6750.62908
 992          6769.03857
 993          6787.48921
 994          6805.98108
 995          6824.51425
 996          6843.08880
 997          6861.70480
 998          6880.36232
 999          6899.06142
1000          6917.80219
1001          6936.58469
1002          6955.40900
1003          6974.27518
1004          6993.18332
1005          7012.13348
1006          7031.12574
1007          7050.16017
1008          7069.23684
1009          7088.35582
1010          7107.51719
1011          7126.72102
1012          7145.96738
1013          7165.25635
1014          7184.58800
1015          7203.96240
1016          7223.37963
1017          7242.83975
1018          7262.34285
1019          7281.88900
1020          7301.47827
1021          7321.11073
1022          7340.78646
1023          7360.50553
1024          7380.26802
1025          7400.07400
1026          7419.92355
1027          7439.81673
1028          7459.75362
1029          7479.73431
1030          7499.75886
1031          7519.82734
1032          7539.93984
1033          7560.09642
1034          7580.29717
1035          7600.54215
1036          7620.83144
1037          7641.16512
1038          7661.54327
1039          7681.96595
1040          7702.43324
1041          7722.94523
1042          7743.50197
1043          7764.10356
1044          7784.75007
1045          7805.44156
1046          7826.17813
1047          7846.95984
1048          7867.78677
1049          7888.65899
1050          7909.57659
1051          7930.53964
1052          7951.54821
1053          7972.60238
1054          7993.70224
1055          8014.84785
1056          8036.03929
1057          8057.27664
1058          8078.55998
1059          8099.88938
1060          8121.26493
1061          8142.68669
1062          8164.15475
1063          8185.66918
1064          8207.23006
1065          8228.83747
1066          8250.49149
1067          8272.19219
1068          8293.93965
1069          8315.73395
1070          8337.57517
1071          8359.46339
1072          8381.39868
1073          8403.38112
1074          8425.41080
1075          8447.48778
1076          8469.61215
1077          8491.78399
1078          8514.00338
1079          8536.27039
1080          8558.58511
1081          8580.94760
1082          8603.35796
1083          8625.81627
1084          8648.32259
1085          8670.87701
1086          8693.47961
1087          8716.13048
1088          8738.82968
1089          8761.57730
1090          8784.37342
1091          8807.21811
1092          8830.11147
1093          8853.05356
1094          8876.04448
1095          8899.08429
1096          8922.17308
1097          8945.31094
1098          8968.49793
1099          8991.73415
1100          9015.01967
1101          9038.35457
1102          9061.73893
1103          9085.17285
1104          9108.65638
1105          9132.18963
1106          9155.77266
1107          9179.40557
1108          9203.08843
1109          9226.82132
1110          9250.60432
1111          9274.43753
1112          9298.32101
1113          9322.25485
1114          9346.23914
1115          9370.27395
1116          9394.35936
1117          9418.49547
1118          9442.68235
1119          9466.92008
1120          9491.20875
1121          9515.54844
1122          9539.93924
1123          9564.38122
1124          9588.87446
1125          9613.41906
1126          9638.01509
1127          9662.66264
1128          9687.36179
1129          9712.11263
1130          9736.91523
1131          9761.76968
1132          9786.67607
1133          9811.63448
1134          9836.64499
1135          9861.70769
1136          9886.82266
1137          9911.98998
1138          9937.20974
1139          9962.48203
1140          9987.80692
1141         10013.18450
1142         10038.61490
1143         10064.09810
1144         10089.63430
1145         10115.22350
1146         10140.86580
1147         10166.56130
1148         10192.31010
1149         10218.11230
1150         10243.96790
1151         10269.87710
1152         10295.83990
1153         10321.85640
1154         10347.92680
1155         10374.05100
1156         10400.22910
1157         10426.46140
1158         10452.74770
1159         10479.08830
1160         10505.48330
1161         10531.93260
1162         10558.43640
1163         10584.99480
1164         10611.60780
1165         10638.27560
1166         10664.99830
1167         10691.77580
1168         10718.60840
1169         10745.49600
1170         10772.43890
1171         10799.43700
1172         10826.49040
1173         10853.59940
1174         10880.76380
1175         10907.98390
1176         10935.25960
1177         10962.59120
1178         10989.97870
1179         11017.42210
1180         11044.92160
1181         11072.47720
1182         11100.08910
1183         11127.75730
1184         11155.48190
1185         11183.26300
1186         11211.10070
1187         11238.99510
1188         11266.94620
1189         11294.95420
1190         11323.01920
1191         11351.14120
1192         11379.32030
1193         11407.55660
1194         11435.85030
1195         11464.20130
1196         11492.60980
1197         11521.07590
1198         11549.59960
1199         11578.18110
1200         11606.82050
1201         11635.51770
1202         11664.27300
1203         11693.08640
1204         11721.95800
1205         11750.88790
1206         11779.87620
1207         11808.92300
1208         11838.02830
1209         11867.19230
1210         11896.41500
1211         11925.69660
1212         11955.03710
1213         11984.43660
1214         12013.89520
1215         12043.41310
1216         12072.99020
1217         12102.62670
1218         12132.32270
1219         12162.07830
1220         12191.89350
1221         12221.76850
1222         12251.70330
1223         12281.69810
1224         12311.75290
1225         12341.86780
1226         12372.04290
1227         12402.27840
1228         12432.57420
1229         12462.93050
1230         12493.34750
1231         12523.82510
1232         12554.36340
1233         12584.96270
1234         12615.62290
1235         12646.34410
1236         12677.12650
1237         12707.97010
1238         12738.87510
1239         12769.84150
1240         12800.86940
1241         12831.95890
1242         12863.11020
1243         12894.32320
1244         12925.59810
1245         12956.93500
1246         12988.33400
1247         13019.79520
1248         13051.31870
1249         13082.90450
1250         13114.55280
1251         13146.26360
1252         13178.03710
1253         13209.87340
1254         13241.77250
1255         13273.73450
1256         13305.75960
1257         13337.84770
1258         13369.99920
1259         13402.21390
1260         13434.49200
1261         13466.83370
1262         13499.23900
1263         13531.70800
1264         13564.24070
1265         13596.83740
1266         13629.49810
1267         13662.22280
1268         13695.01180
1269         13727.86500
1270         13760.78260
1271         13793.76460
1272         13826.81130
1273         13859.92260
1274         13893.09870
1275         13926.33960
1276         13959.64550
1277         13993.01650
1278         14026.45260
1279         14059.95400
1280         14093.52070
1281         14127.15290
1282         14160.85060
1283         14194.61400
1284         14228.44310
1285         14262.33800
1286         14296.29890
1287         14330.32580
1288         14364.41890
1289         14398.57820
1290         14432.80380
1291         14467.09590
1292         14501.45450
1293         14535.87970
1294         14570.37160
1295         14604.93040
1296         14639.55610
1297         14674.24890
1298         14709.00870
1299         14743.83580
1300         14778.73020
1301         14813.69200
1302         14848.72140
1303         14883.81840
1304         14918.98310
1305         14954.21560
1306         14989.51610
1307         15024.88450
1308         15060.32110
1309         15095.82600
1310         15131.39910
1311         15167.04070
1312         15202.75080
1313         15238.52960
1314         15274.37700
1315         15310.29330
1316         15346.27860
1317         15382.33290
1318         15418.45630
1319         15454.64890
1320         15490.91090
1321         15527.24230
1322         15563.64330
1323         15600.11390
1324         15636.65420
1325         15673.26440
1326         15709.94460
1327         15746.69480
1328         15783.51510
1329         15820.40570
1330         15857.36670
1331         15894.39820
1332         15931.50020
1333         15968.67280
1334         16005.91630
1335         16043.23060
1336         16080.61590
1337         16118.07230
1338         16155.59980
1339         16193.19870
1340         16230.86890
1341         16268.61060
1342         16306.42400
1343         16344.30900
1344         16382.26580
1345         16420.29460
1346         16458.39540
1347         16496.56820
1348         16534.81330
1349         16573.13080
1350         16611.52070
1351         16649.98310
1352         16688.51810
1353         16727.12590
1354         16765.80660
1355         16804.56020
1356         16843.38680
1357         16882.28670
1358         16921.25980
1359         16960.30630
1360         16999.42620
1361         17038.61980
1362         17077.88710
1363         17117.22810
1364         17156.64310
1365         17196.13210
1366         17235.69520
1367         17275.33250
1368         17315.04420
1369         17354.83030
1370         17394.69090
1371         17434.62620
1372         17474.63630
1373         17514.72120
1374         17554.88110
1375         17595.11610
1376         17635.42620
1377         17675.81170
1378         17716.27250
1379         17756.80890
1380         17797.42090
1381         17838.10860
1382         17878.87220
1383         17919.71170
1384         17960.62720
1385         18001.61890
1386         18042.68680
1387         18083.83120
1388         18125.05200
1389         18166.34940
1390         18207.72350
1391         18249.17440
1392         18290.70220
1393         18332.30710
1394         18373.98910
1395         18415.74830
1396         18457.58490
1397         18499.49900
1398         18541.49060
1399         18583.55990
1400         18625.70700
1401         18667.93200
1402         18710.23500
1403         18752.61610
1404         18795.07550
1405         18837.61320
1406         18880.22930
1407         18922.92400
1408         18965.69740
1409         19008.54960
1410         19051.48060
1411         19094.49070
1412         19137.57990
1413         19180.74830
1414         19223.99600
1415         19267.32320
1416         19310.72990
1417         19354.21640
1418         19397.78260
1419         19441.42870
1420         19485.15480
1421         19528.96100
1422         19572.84740
1423         19616.81420
1424         19660.86150
1425         19704.98930
1426         19749.19780
1427         19793.48700
1428         19837.85720
1429         19882.30840
1430         19926.84070
1431         19971.45430
1432         20016.14920
1433         20060.92560
1434         20105.78360
1435         20150.72320
1436         20195.74470
1437         20240.84810
1438         20286.03350
1439         20331.30110
1440         20376.65090
1441         20422.08310
1442         20467.59780
1443         20513.19510
1444         20558.87510
1445         20604.63800
1446         20650.48380
1447         20696.41260
1448         20742.42470
1449         20788.52000
1450         20834.69870
1451         20880.96090
1452         20927.30680
1453         20973.73650
1454         21020.24990
1455         21066.84740
1456         21113.52900
1457         21160.29480
1458         21207.14490
1459         21254.07940
1460         21301.09850
1461         21348.20230
1462         21395.39090
1463         21442.66440
1464         21490.02290
1465         21537.46650
1466         21584.99540
1467         21632.60970
1468         21680.30940
1469         21728.09480
1470         21775.96590
1471         21823.92280
1472         21871.96570
1473         21920.09460
1474         21968.30980
1475         22016.61120
1476         22064.99910
1477         22113.47350
1478         22162.03460
1479         22210.68250
1480         22259.41720
1481         22308.23900
1482         22357.14790
1483         22406.14410
1484         22455.22760
1485         22504.39860
1486         22553.65730
1487         22603.00360
1488         22652.43780
1489         22701.96000
1490         22751.57020
1491         22801.26860
1492         22851.05540
1493         22900.93060
1494         22950.89440
1495         23000.94680
1496         23051.08800
1497         23101.31820
1498         23151.63740
1499         23202.04570
1500         23252.54340
1501         23303.13040
1502         23353.80690
1503         23404.57310
1504         23455.42910
1505         23506.37490
1506         23557.41070
1507         23608.53660
1508         23659.75280
1509         23711.05940
1510         23762.45640
1511         23813.94400
1512         23865.52240
1513         23917.19160
1514         23968.95180
1515         24020.80300
1516         24072.74550
1517         24124.77930
1518         24176.90460
1519         24229.12140
1520         24281.43000
1521         24333.83040
1522         24386.32270
1523         24438.90710
1524         24491.58360
1525         24544.35250
1526         24597.21380
1527         24650.16770
1528         24703.21430
1529         24756.35360
1530         24809.58590
1531         24862.91130
1532         24916.32980
1533         24969.84160
1534         25023.44680
1535         25077.14560
1536         25130.93810
1537         25184.82430
1538         25238.80450
1539         25292.87870
1540         25347.04710
1541         25401.30970
1542         25455.66680
1543         25510.11840
1544         25564.66470
1545         25619.30570
1546         25674.04170
1547         25728.87270
1548         25783.79890
1549         25838.82040
1550         25893.93730
1551         25949.14970
1552         26004.45780
1553         26059.86170
1554         26115.36150
1555         26170.95730
1556         26226.64930
1557         26282.43760
1558         26338.32230
1559         26394.30360
1560         26450.38150
1561         26506.55630
1562         26562.82790
1563         26619.19670
1564         26675.66260
1565         26732.22580
1566         26788.88640
1567         26845.64460
1568         26902.50050
1569         26959.45420
1570         27016.50590
1571         27073.65560
1572         27130.90350
1573         27188.24980
1574         27245.69450
1575         27303.23780
1576         27360.87980
1577         27418.62060
1578         27476.46040
1579         27534.39930
1580         27592.43740
1581         27650.57490
1582         27708.81190
1583         27767.14840
1584         27825.58470
1585         27884.12090
1586         27942.75710
1587         28001.49340
1588         28060.32990
1589         28119.26690
1590         28178.30430
1591         28237.44250
1592         28296.68130
1593         28356.02110
1594         28415.46190
1595         28475.00390
1596         28534.64720
1597         28594.39190
1598         28654.23820
1599         28714.18620
1600         28774.23590
1601         28834.38760
1602         28894.64140
1603         28954.99750
1604         29015.45580
1605         29076.01660
1606         29136.68010
1607         29197.44630
1608         29258.31530
1609         29319.28730
1610         29380.36250
1611         29441.54090
1612         29502.82280
1613         29564.20810
1614         29625.69710
1615         29687.28990
1616         29748.98670
1617         29810.78750
1618         29872.69250
1619         29934.70180
1620         29996.81550
1621         30059.03390
1622         30121.35690
1623         30183.78490
1624         30246.31780
1625         30308.95580
1626         30371.69910
1627         30434.54780
1628         30497.50200
1629         30560.56180
1630         30623.72750
1631         30686.99910
1632         30750.37670
1633         30813.86050
1634         30877.45070
1635         30941.14730
1636         31004.95050
1637         31068.86050
1638         31132.87730
1639         31197.00110
1640         31261.23210
1641         31325.57030
1642         31390.01590
1643         31454.56910
1644         31519.22990
1645         31583.99860
1646         31648.87520
1647         31713.85990
1648         31778.95290
1649         31844.15410
1650         31909.46390
1651         31974.88230
1652         32040.40950
1653         32106.04560
1654         32171.79070
1655         32237.64500
1656         32303.60860
1657         32369.68160
1658         32435.86430
1659         32502.15660
1660         32568.55890
1661         32635.07110
1662         32701.69340
1663         32768.42610
1664         32835.26910
1665         32902.22270
1666         32969.28700
1667         33036.46210
1668         33103.74820
1669         33171.14540
1670         33238.65380
1671         33306.27360
1672         33374.00490
1673         33441.84790
1674         33509.80270
1675         33577.86940
1676         33646.04820
1677         33714.33920
1678         33782.74250
1679         33851.25830
1680         33919.88680
1681         33988.62800
1682         34057.48220
1683         34126.44940
1684         34195.52980
1685         34264.72350
1686         34334.03070
1687         34403.45150
1688         34472.98600
1689         34542.63440
1690         34612.39690
1691         34682.27360
1692         34752.26450
1693         34822.36990
1694         34892.58990
1695         34962.92470
1696         35033.37430
1697         35103.93900
1698         35174.61880
1699         35245.41390
1700         35316.32440
1701         35387.35050
1702         35458.49240
1703         35529.75010
1704         35601.12390
1705         35672.61380
1706         35744.22000
1707         35815.94260
1708         35887.78190
1709         35959.73780
1710         36031.81060
1711         36104.00040
1712         36176.30740
1713         36248.73170
1714         36321.27340
1715         36393.93270
1716         36466.70970
1717         36539.60460
1718         36612.61750
1719         36685.74860
1720         36758.99800
1721         36832.36580
1722         36905.85220
1723         36979.45730
1724         37053.18140
1725         37127.02440
1726         37200.98660
1727         37275.06820
1728         37349.26910
1729         37423.58970
1730         37498.03010
1731         37572.59030
1732         37647.27060
1733         37722.07100
1734         37796.99180
1735         37872.03310
1736         37947.19490
1737         38022.47760
1738         38097.88120
1739         38173.40580
1740         38249.05160
1741         38324.81880
1742         38400.70740
1743         38476.71780
1744         38552.84990
1745         38629.10390
1746         38705.48000
1747         38781.97840
1748         38858.59910
1749         38935.34240
1750         39012.20840
1751         39089.19710
1752         39166.30880
1753         39243.54370
1754         39320.90180
1755         39398.38330
1756         39475.98840
1757         39553.71720
1758         39631.56980
1759         39709.54650
1760         39787.64730
1761         39865.87240
1762         39944.22190
1763         40022.69610
1764         40101.29500
1765         40180.01880
1766         40258.86760
1767         40337.84170
1768         40416.94110
1769         40496.16590
1770         40575.51650
1771         40654.99280
1772         40734.59500
1773         40814.32340
1774         40894.17800
1775         40974.15900
1776         41054.26650
1777         41134.50070
1778         41214.86180
1779         41295.34990
1780         41375.96510
1781         41456.70760
1782         41537.57750
1783         41618.57510
1784         41699.70040
1785         41780.95360
1786         41862.33490
1787         41943.84430
1788         42025.48210
1789         42107.24850
1790         42189.14350
1791         42271.16720
1792         42353.32000
1793         42435.60190
1794         42518.01300
1795         42600.55360
1796         42683.22370
1797         42766.02360
1798         42848.95330
1799         42932.01310
1800         43015.20310
1801         43098.52340
1802         43181.97410
1803         43265.55560
1804         43349.26780
1805         43433.11100
1806         43517.08530
1807         43601.19080
1808         43685.42780
1809         43769.79630
1810         43854.29650
1811         43938.92860
1812         44023.69280
1813         44108.58910
1814         44193.61780
1815         44278.77890
1816         44364.07270
1817         44449.49930
1818         44535.05890
1819         44620.75160
1820         44706.57750
1821         44792.53690
1822         44878.62990
1823         44964.85650
1824         45051.21710
1825         45137.71170
1826         45224.34060
1827         45311.10380
1828         45398.00150
1829         45485.03380
1830         45572.20100
1831         45659.50320
1832         45746.94050
1833         45834.51310
1834         45922.22120
1835         46010.06490
1836         46098.04440
1837         46186.15970
1838         46274.41120
1839         46362.79890
1840         46451.32300
1841         46539.98370
1842         46628.78100
1843         46717.71530
1844         46806.78650
1845         46895.99500
1846         46985.34080
1847         47074.82410
1848         47164.44510
1849         47254.20390
1850         47344.10070
1851         47434.13560
1852         47524.30880
1853         47614.62040
1854         47705.07070
1855         47795.65980
1856         47886.38780
1857         47977.25490
1858         48068.26120
1859         48159.40700
1860         48250.69230
1861         48342.11740
1862         48433.68230
1863         48525.38730
1864         48617.23260
1865         48709.21820
1866         48801.34430
1867         48893.61120
1868         48986.01880
1869         49078.56760
1870         49171.25740
1871         49264.08870
1872         49357.06140
1873         49450.17580
1874         49543.43200
1875         49636.83020
1876         49730.37060
1877         49824.05320
1878         49917.87840
1879         50011.84610
1880         50105.95670
1881         50200.21020
1882         50294.60690
1883         50389.14680
1884         50483.83020
1885         50578.65710
1886         50673.62790
1887         50768.74260
1888         50864.00140
1889         50959.40440
1890         51054.95190
1891         51150.64390
1892         51246.48070
1893         51342.46250
1894         51438.58930
1895         51534.86130
1896         51631.27870
1897         51727.84180
1898         51824.55050
1899         51921.40520
1900         52018.40590
1901         52115.55290
1902         52212.84620
1903         52310.28610
1904         52407.87270
1905         52505.60620
1906         52603.48680
1907         52701.51460
1908         52799.68980
1909         52898.01250
1910         52996.48290
1911         53095.10120
1912         53193.86760
1913         53292.78220
1914         53391.84510
1915         53491.05660
1916         53590.41690
1917         53689.92590
1918         53789.58410
1919         53889.39140
1920         53989.34820
1921         54089.45450
1922         54189.71040
1923         54290.11630
1924         54390.67220
1925         54491.37840
1926         54592.23490
1927         54693.24200
1928         54794.39970
1929         54895.70840
1930         54997.16810
1931         55098.77910
1932         55200.54140
1933         55302.45530
1934         55404.52090
1935         55506.73850
1936         55609.10800
1937         55711.62990
1938         55814.30410
1939         55917.13090
1940         56020.11040
1941         56123.24290
1942         56226.52840
1943         56329.96710
1944         56433.55930
1945         56537.30510
1946         56641.20460
1947         56745.25810
1948         56849.46570
1949         56953.82750
1950         57058.34380
1951         57163.01470
1952         57267.84030
1953         57372.82090
1954         57477.95670
1955         57583.24770
1956         57688.69420
1957         57794.29630
1958         57900.05420
1959         58005.96810
1960         58112.03820
1961         58218.26460
1962         58324.64740
1963         58431.18700
1964         58537.88330
1965         58644.73670
1966         58751.74730
1967         58858.91520
1968         58966.24060
1969         59073.72380
1970         59181.36480
1971         59289.16380
1972         59397.12110
1973         59505.23680
1974         59613.51100
1975         59721.94390
1976         59830.53580
1977         59939.28670
1978         60048.19700
1979         60157.26660
1980         60266.49580
1981         60375.88490
1982         60485.43380
1983         60595.14290
1984         60705.01230
1985         60815.04220
1986         60925.23270
1987         61035.58410
1988         61146.09650
1989         61256.77000
1990         61367.60490
1991         61478.60130
1992         61589.75940
1993         61701.07940
1994         61812.56140
1995         61924.20560
1996         62036.01230
1997         62147.98160
1998         62260.11350
1999         62372.40850
2000         62484.86650
2001         62597.48780
2002         62710.27260
2003         62823.22100
2004         62936.33330
2005         63049.60950
2006         63163.04990
2007         63276.65460
2008         63390.42380
2009         63504.35780
2010         63618.45660
2011         63732.72050
2012         63847.14960
2013         63961.74420
2014         64076.50430
2015         64191.43010
2016         64306.52200
2017         64421.77990
2018         64537.20410
2019         64652.79490
2020         64768.55220
2021         64884.47650
2022         65000.56770
2023         65116.82610
2024         65233.25190
2025         65349.84530
2026         65466.60630
2027         65583.53530
2028         65700.63240
2029         65817.89780
2030         65935.33160
2031         66052.93400
2032         66170.70530
2033         66288.64550
2034         66406.75490
2035         66525.03370
2036         66643.48190
2037         66762.09990
2038         66880.88780
2039         66999.84580
2040         67118.97400
2041         67238.27270
2042         67357.74200
2043         67477.38200
2044         67597.19310
2045         67717.17530
2046         67837.32890
2047         67957.65400
2048         68078.15080
2049         68198.81940
2050         68319.66020
2051         68440.67320
2052         68561.85860
2053         68683.21670
2054         68804.74760
2055         68926.45140
2056         69048.32840
2057         69170.37880
2058         69292.60270
2059         69415.00030
2060         69537.57180
2061         69660.31740
2062         69783.23730
2063         69906.33160
2064         70029.60060
2065         70153.04440
2066         70276.66310
2067         70400.45710
2068         70524.42640
2069         70648.57130
2070         70772.89200
2071         70897.38850
2072         71022.06120
2073         71146.91020
2074         71271.93560
2075         71397.13770
2076         71522.51670
2077         71648.07270
2078         71773.80590
2079         71899.71650
2080         72025.80470
2081         72152.07070
2082         72278.51470
2083         72405.13680
2084         72531.93720
2085         72658.91620
2086         72786.07390
2087         72913.41050
2088         73040.92620
2089         73168.62110
2090         73296.49550
2091         73424.54950
2092         73552.78340
2093         73681.19730
2094         73809.79140
2095         73938.56590
2096         74067.52090
2097         74196.65680
2098         74325.97360
2099         74455.47150
2100         74585.15080
2101         74715.01160
2102         74845.05410
2103         74975.27850
2104         75105.68510
2105         75236.27380
2106         75367.04510
2107         75497.99900
2108         75629.13570
2109         75760.45550
2110         75891.95850
2111         76023.64490
2112         76155.51490
2113         76287.56870
2114         76419.80650
2115         76552.22840
2116         76684.83480
2117         76817.62560
2118         76950.60120
2119         77083.76180
2120         77217.10740
2121         77350.63840
2122         77484.35490
2123         77618.25710
2124         77752.34520
2125         77886.61930
2126         78021.07970
2127         78155.72660
2128         78290.56010
2129         78425.58050
2130         78560.78790
2131         78696.18250
2132         78831.76460
2133         78967.53420
2134         79103.49170
2135         79239.63710
2136         79375.97080
2137         79512.49280
2138         79649.20340
2139         79786.10280
2140         79923.19110
2141         80060.46860
2142         80197.93540
2143         80335.59180
2144         80473.43790
2145         80611.47390
2146         80749.70010
2147         80888.11660
2148         81026.72350
2149         81165.52120
2150         81304.50980
2151         81443.68940
2152         81583.06040
2153         81722.62280
2154         81862.37690
2155         82002.32290
2156         82142.46090
2157         82282.79120
2158         82423.31400
2159         82564.02940
2160         82704.93760
2161         82846.03890
2162         82987.33340
2163         83128.82140
2164         83270.50300
2165         83412.37840
2166         83554.44780
2167         83696.71150
2168         83839.16950
2169         83981.82220
2170         84124.66960
2171         84267.71210
2172         84410.94980
2173         84554.38290
2174         84698.01150
2175         84841.83600
2176         84985.85640
2177         85130.07300
2178         85274.48610
2179         85419.09560
2180         85563.90200
2181         85708.90540
2182         85854.10590
2183         85999.50380
2184         86145.09930
2185         86290.89250
2186         86436.88370
2187         86583.07310
2188         86729.46080
2189         86876.04710
2190         87022.83220
2191         87169.81620
2192         87316.99940
2193         87464.38190
2194         87611.96400
2195         87759.74590
2196         87907.72780
2197         88055.90980
2198         88204.29210
2199         88352.87500
2200         88501.65870
2201         88650.64330
2202         88799.82910
2203         88949.21630
2204         89098.80500
2205         89248.59550
2206         89398.58800
2207         89548.78260
2208         89699.17960
2209         89849.77910
2210         90000.58140
2211         90151.58670
2212         90302.79520
2213         90454.20700
2214         90605.82250
2215         90757.64170
2216         90909.66480
2217         91061.89220
2218         91214.32390
2219         91366.96030
2220         91519.80140
2221         91672.84750
2222         91826.09890
2223         91979.55560
2224         92133.21790
2225         92287.08600
2226         92441.16020
2227         92595.44050
2228         92749.92730
2229         92904.62070
2230         93059.52090
2231         93214.62810
2232         93369.94260
2233         93525.46450
2234         93681.19410
2235         93837.13150
2236         93993.27690
2237         94149.63060
2238         94306.19280
2239         94462.96360
2240         94619.94330
2241         94777.13210
2242         94934.53020
2243         95092.13770
2244         95249.95500
2245         95407.98210
2246         95566.21930
2247         95724.66690
2248         95883.32490
2249         96042.19370
2250         96201.27340
2251         96360.56430
2252         96520.06650
2253         96679.78020
2254         96839.70570
2255         96999.84310
2256         97160.19270
2257         97320.75470
2258         97481.52930
2259         97642.51670
2260         97803.71700
2261         97965.13060
2262         98126.75760
2263         98288.59820
2264         98450.65260
2265         98612.92110
2266         98775.40380
2267         98938.10100
2268         99101.01280
2269         99264.13950
2270         99427.48130
2271         99591.03840
2272         99754.81100
2273         99918.79920
2274        100083.00300
2275        100247.42400
2276        100412.06000
2277        100576.91400
2278        100741.98400
2279        100907.27000
2280        101072.77500
2281        101238.49600
2282        101404.43500
2283        101570.59200
2284        101736.96700
2285        101903.56000
2286        102070.37200
2287        102237.40200
2288        102404.65100
2289        102572.11900
2290        102739.80600
2291        102907.71300
2292        103075.84000
2293        103244.18600
2294        103412.75300
2295        103581.54000
2296        103750.54700
2297        103919.77600
2298        104089.22500
2299        104258.89600
2300        104428.78700
2301        104598.90100
2302        104769.23600
2303        104939.79300
2304        105110.57300
2305        105281.57500
2306        105452.80000
2307        105624.24700
2308        105795.91800
2309        105967.81200
2310        106139.93000
2311        106312.27100
2312        106484.83600
2313        106657.62600
2314        106830.63900
2315        107003.87800
2316        107177.34100
2317        107351.02900
2318        107524.94300
2319        107699.08200
2320        107873.44600
2321        108048.03700
2322        108222.85400
2323        108397.89700
2324        108573.16600
2325        108748.66200
2326        108924.38500
2327        109100.33600
2328        109276.51400
2329        109452.91900
2330        109629.55200
2331        109806.41300
2332        109983.50300
2333        110160.82100
2334        110338.36700
2335        110516.14300
2336        110694.14800
2337        110872.38200
2338        111050.84500
2339        111229.53900
2340        111408.46200
2341        111587.61600
2342        111767.00000
2343        111946.61500
2344        112126.46000
2345        112306.53700
2346        112486.84500
2347        112667.38400
2348        112848.15500
2349        113029.15800
2350        113210.39400
2351        113391.86100
2352        113573.56200
2353        113755.49500
2354        113937.66100
2355        114120.06100
2356        114302.69400
2357        114485.56000
2358        114668.66100
2359        114851.99600
2360        115035.56500
2361        115219.36800
2362        115403.40700
2363        115587.68000
2364        115772.18900
2365        115956.93300
2366        116141.91300
2367        116327.12900
2368        116512.58100
2369        116698.26900
2370        116884.19400
2371        117070.35600
2372        117256.75500
2373        117443.39100
2374        117630.26400
2375        117817.37500
2376        118004.72400
2377        118192.31100
2378        118380.13600
2379        118568.20000
2380        118756.50300
2381        118945.04500
2382        119133.82600
2383        119322.84600
2384        119512.10700
2385        119701.60700
2386        119891.34700
2387        120081.32700
2388        120271.54800
2389        120462.01000
2390        120652.71300
2391        120843.65700
2392        121034.84300
2393        121226.27000
2394        121417.93900
2395        121609.85000
2396        121802.00400
2397        121994.40000
2398        122187.03900
2399        122379.92100
2400        122573.04700
2401        122766.41600
2402        122960.02800
2403        123153.88500
2404        123347.98500
2405        123542.33000
2406        123736.92000
2407        123931.75400
2408        124126.83400
2409        124322.15800
2410        124517.72900
2411        124713.54500
2412        124909.60600
2413        125105.91500
2414        125302.46900
2415        125499.27000
2416        125696.31800
2417        125893.61400
2418        126091.15600
2419        126288.94600
2420        126486.98400
2421        126685.27000
2422        126883.80400
2423        127082.58600
2424        127281.61700
2425        127480.89700
2426        127680.42600
2427        127880.20500
2428        128080.23300
2429        128280.51100
2430        128481.03900
2431        128681.81700
2432        128882.84600
2433        129084.12600
2434        129285.65600
2435        129487.43800
2436        129689.47100
2437        129891.75600
2438        130094.29200
2439        130297.08100
2440        130500.12200
2441        130703.41600
2442        130906.96200
2443        131110.76200
2444        131314.81400
2445        131519.12000
2446        131723.68000
2447        131928.49400
2448        132133.56200
2449        132338.88500
2450        132544.46200
2451        132750.29400
2452        132956.38100
2453        133162.72300
2454        133369.32100
2455        133576.17500
2456        133783.28500
2457        133990.65100
2458        134198.27300
2459        134406.15300
2460        134614.28900
2461        134822.68200
2462        135031.33300
2463        135240.24100
2464        135449.40800
2465        135658.83200
2466        135868.51500
2467        136078.45600
2468        136288.65700
2469        136499.11600
2470        136709.83400
2471        136920.81200
2472        137132.05000
2473        137343.54800
2474        137555.30600
2475        137767.32400
2476        137979.60300
2477        138192.14300
2478        138404.94400
2479        138618.00700
2480        138831.33100
2481        139044.91700
2482        139258.76500
2483        139472.87500
2484        139687.24800
2485        139901.88400
2486        140116.78300
2487        140331.94500
2488        140547.37000
2489        140763.05900
2490        140979.01300
2491        141195.23000
2492        141411.71200
2493        141628.45800
2494        141845.47000
2495        142062.74600
2496        142280.28800
2497        142498.09600
2498        142716.16900
2499        142934.50900
2500        143153.11400
2501        143371.98700
2502        143591.12600
2503        143810.53200
2504        144030.20600
2505        144250.14700
2506        144470.35500
2507        144690.83200
2508        144911.57700
2509        145132.59100
2510        145353.87300
2511        145575.42400
2512        145797.24400
2513        146019.33400
2514        146241.69300
2515        146464.32200
2516        146687.22100
2517        146910.39100
2518        147133.83100
2519        147357.54300
2520        147581.52500
2521        147805.77800
2522        148030.30300
2523        148255.10000
2524        148480.16900
2525        148705.51100
2526        148931.12400
2527        149157.01100
2528        149383.17000
2529        149609.60300
2530        149836.30900
2531        150063.28900
2532        150290.54300
2533        150518.07200
2534        150745.87400
2535        150973.95100
2536        151202.30400
2537        151430.93100
2538        151659.83400
2539        151889.01200
2540        152118.46700
2541        152348.19700
2542        152578.20400
2543        152808.48700
2544        153039.04800
2545        153269.88500
2546        153501.00000
2547        153732.39200
2548        153964.06200
2549        154196.01100
2550        154428.23700
2551        154660.74200
2552        154893.52600
2553        155126.58900
2554        155359.93200
2555        155593.55300
2556        155827.45500
2557        156061.63700
2558        156296.09800
2559        156530.84100
2560        156765.86400
2561        157001.16800
2562        157236.75300
2563        157472.62000
2564        157708.76900
2565        157945.19900
2566        158181.91200
2567        158418.90700
2568        158656.18500
2569        158893.74600
2570        159131.59000
2571        159369.71700
2572        159608.12800
2573        159846.82300
2574        160085.80300
2575        160325.06600
2576        160564.61500
2577        160804.44800
2578        161044.56600
2579        161284.97000
2580        161525.66000
2581        161766.63500
2582        162007.89700
2583        162249.44500
2584        162491.27900
2585        162733.40100
2586        162975.80900
2587        163218.50500
2588        163461.48900
2589        163704.76000
2590        163948.32000
2591        164192.16800
2592        164436.30400
2593        164680.73000
2594        164925.44400
2595        165170.44800
2596        165415.74100
2597        165661.32500
2598        165907.19800
2599        166153.36200
2600        166399.81600
2601        166646.56200
2602        166893.59800
2603        167140.92600
2604        167388.54500
2605        167636.45600
2606        167884.66000
2607        168133.15500
2608        168381.94300
2609        168631.02400
2610        168880.39900
2611        169130.06600
2612        169380.02700
2613        169630.28200
2614        169880.83100
2615        170131.67400
2616        170382.81200
2617        170634.24500
2618        170885.97300
2619        171137.99600
2620        171390.31500
2621        171642.93000
2622        171895.84100
2623        172149.04800
2624        172402.55200
2625        172656.35200
2626        172910.45000
2627        173164.84500
2628        173419.53800
2629        173674.52900
2630        173929.81700
2631        174185.40400
2632        174441.29000
2633        174697.47500
2634        174953.95800
2635        175210.74200
2636        175467.82400
2637        175725.20700
2638        175982.89000
2639        176240.87300
2640        176499.15700
2641        176757.74100
2642        177016.62700
2643        177275.81400
2644        177535.30300
2645        177795.09400
2646        178055.18700
2647        178315.58200
2648        178576.28100
2649        178837.28200
2650        179098.58600
2651        179360.19300
2652        179622.10500
2653        179884.32000
2654        180146.84000
2655        180409.66400
2656        180672.79200
2657        180936.22600
2658        181199.96500
2659        181464.00900
2660        181728.35900
2661        181993.01500
2662        182257.97800
2663        182523.24700
2664        182788.82200
2665        183054.70500
2666        183320.89500
2667        183587.39200
2668        183854.19700
2669        184121.31100
2670        184388.73200
2671        184656.46200
2672        184924.50100
2673        185192.84900
2674        185461.50700
2675        185730.47400
2676        185999.75100
2677        186269.33700
2678        186539.23500
2679        186809.44300
2680        187079.96100
2681        187350.79100
2682        187621.93300
2683        187893.38500
2684        188165.15000
2685        188437.22700
2686        188709.61700
2687        188982.31900
2688        189255.33400
2689        189528.66200
2690        189802.30400
2691        190076.26000
2692        190350.52900
2693        190625.11300
2694        190900.01100
2695        191175.22400
2696        191450.75200
2697        191726.59500
2698        192002.75400
2699        192279.22900
2700        192556.01900
2701        192833.12600
2702        193110.55000
2703        193388.29000
2704        193666.34800
2705        193944.72300
2706        194223.41500
2707        194502.42600
2708        194781.75400
2709        195061.40100
2710        195341.36700
2711        195621.65200
2712        195902.25500
2713        196183.17900
2714        196464.42200
2715        196745.98500
2716        197027.86800
2717        197310.07200
2718        197592.59600
2719        197875.44200
2720        198158.60800
2721        198442.09700
2722        198725.90700
2723        199010.03900
2724        199294.49400
2725        199579.27100
2726        199864.37100
2727        200149.79400
2728        200435.54100
2729        200721.61100
2730        201008.00600
2731        201294.72400
2732        201581.76700
2733        201869.13500
2734        202156.82700
2735        202444.84500
2736        202733.18800
2737        203021.85700
2738        203310.85300
2739        203600.17400
2740        203889.82200
2741        204179.79700
2742        204470.09900
2743        204760.72800
2744        205051.68500
2745        205342.97000
2746        205634.58300
2747        205926.52500
2748        206218.79500
2749        206511.39400
2750        206804.32200
2751        207097.58000
2752        207391.16800
2753        207685.08600
2754        207979.33300
2755        208273.91200
2756        208568.82100
2757        208864.06200
2758        209159.63400
2759        209455.53700
2760        209751.77200
2761        210048.34000
2762        210345.24000
2763        210642.47200
2764        210940.03800
2765        211237.93700
2766        211536.16900
2767        211834.73500
2768        212133.63500
2769        212432.86900
2770        212732.43800
2771        213032.34200
2772        213332.58100
2773        213633.15600
2774        213934.06500
2775        214235.31100
2776        214536.89300
2777        214838.81200
2778        215141.06700
2779        215443.65900
2780        215746.58900
2781        216049.85600
2782        216353.46100
2783        216657.40400
2784        216961.68500
2785        217266.30500
2786        217571.26400
2787        217876.56200
2788        218182.19900
2789        218488.17600
2790        218794.49300
2791        219101.15000
2792        219408.14800
2793        219715.48600
2794        220023.16600
2795        220331.18700
2796        220639.54900
2797        220948.25300
2798        221257.30000
2799        221566.68900
2800        221876.42000
2801        222186.49500
2802        222496.91200
2803        222807.67400
2804        223118.77900
2805        223430.22800
2806        223742.02100
2807        224054.15900
2808        224366.64200
2809        224679.46900
2810        224992.64300
2811        225306.16200
2812        225620.02600
2813        225934.23800
2814        226248.79500
2815        226563.69900
2816        226878.95100
2817        227194.55000
2818        227510.49600
2819        227826.79000
2820        228143.43200
2821        228460.42300
2822        228777.76200
2823        229095.45100
2824        229413.48800
2825        229731.87500
2826        230050.61200
2827        230369.69900
2828        230689.13600
2829        231008.92400
2830        231329.06300
2831        231649.55300
2832        231970.39400
2833        232291.58700
2834        232613.13200
2835        232935.02900
2836        233257.27900
2837        233579.88100
2838        233902.83700
2839        234226.14600
2840        234549.80900
2841        234873.82500
2842        235198.19600
2843        235522.92100
2844        235848.00100
2845        236173.43600
2846        236499.22600
2847        236825.37200
2848        237151.87400
2849        237478.73100
2850        237805.94600
2851        238133.51600
2852        238461.44400
2853        238789.72900
2854        239118.37200
2855        239447.37200
2856        239776.73100
2857        240106.44700
2858        240436.52300
2859        240766.95700
2860        241097.75000
2861        241428.90300
2862        241760.41600
2863        242092.28900
2864        242424.52200
2865        242757.11500
2866        243090.07000
2867        243423.38500
2868        243757.06200
2869        244091.10100
2870        244425.50100
2871        244760.26400
2872        245095.38900
2873        245430.87700
2874        245766.72900
2875        246102.94300
2876        246439.52200
2877        246776.46400
2878        247113.77000
2879        247451.44100
2880        247789.47700
2881        248127.87700
2882        248466.64300
2883        248805.77500
2884        249145.27200
2885        249485.13600
2886        249825.36600
2887        250165.96300
2888        250506.92700
2889        250848.25800
2890        251189.95700
2891        251532.02300
2892        251874.45800
2893        252217.26100
2894        252560.43300
2895        252903.97400
2896        253247.88400
2897        253592.16400
2898        253936.81300
2899        254281.83300
2900        254627.22300
2901        254972.98400
2902        255319.11500
2903        255665.61800
2904        256012.49200
2905        256359.73900
2906        256707.35700
2907        257055.34800
2908        257403.71100
2909        257752.44700
2910        258101.55700
2911        258451.04000
2912        258800.89700
2913        259151.12800
2914        259501.73300
2915        259852.71300
2916        260204.06800
2917        260555.79800
2918        260907.90300
2919        261260.38500
2920        261613.24200
2921        261966.47600
2922        262320.08600
2923        262674.07400
2924        263028.43800
2925        263383.18000
2926        263738.30000
2927        264093.79800
2928        264449.67400
2929        264805.92900
2930        265162.56300
2931        265519.57600
2932        265876.96800
2933        266234.74000
2934        266592.89300
2935        266951.42500
2936        267310.33900
2937        267669.63300
2938        268029.30800
2939        268389.36500
2940        268749.80400
2941        269110.62500
2942        269471.82800
2943        269833.41400
2944        270195.38200
2945        270557.73400
2946        270920.47000
2947        271283.58900
2948        271647.09200
2949        272010.98000
2950        272375.25200
2951        272739.90900
2952        273104.95200
2953        273470.38000
2954        273836.19400
2955        274202.39400
2956        274568.98000
2957        274935.95300
2958        275303.31300
2959        275671.06000
2960        276039.19500
2961        276407.71700
2962        276776.62800
2963        277145.92700
2964        277515.61500
2965        277885.69100
2966        278256.15700
2967        278627.01300
2968        278998.25800
2969        279369.89400
2970        279741.92000
2971        280114.33700
2972        280487.14400
2973        280860.34300
2974        281233.93400
2975        281607.91600
2976        281982.29100
2977        282357.05800
2978        282732.21800
2979        283107.77100
2980        283483.71700
2981        283860.05700
2982        284236.79100
2983        284613.91900
2984        284991.44100
2985        285369.35800
2986        285747.67100
2987        286126.37800
2988        286505.48200
2989        286884.98100
2990        287264.87700
2991        287645.16900
2992        288025.85800
2993        288406.94400
2994        288788.42700
2995        289170.30800
2996        289552.58700
2997        289935.26500
2998        290318.34100
2999        290701.81600
3000        291085.69000
3001        291469.96300
3002        291854.63700
3003        292239.71000
3004        292625.18400
3005        293011.05800
3006        293397.33300
3007        293784.01000
3008        294171.08800
3009        294558.56700
3010        294946.44900
3011        295334.73300
3012        295723.42000
3013        296112.51000
3014        296502.00300
3015        296891.90000
3016        297282.20100
3017        297672.90600
3018        298064.01500
3019        298455.52900
3020        298847.44800
3021        299239.77200
3022        299632.50200
3023        300025.63800
3024        300419.18000
3025        300813.12900
3026        301207.48400
3027        301602.24700
3028        301997.41700
3029        302392.99400
3030        302788.98000
3031        303185.37400
3032        303582.17600
3033        303979.38800
3034        304377.00800
3035        304775.03800
3036        305173.47800
3037        305572.32800
3038        305971.58800
3039        306371.25900
3040        306771.34100
3041        307171.83400
3042        307572.73900
3043        307974.05500
3044        308375.78400
3045        308777.92500
3046        309180.47900
3047        309583.44600
3048        309986.82600
3049        310390.62000
3050        310794.82700
3051        311199.44900
3052        311604.48600
3053        312009.93700
3054        312415.80300
3055        312822.08500
3056        313228.78300
3057        313635.89600
3058        314043.42600
3059        314451.37300
3060        314859.73600
3061        315268.51600
3062        315677.71400
3063        316087.33000
3064        316497.36400
3065        316907.81700
3066        317318.68800
3067        317729.97800
3068        318141.68700
3069        318553.81600
3070        318966.36500
3071        319379.33400
3072        319792.72300
3073        320206.53400
3074        320620.76500
3075        321035.41800
3076        321450.49200
3077        321865.98900
3078        322281.90700
3079        322698.24900
3080        323115.01300
3081        323532.20000
3082        323949.81100
3083        324367.84600
3084        324786.30500
3085        325205.18800
3086        325624.49600
3087        326044.22900
3088        326464.38700
3089        326884.97100
3090        327305.98100
3091        327727.41600
3092        328149.27900
3093        328571.56800
3094        328994.28400
3095        329417.42800
3096        329841.00000
3097        330264.99900
3098        330689.42700
3099        331114.28300
3100        331539.56800
3101        331965.28300
3102        332391.42700
3103        332818.00100
3104        333245.00500
3105        333672.43900
3106        334100.30400
3107        334528.60000
3108        334957.32800
3109        335386.48700
3110        335816.07800
3111        336246.10100
3112        336676.55700
3113        337107.44600
3114        337538.76800
3115        337970.52300
3116        338402.71200
3117        338835.33600
3118        339268.39300
3119        339701.88500
3120        340135.81300
3121        340570.17500
3122        341004.97300
3123        341440.20700
3124        341875.87700
3125        342311.98400
3126        342748.52700
3127        343185.50800
3128        343622.92600
3129        344060.78100
3130        344499.07500
3131        344937.80700
3132        345376.97800
3133        345816.58700
3134        346256.63600
3135        346697.12500
3136        347138.05300
3137        347579.42100
3138        348021.23000
3139        348463.48000
3140        348906.17000
3141        349349.30200
3142        349792.87600
3143        350236.89200
3144        350681.35000
3145        351126.25100
3146        351571.59400
3147        352017.38100
3148        352463.61100
3149        352910.28500
3150        353357.40400
3151        353804.96600
3152        354252.97400
3153        354701.42600
3154        355150.32400
3155        355599.66800
3156        356049.45700
3157        356499.69300
3158        356950.37500
3159        357401.50400
3160        357853.08100
3161        358305.10500
3162        358757.57700
3163        359210.49600
3164        359663.86500
3165        360117.68200
3166        360571.94800
3167        361026.66400
3168        361481.82900
3169        361937.44400
3170        362393.50900
3171        362850.02500
3172        363306.99200
3173        363764.41000
3174        364222.28000
3175        364680.60100
3176        365139.37500
3177        365598.60100
3178        366058.28000
3179        366518.41100
3180        366978.99700
3181        367440.03500
3182        367901.52800
3183        368363.47500
3184        368825.87700
3185        369288.73400
3186        369752.04600
3187        370215.81300
3188        370680.03600
3189        371144.71600
3190        371609.85200
3191        372075.44400
3192        372541.49400
3193        373008.00100
3194        373474.96600
3195        373942.38900
3196        374410.27000
3197        374878.61000
3198        375347.40800
3199        375816.66600
3200        376286.38400
3201        376756.56100
3202        377227.19900
3203        377698.29700
3204        378169.85600
3205        378641.87600
3206        379114.35700
3207        379587.30000
3208        380060.70600
3209        380534.57300
3210        381008.90400
3211        381483.69700
3212        381958.95300
3213        382434.67400
3214        382910.85800
3215        383387.50600
3216        383864.61900
3217        384342.19600
3218        384820.23900
3219        385298.74800
3220        385777.72200
3221        386257.16200
3222        386737.06900
3223        387217.44200
3224        387698.28300
3225        388179.59000
3226        388661.36600
3227        389143.60900
3228        389626.32100
3229        390109.50100
3230        390593.15100
3231        391077.26900
3232        391561.85700
3233        392046.91500
3234        392532.44300
3235        393018.44200
3236        393504.91100
3237        393991.85200
3238        394479.26300
3239        394967.14700
3240        395455.50300
3241        395944.33100
3242        396433.63200
3243        396923.40500
3244        397413.65200
3245        397904.37300
3246        398395.56700
3247        398887.23600
3248        399379.38000
3249        399871.99800
3250        400365.09100
3251        400858.66000
3252        401352.70500
3253        401847.22600
3254        402342.22400
3255        402837.69800
3256        403333.64900
3257        403830.07800
3258        404326.98400
3259        404824.36800
3260        405322.23100
3261        405820.57200
3262        406319.39300
3263        406818.69200
3264        407318.47200
3265        407818.73100
3266        408319.47000
3267        408820.69000
3268        409322.39100
3269        409824.57300
3270        410327.23700
3271        410830.38200
3272        411334.00900
3273        411838.11900
3274        412342.71200
3275        412847.78800
3276        413353.34700
3277        413859.39000
3278        414365.91700
3279        414872.92800
3280        415380.42400
3281        415888.40500
3282        416396.87100
3283        416905.82200
3284        417415.26000
3285        417925.18400
3286        418435.59500
3287        418946.49200
3288        419457.87700
3289        419969.74900
3290        420482.10900
3291        420994.95700
3292        421508.29300
3293        422022.11900
3294        422536.43300
3295        423051.23700
3296        423566.53100
3297        424082.31400
3298        424598.58900
3299        425115.35300
3300        425632.60900
3301        426150.35600
3302        426668.59500
3303        427187.32600
3304        427706.54900
3305        428226.26400
3306        428746.47300
3307        429267.17400
3308        429788.37000
3309        430310.05900
3310        430832.24200
3311        431354.92000
3312        431878.09300
3313        432401.76100
3314        432925.92400
3315        433450.58300
3316        433975.73900
3317        434501.39000
3318        435027.53900
3319        435554.18400
3320        436081.32700
3321        436608.96800
3322        437137.10700
3323        437665.74400
3324        438194.87900
3325        438724.51400
3326        439254.64800
3327        439785.28100
3328        440316.41500
3329        440848.04900
3330        441380.18300
3331        441912.81800
3332        442445.95500
3333        442979.59300
3334        443513.73300
3335        444048.37500
3336        444583.52000
3337        445119.16700
3338        445655.31800
3339        446191.97200
3340        446729.13000
3341        447266.79200
3342        447804.95800
3343        448343.62900
3344        448882.80500
3345        449422.48700
3346        449962.67400
3347        450503.36800
3348        451044.56800
3349        451586.27400
3350        452128.48700
3351        452671.20800
3352        453214.43700
3353        453758.17300
3354        454302.41800
3355        454847.17100
3356        455392.43300
3357        455938.20500
3358        456484.48600
3359        457031.27700
3360        457578.57800
3361        458126.39000
3362        458674.71200
3363        459223.54600
3364        459772.89100
3365        460322.74800
3366        460873.11800
3367        461423.99900
3368        461975.39400
3369        462527.30200
3370        463079.72300
3371        463632.65800
3372        464186.10700
3373        464740.07000
3374        465294.54800
3375        465849.54100
3376        466405.05000
3377        466961.07400
3378        467517.61400
3379        468074.67100
3380        468632.24400
3381        469190.33500
3382        469748.94200
3383        470308.06800
3384        470867.71100
3385        471427.87300
3386        471988.55300
3387        472549.75200
3388        473111.47000
3389        473673.70800
3390        474236.46600
3391        474799.74400
3392        475363.54300
3393        475927.86300
3394        476492.70300
3395        477058.06600
3396        477623.95000
3397        478190.35600
3398        478757.28500
3399        479324.73700
3400        479892.71200
3401        480461.21000
3402        481030.23200
3403        481599.77800
3404        482169.84900
3405        482740.44500
3406        483311.56500
3407        483883.21100
3408        484455.38300
3409        485028.08100
3410        485601.30500
3411        486175.05600
3412        486749.33400
3413        487324.14000
3414        487899.47300
3415        488475.33400
3416        489051.72300
3417        489628.64200
3418        490206.08900
3419        490784.06500
3420        491362.57100
3421        491941.60800
3422        492521.17400
3423        493101.27100
3424        493681.89900
3425        494263.05900
3426        494844.75000
3427        495426.97300
3428        496009.72800
3429        496593.01500
3430        497176.83600
3431        497761.19000
3432        498346.07800
3433        498931.49900
3434        499517.45500
3435        500103.94500
3436        500690.97000
3437        501278.53000
3438        501866.62600
3439        502455.25700
3440        503044.42500
3441        503634.13000
3442        504224.37100
3443        504815.14900
3444        505406.46500
3445        505998.31800
3446        506590.71000
3447        507183.64000
3448        507777.10900
3449        508371.11800
3450        508965.66500
3451        509560.75300
3452        510156.38000
3453        510752.54800
3454        511349.25700
3455        511946.50600
3456        512544.29800
3457        513142.63000
3458        513741.50500
3459        514340.92300
3460        514940.88300
3461        515541.38600
3462        516142.43300
3463        516744.02300
3464        517346.15700
3465        517948.83600
3466        518552.05900
3467        519155.82800
3468        519760.14200
3469        520365.00100
3470        520970.40600
3471        521576.35800
3472        522182.85700
3473        522789.90200
3474        523397.49500
3475        524005.63500
3476        524614.32400
3477        525223.56000
3478        525833.34600
3479        526443.68000
3480        527054.56300
3481        527665.99700
3482        528277.98000
3483        528890.51300
3484        529503.59700
3485        530117.23200
3486        530731.41800
3487        531346.15600
3488        531961.44600
3489        532577.28800
3490        533193.68300
3491        533810.63000
3492        534428.13100
3493        535046.18500
3494        535664.79300
3495        536283.95600
3496        536903.67300
3497        537523.94500
3498        538144.77200
3499        538766.15500
3500        539388.09300
3501        540010.58800
3502        540633.63900
3503        541257.24700
3504        541881.41300
3505        542506.13600
3506        543131.41600
3507        543757.25500
3508        544383.65300
3509        545010.60900
3510        545638.12500
3511        546266.20000
3512        546894.83400
3513        547524.02900
3514        548153.78500
3515        548784.10100
3516        549414.97900
3517        550046.41800
3518        550678.41800
3519        551310.98100
3520        551944.10700
3521        552577.79500
3522        553212.04600
3523        553846.86100
3524        554482.24000
3525        555118.18300
3526        555754.69000
3527        556391.76200
3528        557029.39900
3529        557667.60200
3530        558306.37000
3531        558945.70500
3532        559585.60600
3533        560226.07300
3534        560867.10800
3535        561508.71100
3536        562150.88100
3537        562793.61900
3538        563436.92600
3539        564080.80100
3540        564725.24600
3541        565370.26000
3542        566015.84300
3543        566661.99700
3544        567308.72100
3545        567956.01600
3546        568603.88200
3547        569252.32000
3548        569901.32900
3549        570550.91100
3550        571201.06400
3551        571851.79100
3552        572503.09100
3553        573154.96400
3554        573807.41000
3555        574460.43100
3556        575114.02700
3557        575768.19700
3558        576422.94200
3559        577078.26200
3560        577734.15800
3561        578390.63100
3562        579047.67900
3563        579705.30500
3564        580363.50700
3565        581022.28700
3566        581681.64500
3567        582341.58100
3568        583002.09500
3569        583663.18800
3570        584324.85900
3571        584987.11100
3572        585649.94200
3573        586313.35300
3574        586977.34400
3575        587641.91700
3576        588307.07000
3577        588972.80400
3578        589639.12100
3579        590306.01900
3580        590973.50000
3581        591641.56400
3582        592310.21000
3583        592979.44000
3584        593649.25400
3585        594319.65200
3586        594990.63400
3587        595662.20100
3588        596334.35300
3589        597007.09000
3590        597680.41300
3591        598354.32200
3592        599028.81800
3593        599703.90000
3594        600379.56900
3595        601055.82600
3596        601732.67000
3597        602410.10300
3598        603088.12400
3599        603766.73300
3600        604445.93200
3601        605125.72000
3602        605806.09800
3603        606487.06500
3604        607168.62400
3605        607850.77200
3606        608533.51200
3607        609216.84400
3608        609900.76700
3609        610585.28200
3610        611270.38900
3611        611956.09000
3612        612642.38300
3613        613329.27000
3614        614016.75000
3615        614704.82500
3616        615393.49400
3617        616082.75700
3618        616772.61600
3619        617463.07000
3620        618154.12000
3621        618845.76600
3622        619538.00800
3623        620230.84700
3624        620924.28400
3625        621618.31700
3626        622312.94800
3627        623008.17800
3628        623704.00600
3629        624400.43200
3630        625097.45800
3631        625795.08300
3632        626493.30700
3633        627192.13200
3634        627891.55800
3635        628591.58400
3636        629292.21100
3637        629993.43900
3638        630695.27000
3639        631397.70200
3640        632100.73700
3641        632804.37400
3642        633508.61500
3643        634213.45900
3644        634918.90700
3645        635624.95900
3646        636331.61500
3647        637038.87600
3648        637746.74300
3649        638455.21400
3650        639164.29200
3651        639873.97600
3652        640584.26600
3653        641295.16200
3654        642006.66600
3655        642718.77800
3656        643431.49700
3657        644144.82400
3658        644858.76000
3659        645573.30500
3660        646288.45800
3661        647004.22200
3662        647720.59500
3663        648437.57800
3664        649155.17100
3665        649873.37600
3666        650592.19100
3667        651311.61800
3668        652031.65700
3669        652752.30800
3670        653473.57100
3671        654195.44800
3672        654917.93700
3673        655641.04000
3674        656364.75700
3675        657089.08700
3676        657814.03300
3677        658539.59300
3678        659265.76800
3679        659992.55900
3680        660719.96600
3681        661447.98900
3682        662176.62800
3683        662905.88500
3684        663635.75800
3685        664366.24900
3686        665097.35800
3687        665829.08500
3688        666561.43000
3689        667294.39500
3690        668027.97800
3691        668762.18200
3692        669497.00500
3693        670232.44800
3694        670968.51200
3695        671705.19600
3696        672442.50200
3697        673180.43000
3698        673918.97900
3699        674658.15000
3700        675397.94400
3701        676138.36100
3702        676879.40200
3703        677621.06500
3704        678363.35300
3705        679106.26500
3706        679849.80200
3707        680593.96300
3708        681338.75000
3709        682084.16200
3710        682830.20000
3711        683576.86500
3712        684324.15600
3713        685072.07400
3714        685820.61900
3715        686569.79200
3716        687319.59300
3717        688070.02200
3718        688821.07900
3719        689572.76600
3720        690325.08200
3721        691078.02800
3722        691831.60300
3723        692585.80900
3724        693340.64500
3725        694096.11300
3726        694852.21200
3727        695608.94200
3728        696366.30400
3729        697124.29900
3730        697882.92600
3731        698642.18700
3732        699402.08000
3733        700162.60800
3734        700923.76900
3735        701685.56500
3736        702447.99500
3737        703211.06100
3738        703974.76100
3739        704739.09800
3740        705504.07000
3741        706269.67900
3742        707035.92400
3743        707802.80700
3744        708570.32700
3745        709338.48400
3746        710107.28000
3747        710876.71400
3748        711646.78700
3749        712417.49900
3750        713188.85000
3751        713960.84100
3752        714733.47200
3753        715506.74300
3754        716280.65500
3755        717055.20800
3756        717830.40300
3757        718606.23900
3758        719382.71800
3759        720159.83900
3760        720937.60300
3761        721716.00900
3762        722495.05900
3763        723274.75300
3764        724055.09200
3765        724836.07400
3766        725617.70100
3767        726399.97400
3768        727182.89200
3769        727966.45600
3770        728750.66500
3771        729535.52200
3772        730321.02500
3773        731107.17500
3774        731893.97300
3775        732681.41800
3776        733469.51200
3777        734258.25400
3778        735047.64600
3779        735837.68600
3780        736628.37600
3781        737419.71500
3782        738211.70500
3783        739004.34500
3784        739797.63600
3785        740591.57900
3786        741386.17300
3787        742181.41800
3788        742977.31600
3789        743773.86700
3790        744571.07000
3791        745368.92700
3792        746167.43700
3793        746966.60100
3794        747766.41900
3795        748566.89200
3796        749368.02000
3797        750169.80300
3798        750972.24200
3799        751775.33600
3800        752579.08700
3801        753383.49400
3802        754188.55900
3803        754994.28000
3804        755800.65900
3805        756607.69600
3806        757415.39200
3807        758223.74600
3808        759032.75900
3809        759842.43100
3810        760652.76300
3811        761463.75500
3812        762275.40700
3813        763087.72000
3814        763900.69400
3815        764714.32900
3816        765528.62500
3817        766343.58400
3818        767159.20500
3819        767975.48900
3820        768792.43600
3821        769610.04600
3822        770428.32000
3823        771247.25800
3824        772066.86000
3825        772887.12700
3826        773708.05800
3827        774529.65600
3828        775351.91900
3829        776174.84800
3830        776998.44300
3831        777822.70500
3832        778647.63400
3833        779473.23100
3834        780299.49500
3835        781126.42800
3836        781954.02800
3837        782782.29800
3838        783611.23600
3839        784440.84500
3840        785271.12200
3841        786102.07000
3842        786933.68800
3843        787765.97800
3844        788598.93800
3845        789432.56900
3846        790266.87300
3847        791101.84800
3848        791937.49600
3849        792773.81700
3850        793610.81100
3851        794448.47800
3852        795286.81900
3853        796125.83500
3854        796965.52500
3855        797805.88900
3856        798646.92900
3857        799488.64400
3858        800331.03500
3859        801174.10300
3860        802017.84700
3861        802862.26700
3862        803707.36500
3863        804553.14000
3864        805399.59400
3865        806246.72500
3866        807094.53500
3867        807943.02400
3868        808792.19200
3869        809642.03900
3870        810492.56700
3871        811343.77400
3872        812195.66300
3873        813048.23200
3874        813901.48200
3875        814755.41400
3876        815610.02800
3877        816465.32400
3878        817321.30200
3879        818177.96400
3880        819035.30900
3881        819893.33700
3882        820752.05000
3883        821611.44600
3884        822471.52800
3885        823332.29400
3886        824193.74500
3887        825055.88200
3888        825918.70500
3889        826782.21500
3890        827646.41100
3891        828511.29400
3892        829376.86400
3893        830243.12200
3894        831110.06800
3895        831977.70200
3896        832846.02500
3897        833715.03600
3898        834584.73800
3899        835455.12800
3900        836326.20900
3901        837197.98000
3902        838070.44200
3903        838943.59500
3904        839817.43900
3905        840691.97500
3906        841567.20300
3907        842443.12400
3908        843319.73700
3909        844197.04300
3910        845075.04200
3911        845953.73500
3912        846833.12300
3913        847713.20400
3914        848593.98000
3915        849475.45200
3916        850357.61900
3917        851240.48100
3918        852124.04000
3919        853008.29500
3920        853893.24700
3921        854778.89500
3922        855665.24200
3923        856552.28600
3924        857440.02800
3925        858328.46800
3926        859217.60800
3927        860107.44600
3928        860997.98400
3929        861889.22200
3930        862781.16000
3931        863673.79800
3932        864567.13700
3933        865461.17700
3934        866355.91900
3935        867251.36200
3936        868147.50800
3937        869044.35600
3938        869941.90700
3939        870840.16100
3940        871739.11800
3941        872638.78000
3942        873539.14500
3943        874440.21500
3944        875341.99000
3945        876244.47000
3946        877147.65600
3947        878051.54700
3948        878956.14500
3949        879861.44900
3950        880767.46000
3951        881674.17800
3952        882581.60300
3953        883489.73700
3954        884398.57900
3955        885308.12900
3956        886218.38800
3957        887129.35600
3958        888041.03400
3959        888953.42200
3960        889866.52000
3961        890780.32900
3962        891694.84800
3963        892610.07900
3964        893526.02100
3965        894442.67500
3966        895360.04200
3967        896278.12100
3968        897196.91300
3969        898116.41800
3970        899036.63700
3971        899957.56900
3972        900879.21600
3973        901801.57800
3974        902724.65400
3975        903648.44600
3976        904572.95300
3977        905498.17700
3978        906424.11600
3979        907350.77300
3980        908278.14600
3981        909206.23600
3982        910135.04400
3983        911064.57000
3984        911994.81400
3985        912925.77700
3986        913857.45900
3987        914789.86000
3988        915722.98100
3989        916656.82200
3990        917591.38300
3991        918526.66500
3992        919462.66800
3993        920399.39200
3994        921336.83800
3995        922275.00500
3996        923213.89500
3997        924153.50800
3998        925093.84400
3999        926034.90300
4000        926976.68600
4001        927919.19200
4002        928862.42300
4003        929806.37900
4004        930751.06000
4005        931696.46600
4006        932642.59800
4007        933589.45600
4008        934537.04000
4009        935485.35100
4010        936434.38900
4011        937384.15400
4012        938334.64700
4013        939285.86800
4014        940237.81700
4015        941190.49500
4016        942143.90200
4017        943098.03900
4018        944052.90500
4019        945008.50100
4020        945964.82800
4021        946921.88500
4022        947879.67300
4023        948838.19300
4024        949797.44500
4025        950757.42800
4026        951718.14400
4027        952679.59300
4028        953641.77400
4029        954604.69000
4030        955568.33800
4031        956532.72100
4032        957497.83900
4033        958463.69100
4034        959430.27800
4035        960397.60000
4036        961365.65900
4037        962334.45300
4038        963303.98400
4039        964274.25100
4040        965245.25600
4041        966216.99800
4042        967189.47800
4043        968162.69600
4044        969136.65200
4045        970111.34700
4046        971086.78100
4047        972062.95500
4048        973039.86800
4049        974017.52100
4050        974995.91500
4051        975975.05000
4052        976954.92500
4053        977935.54300
4054        978916.90100
4055        979899.00200
4056        980881.84600
4057        981865.43200
4058        982849.76100
4059        983834.83400
4060        984820.65100
4061        985807.21100
4062        986794.51600
4063        987782.56600
4064        988771.36100
4065        989760.90100
4066        990751.18800
4067        991742.22000
4068        992733.99800
4069        993726.52400
4070        994719.79700
4071        995713.81700
4072        996708.58400
4073        997704.10000
4074        998700.36500
4075        999697.37800
4076       1000695.14000
4077       1001693.65000
4078       1002692.91000
4079       1003692.93000
4080       1004693.69000
4081       1005695.20000
4082       1006697.46000
4083       1007700.48000
4084       1008704.25000
4085       1009708.77000
4086       1010714.04000
4087       1011720.06000
4088       1012726.84000
4089       1013734.37000
4090       1014742.66000
4091       1015751.70000
4092       1016761.49000
4093       1017772.04000
4094       1018783.34000
4095       1019795.40000
4096       1020808.21000
4097       1021821.78000
4098       1022836.11000
4099       1023851.20000
4100       1024867.04000
4101       1025883.64000
4102       1026900.99000
4103       1027919.11000
4104       1028937.98000
4105       1029957.61000
4106       1030978.00000
4107       1031999.15000
4108       1033021.06000
4109       1034043.73000
4110       1035067.16000
4111       1036091.35000
4112       1037116.31000
4113       1038142.02000
4114       1039168.50000
4115       1040195.73000
4116       1041223.73000
4117       1042252.50000
4118       1043282.02000
4119       1044312.31000
4120       1045343.36000
4121       1046375.18000
4122       1047407.76000
4123       1048441.11000
4124       1049475.22000
4125       1050510.10000
4126       1051545.74000
4127       1052582.15000
4128       1053619.33000
4129       1054657.27000
4130       1055695.98000
4131       1056735.45000
4132       1057775.70000
4133       1058816.71000
4134       1059858.49000
4135       1060901.04000
4136       1061944.36000
4137       1062988.45000
4138       1064033.30000
4139       1065078.93000
4140       1066125.33000
4141       1067172.50000
4142       1068220.44000
4143       1069269.15000
4144       1070318.63000
4145       1071368.89000
4146       1072419.92000
4147       1073471.72000
4148       1074524.29000
4149       1075577.64000
4150       1076631.76000
4151       1077686.65000
4152       1078742.32000
4153       1079798.76000
4154       1080855.98000
4155       1081913.98000
4156       1082972.75000
4157       1084032.29000
4158       1085092.61000
4159       1086153.71000
4160       1087215.59000
4161       1088278.24000
4162       1089341.67000
4163       1090405.88000
4164       1091470.87000
4165       1092536.63000
4166       1093603.18000
4167       1094670.50000
4168       1095738.61000
4169       1096807.49000
4170       1097877.15000
4171       1098947.60000
4172       1100018.83000
4173       1101090.83000
4174       1102163.62000
4175       1103237.19000
4176       1104311.54000
4177       1105386.68000
4178       1106462.60000
4179       1107539.30000
4180       1108616.79000
4181       1109695.06000
4182       1110774.11000
4183       1111853.95000
4184       1112934.57000
4185       1114015.98000
4186       1115098.17000
4187       1116181.15000
4188       1117264.92000
4189       1118349.47000
4190       1119434.81000
4191       1120520.94000
4192       1121607.85000
4193       1122695.56000
4194       1123784.05000
4195       1124873.33000
4196       1125963.39000
4197       1127054.25000
4198       1128145.90000
4199       1129238.34000
4200       1130331.56000
4201       1131425.58000
4202       1132520.39000
4203       1133615.99000
4204       1134712.38000
4205       1135809.56000
4206       1136907.54000
4207       1138006.30000
4208       1139105.87000
4209       1140206.22000
4210       1141307.37000
4211       1142409.31000
4212       1143512.04000
4213       1144615.57000
4214       1145719.90000
4215       1146825.02000
4216       1147930.93000
4217       1149037.64000
4218       1150145.15000
4219       1151253.45000
4220       1152362.55000
4221       1153472.45000
4222       1154583.14000
4223       1155694.64000
4224       1156806.93000
4225       1157920.01000
4226       1159033.90000
4227       1160148.59000
4228       1161264.07000
4229       1162380.36000
4230       1163497.45000
4231       1164615.33000
4232       1165734.02000
4233       1166853.51000
4234       1167973.80000
4235       1169094.89000
4236       1170216.78000
4237       1171339.47000
4238       1172462.97000
4239       1173587.27000
4240       1174712.38000
4241       1175838.28000
4242       1176965.00000
4243       1178092.51000
4244       1179220.83000
4245       1180349.96000
4246       1181479.89000
4247       1182610.63000
4248       1183742.17000
4249       1184874.52000
4250       1186007.67000
4251       1187141.63000
4252       1188276.40000
4253       1189411.98000
4254       1190548.36000
4255       1191685.56000
4256       1192823.56000
4257       1193962.37000
4258       1195101.99000
4259       1196242.42000
4260       1197383.66000
4261       1198525.71000
4262       1199668.56000
4263       1200812.24000
4264       1201956.72000
4265       1203102.01000
4266       1204248.11000
4267       1205395.03000
4268       1206542.76000
4269       1207691.30000
4270       1208840.66000
4271       1209990.83000
4272       1211141.81000
4273       1212293.60000
4274       1213446.21000
4275       1214599.64000
4276       1215753.88000
4277       1216908.94000
4278       1218064.81000
4279       1219221.49000
4280       1220379.00000
4281       1221537.32000
4282       1222696.46000
4283       1223856.41000
4284       1225017.18000
4285       1226178.77000
4286       1227341.18000
4287       1228504.41000
4288       1229668.45000
4289       1230833.32000
4290       1231999.01000
4291       1233165.51000
4292       1234332.83000
4293       1235500.98000
4294       1236669.95000
4295       1237839.73000
4296       1239010.34000
4297       1240181.77000
4298       1241354.03000
4299       1242527.10000
4300       1243701.00000
4301       1244875.72000
4302       1246051.27000
4303       1247227.64000
4304       1248404.83000
4305       1249582.85000
4306       1250761.69000
4307       1251941.36000
4308       1253121.85000
4309       1254303.17000
4310       1255485.31000
4311       1256668.28000
4312       1257852.08000
4313       1259036.70000
4314       1260222.15000
4315       1261408.43000
4316       1262595.54000
4317       1263783.48000
4318       1264972.24000
4319       1266161.83000
4320       1267352.26000
4321       1268543.51000
4322       1269735.59000
4323       1270928.50000
4324       1272122.24000
4325       1273316.82000
4326       1274512.22000
4327       1275708.46000
4328       1276905.53000
4329       1278103.43000
4330       1279302.16000
4331       1280501.72000
4332       1281702.12000
4333       1282903.35000
4334       1284105.42000
4335       1285308.32000
4336       1286512.05000
4337       1287716.62000
4338       1288922.03000
4339       1290128.27000
4340       1291335.34000
4341       1292543.25000
4342       1293752.00000
4343       1294961.58000
4344       1296172.00000
4345       1297383.26000
4346       1298595.36000
4347       1299808.29000
4348       1301022.06000
4349       1302236.67000
4350       1303452.12000
4351       1304668.41000
4352       1305885.54000
4353       1307103.51000
4354       1308322.32000
4355       1309541.97000
4356       1310762.46000
4357       1311983.79000
4358       1313205.96000
4359       1314428.97000
4360       1315652.83000
4361       1316877.53000
4362       1318103.07000
4363       1319329.45000
4364       1320556.68000
4365       1321784.75000
4366       1323013.66000
4367       1324243.42000
4368       1325474.03000
4369       1326705.48000
4370       1327937.77000
4371       1329170.91000
4372       1330404.90000
4373       1331639.73000
4374       1332875.41000
4375       1334111.93000
4376       1335349.31000
4377       1336587.53000
4378       1337826.59000
4379       1339066.51000
4380       1340307.27000
4381       1341548.89000
4382       1342791.35000
4383       1344034.66000
4384       1345278.82000
4385       1346523.84000
4386       1347769.70000
4387       1349016.41000
4388       1350263.97000
4389       1351512.39000
4390       1352761.65000
4391       1354011.77000
4392       1355262.74000
4393       1356514.57000
4394       1357767.24000
4395       1359020.77000
4396       1360275.16000
4397       1361530.39000
4398       1362786.48000
4399       1364043.43000
4400       1365301.23000
4401       1366559.89000
4402       1367819.40000
4403       1369079.76000
4404       1370340.99000
4405       1371603.06000
4406       1372866.00000
4407       1374129.79000
4408       1375394.44000
4409       1376659.95000
4410       1377926.32000
4411       1379193.54000
4412       1380461.62000
4413       1381730.57000
4414       1383000.37000
4415       1384271.03000
4416       1385542.55000
4417       1386814.93000
4418       1388088.17000
4419       1389362.27000
4420       1390637.23000
4421       1391913.06000
4422       1393189.74000
4423       1394467.29000
4424       1395745.70000
4425       1397024.97000
4426       1398305.11000
4427       1399586.11000
4428       1400867.97000
4429       1402150.70000
4430       1403434.29000
4431       1404718.74000
4432       1406004.07000
4433       1407290.25000
4434       1408577.30000
4435       1409865.22000
4436       1411154.00000
4437       1412443.65000
4438       1413734.17000
4439       1415025.55000
4440       1416317.80000
4441       1417610.92000
4442       1418904.91000
4443       1420199.76000
4444       1421495.49000
4445       1422792.08000
4446       1424089.54000
4447       1425387.87000
4448       1426687.08000
4449       1427987.15000
4450       1429288.09000
4451       1430589.90000
4452       1431892.59000
4453       1433196.14000
4454       1434500.57000
4455       1435805.87000
4456       1437112.04000
4457       1438419.09000
4458       1439727.00000
4459       1441035.80000
4460       1442345.46000
4461       1443656.00000
4462       1444967.41000
4463       1446279.70000
4464       1447592.86000
4465       1448906.90000
4466       1450221.81000
4467       1451537.60000
4468       1452854.27000
4469       1454171.81000
4470       1455490.23000
4471       1456809.52000
4472       1458129.70000
4473       1459450.75000
4474       1460772.68000
4475       1462095.48000
4476       1463419.17000
4477       1464743.73000
4478       1466069.18000
4479       1467395.50000
4480       1468722.70000
4481       1470050.79000
4482       1471379.75000
4483       1472709.59000
4484       1474040.32000
4485       1475371.93000
4486       1476704.42000
4487       1478037.79000
4488       1479372.04000
4489       1480707.18000
4490       1482043.20000
4491       1483380.10000
4492       1484717.88000
4493       1486056.55000
4494       1487396.11000
4495       1488736.55000
4496       1490077.87000
4497       1491420.08000
4498       1492763.17000
4499       1494107.15000
4500       1495452.02000
4501       1496797.77000
4502       1498144.41000
4503       1499491.93000
4504       1500840.35000
4505       1502189.65000
4506       1503539.84000
4507       1504890.91000
4508       1506242.88000
4509       1507595.73000
4510       1508949.48000
4511       1510304.11000
4512       1511659.63000
4513       1513016.05000
4514       1514373.35000
4515       1515731.54000
4516       1517090.63000
4517       1518450.60000
4518       1519811.47000
4519       1521173.23000
4520       1522535.88000
4521       1523899.43000
4522       1525263.86000
4523       1526629.19000
4524       1527995.42000
4525       1529362.53000
4526       1530730.55000
4527       1532099.45000
4528       1533469.25000
4529       1534839.95000
4530       1536211.54000
4531       1537584.03000
4532       1538957.41000
4533       1540331.69000
4534       1541706.86000
4535       1543082.93000
4536       1544459.90000
4537       1545837.77000
4538       1547216.53000
4539       1548596.20000
4540       1549976.76000
4541       1551358.22000
4542       1552740.57000
4543       1554123.83000
4544       1555507.99000
4545       1556893.04000
4546       1558279.00000
4547       1559665.86000
4548       1561053.62000
4549       1562442.28000
4550       1563831.84000
4551       1565222.30000
4552       1566613.66000
4553       1568005.93000
4554       1569399.10000
4555       1570793.17000
4556       1572188.15000
4557       1573584.03000
4558       1574980.81000
4559       1576378.50000
4560       1577777.09000
4561       1579176.58000
4562       1580576.99000
4563       1581978.29000
4564       1583380.50000
4565       1584783.62000
4566       1586187.65000
4567       1587592.58000
4568       1588998.41000
4569       1590405.16000
4570       1591812.81000
4571       1593221.37000
4572       1594630.84000
4573       1596041.22000
4574       1597452.50000
4575       1598864.70000
4576       1600277.80000
4577       1601691.81000
4578       1603106.73000
4579       1604522.57000
4580       1605939.31000
4581       1607356.97000
4582       1608775.53000
4583       1610195.01000
4584       1611615.40000
4585       1613036.70000
4586       1614458.91000
4587       1615882.03000
4588       1617306.07000
4589       1618731.02000
4590       1620156.89000
4591       1621583.67000
4592       1623011.36000
4593       1624439.97000
4594       1625869.49000
4595       1627299.93000
4596       1628731.28000
4597       1630163.55000
4598       1631596.73000
4599       1633030.83000
4600       1634465.85000
4601       1635901.78000
4602       1637338.63000
4603       1638776.40000
4604       1640215.08000
4605       1641654.68000
4606       1643095.21000
4607       1644536.65000
4608       1645979.01000
4609       1647422.28000
4610       1648866.48000
4611       1650311.60000
4612       1651757.64000
4613       1653204.59000
4614       1654652.47000
4615       1656101.27000
4616       1657550.99000
4617       1659001.64000
4618       1660453.20000
4619       1661905.69000
4620       1663359.10000
4621       1664813.43000
4622       1666268.68000
4623       1667724.86000
4624       1669181.96000
4625       1670639.99000
4626       1672098.94000
4627       1673558.81000
4628       1675019.61000
4629       1676481.34000
4630       1677943.99000
4631       1679407.56000
4632       1680872.06000
4633       1682337.49000
4634       1683803.85000
4635       1685271.13000
4636       1686739.34000
4637       1688208.47000
4638       1689678.54000
4639       1691149.53000
4640       1692621.45000
4641       1694094.30000
4642       1695568.08000
4643       1697042.78000
4644       1698518.42000
4645       1699994.99000
4646       1701472.49000
4647       1702950.91000
4648       1704430.27000
4649       1705910.56000
4650       1707391.78000
4651       1708873.94000
4652       1710357.02000
4653       1711841.04000
4654       1713325.99000
4655       1714811.87000
4656       1716298.68000
4657       1717786.43000
4658       1719275.11000
4659       1720764.73000
4660       1722255.28000
4661       1723746.77000
4662       1725239.19000
4663       1726732.54000
4664       1728226.83000
4665       1729722.06000
4666       1731218.22000
4667       1732715.32000
4668       1734213.36000
4669       1735712.33000
4670       1737212.24000
4671       1738713.09000
4672       1740214.87000
4673       1741717.60000
4674       1743221.26000
4675       1744725.86000
4676       1746231.40000
4677       1747737.88000
4678       1749245.29000
4679       1750753.65000
4680       1752262.95000
4681       1753773.19000
4682       1755284.37000
4683       1756796.49000
4684       1758309.55000
4685       1759823.56000
4686       1761338.50000
4687       1762854.39000
4688       1764371.22000
4689       1765888.99000
4690       1767407.71000
4691       1768927.37000
4692       1770447.97000
4693       1771969.52000
4694       1773492.01000
4695       1775015.44000
4696       1776539.82000
4697       1778065.15000
4698       1779591.42000
4699       1781118.64000
4700       1782646.80000
4701       1784175.91000
4702       1785705.96000
4703       1787236.97000
4704       1788768.92000
4705       1790301.81000
4706       1791835.66000
4707       1793370.45000
4708       1794906.19000
4709       1796442.88000
4710       1797980.52000
4711       1799519.11000
4712       1801058.64000
4713       1802599.13000
4714       1804140.57000
4715       1805682.95000
4716       1807226.29000
4717       1808770.58000
4718       1810315.82000
4719       1811862.01000
4720       1813409.15000
4721       1814957.25000
4722       1816506.29000
4723       1818056.29000
4724       1819607.25000
4725       1821159.15000
4726       1822712.01000
4727       1824265.83000
4728       1825820.59000
4729       1827376.31000
4730       1828932.99000
4731       1830490.62000
4732       1832049.21000
4733       1833608.75000
4734       1835169.25000
4735       1836730.70000
4736       1838293.11000
4737       1839856.48000
4738       1841420.80000
4739       1842986.08000
4740       1844552.32000
4741       1846119.52000
4742       1847687.67000
4743       1849256.78000
4744       1850826.85000
4745       1852397.88000
4746       1853969.87000
4747       1855542.82000
4748       1857116.73000
4749       1858691.60000
4750       1860267.43000
4751       1861844.22000
4752       1863421.97000
4753       1865000.68000
4754       1866580.35000
4755       1868160.98000
4756       1869742.58000
4757       1871325.14000
4758       1872908.66000
4759       1874493.15000
4760       1876078.59000
4761       1877665.01000
4762       1879252.38000
4763       1880840.72000
4764       1882430.02000
4765       1884020.29000
4766       1885611.52000
4767       1887203.72000
4768       1888796.88000
4769       1890391.01000
4770       1891986.11000
4771       1893582.17000
4772       1895179.20000
4773       1896777.19000
4774       1898376.15000
4775       1899976.08000
4776       1901576.98000
4777       1903178.84000
4778       1904781.68000
4779       1906385.48000
4780       1907990.25000
4781       1909595.99000
4782       1911202.70000
4783       1912810.38000
4784       1914419.03000
4785       1916028.65000
4786       1917639.23000
4787       1919250.79000
4788       1920863.33000
4789       1922476.83000
4790       1924091.30000
4791       1925706.75000
4792       1927323.17000
4793       1928940.56000
4794       1930558.92000
4795       1932178.26000
4796       1933798.57000
4797       1935419.85000
4798       1937042.11000
4799       1938665.34000
4800       1940289.55000
4801       1941914.73000
4802       1943540.88000
4803       1945168.01000
4804       1946796.12000
4805       1948425.20000
4806       1950055.26000
4807       1951686.29000
4808       1953318.31000
4809       1954951.29000
4810       1956585.26000
4811       1958220.20000
4812       1959856.12000
4813       1961493.02000
4814       1963130.90000
4815       1964769.75000
4816       1966409.59000
4817       1968050.40000
4818       1969692.20000
4819       1971334.97000
4820       1972978.72000
4821       1974623.45000
4822       1976269.17000
4823       1977915.86000
4824       1979563.54000
4825       1981212.20000
4826       1982861.83000
4827       1984512.45000
4828       1986164.06000
4829       1987816.64000
4830       1989470.21000
4831       1991124.76000
4832       1992780.29000
4833       1994436.81000
4834       1996094.31000
4835       1997752.80000
4836       1999412.27000
4837       2001072.72000
4838       2002734.16000
4839       2004396.59000
4840       2006060.00000
4841       2007724.40000
4842       2009389.78000
4843       2011056.15000
4844       2012723.50000
4845       2014391.84000
4846       2016061.17000
4847       2017731.49000
4848       2019402.79000
4849       2021075.09000
4850       2022748.37000
4851       2024422.64000
4852       2026097.89000
4853       2027774.14000
4854       2029451.38000
4855       2031129.60000
4856       2032808.82000
4857       2034489.02000
4858       2036170.22000
4859       2037852.41000
4860       2039535.58000
4861       2041219.75000
4862       2042904.91000
4863       2044591.07000
4864       2046278.21000
4865       2047966.35000
4866       2049655.48000
4867       2051345.60000
4868       2053036.71000
4869       2054728.82000
4870       2056421.92000
4871       2058116.02000
4872       2059811.11000
4873       2061507.20000
4874       2063204.28000
4875       2064902.35000
4876       2066601.42000
4877       2068301.49000
4878       2070002.55000
4879       2071704.61000
4880       2073407.66000
4881       2075111.71000
4882       2076816.76000
4883       2078522.80000
4884       2080229.85000
4885       2081937.89000
4886       2083646.92000
4887       2085356.96000
4888       2087067.99000
4889       2088780.03000
4890       2090493.06000
4891       2092207.09000
4892       2093922.12000
4893       2095638.16000
4894       2097355.19000
4895       2099073.22000
4896       2100792.25000
4897       2102512.29000
4898       2104233.32000
4899       2105955.36000
4900       2107678.39000
4901       2109402.43000
4902       2111127.48000
4903       2112853.52000
4904       2114580.57000
4905       2116308.62000
4906       2118037.67000
4907       2119767.73000
4908       2121498.79000
4909       2123230.86000
4910       2124963.93000
4911       2126698.01000
4912       2128433.09000
4913       2130169.17000
4914       2131906.26000
4915       2133644.36000
4916       2135383.46000
4917       2137123.57000
4918       2138864.68000
4919       2140606.81000
4920       2142349.94000
4921       2144094.07000
4922       2145839.22000
4923       2147585.37000
4924       2149332.53000
4925       2151080.70000
4926       2152829.87000
4927       2154580.06000
4928       2156331.26000
4929       2158083.46000
4930       2159836.67000
4931       2161590.90000
4932       2163346.13000
4933       2165102.38000
4934       2166859.64000
4935       2168617.90000
4936       2170377.18000
4937       2172137.47000
4938       2173898.77000
4939       2175661.09000
4940       2177424.41000
4941       2179188.75000
4942       2180954.10000
4943       2182720.47000
4944       2184487.85000
4945       2186256.24000
4946       2188025.64000
4947       2189796.06000
4948       2191567.50000
4949       2193339.95000
4950       2195113.41000
4951       2196887.89000
4952       2198663.39000
4953       2200439.90000
4954       2202217.42000
4955       2203995.97000
4956       2205775.52000
4957       2207556.10000
4958       2209337.69000
4959       2211120.31000
4960       2212903.93000
4961       2214688.58000
4962       2216474.24000
4963       2218260.93000
4964       2220048.63000
4965       2221837.35000
4966       2223627.09000
4967       2225417.84000
4968       2227209.62000
4969       2229002.42000
4970       2230796.24000
4971       2232591.08000
4972       2234386.94000
4973       2236183.82000
4974       2237981.72000
4975       2239780.64000
4976       2241580.59000
4977       2243381.55000
4978       2245183.54000
4979       2246986.55000
4980       2248790.59000
4981       2250595.65000
4982       2252401.73000
4983       2254208.83000
4984       2256016.96000
4985       2257826.11000
4986       2259636.29000
4987       2261447.49000
4988       2263259.71000
4989       2265072.96000
4990       2266887.24000
4991       2268702.54000
4992       2270518.87000
4993       2272336.22000
4994       2274154.60000
4995       2275974.01000
4996       2277794.44000
4997       2279615.90000
4998       2281438.39000
4999       2283261.91000
5000       2285086.45000