   1            12.22765
   2            22.03496
   3            31.94429
   4            41.87676
   5            51.81828
   6            61.76435
   7            71.71309
   8            81.66356
   9            91.61526
  10           101.56789
  11           111.52124
  12           121.47520
  13           131.42968
  14           141.38461
  15           151.33994
  16           161.29565
  17           171.25171
  18           181.20810
  19           191.16480
  20           201.12179
  21           211.07908
  22           221.03664
  23           230.99448
  24           240.95259
  25           250.91095
  26           260.86958
  27           270.82846
  28           280.78759
  29           290.74697
  30           300.70660
  31           310.66647
  32           320.62659
  33           330.58695
  34           340.54755
  35           350.50838
  36           360.46946
  37           370.43077
  38           380.39232
  39           390.35411
  40           400.31613
  41           410.27839
  42           420.24088
  43           430.20360
  44           440.16656
  45           450.12975
  46           460.09317
  47           470.05683
  48           480.02073
  49           489.98486
  50           499.94922
  51           509.91383
  52           519.87867
  53           529.84375
  54           539.80909
  55           549.77467
  56           559.74050
  57           569.70659
  58           579.67295
  59           589.63958
  60           599.60650
  61           609.57371
  62           619.54123
  63           629.50906
  64           639.47724
  65           649.44576
  66           659.41467
  67           669.38397
  68           679.35369
  69           689.32387
  70           699.29454
  71           709.26572
  72           719.23747
  73           729.20981
  74           739.18280
  75           749.15649
  76           759.13092
  77           769.10616
  78           779.08228
  79           789.05933
  80           799.03739
  81           809.01653
  82           818.99684
  83           828.97840
  84           838.96130
  85           848.94564
  86           858.93153
  87           868.91906
  88           878.90835
  89           888.89951
  90           898.89268
  91           908.88797
  92           918.88553
  93           928.88548
  94           938.88798
  95           948.89318
  96           958.90123
  97           968.91228
  98           978.92652
  99           988.94410
 100           998.96521
 101          1008.99000
 102          1019.01870
 103          1029.05150
 104          1039.08860
 105          1049.13010
 106          1059.17640
 107          1069.22750
 108          1079.28380
 109          1089.34540
 110          1099.41250
 111          1109.48540
 112          1119.56440
 113          1129.64960
 114          1139.74120
 115          1149.83970
 116          1159.94510
 117          1170.05770
 118          1180.17780
 119          1190.30570
 120          1200.44160
 121          1210.58570
 122          1220.73840
 123          1230.89990
 124          1241.07040
 125          1251.25030
 126          1261.43990
 127          1271.63930
 128          1281.84890
 129          1292.06890
 130          1302.29970
 131          1312.54160
 132          1322.79470
 133          1333.05950
 134          1343.33610
 135          1353.62500
 136          1363.92630
 137          1374.24040
 138          1384.56750
 139          1394.90800
 140          1405.26220
 141          1415.63030
 142          1426.01260
 143          1436.40950
 144          1446.82130
 145          1457.24820
 146          1467.69050
 147          1478.14860
 148          1488.62270
 149          1499.11310
 150          1509.62010
 151          1520.14410
 152          1530.68530
 153          1541.24410
 154          1551.82060
 155          1562.41530
 156          1573.02830
 157          1583.66010
 158          1594.31090
 159          1604.98100
 160          1615.67070
 161          1626.38020
 162          1637.10990
 163          1647.86010
 164          1658.63110
 165          1669.42300
 166          1680.23640
 167          1691.07130
 168          1701.92810
 169          1712.80720
 170          1723.70870
 171          1734.63300
 172          1745.58030
 173          1756.55090
 174          1767.54520
 175          1778.56330
 176          1789.60560
 177          1800.67230
 178          1811.76370
 179          1822.88010
 180          1834.02180
 181          1845.18900
 182          1856.38200
 183          1867.60110
 184          1878.84650
 185          1890.11860
 186          1901.41750
 187          1912.74350
 188          1924.09690
 189          1935.47800
 190          1946.88700
 191          1958.32420
 192          1969.78980
 193          1981.28410
 194          1992.80740
 195          2004.35990
 196          2015.94180
 197          2027.55340
 198          2039.19500
 199          2050.86680
 200          2062.56900
 201          2074.30190
 202          2086.06580
 203          2097.86090
 204          2109.68740
 205          2121.54560
 206          2133.43570
 207          2145.35790
 208          2157.31260
 209          2169.29980
 210          2181.32000
 211          2193.37320
 212          2205.45980
 213          2217.57990
 214          2229.73380
 215          2241.92180
 216          2254.14400
 217          2266.40060
 218          2278.69200
 219          2291.01840
 220          2303.37990
 221          2315.77680
 222          2328.20920
 223          2340.67760
 224          2353.18190
 225          2365.72260
 226          2378.29970
 227          2390.91350
 228          2403.56430
 229          2416.25220
 230          2428.97750
 231          2441.74030
 232          2454.54090
 233          2467.37950
 234          2480.25630
 235          2493.17160
 236          2506.12540
 237          2519.11810
 238          2532.14990
 239          2545.22090
 240          2558.33130
 241          2571.48150
 242          2584.67150
 243          2597.90160
 244          2611.17190
 245          2624.48280
 246          2637.83430
 247          2651.22670
 248          2664.66020
 249          2678.13500
 250          2691.65130
 251          2705.20930
 252          2718.80920
 253          2732.45110
 254          2746.13540
 255          2759.86210
 256          2773.63150
 257          2787.44370
 258          2801.29910
 259          2815.19760
 260          2829.13970
 261          2843.12540
 262          2857.15490
 263          2871.22850
 264          2885.34630
 265          2899.50850
 266          2913.71530
 267          2927.96690
 268          2942.26350
 269          2956.60530
 270          2970.99250
 271          2985.42520
 272          2999.90360
 273          3014.42800
 274          3028.99850
 275          3043.61530
 276          3058.27860
 277          3072.98860
 278          3087.74550
 279          3102.54940
 280          3117.40050
 281          3132.29910
 282          3147.24530
 283          3162.23930
 284          3177.28120
 285          3192.37130
 286          3207.50980
 287          3222.69680
 288          3237.93250
 289          3253.21710
 290          3268.55070
 291          3283.93370
 292          3299.36600
 293          3314.84800
 294          3330.37980
 295          3345.96160
 296          3361.59360
 297          3377.27590
 298          3393.00880
 299          3408.79230
 300          3424.62680
 301          3440.51230
 302          3456.44910
 303          3472.43730
 304          3488.47710
 305          3504.56870
 306          3520.71230
 307          3536.90810
 308          3553.15620
 309          3569.45680
 310          3585.81010
 311          3602.21620
 312          3618.67540
 313          3635.18790
 314          3651.75370
 315          3668.37320
 316          3685.04640
 317          3701.77360
 318          3718.55480
 319          3735.39040
 320          3752.28050
 321          3769.22520
 322          3786.22480
 323          3803.27940
 324          3820.38920
 325          3837.55430
 326          3854.77500
 327          3872.05150
 328          3889.38380
 329          3906.77230
 330          3924.21700
 331          3941.71820
 332          3959.27590
 333          3976.89050
 334          3994.56210
 335          4012.29080
 336          4030.07690
 337          4047.92050
 338          4065.82180
 339          4083.78100
 340          4101.79820
 341          4119.87370
 342          4138.00750
 343          4156.20000
 344          4174.45120
 345          4192.76140
 346          4211.13080
 347          4229.55940
 348          4248.04750
 349          4266.59530
 350          4285.20290
 351          4303.87060
 352          4322.59850
 353          4341.38670
 354          4360.23550
 355          4379.14510
 356          4398.11560
 357          4417.14720
 358          4436.24010
 359          4455.39450
 360          4474.61050
 361          4493.88830
 362          4513.22820
 363          4532.63030
 364          4552.09470
 365          4571.62170
 366          4591.21140
 367          4610.86400
 368          4630.57980
 369          4650.35880
 370          4670.20130
 371          4690.10740
 372          4710.07740
 373          4730.11130
 374          4750.20950
 375          4770.37200
 376          4790.59920
 377          4810.89100
 378          4831.24780
 379          4851.66970
 380          4872.15690
 381          4892.70950
 382          4913.32780
 383          4934.01200
 384          4954.76220
 385          4975.57860
 386          4996.46150
 387          5017.41090
 388          5038.42710
 389          5059.51020
 390          5080.66050
 391          5101.87810
 392          5123.16320
 393          5144.51610
 394          5165.93680
 395          5187.42560
 396          5208.98260
 397          5230.60810
 398          5252.30230
 399          5274.06520
 400          5295.89720
 401          5317.79840
 402          5339.76900
 403          5361.80910
 404          5383.91900
 405          5406.09890
 406          5428.34890
 407          5450.66920
 408          5473.06010
 409          5495.52170
 410          5518.05420
 411          5540.65770
 412          5563.33260
 413          5586.07890
 414          5608.89690
 415          5631.78680
 416          5654.74870
 417          5677.78290
 418          5700.88940
 419          5724.06870
 420          5747.32070
 421          5770.64570
 422          5794.04400
 423          5817.51560
 424          5841.06090
 425          5864.67990
 426          5888.37290
 427          5912.14010
 428          5935.98160
 429          5959.89780
 430          5983.88860
 431          6007.95450
 432          6032.09550
 433          6056.31180
 434          6080.60370
 435          6104.97130
 436          6129.41480
 437          6153.93450
 438          6178.53060
 439          6203.20310
 440          6227.95240
 441          6252.77860
 442          6277.68200
 443          6302.66260
 444          6327.72080
 445          6352.85670
 446          6378.07060
 447          6403.36250
 448          6428.73280
 449          6454.18160
 450          6479.70920
 451          6505.31560
 452          6531.00120
 453          6556.76620
 454          6582.61060
 455          6608.53480
 456          6634.53890
 457          6660.62320
 458          6686.78780
 459          6713.03300
 460          6739.35890
 461          6765.76580
 462          6792.25380
 463          6818.82330
 464          6845.47420
 465          6872.20700
 466          6899.02170
 467          6925.91870
 468          6952.89800
 469          6979.95990
 470          7007.10470
 471          7034.33240
 472          7061.64340
 473          7089.03780
 474          7116.51590
 475          7144.07780
 476          7171.72370
 477          7199.45400
 478          7227.26870
 479          7255.16810
 480          7283.15240
 481          7311.22180
 482          7339.37660
 483          7367.61680
 484          7395.94280
 485          7424.35480
 486          7452.85300
 487          7481.43750
 488          7510.10860
 489          7538.86650
 490          7567.71140
 491          7596.64360
 492          7625.66320
 493          7654.77050
 494          7683.96570
 495          7713.24890
 496          7742.62050
 497          7772.08060
 498          7801.62940
 499          7831.26720
 500          7860.99420
 501          7890.81060
 502          7920.71650
 503          7950.71230
 504          7980.79820
 505          8010.97430
 506          8041.24090
 507          8071.59820
 508          8102.04640
 509          8132.58580
 510          8163.21650
 511          8193.93880
 512          8224.75290
 513          8255.65910
 514          8286.65750
 515          8317.74840
 516          8348.93190
 517          8380.20840
 518          8411.57800
 519          8443.04100
 520          8474.59760
 521          8506.24800
 522          8537.99240
 523          8569.83110
 524          8601.76420
 525          8633.79210
 526          8665.91490
 527          8698.13290
 528          8730.44630
 529          8762.85530
 530          8795.36010
 531          8827.96100
 532          8860.65820
 533          8893.45200
 534          8926.34250
 535          8959.32990
 536          8992.41460
 537          9025.59680
 538          9058.87660
 539          9092.25440
 540          9125.73030
 541          9159.30450
 542          9192.97740
 543          9226.74910
 544          9260.61980
 545          9294.58990
 546          9328.65950
 547          9362.82880
 548          9397.09820
 549          9431.46780
 550          9465.93790
 551          9500.50860
 552          9535.18040
 553          9569.95320
 554          9604.82760
 555          9639.80350
 556          9674.88140
 557          9710.06130
 558          9745.34360
 559          9780.72860
 560          9816.21630
 561          9851.80720
 562          9887.50130
 563          9923.29910
 564          9959.20060
 565          9995.20610
 566         10031.31600
 567         10067.53000
 568         10103.84900
 569         10140.27300
 570         10176.80300
 571         10213.43800
 572         10250.17800
 573         10287.02500
 574         10323.97700
 575         10361.03700
 576         10398.20300
 577         10435.47500
 578         10472.85600
 579         10510.34300
 580         10547.93800
 581         10585.64100
 582         10623.45300
 583         10661.37200
 584         10699.40100
 585         10737.53800
 586         10775.78400
 587         10814.14000
 588         10852.60600
 589         10891.18100
 590         10929.86700
 591         10968.66300
 592         11007.57000
 593         11046.58800
 594         11085.71600
 595         11124.95700
 596         11164.30900
 597         11203.77200
 598         11243.34800
 599         11283.03700
 600         11322.83800
 601         11362.75200
 602         11402.77900
 603         11442.92000
 604         11483.17500
 605         11523.54300
 606         11564.02600
 607         11604.62300
 608         11645.33400
 609         11686.16100
 610         11727.10300
 611         11768.16100
 612         11809.33400
 613         11850.62300
 614         11892.02900
 615         11933.55100
 616         11975.19000
 617         12016.94600
 618         12058.82000
 619         12100.81000
 620         12142.91900
 621         12185.14600
 622         12227.49100
 623         12269.95500
 624         12312.53800
 625         12355.24000
 626         12398.06100
 627         12441.00200
 628         12484.06300
 629         12527.24400
 630         12570.54600
 631         12613.96800
 632         12657.51200
 633         12701.17700
 634         12744.96300
 635         12788.87100
 636         12832.90100
 637         12877.05400
 638         12921.32900
 639         12965.72700
 640         13010.24800
 641         13054.89200
 642         13099.66100
 643         13144.55300
 644         13189.57000
 645         13234.71100
 646         13279.97600
 647         13325.36700
 648         13370.88400
 649         13416.52500
 650         13462.29300
 651         13508.18700
 652         13554.20700
 653         13600.35400
 654         13646.62800
 655         13693.02900
 656         13739.55800
 657         13786.21500
 658         13832.99900
 659         13879.91200
 660         13926.95400
 661         13974.12500
 662         14021.42400
 663         14068.85300
 664         14116.41200
 665         14164.10100
 666         14211.92100
 667         14259.87100
 668         14307.95200
 669         14356.16400
 670         14404.50700
 671         14452.98200
 672         14501.58900
 673         14550.32900
 674         14599.20100
 675         14648.20500
 676         14697.34300
 677         14746.61500
 678         14796.02000
 679         14845.55900
 680         14895.23300
 681         14945.04000
 682         14994.98300
 683         15045.06100
 684         15095.27500
 685         15145.62400
 686         15196.10900
 687         15246.73000
 688         15297.48800
 689         15348.38300
 690         15399.41500
 691         15450.58500
 692         15501.89200
 693         15553.33800
 694         15604.92100
 695         15656.64400
 696         15708.50500
 697         15760.50500
 698         15812.64500
 699         15864.92500
 700         15917.34500
 701         15969.90500
 702         16022.60600
 703         16075.44800
 704         16128.43100
 705         16181.55600
 706         16234.82200
 707         16288.23100
 708         16341.78200
 709         16395.47600
 710         16449.31400
 711         16503.29400
 712         16557.41800
 713         16611.68600
 714         16666.09900
 715         16720.65600
 716         16775.35700
 717         16830.20400
 718         16885.19700
 719         16940.33500
 720         16995.61900
 721         17051.05000
 722         17106.62700
 723         17162.35200
 724         17218.22300
 725         17274.24300
 726         17330.41000
 727         17386.72500
 728         17443.18900
 729         17499.80200
 730         17556.56400
 731         17613.47500
 732         17670.53600
 733         17727.74700
 734         17785.10900
 735         17842.62100
 736         17900.28400
 737         17958.09900
 738         18016.06500
 739         18074.18300
 740         18132.45300
 741         18190.87600
 742         18249.45200
 743         18308.18100
 744         18367.06300
 745         18426.09900
 746         18485.28900
 747         18544.63400
 748         18604.13400
 749         18663.78800
 750         18723.59800
 751         18783.56400
 752         18843.68500
 753         18903.96300
 754         18964.39800
 755         19024.98900
 756         19085.73800
 757         19146.64500
 758         19207.70900
 759         19268.93200
 760         19330.31300
 761         19391.85300
 762         19453.55300
 763         19515.41100
 764         19577.43000
 765         19639.60900
 766         19701.94900
 767         19764.44900
 768         19827.11000
 769         19889.93300
 770         19952.91800
 771         20016.06500
 772         20079.37400
 773         20142.84600
 774         20206.48100
 775         20270.28000
 776         20334.24200
 777         20398.36900
 778         20462.66000
 779         20527.11500
 780         20591.73600
 781         20656.52200
 782         20721.47400
 783         20786.59200
 784         20851.87600
 785         20917.32800
 786         20982.94600
 787         21048.73100
 788         21114.68500
 789         21180.80600
 790         21247.09600
 791         21313.55500
 792         21380.18200
 793         21446.97900
 794         21513.94600
 795         21581.08300
 796         21648.39000
 797         21715.86800
 798         21783.51800
 799         21851.33800
 800         21919.33100
 801         21987.49500
 802         22055.83200
 803         22124.34200
 804         22193.02500
 805         22261.88100
 806         22330.91200
 807         22400.11600
 808         22469.49500
 809         22539.04900
 810         22608.77800
 811         22678.68200
 812         22748.76200
 813         22819.01900
 814         22889.45200
 815         22960.06200
 816         23030.85000
 817         23101.81500
 818         23172.95800
 819         23244.27900
 820         23315.77900
 821         23387.45800
 822         23459.31600
 823         23531.35400
 824         23603.57200
 825         23675.97000
 826         23748.54900
 827         23821.31000
 828         23894.25100
 829         23967.37500
 830         24040.68100
 831         24114.16900
 832         24187.84000
 833         24261.69400
 834         24335.73200
 835         24409.95400
 836         24484.36000
 837         24558.95100
 838         24633.72700
 839         24708.68800
 840         24783.83500
 841         24859.16800
 842         24934.68800
 843         25010.39400
 844         25086.28700
 845         25162.36800
 846         25238.63700
 847         25315.09400
 848         25391.74000
 849         25468.57400
 850         25545.59800
 851         25622.81200
 852         25700.21500
 853         25777.80900
 854         25855.59400
 855         25933.57000
 856         26011.73800
 857         26090.09700
 858         26168.64900
 859         26247.39300
 860         26326.33000
 861         26405.46100
 862         26484.78500
 863         26564.30300
 864         26644.01600
 865         26723.92400
 866         26804.02700
 867         26884.32500
 868         26964.81900
 869         27045.51000
 870         27126.39700
 871         27207.48200
 872         27288.76300
 873         27370.24300
 874         27451.92100
 875         27533.79700
 876         27615.87200
 877         27698.14700
 878         27780.62100
 879         27863.29500
 880         27946.17000
 881         28029.24500
 882         28112.52200
 883         28196.00000
 884         28279.68000
 885         28363.56200
 886         28447.64800
 887         28531.93600
 888         28616.42700
 889         28701.12300
 890         28786.02300
 891         28871.12700
 892         28956.43600
 893         29041.95100
 894         29127.67100
 895         29213.59800
 896         29299.73100
 897         29386.07100
 898         29472.61800
 899         29559.37300
 900         29646.33600
 901         29733.50800
 902         29820.88800
 903         29908.47800
 904         29996.27700
 905         30084.28600
 906         30172.50600
 907         30260.93600
 908         30349.57700
 909         30438.43100
 910         30527.49600
 911         30616.77300
 912         30706.26300
 913         30795.96700
 914         30885.88300
 915         30976.01400
 916         31066.35900
 917         31156.91900
 918         31247.69400
 919         31338.68400
 920         31429.89100
 921         31521.31300
 922         31612.95300
 923         31704.80900
 924         31796.88300
 925         31889.17500
 926         31981.68500
 927         32074.41400
 928         32167.36200
 929         32260.52900
 930         32353.91700
 931         32447.52400
 932         32541.35300
 933         32635.40200
 934         32729.67300
 935         32824.16600
 936         32918.88100
 937         33013.81900
 938         33108.98000
 939         33204.36400
 940         33299.97300
 941         33395.80600
 942         33491.86300
 943         33588.14600
 944         33684.65500
 945         33781.38900
 946         33878.35000
 947         33975.53700
 948         34072.95200
 949         34170.59500
 950         34268.46500
 951         34366.56400
 952         34464.89200
 953         34563.44900
 954         34662.23500
 955         34761.25200
 956         34860.50000
 957         34959.97800
 958         35059.68800
 959         35159.62900
 960         35259.80300
 961         35360.20900
 962         35460.84800
 963         35561.72100
 964         35662.82700
 965         35764.16800
 966         35865.74400
 967         35967.55400
 968         36069.60000
 969         36171.88300
 970         36274.40100
 971         36377.15600
 972         36480.14900
 973         36583.37900
 974         36686.84700
 975         36790.55400
 976         36894.50000
 977         36998.68500
 978         37103.11000
 979         37207.77500
 980         37312.68100
 981         37417.82700
 982         37523.21600
 983         37628.84600
 984         37734.71800
 985         37840.83300
 986         37947.19200
 987         38053.79400
 988         38160.64000
 989         38267.73100
 990         38375.06700
 991         38482.64800
 992         38590.47400
 993         38698.54700
 994         38806.86700
 995         38915.43400
 996         39024.24800
 997         39133.31100
 998         39242.62100
 999         39352.18100
1000         39461.99000
1001         39572.04900
1002         39682.35700
1003         39792.91700
1004         39903.72700
1005         40014.78900
1006         40126.10300
1007         40237.66900
1008         40349.48800
1009         40461.56000
1010         40573.88600
1011         40686.46700
1012         40799.30100
1013         40912.39100
1014         41025.73600
1015         41139.33700
1016         41253.19500
1017         41367.30900
1018         41481.68000
1019         41596.31000
1020         41711.19700
1021         41826.34300
1022         41941.74800
1023         42057.41300
1024         42173.33700
1025         42289.52200
1026         42405.96800
1027         42522.67500
1028         42639.64400
1029         42756.87500
1030         42874.36900
1031         42992.12600
1032         43110.14600
1033         43228.43000
1034         43346.97900
1035         43465.79300
1036         43584.87200
1037         43704.21800
1038         43823.82900
1039         43943.70700
1040         44063.85300
1041         44184.26600
1042         44304.94700
1043         44425.89700
1044         44547.11600
1045         44668.60500
1046         44790.36300
1047         44912.39200
1048         45034.69200
1049         45157.26300
1050         45280.10700
1051         45403.22200
1052         45526.61000
1053         45650.27200
1054         45774.20700
1055         45898.41700
1056         46022.90100
1057         46147.66000
1058         46272.69500
1059         46398.00500
1060         46523.59300
1061         46649.45700
1062         46775.59900
1063         46902.01900
1064         47028.71700
1065         47155.69400
1066         47282.95100
1067         47410.48700
1068         47538.30300
1069         47666.40100
1070         47794.77900
1071         47923.44000
1072         48052.38200
1073         48181.60800
1074         48311.11600
1075         48440.90800
1076         48570.98400
1077         48701.34500
1078         48831.99100
1079         48962.92200
1080         49094.14000
1081         49225.64400
1082         49357.43500
1083         49489.51300
1084         49621.88000
1085         49754.53500
1086         49887.47900
1087         50020.71200
1088         50154.23500
1089         50288.04900
1090         50422.15300
1091         50556.54900
1092         50691.23700
1093         50826.21700
1094         50961.49000
1095         51097.05600
1096         51232.91600
1097         51369.07000
1098         51505.51900
1099         51642.26400
1100         51779.30400
1101         51916.64000
1102         52054.27300
1103         52192.20400
1104         52330.43200
1105         52468.95900
1106         52607.78400
1107         52746.90800
1108         52886.33200
1109         53026.05700
1110         53166.08200
1111         53306.40800
1112         53447.03600
1113         53587.96700
1114         53729.20000
1115         53870.73600
1116         54012.57600
1117         54154.72000
1118         54297.16900
1119         54439.92300
1120         54582.98300
1121         54726.34900
1122         54870.02200
1123         55014.00200
1124         55158.29000
1125         55302.88600
1126         55447.79100
1127         55593.00600
1128         55738.53000
1129         55884.36400
1130         56030.50900
1131         56176.96500
1132         56323.73400
1133         56470.81400
1134         56618.20800
1135         56765.91400
1136         56913.93500
1137         57062.27000
1138         57210.92000
1139         57359.88500
1140         57509.16600
1141         57658.76400
1142         57808.67900
1143         57958.91100
1144         58109.46100
1145         58260.32900
1146         58411.51700
1147         58563.02400
1148         58714.85100
1149         58866.99900
1150         59019.46800
1151         59172.25800
1152         59325.37100
1153         59478.80600
1154         59632.56500
1155         59786.64700
1156         59941.05300
1157         60095.78500
1158         60250.84100
1159         60406.22300
1160         60561.93200
1161         60717.96800
1162         60874.33100
1163         61031.02100
1164         61188.04100
1165         61345.38900
1166         61503.06700
1167         61661.07400
1168         61819.41300
1169         61978.08200
1170         62137.08300
1171         62296.41700
1172         62456.08200
1173         62616.08200
1174         62776.41500
1175         62937.08200
1176         63098.08400
1177         63259.42100
1178         63421.09500
1179         63583.10500
1180         63745.45100
1181         63908.13600
1182         64071.15800
1183         64234.51900
1184         64398.21900
1185         64562.25900
1186         64726.63900
1187         64891.36000
1188         65056.42200
1189         65221.82600
1190         65387.57200
1191         65553.66200
1192         65720.09400
1193         65886.87100
1194         66053.99300
1195         66221.45900
1196         66389.27100
1197         66557.43000
1198         66725.93500
1199         66894.78800
1200         67063.98800
1201         67233.53700
1202         67403.43400
1203         67573.68200
1204         67744.27900
1205         67915.22700
1206         68086.52600
1207         68258.17700
1208         68430.18000
1209         68602.53600
1210         68775.24600
1211         68948.30900
1212         69121.72700
1213         69295.50000
1214         69469.62800
1215         69644.11300
1216         69818.95500
1217         69994.15300
1218         70169.71000
1219         70345.62500
1220         70521.89900
1221         70698.53300
1222         70875.52700
1223         71052.88100
1224         71230.59700
1225         71408.67400
1226         71587.11400
1227         71765.91700
1228         71945.08300
1229         72124.61300
1230         72304.50800
1231         72484.76800
1232         72665.39400
1233         72846.38700
1234         73027.74600
1235         73209.47200
1236         73391.56700
1237         73574.03000
1238         73756.86300
1239         73940.06500
1240         74123.63800
1241         74307.58200
1242         74491.89700
1243         74676.58400
1244         74861.64400
1245         75047.07700
1246         75232.88400
1247         75419.06500
1248         75605.62100
1249         75792.55300
1250         75979.86100
1251         76167.54500
1252         76355.60700
1253         76544.04700
1254         76732.86500
1255         76922.06200
1256         77111.63900
1257         77301.59500
1258         77491.93300
1259         77682.65200
1260         77873.75300
1261         78065.23700
1262         78257.10400
1263         78449.35400
1264         78641.98900
1265         78835.00800
1266         79028.41300
1267         79222.20400
1268         79416.38200
1269         79610.94700
1270         79805.90000
1271         80001.24200
1272         80196.97200
1273         80393.09200
1274         80589.60200
1275         80786.50300
1276         80983.79500
1277         81181.48000
1278         81379.55700
1279         81578.02700
1280         81776.89100
1281         81976.15000
1282         82175.80300
1283         82375.85200
1284         82576.29700
1285         82777.13900
1286         82978.37900
1287         83180.01600
1288         83382.05200
1289         83584.48700
1290         83787.32200
1291         83990.55800
1292         84194.19400
1293         84398.23200
1294         84602.67300
1295         84807.51600
1296         85012.76300
1297         85218.41300
1298         85424.46900
1299         85630.92900
1300         85837.79600
1301         86045.06900
1302         86252.74900
1303         86460.83700
1304         86669.33300
1305         86878.23900
1306         87087.55300
1307         87297.27800
1308         87507.41400
1309         87717.96100
1310         87928.92100
1311         88140.29300
1312         88352.07800
1313         88564.27700
1314         88776.89000
1315         88989.91900
1316         89203.36400
1317         89417.22400
1318         89631.50200
1319         89846.19800
1320         90061.31100
1321         90276.84400
1322         90492.79600
1323         90709.16800
1324         90925.96100
1325         91143.17500
1326         91360.81200
1327         91578.87100
1328         91797.35300
1329         92016.25900
1330         92235.58900
1331         92455.34500
1332         92675.52700
1333         92896.13400
1334         93117.16900
1335         93338.63200
1336         93560.52300
1337         93782.84300
1338         94005.59200
1339         94228.77200
1340         94452.38200
1341         94676.42400
1342         94900.89800
1343         95125.80500
1344         95351.14500
1345         95576.91900
1346         95803.12800
1347         96029.77200
1348         96256.85300
1349         96484.36900
1350         96712.32300
1351         96940.71500
1352         97169.54600
1353         97398.81500
1354         97628.52500
1355         97858.67500
1356         98089.26600
1357         98320.29800
1358         98551.77400
1359         98783.69200
1360         99016.05400
1361         99248.86000
1362         99482.11100
1363         99715.80800
1364         99949.95100
1365        100184.54000
1366        100419.58000
1367        100655.07000
1368        100891.00000
1369        101127.38000
1370        101364.22000
1371        101601.51000
1372        101839.24000
1373        102077.43000
1374        102316.07000
1375        102555.17000
1376        102794.72000
1377        103034.72000
1378        103275.19000
1379        103516.10000
1380        103757.47000
1381        103999.31000
1382        104241.59000
1383        104484.34000
1384        104727.55000
1385        104971.22000
1386        105215.34000
1387        105459.93000
1388        105704.99000
1389        105950.50000
1390        106196.48000
1391        106442.92000
1392        106689.83000
1393        106937.20000
1394        107185.04000
1395        107433.34000
1396        107682.12000
1397        107931.36000
1398        108181.07000
1399        108431.25000
1400        108681.90000
1401        108933.02000
1402        109184.61000
1403        109436.68000
1404        109689.21000
1405        109942.22000
1406        110195.71000
1407        110449.67000
1408        110704.10000
1409        110959.02000
1410        111214.41000
1411        111470.27000
1412        111726.62000
1413        111983.44000
1414        112240.75000
1415        112498.53000
1416        112756.79000
1417        113015.54000
1418        113274.77000
1419        113534.48000
1420        113794.68000
1421        114055.36000
1422        114316.53000
1423        114578.18000
1424        114840.32000
1425        115102.95000
1426        115366.06000
1427        115629.66000
1428        115893.75000
1429        116158.34000
1430        116423.41000
1431        116688.97000
1432        116955.03000
1433        117221.58000
1434        117488.62000
1435        117756.16000
1436        118024.19000
1437        118292.72000
1438        118561.75000
1439        118831.27000
1440        119101.29000
1441        119371.80000
1442        119642.82000
1443        119914.34000
1444        120186.35000
1445        120458.87000
1446        120731.89000
1447        121005.42000
1448        121279.44000
1449        121553.97000
1450        121829.01000
1451        122104.55000
1452        122380.60000
1453        122657.15000
1454        122934.21000
1455        123211.78000
1456        123489.86000
1457        123768.45000
1458        124047.55000
1459        124327.16000
1460        124607.28000
1461        124887.92000
1462        125169.07000
1463        125450.73000
1464        125732.91000
1465        126015.60000
1466        126298.81000
1467        126582.54000
1468        126866.78000
1469        127151.54000
1470        127436.82000
1471        127722.63000
1472        128008.95000
1473        128295.79000
1474        128583.16000
1475        128871.04000
1476        129159.46000
1477        129448.39000
1478        129737.85000
1479        130027.84000
1480        130318.35000
1481        130609.39000
1482        130900.96000
1483        131193.06000
1484        131485.68000
1485        131778.84000
1486        132072.52000
1487        132366.74000
1488        132661.49000
1489        132956.78000
1490        133252.59000
1491        133548.94000
1492        133845.83000
1493        134143.25000
1494        134441.21000
1495        134739.71000
1496        135038.74000
1497        135338.32000
1498        135638.43000
1499        135939.08000
1500        136240.28000
1501        136542.02000
1502        136844.30000
1503        137147.12000
1504        137450.49000
1505        137754.40000
1506        138058.85000
1507        138363.86000
1508        138669.41000
1509        138975.51000
1510        139282.15000
1511        139589.35000
1512        139897.10000
1513        140205.39000
1514        140514.24000
1515        140823.65000
1516        141133.60000
1517        141444.11000
1518        141755.17000
1519        142066.79000
1520        142378.96000
1521        142691.70000
1522        143004.98000
1523        143318.83000
1524        143633.24000
1525        143948.21000
1526        144263.73000
1527        144579.82000
1528        144896.47000
1529        145213.69000
1530        145531.46000
1531        145849.81000
1532        146168.71000
1533        146488.19000
1534        146808.23000
1535        147128.84000
1536        147450.01000
1537        147771.76000
1538        148094.07000
1539        148416.96000
1540        148740.42000
1541        149064.44000
1542        149389.05000
1543        149714.22000
1544        150039.97000
1545        150366.30000
1546        150693.20000
1547        151020.68000
1548        151348.74000
1549        151677.37000
1550        152006.59000
1551        152336.38000
1552        152666.76000
1553        152997.71000
1554        153329.25000
1555        153661.37000
1556        153994.08000
1557        154327.37000
1558        154661.24000
1559        154995.71000
1560        155330.76000
1561        155666.39000
1562        156002.62000
1563        156339.43000
1564        156676.84000
1565        157014.83000
1566        157353.42000
1567        157692.60000
1568        158032.37000
1569        158372.74000
1570        158713.70000
1571        159055.26000
1572        159397.41000
1573        159740.17000
1574        160083.52000
1575        160427.47000
1576        160772.01000
1577        161117.16000
1578        161462.91000
1579        161809.26000
1580        162156.22000
1581        162503.78000
1582        162851.94000
1583        163200.71000
1584        163550.08000
1585        163900.07000
1586        164250.65000
1587        164601.85000
1588        164953.66000
1589        165306.08000
1590        165659.10000
1591        166012.74000
1592        166366.99000
1593        166721.86000
1594        167077.34000
1595        167433.43000
1596        167790.14000
1597        168147.47000
1598        168505.42000
1599        168863.98000
1600        169223.16000
1601        169582.96000
1602        169943.38000
1603        170304.43000
1604        170666.09000
1605        171028.38000
1606        171391.29000
1607        171754.83000
1608        172118.99000
1609        172483.78000
1610        172849.20000
1611        173215.24000
1612        173581.92000
1613        173949.22000
1614        174317.15000
1615        174685.72000
1616        175054.91000
1617        175424.74000
1618        175795.21000
1619        176166.31000
1620        176538.04000
1621        176910.41000
1622        177283.42000
1623        177657.06000
1624        178031.35000
1625        178406.27000
1626        178781.83000
1627        179158.04000
1628        179534.89000
1629        179912.38000
1630        180290.51000
1631        180669.29000
1632        181048.71000
1633        181428.79000
1634        181809.50000
1635        182190.87000
1636        182572.88000
1637        182955.55000
1638        183338.86000
1639        183722.83000
1640        184107.45000
1641        184492.72000
1642        184878.64000
1643        185265.22000
1644        185652.46000
1645        186040.35000
1646        186428.90000
1647        186818.11000
1648        187207.97000
1649        187598.50000
1650        187989.69000
1651        188381.53000
1652        188774.05000
1653        189167.22000
1654        189561.06000
1655        189955.56000
1656        190350.73000
1657        190746.57000
1658        191143.07000
1659        191540.24000
1660        191938.08000
1661        192336.59000
1662        192735.77000
1663        193135.63000
1664        193536.15000
1665        193937.35000
1666        194339.23000
1667        194741.78000
1668        195145.00000
1669        195548.90000
1670        195953.48000
1671        196358.74000
1672        196764.68000
1673        197171.30000
1674        197578.60000
1675        197986.58000
1676        198395.25000
1677        198804.60000
1678        199214.63000
1679        199625.35000
1680        200036.76000
1681        200448.86000
1682        200861.64000
1683        201275.11000
1684        201689.27000
1685        202104.12000
1686        202519.67000
1687        202935.91000
1688        203352.84000
1689        203770.46000
1690        204188.78000
1691        204607.80000
1692        205027.52000
1693        205447.93000
1694        205869.04000
1695        206290.85000
1696        206713.36000
1697        207136.57000
1698        207560.49000
1699        207985.11000
1700        208410.43000
1701        208836.46000
1702        209263.19000
1703        209690.63000
1704        210118.78000
1705        210547.64000
1706        210977.21000
1707        211407.49000
1708        211838.47000
1709        212270.18000
1710        212702.59000
1711        213135.72000
1712        213569.56000
1713        214004.12000
1714        214439.40000
1715        214875.39000
1716        215312.10000
1717        215749.53000
1718        216187.69000
1719        216626.56000
1720        217066.15000
1721        217506.47000
1722        217947.51000
1723        218389.28000
1724        218831.77000
1725        219274.99000
1726        219718.94000
1727        220163.62000
1728        220609.02000
1729        221055.16000
1730        221502.02000
1731        221949.62000
1732        222397.96000
1733        222847.02000
1734        223296.82000
1735        223747.36000
1736        224198.63000
1737        224650.64000
1738        225103.39000
1739        225556.88000
1740        226011.11000
1741        226466.08000
1742        226921.80000
1743        227378.25000
1744        227835.45000
1745        228293.40000
1746        228752.09000
1747        229211.53000
1748        229671.72000
1749        230132.65000
1750        230594.34000
1751        231056.77000
1752        231519.96000
1753        231983.90000
1754        232448.59000
1755        232914.04000
1756        233380.24000
1757        233847.20000
1758        234314.91000
1759        234783.39000
1760        235252.62000
1761        235722.61000
1762        236193.36000
1763        236664.88000
1764        237137.16000
1765        237610.20000
1766        238084.00000
1767        238558.58000
1768        239033.91000
1769        239510.02000
1770        239986.89000
1771        240464.54000
1772        240942.95000
1773        241422.14000
1774        241902.09000
1775        242382.82000
1776        242864.33000
1777        243346.61000
1778        243829.66000
1779        244313.49000
1780        244798.10000
1781        245283.49000
1782        245769.66000
1783        246256.61000
1784        246744.34000
1785        247232.85000
1786        247722.15000
1787        248212.23000
1788        248703.10000
1789        249194.75000
1790        249687.20000
1791        250180.43000
1792        250674.44000
1793        251169.25000
1794        251664.85000
1795        252161.25000
1796        252658.43000
1797        253156.41000
1798        253655.19000
1799        254154.76000
1800        254655.13000
1801        255156.29000
1802        255658.26000
1803        256161.03000
1804        256664.59000
1805        257168.96000
1806        257674.13000
1807        258180.11000
1808        258686.89000
1809        259194.47000
1810        259702.86000
1811        260212.07000
1812        260722.07000
1813        261232.89000
1814        261744.52000
1815        262256.96000
1816        262770.22000
1817        263284.29000
1818        263799.17000
1819        264314.87000
1820        264831.38000
1821        265348.71000
1822        265866.86000
1823        266385.83000
1824        266905.62000
1825        267426.23000
1826        267947.67000
1827        268469.93000
1828        268993.01000
1829        269516.92000
1830        270041.65000
1831        270567.21000
1832        271093.60000
1833        271620.82000
1834        272148.87000
1835        272677.76000
1836        273207.47000
1837        273738.02000
1838        274269.40000
1839        274801.62000
1840        275334.67000
1841        275868.56000
1842        276403.29000
1843        276938.86000
1844        277475.27000
1845        278012.52000
1846        278550.62000
1847        279089.55000
1848        279629.34000
1849        280169.96000
1850        280711.44000
1851        281253.76000
1852        281796.93000
1853        282340.95000
1854        282885.82000
1855        283431.54000
1856        283978.11000
1857        284525.54000
1858        285073.82000
1859        285622.96000
1860        286172.95000
1861        286723.80000
1862        287275.51000
1863        287828.08000
1864        288381.51000
1865        288935.81000
1866        289490.96000
1867        290046.98000
1868        290603.86000
1869        291161.61000
1870        291720.23000
1871        292279.71000
1872        292840.07000
1873        293401.29000
1874        293963.38000
1875        294526.35000
1876        295090.19000
1877        295654.90000
1878        296220.49000
1879        296786.95000
1880        297354.29000
1881        297922.51000
1882        298491.61000
1883        299061.59000
1884        299632.45000
1885        300204.19000
1886        300776.81000
1887        301350.32000
1888        301924.72000
1889        302500.00000
1890        303076.17000
1891        303653.23000
1892        304231.17000
1893        304810.01000
1894        305389.74000
1895        305970.36000
1896        306551.88000
1897        307134.29000
1898        307717.59000
1899        308301.80000
1900        308886.90000
1901        309472.90000
1902        310059.80000
1903        310647.60000
1904        311236.30000
1905        311825.91000
1906        312416.42000
1907        313007.84000
1908        313600.16000
1909        314193.39000
1910        314787.53000
1911        315382.58000
1912        315978.53000
1913        316575.40000
1914        317173.19000
1915        317771.88000
1916        318371.49000
1917        318972.02000
1918        319573.47000
1919        320175.83000
1920        320779.11000
1921        321383.31000
1922        321988.44000
1923        322594.48000
1924        323201.45000
1925        323809.34000
1926        324418.16000
1927        325027.91000
1928        325638.58000
1929        326250.18000
1930        326862.71000
1931        327476.17000
1932        328090.57000
1933        328705.90000
1934        329322.16000
1935        329939.35000
1936        330557.49000
1937        331176.56000
1938        331796.57000
1939        332417.51000
1940        333039.40000
1941        333662.23000
1942        334286.01000
1943        334910.72000
1944        335536.39000
1945        336162.99000
1946        336790.55000
1947        337419.05000
1948        338048.50000
1949        338678.91000
1950        339310.26000
1951        339942.57000
1952        340575.83000
1953        341210.05000
1954        341845.22000
1955        342481.35000
1956        343118.43000
1957        343756.48000
1958        344395.48000
1959        345035.45000
1960        345676.38000
1961        346318.27000
1962        346961.13000
1963        347604.96000
1964        348249.75000
1965        348895.50000
1966        349542.23000
1967        350189.93000
1968        350838.60000
1969        351488.24000
1970        352138.85000
1971        352790.44000
1972        353443.01000
1973        354096.55000
1974        354751.07000
1975        355406.57000
1976        356063.05000
1977        356720.51000
1978        357378.95000
1979        358038.38000
1980        358698.79000
1981        359360.19000
1982        360022.57000
1983        360685.94000
1984        361350.30000
1985        362015.65000
1986        362682.00000
1987        363349.33000
1988        364017.66000
1989        364686.98000
1990        365357.30000
1991        366028.62000
1992        366700.93000
1993        367374.24000
1994        368048.56000
1995        368723.87000
1996        369400.19000
1997        370077.51000
1998        370755.84000
1999        371435.17000
2000        372115.51000
2001        372796.86000
2002        373479.22000
2003        374162.58000
2004        374846.96000
2005        375532.36000
2006        376218.76000
2007        376906.18000
2008        377594.62000
2009        378284.08000
2010        378974.55000
2011        379666.05000
2012        380358.56000
2013        381052.10000
2014        381746.66000
2015        382442.24000
2016        383138.85000
2017        383836.48000
2018        384535.15000
2019        385234.84000
2020        385935.56000
2021        386637.32000
2022        387340.10000
2023        388043.92000
2024        388748.78000
2025        389454.67000
2026        390161.59000
2027        390869.56000
2028        391578.56000
2029        392288.61000
2030        392999.70000
2031        393711.82000
2032        394425.00000
2033        395139.22000
2034        395854.48000
2035        396570.79000
2036        397288.15000
2037        398006.56000
2038        398726.03000
2039        399446.54000
2040        400168.11000
2041        400890.73000
2042        401614.40000
2043        402339.14000
2044        403064.93000
2045        403791.78000
2046        404519.69000
2047        405248.66000
2048        405978.70000
2049        406709.80000
2050        407441.96000
2051        408175.19000
2052        408909.49000
2053        409644.86000
2054        410381.29000
2055        411118.80000
2056        411857.38000
2057        412597.03000
2058        413337.76000
2059        414079.56000
2060        414822.44000
2061        415566.40000
2062        416311.43000
2063        417057.55000
2064        417804.75000
2065        418553.03000
2066        419302.39000
2067        420052.85000
2068        420804.38000
2069        421557.01000
2070        422310.72000
2071        423065.52000
2072        423821.42000
2073        424578.41000
2074        425336.49000
2075        426095.66000
2076        426855.93000
2077        427617.30000
2078        428379.77000
2079        429143.33000
2080        429908.00000
2081        430673.77000
2082        431440.64000
2083        432208.62000
2084        432977.70000
2085        433747.89000
2086        434519.19000
2087        435291.60000
2088        436065.11000
2089        436839.74000
2090        437615.48000
2091        438392.34000
2092        439170.31000
2093        439949.40000
2094        440729.61000
2095        441510.93000
2096        442293.37000
2097        443076.94000
2098        443861.63000
2099        444647.44000
2100        445434.38000
2101        446222.44000
2102        447011.64000
2103        447801.96000
2104        448593.41000
2105        449385.99000
2106        450179.70000
2107        450974.55000
2108        451770.53000
2109        452567.65000
2110        453365.91000
2111        454165.31000
2112        454965.84000
2113        455767.52000
2114        456570.33000
2115        457374.30000
2116        458179.40000
2117        458985.66000
2118        459793.06000
2119        460601.60000
2120        461411.30000
2121        462222.15000
2122        463034.15000
2123        463847.31000
2124        464661.62000
2125        465477.09000
2126        466293.71000
2127        467111.49000
2128        467930.43000
2129        468750.53000
2130        469571.80000
2131        470394.23000
2132        471217.82000
2133        472042.58000
2134        472868.50000
2135        473695.60000
2136        474523.86000
2137        475353.30000
2138        476183.91000
2139        477015.69000
2140        477848.64000
2141        478682.78000
2142        479518.08000
2143        480354.57000
2144        481192.24000
2145        482031.09000
2146        482871.12000
2147        483712.34000
2148        484554.74000
2149        485398.32000
2150        486243.10000
2151        487089.06000
2152        487936.21000
2153        488784.55000
2154        489634.09000
2155        490484.82000
2156        491336.74000
2157        492189.87000
2158        493044.18000
2159        493899.70000
2160        494756.42000
2161        495614.34000
2162        496473.46000
2163        497333.79000
2164        498195.32000
2165        499058.06000
2166        499922.00000
2167        500787.16000
2168        501653.53000
2169        502521.10000
2170        503389.89000
2171        504259.90000
2172        505131.12000
2173        506003.56000
2174        506877.21000
2175        507752.09000
2176        508628.18000
2177        509505.50000
2178        510384.04000
2179        511263.81000
2180        512144.80000
2181        513027.02000
2182        513910.47000
2183        514795.15000
2184        515681.06000
2185        516568.20000
2186        517456.57000
2187        518346.18000
2188        519237.03000
2189        520129.11000
2190        521022.44000
2191        521917.00000
2192        522812.81000
2193        523709.85000
2194        524608.15000
2195        525507.69000
2196        526408.47000
2197        527310.50000
2198        528213.79000
2199        529118.32000
2200        530024.10000
2201        530931.14000
2202        531839.44000
2203        532748.99000
2204        533659.79000
2205        534571.86000
2206        535485.19000
2207        536399.77000
2208        537315.62000
2209        538232.74000
2210        539151.12000
2211        540070.76000
2212        540991.68000
2213        541913.86000
2214        542837.31000
2215        543762.04000
2216        544688.04000
2217        545615.31000
2218        546543.86000
2219        547473.69000
2220        548404.79000
2221        549337.18000
2222        550270.85000
2223        551205.79000
2224        552142.03000
2225        553079.55000
2226        554018.35000
2227        554958.45000
2228        555899.83000
2229        556842.50000
2230        557786.47000
2231        558731.73000
2232        559678.28000
2233        560626.13000
2234        561575.28000
2235        562525.72000
2236        563477.47000
2237        564430.52000
2238        565384.87000
2239        566340.52000
2240        567297.48000
2241        568255.75000
2242        569215.33000
2243        570176.21000
2244        571138.41000
2245        572101.92000
2246        573066.74000
2247        574032.88000
2248        575000.33000
2249        575969.10000
2250        576939.19000
2251        577910.60000
2252        578883.33000
2253        579857.39000
2254        580832.77000
2255        581809.48000
2256        582787.51000
2257        583766.87000
2258        584747.57000
2259        585729.59000
2260        586712.95000
2261        587697.64000
2262        588683.67000
2263        589671.03000
2264        590659.73000
2265        591649.77000
2266        592641.16000
2267        593633.88000
2268        594627.95000
2269        595623.36000
2270        596620.13000
2271        597618.23000
2272        598617.69000
2273        599618.50000
2274        600620.66000
2275        601624.18000
2276        602629.05000
2277        603635.27000
2278        604642.86000
2279        605651.80000
2280        606662.10000
2281        607673.77000
2282        608686.80000
2283        609701.19000
2284        610716.95000
2285        611734.08000
2286        612752.57000
2287        613772.44000
2288        614793.68000
2289        615816.29000
2290        616840.27000
2291        617865.63000
2292        618892.37000
2293        619920.49000
2294        620949.99000
2295        621980.87000
2296        623013.13000
2297        624046.77000
2298        625081.80000
2299        626118.22000
2300        627156.03000
2301        628195.23000
2302        629235.82000
2303        630277.80000
2304        631321.17000
2305        632365.95000
2306        633412.11000
2307        634459.68000
2308        635508.65000
2309        636559.02000
2310        637610.79000
2311        638663.96000
2312        639718.54000
2313        640774.53000
2314        641831.93000
2315        642890.73000
2316        643950.95000
2317        645012.58000
2318        646075.62000
2319        647140.08000
2320        648205.96000
2321        649273.25000
2322        650341.97000
2323        651412.11000
2324        652483.67000
2325        653556.65000
2326        654631.06000
2327        655706.89000
2328        656784.16000
2329        657862.85000
2330        658942.98000
2331        660024.54000
2332        661107.53000
2333        662191.96000
2334        663277.82000
2335        664365.13000
2336        665453.87000
2337        666544.06000
2338        667635.69000
2339        668728.76000
2340        669823.28000
2341        670919.25000
2342        672016.66000
2343        673115.53000
2344        674215.84000
2345        675317.61000
2346        676420.84000
2347        677525.52000
2348        678631.66000
2349        679739.25000
2350        680848.31000
2351        681958.83000
2352        683070.82000
2353        684184.26000
2354        685299.18000
2355        686415.56000
2356        687533.41000
2357        688652.73000
2358        689773.53000
2359        690895.79000
2360        692019.54000
2361        693144.76000
2362        694271.45000
2363        695399.63000
2364        696529.29000
2365        697660.43000
2366        698793.05000
2367        699927.16000
2368        701062.76000
2369        702199.84000
2370        703338.42000
2371        704478.48000
2372        705620.04000
2373        706763.10000
2374        707907.65000
2375        709053.69000
2376        710201.24000
2377        711350.28000
2378        712500.83000
2379        713652.88000
2380        714806.44000
2381        715961.50000
2382        717118.07000
2383        718276.14000
2384        719435.73000
2385        720596.83000
2386        721759.45000
2387        722923.58000
2388        724089.23000
2389        725256.39000
2390        726425.08000
2391        727595.28000
2392        728767.01000
2393        729940.27000
2394        731115.04000
2395        732291.35000
2396        733469.19000
2397        734648.55000
2398        735829.45000
2399        737011.88000
2400        738195.84000
2401        739381.34000
2402        740568.38000
2403        741756.96000
2404        742947.08000
2405        744138.74000
2406        745331.95000
2407        746526.70000
2408        747723.00000
2409        748920.84000
2410        750120.24000
2411        751321.19000
2412        752523.69000
2413        753727.74000
2414        754933.35000
2415        756140.52000
2416        757349.25000
2417        758559.54000
2418        759771.39000
2419        760984.81000
2420        762199.79000
2421        763416.33000
2422        764634.45000
2423        765854.13000
2424        767075.39000
2425        768298.22000
2426        769522.62000
2427        770748.60000
2428        771976.16000
2429        773205.29000
2430        774436.01000
2431        775668.31000
2432        776902.19000
2433        778137.66000
2434        779374.71000
2435        780613.36000
2436        781853.59000
2437        783095.42000
2438        784338.83000
2439        785583.84000
2440        786830.45000
2441        788078.66000
2442        789328.46000
2443        790579.87000
2444        791832.88000
2445        793087.49000
2446        794343.71000
2447        795601.53000
2448        796860.96000
2449        798122.01000
2450        799384.66000
2451        800648.93000
2452        801914.81000
2453        803182.31000
2454        804451.43000
2455        805722.17000
2456        806994.52000
2457        808268.51000
2458        809544.11000
2459        810821.34000
2460        812100.20000
2461        813380.69000
2462        814662.80000
2463        815946.55000
2464        817231.94000
2465        818518.95000
2466        819807.61000
2467        821097.90000
2468        822389.84000
2469        823683.41000
2470        824978.63000
2471        826275.49000
2472        827574.00000
2473        828874.16000
2474        830175.97000
2475        831479.43000
2476        832784.54000
2477        834091.30000
2478        835399.72000
2479        836709.80000
2480        838021.54000
2481        839334.94000
2482        840650.00000
2483        841966.72000
2484        843285.11000
2485        844605.17000
2486        845926.90000
2487        847250.29000
2488        848575.36000
2489        849902.10000
2490        851230.52000
2491        852560.61000
2492        853892.38000
2493        855225.83000
2494        856560.96000
2495        857897.78000
2496        859236.28000
2497        860576.47000
2498        861918.34000
2499        863261.91000
2500        864607.16000
2501        865954.11000
2502        867302.75000
2503        868653.09000
2504        870005.13000
2505        871358.86000
2506        872714.30000
2507        874071.44000
2508        875430.28000
2509        876790.83000
2510        878153.09000
2511        879517.05000
2512        880882.73000
2513        882250.12000
2514        883619.22000
2515        884990.04000
2516        886362.57000
2517        887736.82000
2518        889112.80000
2519        890490.49000
2520        891869.91000
2521        893251.06000
2522        894633.93000
2523        896018.53000
2524        897404.86000
2525        898792.93000
2526        900182.72000
2527        901574.25000
2528        902967.52000
2529        904362.53000
2530        905759.28000
2531        907157.76000
2532        908558.00000
2533        909959.97000
2534        911363.70000
2535        912769.17000
2536        914176.39000
2537        915585.37000
2538        916996.09000
2539        918408.58000
2540        919822.82000
2541        921238.81000
2542        922656.57000
2543        924076.09000
2544        925497.37000
2545        926920.42000
2546        928345.23000
2547        929771.82000
2548        931200.17000
2549        932630.29000
2550        934062.19000
2551        935495.86000
2552        936931.31000
2553        938368.54000
2554        939807.54000
2555        941248.33000
2556        942690.90000
2557        944135.26000
2558        945581.41000
2559        947029.34000
2560        948479.06000
2561        949930.57000
2562        951383.88000
2563        952838.98000
2564        954295.88000
2565        955754.58000
2566        957215.08000
2567        958677.38000
2568        960141.48000
2569        961607.39000
2570        963075.10000
2571        964544.62000
2572        966015.96000
2573        967489.10000
2574        968964.06000
2575        970440.84000
2576        971919.43000
2577        973399.84000
2578        974882.07000
2579        976366.12000
2580        977852.00000
2581        979339.70000
2582        980829.23000
2583        982320.59000
2584        983813.78000
2585        985308.80000
2586        986805.66000
2587        988304.35000
2588        989804.88000
2589        991307.25000
2590        992811.46000
2591        994317.51000
2592        995825.40000
2593        997335.15000
2594        998846.74000
2595       1000360.20000
2596       1001875.50000
2597       1003392.60000
2598       1004911.60000
2599       1006432.50000
2600       1007955.20000
2601       1009479.70000
2602       1011006.20000
2603       1012534.50000
2604       1014064.60000
2605       1015596.70000
2606       1017130.60000
2607       1018666.30000
2608       1020204.00000
2609       1021743.50000
2610       1023284.90000
2611       1024828.10000
2612       1026373.30000
2613       1027920.30000
2614       1029469.20000
2615       1031020.00000
2616       1032572.70000
2617       1034127.20000
2618       1035683.70000
2619       1037242.00000
2620       1038802.30000
2621       1040364.40000
2622       1041928.40000
2623       1043494.40000
2624       1045062.20000
2625       1046631.90000
2626       1048203.60000
2627       1049777.10000
2628       1051352.50000
2629       1052929.90000
2630       1054509.10000
2631       1056090.30000
2632       1057673.40000
2633       1059258.40000
2634       1060845.30000
2635       1062434.20000
2636       1064024.90000
2637       1065617.60000
2638       1067212.20000
2639       1068808.70000
2640       1070407.20000
2641       1072007.60000
2642       1073609.90000
2643       1075214.20000
2644       1076820.40000
2645       1078428.50000
2646       1080038.60000
2647       1081650.60000
2648       1083264.50000
2649       1084880.40000
2650       1086498.20000
2651       1088118.00000
2652       1089739.70000
2653       1091363.40000
2654       1092989.10000
2655       1094616.70000
2656       1096246.20000
2657       1097877.70000
2658       1099511.20000
2659       1101146.60000
2660       1102784.00000
2661       1104423.40000
2662       1106064.70000
2663       1107708.00000
2664       1109353.20000
2665       1111000.50000
2666       1112649.70000
2667       1114300.90000
2668       1115954.00000
2669       1117609.20000
2670       1119266.30000
2671       1120925.40000
2672       1122586.50000
2673       1124249.60000
2674       1125914.60000
2675       1127581.70000
2676       1129250.70000
2677       1130921.80000
2678       1132594.80000
2679       1134269.80000
2680       1135946.90000
2681       1137625.90000
2682       1139307.00000
2683       1140990.00000
2684       1142675.10000
2685       1144362.10000
2686       1146051.20000
2687       1147742.30000
2688       1149435.40000
2689       1151130.50000
2690       1152827.60000
2691       1154526.80000
2692       1156227.90000
2693       1157931.10000
2694       1159636.30000
2695       1161343.60000
2696       1163052.90000
2697       1164764.20000
2698       1166477.50000
2699       1168192.90000
2700       1169910.30000
2701       1171629.70000
2702       1173351.20000
2703       1175074.70000
2704       1176800.30000
2705       1178527.90000
2706       1180257.60000
2707       1181989.30000
2708       1183723.00000
2709       1185458.90000
2710       1187196.70000
2711       1188936.60000
2712       1190678.60000
2713       1192422.70000
2714       1194168.80000
2715       1195916.90000
2716       1197667.20000
2717       1199419.50000
2718       1201173.80000
2719       1202930.30000
2720       1204688.80000
2721       1206449.40000
2722       1208212.00000
2723       1209976.80000
2724       1211743.60000
2725       1213512.50000
2726       1215283.50000
2727       1217056.50000
2728       1218831.70000
2729       1220608.90000
2730       1222388.30000
2731       1224169.70000
2732       1225953.20000
2733       1227738.90000
2734       1229526.60000
2735       1231316.40000
2736       1233108.40000
2737       1234902.40000
2738       1236698.50000
2739       1238496.80000
2740       1240297.10000
2741       1242099.60000
2742       1243904.20000
2743       1245710.90000
2744       1247519.70000
2745       1249330.60000
2746       1251143.70000
2747       1252958.90000
2748       1254776.20000
2749       1256595.60000
2750       1258417.20000
2751       1260240.90000
2752       1262066.70000
2753       1263894.60000
2754       1265724.70000
2755       1267557.00000
2756       1269391.40000
2757       1271227.90000
2758       1273066.50000
2759       1274907.30000
2760       1276750.30000
2761       1278595.40000
2762       1280442.70000
2763       1282292.10000
2764       1284143.60000
2765       1285997.40000
2766       1287853.20000
2767       1289711.30000
2768       1291571.50000
2769       1293433.90000
2770       1295298.40000
2771       1297165.10000
2772       1299034.00000
2773       1300905.00000
2774       1302778.30000
2775       1304653.70000
2776       1306531.30000
2777       1308411.00000
2778       1310293.00000
2779       1312177.10000
2780       1314063.40000
2781       1315951.90000
2782       1317842.60000
2783       1319735.50000
2784       1321630.60000
2785       1323527.80000
2786       1325427.30000
2787       1327329.00000
2788       1329232.90000
2789       1331138.90000
2790       1333047.20000
2791       1334957.70000
2792       1336870.40000
2793       1338785.30000
2794       1340702.40000
2795       1342621.80000
2796       1344543.30000
2797       1346467.10000
2798       1348393.10000
2799       1350321.30000
2800       1352251.80000
2801       1354184.40000
2802       1356119.30000
2803       1358056.50000
2804       1359995.80000
2805       1361937.40000
2806       1363881.30000
2807       1365827.30000
2808       1367775.60000
2809       1369726.20000
2810       1371679.00000
2811       1373634.10000
2812       1375591.30000
2813       1377550.90000
2814       1379512.70000
2815       1381476.70000
2816       1383443.10000
2817       1385411.60000
2818       1387382.40000
2819       1389355.50000
2820       1391330.90000
2821       1393308.50000
2822       1395288.40000
2823       1397270.60000
2824       1399255.00000
2825       1401241.70000
2826       1403230.70000
2827       1405221.90000
2828       1407215.50000
2829       1409211.30000
2830       1411209.40000
2831       1413209.80000
2832       1415212.40000
2833       1417217.40000
2834       1419224.70000
2835       1421234.20000
2836       1423246.10000
2837       1425260.20000
2838       1427276.70000
2839       1429295.40000
2840       1431316.50000
2841       1433339.80000
2842       1435365.50000
2843       1437393.40000
2844       1439423.70000
2845       1441456.30000
2846       1443491.20000
2847       1445528.50000
2848       1447568.00000
2849       1449609.90000
2850       1451654.10000
2851       1453700.60000
2852       1455749.50000
2853       1457800.70000
2854       1459854.20000
2855       1461910.00000
2856       1463968.20000
2857       1466028.70000
2858       1468091.60000
2859       1470156.80000
2860       1472224.30000
2861       1474294.20000
2862       1476366.50000
2863       1478441.10000
2864       1480518.00000
2865       1482597.30000
2866       1484678.90000
2867       1486763.00000
2868       1488849.30000
2869       1490938.10000
2870       1493029.20000
2871       1495122.60000
2872       1497218.40000
2873       1499316.60000
2874       1501417.20000
2875       1503520.20000
2876       1505625.50000
2877       1507733.20000
2878       1509843.30000
2879       1511955.70000
2880       1514070.60000
2881       1516187.80000
2882       1518307.50000
2883       1520429.50000
2884       1522553.90000
2885       1524680.70000
2886       1526809.90000
2887       1528941.50000
2888       1531075.50000
2889       1533211.90000
2890       1535350.70000
2891       1537491.90000
2892       1539635.50000
2893       1541781.60000
2894       1543930.00000
2895       1546080.90000
2896       1548234.10000
2897       1550389.80000
2898       1552548.00000
2899       1554708.50000
2900       1556871.50000
2901       1559036.90000
2902       1561204.70000
2903       1563375.00000
2904       1565547.70000
2905       1567722.80000
2906       1569900.40000
2907       1572080.40000
2908       1574262.80000
2909       1576447.70000
2910       1578635.00000
2911       1580824.80000
2912       1583017.10000
2913       1585211.80000
2914       1587408.90000
2915       1589608.50000
2916       1591810.60000
2917       1594015.10000
2918       1596222.10000
2919       1598431.50000
2920       1600643.40000
2921       1602857.80000
2922       1605074.70000
2923       1607294.00000
2924       1609515.80000
2925       1611740.10000
2926       1613966.90000
2927       1616196.10000
2928       1618427.80000
2929       1620662.10000
2930       1622898.80000
2931       1625138.00000
2932       1627379.60000
2933       1629623.80000
2934       1631870.50000
2935       1634119.70000
2936       1636371.30000
2937       1638625.50000
2938       1640882.20000
2939       1643141.40000
2940       1645403.10000
2941       1647667.30000
2942       1649934.00000
2943       1652203.30000
2944       1654475.00000
2945       1656749.30000
2946       1659026.10000
2947       1661305.40000
2948       1663587.30000
2949       1665871.70000
2950       1668158.60000
2951       1670448.00000
2952       1672740.00000
2953       1675034.50000
2954       1677331.60000
2955       1679631.10000
2956       1681933.30000
2957       1684238.00000
2958       1686545.20000
2959       1688855.00000
2960       1691167.30000
2961       1693482.20000
2962       1695799.60000
2963       1698119.60000
2964       1700442.20000
2965       1702767.30000
2966       1705095.00000
2967       1707425.20000
2968       1709758.00000
2969       1712093.40000
2970       1714431.40000
2971       1716771.90000
2972       1719115.10000
2973       1721460.80000
2974       1723809.00000
2975       1726159.90000
2976       1728513.30000
2977       1730869.40000
2978       1733228.00000
2979       1735589.20000
2980       1737953.00000
2981       1740319.50000
2982       1742688.50000
2983       1745060.10000
2984       1747434.30000
2985       1749811.10000
2986       1752190.50000
2987       1754572.60000
2988       1756957.20000
2989       1759344.50000
2990       1761734.40000
2991       1764126.90000
2992       1766522.00000
2993       1768919.70000
2994       1771320.10000
2995       1773723.10000
2996       1776128.70000
2997       1778537.00000
2998       1780947.90000
2999       1783361.40000
3000       1785777.60000
3001       1788196.40000
3002       1790617.80000
3003       1793041.90000
3004       1795468.60000
3005       1797898.00000
3006       1800330.10000
3007       1802764.80000
3008       1805202.10000
3009       1807642.10000
3010       1810084.80000
3011       1812530.10000
3012       1814978.10000
3013       1817428.80000
3014       1819882.10000
3015       1822338.10000
3016       1824796.80000
3017       1827258.10000
3018       1829722.20000
3019       1832188.90000
3020       1834658.30000
3021       1837130.30000
3022       1839605.10000
3023       1842082.50000
3024       1844562.70000
3025       1847045.50000
3026       1849531.10000
3027       1852019.30000
3028       1854510.20000
3029       1857003.80000
3030       1859500.20000
3031       1861999.20000
3032       1864501.00000
3033       1867005.40000
3034       1869512.60000
3035       1872022.50000
3036       1874535.10000
3037       1877050.40000
3038       1879568.50000
3039       1882089.30000
3040       1884612.80000
3041       1887139.00000
3042       1889668.00000
3043       1892199.60000
3044       1894734.10000
3045       1897271.20000
3046       1899811.20000
3047       1902353.80000
3048       1904899.20000
3049       1907447.30000
3050       1909998.20000
3051       1912551.90000
3052       1915108.30000
3053       1917667.40000
3054       1920229.30000
3055       1922794.00000
3056       1925361.50000
3057       1927931.70000
3058       1930504.60000
3059       1933080.40000
3060       1935658.90000
3061       1938240.10000
3062       1940824.20000
3063       1943411.00000
3064       1946000.70000
3065       1948593.10000
3066       1951188.20000
3067       1953786.20000
3068       1956387.00000
3069       1958990.50000
3070       1961596.90000
3071       1964206.00000
3072       1966818.00000
3073       1969432.70000
3074       1972050.30000
3075       1974670.60000
3076       1977293.80000
3077       1979919.80000
3078       1982548.60000
3079       1985180.20000
3080       1987814.60000
3081       1990451.80000
3082       1993091.90000
3083       1995734.80000
3084       1998380.50000
3085       2001029.00000
3086       2003680.40000
3087       2006334.60000
3088       2008991.60000
3089       2011651.50000
3090       2014314.20000
3091       2016979.80000
3092       2019648.20000
3093       2022319.50000
3094       2024993.60000
3095       2027670.50000
3096       2030350.30000
3097       2033033.00000
3098       2035718.50000
3099       2038406.90000
3100       2041098.10000
3101       2043792.30000
3102       2046489.20000
3103       2049189.10000
3104       2051891.80000
3105       2054597.40000
3106       2057305.90000
3107       2060017.20000
3108       2062731.50000
3109       2065448.60000
3110       2068168.60000
3111       2070891.50000
3112       2073617.30000
3113       2076346.00000
3114       2079077.60000
3115       2081812.00000
3116       2084549.40000
3117       2087289.70000
3118       2090032.90000
3119       2092779.00000
3120       2095528.00000
3121       2098279.90000
3122       2101034.70000
3123       2103792.40000
3124       2106553.10000
3125       2109316.70000
3126       2112083.20000
3127       2114852.60000
3128       2117625.00000
3129       2120400.30000
3130       2123178.50000
3131       2125959.70000
3132       2128743.80000
3133       2131530.80000
3134       2134320.80000
3135       2137113.70000
3136       2139909.60000
3137       2142708.40000
3138       2145510.20000
3139       2148314.90000
3140       2151122.60000
3141       2153933.30000
3142       2156746.90000
3143       2159563.50000
3144       2162383.00000
3145       2165205.50000
3146       2168031.00000
3147       2170859.40000
3148       2173690.90000
3149       2176525.30000
3150       2179362.70000
3151       2182203.00000
3152       2185046.40000
3153       2187892.70000
3154       2190742.10000
3155       2193594.40000
3156       2196449.70000
3157       2199308.00000
3158       2202169.40000
3159       2205033.70000
3160       2207901.00000
3161       2210771.30000
3162       2213644.70000
3163       2216521.00000
3164       2219400.40000
3165       2222282.80000
3166       2225168.20000
3167       2228056.60000
3168       2230948.00000
3169       2233842.50000
3170       2236740.00000
3171       2239640.50000
3172       2242544.10000
3173       2245450.70000
3174       2248360.30000
3175       2251273.00000
3176       2254188.70000
3177       2257107.50000
3178       2260029.30000
3179       2262954.20000
3180       2265882.10000
3181       2268813.10000
3182       2271747.10000
3183       2274684.20000
3184       2277624.30000
3185       2280567.60000
3186       2283513.80000
3187       2286463.20000
3188       2289415.60000
3189       2292371.10000
3190       2295329.70000
3191       2298291.30000
3192       2301256.10000
3193       2304223.90000
3194       2307194.80000
3195       2310168.80000
3196       2313145.90000
3197       2316126.00000
3198       2319109.30000
3199       2322095.70000
3200       2325085.20000
3201       2328077.70000
3202       2331073.40000
3203       2334072.20000
3204       2337074.10000
3205       2340079.10000
3206       2343087.30000
3207       2346098.50000
3208       2349112.90000
3209       2352130.40000
3210       2355151.00000
3211       2358174.80000
3212       2361201.60000
3213       2364231.60000
3214       2367264.80000
3215       2370301.10000
3216       2373340.50000
3217       2376383.10000
3218       2379428.80000
3219       2382477.60000
3220       2385529.60000
3221       2388584.80000
3222       2391643.10000
3223       2394704.60000
3224       2397769.20000
3225       2400837.00000
3226       2403908.00000
3227       2406982.10000
3228       2410059.40000
3229       2413139.90000
3230       2416223.60000
3231       2419310.40000
3232       2422400.40000
3233       2425493.60000
3234       2428589.90000
3235       2431689.50000
3236       2434792.30000
3237       2437898.20000
3238       2441007.30000
3239       2444119.70000
3240       2447235.20000
3241       2450353.90000
3242       2453475.90000
3243       2456601.00000
3244       2459729.40000
3245       2462861.00000
3246       2465995.70000
3247       2469133.70000
3248       2472275.00000
3249       2475419.40000
3250       2478567.10000
3251       2481718.00000
3252       2484872.10000
3253       2488029.50000
3254       2491190.10000
3255       2494353.90000
3256       2497521.00000
3257       2500691.30000
3258       2503864.80000
3259       2507041.60000
3260       2510221.70000
3261       2513405.00000
3262       2516591.60000
3263       2519781.40000
3264       2522974.50000
3265       2526170.80000
3266       2529370.40000
3267       2532573.30000
3268       2535779.40000
3269       2538988.90000
3270       2542201.60000
3271       2545417.50000
3272       2548636.80000
3273       2551859.30000
3274       2555085.10000
3275       2558314.30000
3276       2561546.70000
3277       2564782.40000
3278       2568021.30000
3279       2571263.60000
3280       2574509.20000
3281       2577758.10000
3282       2581010.30000
3283       2584265.80000
3284       2587524.60000
3285       2590786.80000
3286       2594052.20000
3287       2597321.00000
3288       2600593.10000
3289       2603868.50000
3290       2607147.20000
3291       2610429.30000
3292       2613714.70000
3293       2617003.40000
3294       2620295.50000
3295       2623590.90000
3296       2626889.60000
3297       2630191.70000
3298       2633497.10000
3299       2636805.90000
3300       2640118.10000
3301       2643433.60000
3302       2646752.40000
3303       2650074.60000
3304       2653400.20000
3305       2656729.10000
3306       2660061.40000
3307       2663397.10000
3308       2666736.20000
3309       2670078.60000
3310       2673424.40000
3311       2676773.60000
3312       2680126.10000
3313       2683482.10000
3314       2686841.40000
3315       2690204.10000
3316       2693570.30000
3317       2696939.80000
3318       2700312.70000
3319       2703689.00000
3320       2707068.70000
3321       2710451.90000
3322       2713838.40000
3323       2717228.40000
3324       2720621.70000
3325       2724018.50000
3326       2727418.70000
3327       2730822.30000
3328       2734229.40000
3329       2737639.80000
3330       2741053.70000
3331       2744471.10000
3332       2747891.80000
3333       2751316.10000
3334       2754743.70000
3335       2758174.80000
3336       2761609.30000
3337       2765047.30000
3338       2768488.80000
3339       2771933.60000
3340       2775382.00000
3341       2778833.80000
3342       2782289.10000
3343       2785747.80000
3344       2789210.00000
3345       2792675.60000
3346       2796144.80000
3347       2799617.40000
3348       2803093.50000
3349       2806573.10000
3350       2810056.10000
3351       2813542.60000
3352       2817032.70000
3353       2820526.20000
3354       2824023.20000
3355       2827523.70000
3356       2831027.70000
3357       2834535.20000
3358       2838046.20000
3359       2841560.70000
3360       2845078.70000
3361       2848600.30000
3362       2852125.30000
3363       2855653.90000
3364       2859186.00000
3365       2862721.60000
3366       2866260.70000
3367       2869803.40000
3368       2873349.50000
3369       2876899.30000
3370       2880452.50000
3371       2884009.30000
3372       2887569.70000
3373       2891133.50000
3374       2894701.00000
3375       2898271.90000
3376       2901846.50000
3377       2905424.60000
3378       2909006.20000
3379       2912591.40000
3380       2916180.20000
3381       2919772.50000
3382       2923368.40000
3383       2926967.80000
3384       2930570.90000
3385       2934177.50000
3386       2937787.70000
3387       2941401.50000
3388       2945018.80000
3389       2948639.80000
3390       2952264.30000
3391       2955892.40000
3392       2959524.10000
3393       2963159.50000
3394       2966798.40000
3395       2970440.90000
3396       2974087.00000
3397       2977736.80000
3398       2981390.10000
3399       2985047.10000
3400       2988707.60000
3401       2992371.80000
3402       2996039.60000
3403       2999711.10000
3404       3003386.10000
3405       3007064.80000
3406       3010747.20000
3407       3014433.10000
3408       3018122.70000
3409       3021816.00000
3410       3025512.90000
3411       3029213.40000
3412       3032917.60000
3413       3036625.40000
3414       3040336.90000
3415       3044052.10000
3416       3047770.90000
3417       3051493.30000
3418       3055219.50000
3419       3058949.30000
3420       3062682.80000
3421       3066419.90000
3422       3070160.70000
3423       3073905.20000
3424       3077653.40000
3425       3081405.30000
3426       3085160.90000
3427       3088920.10000
3428       3092683.00000
3429       3096449.70000
3430       3100220.00000
3431       3103994.10000
3432       3107771.80000
3433       3111553.20000
3434       3115338.40000
3435       3119127.30000
3436       3122919.80000
3437       3126716.10000
3438       3130516.20000
3439       3134319.90000
3440       3138127.40000
3441       3141938.60000
3442       3145753.50000
3443       3149572.20000
3444       3153394.60000
3445       3157220.70000
3446       3161050.60000
3447       3164884.20000
3448       3168721.60000
3449       3172562.80000
3450       3176407.60000
3451       3180256.30000
3452       3184108.70000
3453       3187964.80000
3454       3191824.80000
3455       3195688.50000
3456       3199555.90000
3457       3203427.20000
3458       3207302.20000
3459       3211181.00000
3460       3215063.50000
3461       3218949.90000
3462       3222840.10000
3463       3226734.00000
3464       3230631.70000
3465       3234533.20000
3466       3238438.60000
3467       3242347.70000
3468       3246260.60000
3469       3250177.40000
3470       3254097.90000
3471       3258022.30000
3472       3261950.40000
3473       3265882.40000
3474       3269818.20000
3475       3273757.90000
3476       3277701.30000
3477       3281648.60000
3478       3285599.80000
3479       3289554.70000
3480       3293513.50000
3481       3297476.20000
3482       3301442.60000
3483       3305413.00000
3484       3309387.10000
3485       3313365.20000
3486       3317347.10000
3487       3321332.80000
3488       3325322.40000
3489       3329315.90000
3490       3333313.20000
3491       3337314.40000
3492       3341319.50000
3493       3345328.40000
3494       3349341.30000
3495       3353358.00000
3496       3357378.60000
3497       3361403.00000
3498       3365431.40000
3499       3369463.70000
3500       3373499.80000
3501       3377539.90000
3502       3381583.80000
3503       3385631.70000
3504       3389683.40000
3505       3393739.10000
3506       3397798.70000
3507       3401862.20000
3508       3405929.60000
3509       3410000.90000
3510       3414076.20000
3511       3418155.30000
3512       3422238.50000
3513       3426325.50000
3514       3430416.50000
3515       3434511.40000
3516       3438610.30000
3517       3442713.10000
3518       3446819.80000
3519       3450930.50000
3520       3455045.10000
3521       3459163.70000
3522       3463286.30000
3523       3467412.80000
3524       3471543.30000
3525       3475677.80000
3526       3479816.20000
3527       3483958.60000
3528       3488104.90000
3529       3492255.30000
3530       3496409.60000
3531       3500567.90000
3532       3504730.20000
3533       3508896.50000
3534       3513066.80000
3535       3517241.10000
3536       3521419.30000
3537       3525601.60000
3538       3529787.90000
3539       3533978.20000
3540       3538172.50000
3541       3542370.80000
3542       3546573.10000
3543       3550779.50000
3544       3554989.80000
3545       3559204.20000
3546       3563422.60000
3547       3567645.10000
3548       3571871.60000
3549       3576102.10000
3550       3580336.60000
3551       3584575.20000
3552       3588817.90000
3553       3593064.60000
3554       3597315.30000
3555       3601570.10000
3556       3605829.00000
3557       3610091.90000
3558       3614358.90000
3559       3618629.90000
3560       3622905.00000
3561       3627184.20000
3562       3631467.40000
3563       3635754.80000
3564       3640046.20000
3565       3644341.70000
3566       3648641.30000
3567       3652944.90000
3568       3657252.70000
3569       3661564.60000
3570       3665880.50000
3571       3670200.60000
3572       3674524.70000
3573       3678853.00000
3574       3683185.40000
3575       3687521.90000
3576       3691862.50000
3577       3696207.20000
3578       3700556.10000
3579       3704909.00000
3580       3709266.10000
3581       3713627.40000
3582       3717992.70000
3583       3722362.20000
3584       3726735.90000
3585       3731113.70000
3586       3735495.60000
3587       3739881.70000
3588       3744271.90000
3589       3748666.30000
3590       3753064.80000
3591       3757467.50000
3592       3761874.40000
3593       3766285.40000
3594       3770700.60000
3595       3775120.00000
3596       3779543.50000
3597       3783971.30000
3598       3788403.20000
3599       3792839.30000
3600       3797279.50000
3601       3801724.00000
3602       3806172.70000
3603       3810625.50000
3604       3815082.60000
3605       3819543.80000
3606       3824009.30000
3607       3828479.00000
3608       3832952.90000
3609       3837431.00000
3610       3841913.30000
3611       3846399.80000
3612       3850890.60000
3613       3855385.60000
3614       3859884.80000
3615       3864388.20000
3616       3868895.90000
3617       3873407.80000
3618       3877924.00000
3619       3882444.40000
3620       3886969.10000
3621       3891498.00000
3622       3896031.10000
3623       3900568.60000
3624       3905110.20000
3625       3909656.20000
3626       3914206.40000
3627       3918760.90000
3628       3923319.60000
3629       3927882.60000
3630       3932449.90000
3631       3937021.50000
3632       3941597.40000
3633       3946177.50000
3634       3950762.00000
3635       3955350.70000
3636       3959943.70000
3637       3964541.10000
3638       3969142.70000
3639       3973748.60000
3640       3978358.90000
3641       3982973.40000
3642       3987592.30000
3643       3992215.50000
3644       3996843.00000
3645       4001474.80000
3646       4006111.00000
3647       4010751.50000
3648       4015396.30000
3649       4020045.50000
3650       4024699.00000
3651       4029356.80000
3652       4034019.00000
3653       4038685.50000
3654       4043356.40000
3655       4048031.70000
3656       4052711.30000
3657       4057395.20000
3658       4062083.50000
3659       4066776.20000
3660       4071473.30000
3661       4076174.70000
3662       4080880.50000
3663       4085590.70000
3664       4090305.30000
3665       4095024.20000
3666       4099747.60000
3667       4104475.30000
3668       4109207.50000
3669       4113944.00000
3670       4118684.90000
3671       4123430.20000
3672       4128180.00000
3673       4132934.10000
3674       4137692.70000
3675       4142455.70000
3676       4147223.10000
3677       4151994.90000
3678       4156771.10000
3679       4161551.80000
3680       4166336.90000
3681       4171126.50000
3682       4175920.40000
3683       4180718.90000
3684       4185521.70000
3685       4190329.00000
3686       4195140.80000
3687       4199957.00000
3688       4204777.70000
3689       4209602.80000
3690       4214432.40000
3691       4219266.50000
3692       4224105.00000
3693       4228948.00000
3694       4233795.50000
3695       4238647.50000
3696       4243503.90000
3697       4248364.90000
3698       4253230.30000
3699       4258100.20000
3700       4262974.60000
3701       4267853.50000
3702       4272736.90000
3703       4277624.80000
3704       4282517.20000
3705       4287414.10000
3706       4292315.60000
3707       4297221.50000
3708       4302132.00000
3709       4307047.00000
3710       4311966.50000
3711       4316890.60000
3712       4321819.20000
3713       4326752.30000
3714       4331689.90000
3715       4336632.10000
3716       4341578.90000
3717       4346530.20000
3718       4351486.00000
3719       4356446.40000
3720       4361411.40000
3721       4366380.90000
3722       4371355.00000
3723       4376333.60000
3724       4381316.80000
3725       4386304.60000
3726       4391297.00000
3727       4396294.00000
3728       4401295.50000
3729       4406301.60000
3730       4411312.30000
3731       4416327.60000
3732       4421347.50000
3733       4426372.00000
3734       4431401.10000
3735       4436434.80000
3736       4441473.20000
3737       4446516.10000
3738       4451563.60000
3739       4456615.80000
3740       4461672.60000
3741       4466734.00000
3742       4471800.00000
3743       4476870.70000
3744       4481946.00000
3745       4487025.90000
3746       4492110.50000
3747       4497199.70000
3748       4502293.60000
3749       4507392.10000
3750       4512495.30000
3751       4517603.10000
3752       4522715.60000
3753       4527832.80000
3754       4532954.60000
3755       4538081.10000
3756       4543212.30000
3757       4548348.10000
3758       4553488.70000
3759       4558633.90000
3760       4563783.80000
3761       4568938.30000
3762       4574097.60000
3763       4579261.60000
3764       4584430.30000
3765       4589603.60000
3766       4594781.70000
3767       4599964.50000
3768       4605152.00000
3769       4610344.20000
3770       4615541.10000
3771       4620742.80000
3772       4625949.20000
3773       4631160.30000
3774       4636376.10000
3775       4641596.70000
3776       4646822.00000
3777       4652052.10000
3778       4657286.90000
3779       4662526.40000
3780       4667770.70000
3781       4673019.80000
3782       4678273.60000
3783       4683532.20000
3784       4688795.50000
3785       4694063.60000
3786       4699336.50000
3787       4704614.10000
3788       4709896.50000
3789       4715183.70000
3790       4720475.70000
3791       4725772.50000
3792       4731074.10000
3793       4736380.40000
3794       4741691.60000
3795       4747007.60000
3796       4752328.30000
3797       4757653.90000
3798       4762984.30000
3799       4768319.50000
3800       4773659.50000
3801       4779004.30000
3802       4784354.00000
3803       4789708.50000
3804       4795067.80000
3805       4800431.90000
3806       4805800.90000
3807       4811174.70000
3808       4816553.40000
3809       4821936.90000
3810       4827325.30000
3811       4832718.50000
3812       4838116.60000
3813       4843519.50000
3814       4848927.30000
3815       4854339.90000
3816       4859757.50000
3817       4865179.90000
3818       4870607.20000
3819       4876039.30000
3820       4881476.40000
3821       4886918.30000
3822       4892365.10000
3823       4897816.80000
3824       4903273.40000
3825       4908735.00000
3826       4914201.40000
3827       4919672.70000
3828       4925148.90000
3829       4930630.10000
3830       4936116.10000
3831       4941607.10000
3832       4947103.00000
3833       4952603.80000
3834       4958109.60000
3835       4963620.30000
3836       4969135.90000
3837       4974656.50000
3838       4980182.00000
3839       4985712.50000
3840       4991247.90000
3841       4996788.30000
3842       5002333.60000
3843       5007883.90000
3844       5013439.10000
3845       5018999.30000
3846       5024564.50000
3847       5030134.70000
3848       5035709.80000
3849       5041289.90000
3850       5046875.00000
3851       5052465.10000
3852       5058060.20000
3853       5063660.20000
3854       5069265.30000
3855       5074875.40000
3856       5080490.40000
3857       5086110.50000
3858       5091735.60000
3859       5097365.70000
3860       5103000.80000
3861       5108641.00000
3862       5114286.10000
3863       5119936.30000
3864       5125591.60000
3865       5131251.80000
3866       5136917.10000
3867       5142587.50000
3868       5148262.90000
3869       5153943.30000
3870       5159628.80000
3871       5165319.30000
3872       5171014.90000
3873       5176715.60000
3874       5182421.30000
3875       5188132.10000
3876       5193848.00000
3877       5199568.90000
3878       5205294.90000
3879       5211026.00000
3880       5216762.20000
3881       5222503.50000
3882       5228249.90000
3883       5234001.40000
3884       5239757.90000
3885       5245519.60000
3886       5251286.40000
3887       5257058.30000
3888       5262835.30000
3889       5268617.40000
3890       5274404.60000
3891       5280197.00000
3892       5285994.50000
3893       5291797.10000
3894       5297604.90000
3895       5303417.70000
3896       5309235.80000
3897       5315059.00000
3898       5320887.30000
3899       5326720.80000
3900       5332559.40000
3901       5338403.20000
3902       5344252.10000
3903       5350106.20000
3904       5355965.50000
3905       5361830.00000
3906       5367699.60000
3907       5373574.40000
3908       5379454.40000
3909       5385339.60000
3910       5391230.00000
3911       5397125.50000
3912       5403026.30000
3913       5408932.20000
3914       5414843.40000
3915       5420759.80000
3916       5426681.30000
3917       5432608.10000
3918       5438540.10000
3919       5444477.40000
3920       5450419.80000
3921       5456367.50000
3922       5462320.40000
3923       5468278.50000
3924       5474241.90000
3925       5480210.60000
3926       5486184.40000
3927       5492163.50000
3928       5498147.90000
3929       5504137.50000
3930       5510132.40000
3931       5516132.60000
3932       5522138.00000
3933       5528148.70000
3934       5534164.60000
3935       5540185.90000
3936       5546212.40000
3937       5552244.20000
3938       5558281.30000
3939       5564323.60000
3940       5570371.30000
3941       5576424.30000
3942       5582482.50000
3943       5588546.10000
3944       5594615.00000
3945       5600689.20000
3946       5606768.70000
3947       5612853.50000
3948       5618943.70000
3949       5625039.20000
3950       5631140.00000
3951       5637246.10000
3952       5643357.60000
3953       5649474.40000
3954       5655596.60000
3955       5661724.10000
3956       5667856.90000
3957       5673995.10000
3958       5680138.70000
3959       5686287.60000
3960       5692441.90000
3961       5698601.60000
3962       5704766.60000
3963       5710937.00000
3964       5717112.80000
3965       5723294.00000
3966       5729480.60000
3967       5735672.50000
3968       5741869.90000
3969       5748072.60000
3970       5754280.70000
3971       5760494.30000
3972       5766713.20000
3973       5772937.60000
3974       5779167.40000
3975       5785402.60000
3976       5791643.20000
3977       5797889.20000
3978       5804140.70000
3979       5810397.60000
3980       5816660.00000
3981       5822927.70000
3982       5829201.00000
3983       5835479.60000
3984       5841763.80000
3985       5848053.30000
3986       5854348.40000
3987       5860648.90000
3988       5866954.80000
3989       5873266.30000
3990       5879583.20000
3991       5885905.60000
3992       5892233.40000
3993       5898566.80000
3994       5904905.60000
3995       5911249.90000
3996       5917599.70000
3997       5923955.00000
3998       5930315.80000
3999       5936682.10000
4000       5943054.00000
4001       5949431.30000
4002       5955814.20000
4003       5962202.50000
4004       5968596.40000
4005       5974995.80000
4006       5981400.80000
4007       5987811.30000
4008       5994227.30000
4009       6000648.90000
4010       6007076.00000
4011       6013508.60000
4012       6019946.80000
4013       6026390.60000
4014       6032839.90000
4015       6039294.80000
4016       6045755.20000
4017       6052221.30000
4018       6058692.90000
4019       6065170.00000
4020       6071652.80000
4021       6078141.10000
4022       6084635.00000
4023       6091134.60000
4024       6097639.70000
4025       6104150.40000
4026       6110666.70000
4027       6117188.60000
4028       6123716.20000
4029       6130249.30000
4030       6136788.10000
4031       6143332.40000
4032       6149882.50000
4033       6156438.10000
4034       6162999.40000
4035       6169566.30000
4036       6176138.80000
4037       6182717.00000
4038       6189300.80000
4039       6195890.30000
4040       6202485.50000
4041       6209086.30000
4042       6215692.70000
4043       6222304.80000
4044       6228922.60000
4045       6235546.10000
4046       6242175.30000
4047       6248810.10000
4048       6255450.60000
4049       6262096.80000
4050       6268748.70000
4051       6275406.20000
4052       6282069.50000
4053       6288738.50000
4054       6295413.20000
4055       6302093.60000
4056       6308779.70000
4057       6315471.50000
4058       6322169.10000
4059       6328872.40000
4060       6335581.40000
4061       6342296.10000
4062       6349016.60000
4063       6355742.80000
4064       6362474.70000
4065       6369212.40000
4066       6375955.90000
4067       6382705.10000
4068       6389460.00000
4069       6396220.80000
4070       6402987.30000
4071       6409759.50000
4072       6416537.50000
4073       6423321.40000
4074       6430110.90000
4075       6436906.30000
4076       6443707.50000
4077       6450514.40000
4078       6457327.20000
4079       6464145.70000
4080       6470970.10000
4081       6477800.20000
4082       6484636.20000
4083       6491478.00000
4084       6498325.60000
4085       6505179.00000
4086       6512038.20000
4087       6518903.30000
4088       6525774.20000
4089       6532651.00000
4090       6539533.60000
4091       6546422.00000
4092       6553316.30000
4093       6560216.40000
4094       6567122.40000
4095       6574034.20000
4096       6580951.90000
4097       6587875.50000
4098       6594804.90000
4099       6601740.30000
4100       6608681.50000
4101       6615628.50000
4102       6622581.50000
4103       6629540.40000
4104       6636505.10000
4105       6643475.80000
4106       6650452.30000
4107       6657434.70000
4108       6664423.10000
4109       6671417.40000
4110       6678417.60000
4111       6685423.70000
4112       6692435.70000
4113       6699453.70000
4114       6706477.60000
4115       6713507.40000
4116       6720543.10000
4117       6727584.80000
4118       6734632.50000
4119       6741686.10000
4120       6748745.70000
4121       6755811.20000
4122       6762882.70000
4123       6769960.10000
4124       6777043.50000
4125       6784132.90000
4126       6791228.30000
4127       6798329.60000
4128       6805436.90000
4129       6812550.20000
4130       6819669.60000
4131       6826794.90000
4132       6833926.20000
4133       6841063.50000
4134       6848206.80000
4135       6855356.10000
4136       6862511.50000
4137       6869672.80000
4138       6876840.20000
4139       6884013.60000
4140       6891193.10000
4141       6898378.50000
4142       6905570.10000
4143       6912767.60000
4144       6919971.20000
4145       6927180.90000
4146       6934396.60000
4147       6941618.40000
4148       6948846.20000
4149       6956080.10000
4150       6963320.10000
4151       6970566.10000
4152       6977818.20000
4153       6985076.40000
4154       6992340.70000
4155       6999611.00000
4156       7006887.50000
4157       7014170.10000
4158       7021458.70000
4159       7028753.50000
4160       7036054.40000
4161       7043361.30000
4162       7050674.40000
4163       7057993.60000
4164       7065319.00000
4165       7072650.50000
4166       7079988.10000
4167       7087331.80000
4168       7094681.70000
4169       7102037.70000
4170       7109399.80000
4171       7116768.20000
4172       7124142.60000
4173       7131523.30000
4174       7138910.10000
4175       7146303.00000
4176       7153702.10000
4177       7161107.40000
4178       7168518.90000
4179       7175936.60000
4180       7183360.40000
4181       7190790.50000
4182       7198226.70000
4183       7205669.10000
4184       7213117.80000
4185       7220572.60000
4186       7228033.70000
4187       7235500.90000
4188       7242974.40000
4189       7250454.10000
4190       7257940.00000
4191       7265432.20000
4192       7272930.60000
4193       7280435.20000
4194       7287946.10000
4195       7295463.20000
4196       7302986.50000
4197       7310516.10000
4198       7318052.00000
4199       7325594.10000
4200       7333142.50000
4201       7340697.20000
4202       7348258.10000
4203       7355825.30000
4204       7363398.80000
4205       7370978.60000
4206       7378564.70000
4207       7386157.00000
4208       7393755.70000
4209       7401360.60000
4210       7408971.90000
4211       7416589.50000
4212       7424213.40000
4213       7431843.50000
4214       7439480.10000
4215       7447122.90000
4216       7454772.10000
4217       7462427.60000
4218       7470089.40000
4219       7477757.60000
4220       7485432.10000
4221       7493113.00000
4222       7500800.20000
4223       7508493.80000
4224       7516193.70000
4225       7523900.00000
4226       7531612.70000
4227       7539331.70000
4228       7547057.10000
4229       7554788.90000
4230       7562527.10000
4231       7570271.70000
4232       7578022.60000
4233       7585780.00000
4234       7593543.70000
4235       7601313.90000
4236       7609090.50000
4237       7616873.50000
4238       7624662.90000
4239       7632458.70000
4240       7640260.90000
4241       7648069.60000
4242       7655884.70000
4243       7663706.20000
4244       7671534.20000
4245       7679368.60000
4246       7687209.50000
4247       7695056.80000
4248       7702910.60000
4249       7710770.80000
4250       7718637.50000
4251       7726510.70000
4252       7734390.30000
4253       7742276.50000
4254       7750169.10000
4255       7758068.10000
4256       7765973.70000
4257       7773885.80000
4258       7781804.30000
4259       7789729.40000
4260       7797661.00000
4261       7805599.00000
4262       7813543.60000
4263       7821494.70000
4264       7829452.40000
4265       7837416.50000
4266       7845387.20000
4267       7853364.40000
4268       7861348.20000
4269       7869338.50000
4270       7877335.30000
4271       7885338.70000
4272       7893348.60000
4273       7901365.10000
4274       7909388.20000
4275       7917417.80000
4276       7925454.00000
4277       7933496.80000
4278       7941546.10000
4279       7949602.10000
4280       7957664.60000
4281       7965733.70000
4282       7973809.40000
4283       7981891.70000
4284       7989980.60000
4285       7998076.10000
4286       8006178.20000
4287       8014286.90000
4288       8022402.30000
4289       8030524.30000
4290       8038652.90000
4291       8046788.10000
4292       8054930.00000
4293       8063078.50000
4294       8071233.60000
4295       8079395.40000
4296       8087563.90000
4297       8095739.00000
4298       8103920.80000
4299       8112109.20000
4300       8120304.30000
4301       8128506.10000
4302       8136714.50000
4303       8144929.70000
4304       8153151.50000
4305       8161380.00000
4306       8169615.20000
4307       8177857.10000
4308       8186105.70000
4309       8194361.00000
4310       8202623.00000
4311       8210891.70000
4312       8219167.10000
4313       8227449.30000
4314       8235738.20000
4315       8244033.80000
4316       8252336.20000
4317       8260645.30000
4318       8268961.10000
4319       8277283.70000
4320       8285613.00000
4321       8293949.10000
4322       8302291.90000
4323       8310641.60000
4324       8318997.90000
4325       8327361.10000
4326       8335731.00000
4327       8344107.70000
4328       8352491.20000
4329       8360881.50000
4330       8369278.60000
4331       8377682.40000
4332       8386093.10000
4333       8394510.60000
4334       8402934.90000
4335       8411366.00000
4336       8419803.90000
4337       8428248.60000
4338       8436700.20000
4339       8445158.60000
4340       8453623.80000
4341       8462095.90000
4342       8470574.80000
4343       8479060.60000
4344       8487553.20000
4345       8496052.60000
4346       8504559.00000
4347       8513072.10000
4348       8521592.20000
4349       8530119.10000
4350       8538652.90000
4351       8547193.60000
4352       8555741.20000
4353       8564295.70000
4354       8572857.00000
4355       8581425.30000
4356       8590000.40000
4357       8598582.50000
4358       8607171.40000
4359       8615767.30000
4360       8624370.10000
4361       8632979.90000
4362       8641596.50000
4363       8650220.10000
4364       8658850.60000
4365       8667488.10000
4366       8676132.50000
4367       8684783.80000
4368       8693442.10000
4369       8702107.40000
4370       8710779.60000
4371       8719458.80000
4372       8728145.00000
4373       8736838.10000
4374       8745538.20000
4375       8754245.30000
4376       8762959.40000
4377       8771680.50000
4378       8780408.50000
4379       8789143.60000
4380       8797885.70000
4381       8806634.70000
4382       8815390.80000
4383       8824153.90000
4384       8832924.10000
4385       8841701.20000
4386       8850485.40000
4387       8859276.60000
4388       8868074.90000
4389       8876880.20000
4390       8885692.50000
4391       8894511.90000
4392       8903338.30000
4393       8912171.80000
4394       8921012.40000
4395       8929860.00000
4396       8938714.70000
4397       8947576.50000
4398       8956445.40000
4399       8965321.30000
4400       8974204.40000
4401       8983094.50000
4402       8991991.70000
4403       9000896.10000
4404       9009807.50000
4405       9018726.10000
4406       9027651.70000
4407       9036584.50000
4408       9045524.40000
4409       9054471.50000
4410       9063425.60000
4411       9072386.90000
4412       9081355.40000
4413       9090331.00000
4414       9099313.70000
4415       9108303.60000
4416       9117300.70000
4417       9126304.90000
4418       9135316.30000
4419       9144334.80000
4420       9153360.50000
4421       9162393.40000
4422       9171433.50000
4423       9180480.80000
4424       9189535.30000
4425       9198597.00000
4426       9207665.80000
4427       9216741.90000
4428       9225825.20000
4429       9234915.70000
4430       9244013.40000
4431       9253118.40000
4432       9262230.60000
4433       9271350.00000
4434       9280476.60000
4435       9289610.50000
4436       9298751.60000
4437       9307900.00000
4438       9317055.60000
4439       9326218.50000
4440       9335388.70000
4441       9344566.10000
4442       9353750.80000
4443       9362942.80000
4444       9372142.00000
4445       9381348.60000
4446       9390562.40000
4447       9399783.50000
4448       9409011.90000
4449       9418247.60000
4450       9427490.60000
4451       9436741.00000
4452       9445998.60000
4453       9455263.60000
4454       9464535.90000
4455       9473815.50000
4456       9483102.40000
4457       9492396.70000
4458       9501698.40000
4459       9511007.30000
4460       9520323.70000
4461       9529647.30000
4462       9538978.40000
4463       9548316.80000
4464       9557662.60000
4465       9567015.70000
4466       9576376.20000
4467       9585744.10000
4468       9595119.40000
4469       9604502.10000
4470       9613892.20000
4471       9623289.60000
4472       9632694.50000
4473       9642106.80000
4474       9651526.50000
4475       9660953.60000
4476       9670388.10000
4477       9679830.10000
4478       9689279.50000
4479       9698736.30000
4480       9708200.60000
4481       9717672.30000
4482       9727151.40000
4483       9736638.00000
4484       9746132.10000
4485       9755633.60000
4486       9765142.60000
4487       9774659.10000
4488       9784183.00000
4489       9793714.40000
4490       9803253.30000
4491       9812799.70000
4492       9822353.60000
4493       9831915.00000
4494       9841483.80000
4495       9851060.20000
4496       9860644.10000
4497       9870235.50000
4498       9879834.40000
4499       9889440.90000
4500       9899054.90000
4501       9908676.40000
4502       9918305.40000
4503       9927942.00000
4504       9937586.10000
4505       9947237.80000
4506       9956897.10000
4507       9966563.80000
4508       9976238.20000
4509       9985920.10000
4510       9995609.60000
4511      10005307.00000
4512      10015011.00000
4513      10024724.00000
4514      10034443.00000
4515      10044171.00000
4516      10053906.00000
4517      10063649.00000
4518      10073399.00000
4519      10083157.00000
4520      10092922.00000
4521      10102695.00000
4522      10112476.00000
4523      10122264.00000
4524      10132060.00000
4525      10141864.00000
4526      10151675.00000
4527      10161494.00000
4528      10171321.00000
4529      10181155.00000
4530      10190997.00000
4531      10200847.00000
4532      10210704.00000
4533      10220569.00000
4534      10230441.00000
4535      10240322.00000
4536      10250210.00000
4537      10260105.00000
4538      10270009.00000
4539      10279920.00000
4540      10289839.00000
4541      10299765.00000
4542      10309699.00000
4543      10319641.00000
4544      10329591.00000
4545      10339548.00000
4546      10349513.00000
4547      10359486.00000
4548      10369467.00000
4549      10379455.00000
4550      10389451.00000
4551      10399455.00000
4552      10409467.00000
4553      10419486.00000
4554      10429514.00000
4555      10439549.00000
4556      10449591.00000
4557      10459642.00000
4558      10469700.00000
4559      10479766.00000
4560      10489840.00000
4561      10499922.00000
4562      10510012.00000
4563      10520109.00000
4564      10530214.00000
4565      10540327.00000
4566      10550448.00000
4567      10560577.00000
4568      10570713.00000
4569      10580857.00000
4570      10591010.00000
4571      10601170.00000
4572      10611337.00000
4573      10621513.00000
4574      10631697.00000
4575      10641888.00000
4576      10652088.00000
4577      10662295.00000
4578      10672510.00000
4579      10682733.00000
4580      10692964.00000
4581      10703203.00000
4582      10713449.00000
4583      10723704.00000
4584      10733967.00000
4585      10744237.00000
4586      10754515.00000
4587      10764802.00000
4588      10775096.00000
4589      10785398.00000
4590      10795708.00000
4591      10806026.00000
4592      10816352.00000
4593      10826686.00000
4594      10837028.00000
4595      10847378.00000
4596      10857735.00000
4597      10868101.00000
4598      10878475.00000
4599      10888857.00000
4600      10899246.00000
4601      10909644.00000
4602      10920050.00000
4603      10930463.00000
4604      10940885.00000
4605      10951315.00000
4606      10961753.00000
4607      10972198.00000
4608      10982652.00000
4609      10993114.00000
4610      11003584.00000
4611      11014062.00000
4612      11024548.00000
4613      11035041.00000
4614      11045543.00000
4615      11056054.00000
4616      11066572.00000
4617      11077098.00000
4618      11087632.00000
4619      11098174.00000
4620      11108725.00000
4621      11119283.00000
4622      11129850.00000
4623      11140425.00000
4624      11151007.00000
4625      11161598.00000
4626      11172197.00000
4627      11182804.00000
4628      11193419.00000
4629      11204043.00000
4630      11214674.00000
4631      11225314.00000
4632      11235961.00000
4633      11246617.00000
4634      11257281.00000
4635      11267953.00000
4636      11278634.00000
4637      11289322.00000
4638      11300019.00000
4639      11310724.00000
4640      11321437.00000
4641      11332158.00000
4642      11342887.00000
4643      11353625.00000
4644      11364370.00000
4645      11375124.00000
4646      11385886.00000
4647      11396657.00000
4648      11407435.00000
4649      11418222.00000
4650      11429017.00000
4651      11439820.00000
4652      11450632.00000
4653      11461451.00000
4654      11472279.00000
4655      11483115.00000
4656      11493960.00000
4657      11504812.00000
4658      11515673.00000
4659      11526542.00000
4660      11537420.00000
4661      11548305.00000
4662      11559199.00000
4663      11570102.00000
4664      11581012.00000
4665      11591931.00000
4666      11602858.00000
4667      11613794.00000
4668      11624737.00000
4669      11635689.00000
4670      11646650.00000
4671      11657619.00000
4672      11668596.00000
4673      11679581.00000
4674      11690575.00000
4675      11701577.00000
4676      11712587.00000
4677      11723606.00000
4678      11734633.00000
4679      11745668.00000
4680      11756712.00000
4681      11767764.00000
4682      11778825.00000
4683      11789894.00000
4684      11800971.00000
4685      11812057.00000
4686      11823151.00000
4687      11834253.00000
4688      11845364.00000
4689      11856484.00000
4690      11867611.00000
4691      11878747.00000
4692      11889892.00000
4693      11901045.00000
4694      11912206.00000
4695      11923376.00000
4696      11934554.00000
4697      11945741.00000
4698      11956936.00000
4699      11968140.00000
4700      11979352.00000
4701      11990573.00000
4702      12001802.00000
4703      12013039.00000
4704      12024285.00000
4705      12035540.00000
4706      12046803.00000
4707      12058074.00000
4708      12069354.00000
4709      12080643.00000
4710      12091940.00000
4711      12103245.00000
4712      12114559.00000
4713      12125882.00000
4714      12137213.00000
4715      12148552.00000
4716      12159901.00000
4717      12171257.00000
4718      12182622.00000
4719      12193996.00000
4720      12205379.00000
4721      12216770.00000
4722      12228169.00000
4723      12239577.00000
4724      12250994.00000
4725      12262419.00000
4726      12273853.00000
4727      12285295.00000
4728      12296746.00000
4729      12308206.00000
4730      12319674.00000
4731      12331151.00000
4732      12342636.00000
4733      12354130.00000
4734      12365633.00000
4735      12377144.00000
4736      12388664.00000
4737      12400193.00000
4738      12411730.00000
4739      12423276.00000
4740      12434830.00000
4741      12446394.00000
4742      12457965.00000
4743      12469546.00000
4744      12481135.00000
4745      12492733.00000
4746      12504340.00000
4747      12515955.00000
4748      12527579.00000
4749      12539212.00000
4750      12550853.00000
4751      12562503.00000
4752      12574162.00000
4753      12585829.00000
4754      12597506.00000
4755      12609191.00000
4756      12620884.00000
4757      12632587.00000
4758      12644298.00000
4759      12656018.00000
4760      12667747.00000
4761      12679484.00000
4762      12691231.00000
4763      12702986.00000
4764      12714749.00000
4765      12726522.00000
4766      12738303.00000
4767      12750093.00000
4768      12761892.00000
4769      12773700.00000
4770      12785517.00000
4771      12797342.00000
4772      12809176.00000
4773      12821019.00000
4774      12832871.00000
4775      12844732.00000
4776      12856601.00000
4777      12868479.00000
4778      12880367.00000
4779      12892263.00000
4780      12904167.00000
4781      12916081.00000
4782      12928004.00000
4783      12939935.00000
4784      12951876.00000
4785      12963825.00000
4786      12975783.00000
4787      12987750.00000
4788      12999726.00000
4789      13011711.00000
4790      13023704.00000
4791      13035707.00000
4792      13047718.00000
4793      13059739.00000
4794      13071768.00000
4795      13083807.00000
4796      13095854.00000
4797      13107910.00000
4798      13119975.00000
4799      13132049.00000
4800      13144132.00000
4801      13156224.00000
4802      13168325.00000
4803      13180435.00000
4804      13192554.00000
4805      13204682.00000
4806      13216819.00000
4807      13228965.00000
4808      13241120.00000
4809      13253283.00000
4810      13265456.00000
4811      13277638.00000
4812      13289829.00000
4813      13302029.00000
4814      13314238.00000
4815      13326456.00000
4816      13338683.00000
4817      13350919.00000
4818      13363164.00000
4819      13375418.00000
4820      13387681.00000
4821      13399954.00000
4822      13412235.00000
4823      13424526.00000
4824      13436825.00000
4825      13449134.00000
4826      13461451.00000
4827      13473778.00000
4828      13486114.00000
4829      13498459.00000
4830      13510813.00000
4831      13523176.00000
4832      13535548.00000
4833      13547930.00000
4834      13560320.00000
4835      13572720.00000
4836      13585129.00000
4837      13597547.00000
4838      13609974.00000
4839      13622410.00000
4840      13634856.00000
4841      13647310.00000
4842      13659774.00000
4843      13672247.00000
4844      13684729.00000
4845      13697220.00000
4846      13709721.00000
4847      13722230.00000
4848      13734749.00000
4849      13747277.00000
4850      13759815.00000
4851      13772361.00000
4852      13784917.00000
4853      13797482.00000
4854      13810056.00000
4855      13822640.00000
4856      13835232.00000
4857      13847834.00000
4858      13860445.00000
4859      13873066.00000
4860      13885695.00000
4861      13898334.00000
4862      13910983.00000
4863      13923640.00000
4864      13936307.00000
4865      13948983.00000
4866      13961668.00000
4867      13974363.00000
4868      13987067.00000
4869      13999780.00000
4870      14012503.00000
4871      14025235.00000
4872      14037976.00000
4873      14050727.00000
4874      14063487.00000
4875      14076256.00000
4876      14089034.00000
4877      14101822.00000
4878      14114620.00000
4879      14127426.00000
4880      14140242.00000
4881      14153068.00000
4882      14165902.00000
4883      14178747.00000
4884      14191600.00000
4885      14204463.00000
4886      14217335.00000
4887      14230217.00000
4888      14243108.00000
4889      14256009.00000
4890      14268919.00000
4891      14281838.00000
4892      14294767.00000
4893      14307705.00000
4894      14320653.00000
4895      14333610.00000
4896      14346577.00000
4897      14359553.00000
4898      14372538.00000
4899      14385533.00000
4900      14398537.00000
4901      14411551.00000
4902      14424575.00000
4903      14437608.00000
4904      14450650.00000
4905      14463702.00000
4906      14476763.00000
4907      14489834.00000
4908      14502914.00000
4909      14516004.00000
4910      14529104.00000
4911      14542213.00000
4912      14555331.00000
4913      14568459.00000
4914      14581597.00000
4915      14594744.00000
4916      14607901.00000
4917      14621067.00000
4918      14634243.00000
4919      14647428.00000
4920      14660623.00000
4921      14673827.00000
4922      14687041.00000
4923      14700265.00000
4924      14713498.00000
4925      14726741.00000
4926      14739994.00000
4927      14753256.00000
4928      14766528.00000
4929      14779809.00000
4930      14793100.00000
4931      14806401.00000
4932      14819711.00000
4933      14833031.00000
4934      14846360.00000
4935      14859700.00000
4936      14873048.00000
4937      14886407.00000
4938      14899775.00000
4939      14913153.00000
4940      14926541.00000
4941      14939938.00000
4942      14953345.00000
4943      14966761.00000
4944      14980188.00000
4945      14993624.00000
4946      15007070.00000
4947      15020525.00000
4948      15033990.00000
4949      15047465.00000
4950      15060950.00000
4951      15074444.00000
4952      15087948.00000
4953      15101462.00000
4954      15114986.00000
4955      15128519.00000
4956      15142063.00000
4957      15155615.00000
4958      15169178.00000
4959      15182751.00000
4960      15196333.00000
4961      15209925.00000
4962      15223527.00000
4963      15237139.00000
4964      15250760.00000
4965      15264392.00000
4966      15278033.00000
4967      15291684.00000
4968      15305345.00000
4969      15319015.00000
4970      15332696.00000
4971      15346386.00000
4972      15360086.00000
4973      15373796.00000
4974      15387516.00000
4975      15401246.00000
4976      15414986.00000
4977      15428735.00000
4978      15442495.00000
4979      15456264.00000
4980      15470043.00000
4981      15483832.00000
4982      15497631.00000
4983      15511440.00000
4984      15525259.00000
4985      15539088.00000
4986      15552926.00000
4987      15566775.00000
4988      15580634.00000
4989      15594502.00000
4990      15608381.00000
4991      15622269.00000
4992      15636167.00000
4993      15650076.00000
4994      15663994.00000
4995      15677922.00000
4996      15691861.00000
4997      15705809.00000
4998      15719767.00000
4999      15733735.00000
5000      15747714.00000