   1            12.56432
   2            22.72484
   3            32.98307
   4            43.26357
   5            53.55280
   6            63.84644
   7            74.14266
   8            84.44057
   9            94.73968
  10           105.03970
  11           115.34044
  12           125.64178
  13           135.94363
  14           146.24594
  15           156.54866
  16           166.85175
  17           177.15519
  18           187.45897
  19           197.76306
  20           208.06746
  21           218.37215
  22           228.67713
  23           238.98238
  24           249.28791
  25           259.59371
  26           269.89977
  27           280.20610
  28           290.51268
  29           300.81952
  30           311.12662
  31           321.43397
  32           331.74156
  33           342.04941
  34           352.35750
  35           362.66584
  36           372.97443
  37           383.28326
  38           393.59234
  39           403.90166
  40           414.21122
  41           424.52102
  42           434.83107
  43           445.14136
  44           455.45188
  45           465.76265
  46           476.07367
  47           486.38492
  48           496.69641
  49           507.00815
  50           517.32013
  51           527.63235
  52           537.94482
  53           548.25754
  54           558.57050
  55           568.88372
  56           579.19720
  57           589.51094
  58           599.82495
  59           610.13923
  60           620.45380
  61           630.76865
  62           641.08381
  63           651.39928
  64           661.71508
  65           672.03123
  66           682.34774
  67           692.66463
  68           702.98193
  69           713.29966
  70           723.61785
  71           733.93653
  72           744.25574
  73           754.57550
  74           764.89588
  75           775.21690
  76           785.53862
  77           795.86109
  78           806.18437
  79           816.50852
  80           826.83360
  81           837.15969
  82           847.48685
  83           857.81517
  84           868.14473
  85           878.47562
  86           888.80794
  87           899.14178
  88           909.47725
  89           919.81446
  90           930.15352
  91           940.49455
  92           950.83768
  93           961.18304
  94           971.53076
  95           981.88099
  96           992.23387
  97          1002.58960
  98          1012.94820
  99          1023.31000
 100          1033.67510
 101          1044.04360
 102          1054.41580
 103          1064.79180
 104          1075.17180
 105          1085.55600
 106          1095.94470
 107          1106.33790
 108          1116.73590
 109          1127.13900
 110          1137.54730
 111          1147.96110
 112          1158.38060
 113          1168.80600
 114          1179.23750
 115          1189.67550
 116          1200.12000
 117          1210.57140
 118          1221.02990
 119          1231.49580
 120          1241.96940
 121          1252.45070
 122          1262.94030
 123          1273.43820
 124          1283.94480
 125          1294.46030
 126          1304.98510
 127          1315.51930
 128          1326.06330
 129          1336.61730
 130          1347.18160
 131          1357.75650
 132          1368.34230
 133          1378.93930
 134          1389.54770
 135          1400.16780
 136          1410.80000
 137          1421.44450
 138          1432.10160
 139          1442.77160
 140          1453.45480
 141          1464.15150
 142          1474.86200
 143          1485.58660
 144          1496.32550
 145          1507.07910
 146          1517.84780
 147          1528.63170
 148          1539.43110
 149          1550.24650
 150          1561.07800
 151          1571.92600
 152          1582.79070
 153          1593.67250
 154          1604.57170
 155          1615.48860
 156          1626.42340
 157          1637.37650
 158          1648.34810
 159          1659.33860
 160          1670.34830
 161          1681.37730
 162          1692.42620
 163          1703.49500
 164          1714.58420
 165          1725.69410
 166          1736.82480
 167          1747.97670
 168          1759.15020
 169          1770.34540
 170          1781.56270
 171          1792.80230
 172          1804.06460
 173          1815.34990
 174          1826.65830
 175          1837.99030
 176          1849.34600
 177          1860.72580
 178          1872.13000
 179          1883.55880
 180          1895.01240
 181          1906.49130
 182          1917.99560
 183          1929.52570
 184          1941.08180
 185          1952.66410
 186          1964.27300
 187          1975.90870
 188          1987.57150
 189          1999.26170
 190          2010.97940
 191          2022.72510
 192          2034.49890
 193          2046.30120
 194          2058.13210
 195          2069.99190
 196          2081.88090
 197          2093.79940
 198          2105.74760
 199          2117.72580
 200          2129.73410
 201          2141.77300
 202          2153.84260
 203          2165.94310
 204          2178.07490
 205          2190.23810
 206          2202.43310
 207          2214.66000
 208          2226.91910
 209          2239.21070
 210          2251.53500
 211          2263.89220
 212          2276.28260
 213          2288.70640
 214          2301.16390
 215          2313.65520
 216          2326.18070
 217          2338.74050
 218          2351.33490
 219          2363.96420
 220          2376.62850
 221          2389.32810
 222          2402.06320
 223          2414.83410
 224          2427.64100
 225          2440.48400
 226          2453.36350
 227          2466.27960
 228          2479.23260
 229          2492.22270
 230          2505.25010
 231          2518.31510
 232          2531.41780
 233          2544.55850
 234          2557.73740
 235          2570.95470
 236          2584.21070
 237          2597.50540
 238          2610.83930
 239          2624.21240
 240          2637.62510
 241          2651.07740
 242          2664.56960
 243          2678.10200
 244          2691.67470
 245          2705.28790
 246          2718.94190
 247          2732.63690
 248          2746.37300
 249          2760.15050
 250          2773.96960
 251          2787.83050
 252          2801.73340
 253          2815.67840
 254          2829.66590
 255          2843.69600
 256          2857.76880
 257          2871.88470
 258          2886.04380
 259          2900.24630
 260          2914.49240
 261          2928.78230
 262          2943.11620
 263          2957.49430
 264          2971.91680
 265          2986.38390
 266          3000.89580
 267          3015.45270
 268          3030.05480
 269          3044.70230
 270          3059.39540
 271          3074.13420
 272          3088.91900
 273          3103.74990
 274          3118.62720
 275          3133.55110
 276          3148.52170
 277          3163.53920
 278          3178.60380
 279          3193.71580
 280          3208.87520
 281          3224.08240
 282          3239.33740
 283          3254.64050
 284          3269.99190
 285          3285.39170
 286          3300.84020
 287          3316.33750
 288          3331.88380
 289          3347.47930
 290          3363.12420
 291          3378.81870
 292          3394.56300
 293          3410.35720
 294          3426.20160
 295          3442.09630
 296          3458.04150
 297          3474.03740
 298          3490.08420
 299          3506.18210
 300          3522.33120
 301          3538.53180
 302          3554.78400
 303          3571.08810
 304          3587.44410
 305          3603.85230
 306          3620.31290
 307          3636.82600
 308          3653.39190
 309          3670.01070
 310          3686.68260
 311          3703.40770
 312          3720.18640
 313          3737.01870
 314          3753.90480
 315          3770.84500
 316          3787.83940
 317          3804.88810
 318          3821.99150
 319          3839.14960
 320          3856.36260
 321          3873.63070
 322          3890.95420
 323          3908.33310
 324          3925.76770
 325          3943.25820
 326          3960.80470
 327          3978.40740
 328          3996.06650
 329          4013.78220
 330          4031.55460
 331          4049.38400
 332          4067.27060
 333          4085.21440
 334          4103.21580
 335          4121.27480
 336          4139.39160
 337          4157.56660
 338          4175.79970
 339          4194.09120
 340          4212.44140
 341          4230.85030
 342          4249.31810
 343          4267.84510
 344          4286.43150
 345          4305.07730
 346          4323.78280
 347          4342.54820
 348          4361.37360
 349          4380.25930
 350          4399.20540
 351          4418.21210
 352          4437.27950
 353          4456.40800
 354          4475.59760
 355          4494.84850
 356          4514.16090
 357          4533.53510
 358          4552.97110
 359          4572.46920
 360          4592.02960
 361          4611.65240
 362          4631.33780
 363          4651.08610
 364          4670.89730
 365          4690.77170
 366          4710.70940
 367          4730.71070
 368          4750.77580
 369          4770.90470
 370          4791.09780
 371          4811.35510
 372          4831.67690
 373          4852.06340
 374          4872.51470
 375          4893.03100
 376          4913.61260
 377          4934.25950
 378          4954.97210
 379          4975.75040
 380          4996.59470
 381          5017.50510
 382          5038.48190
 383          5059.52510
 384          5080.63510
 385          5101.81200
 386          5123.05600
 387          5144.36730
 388          5165.74600
 389          5187.19230
 390          5208.70650
 391          5230.28880
 392          5251.93920
 393          5273.65810
 394          5295.44550
 395          5317.30170
 396          5339.22690
 397          5361.22130
 398          5383.28500
 399          5405.41830
 400          5427.62130
 401          5449.89420
 402          5472.23720
 403          5494.65060
 404          5517.13440
 405          5539.68890
 406          5562.31440
 407          5585.01080
 408          5607.77860
 409          5630.61780
 410          5653.52870
 411          5676.51140
 412          5699.56610
 413          5722.69310
 414          5745.89250
 415          5769.16450
 416          5792.50930
 417          5815.92720
 418          5839.41820
 419          5862.98270
 420          5886.62070
 421          5910.33250
 422          5934.11830
 423          5957.97830
 424          5981.91260
 425          6005.92150
 426          6030.00520
 427          6054.16390
 428          6078.39770
 429          6102.70680
 430          6127.09160
 431          6151.55200
 432          6176.08850
 433          6200.70100
 434          6225.39000
 435          6250.15540
 436          6274.99770
 437          6299.91680
 438          6324.91310
 439          6349.98680
 440          6375.13800
 441          6400.36700
 442          6425.67390
 443          6451.05890
 444          6476.52230
 445          6502.06430
 446          6527.68500
 447          6553.38470
 448          6579.16350
 449          6605.02170
 450          6630.95940
 451          6656.97700
 452          6683.07450
 453          6709.25210
 454          6735.51020
 455          6761.84880
 456          6788.26820
 457          6814.76870
 458          6841.35030
 459          6868.01330
 460          6894.75790
 461          6921.58440
 462          6948.49290
 463          6975.48360
 464          7002.55680
 465          7029.71260
 466          7056.95120
 467          7084.27290
 468          7111.67790
 469          7139.16640
 470          7166.73860
 471          7194.39460
 472          7222.13480
 473          7249.95930
 474          7277.86830
 475          7305.86210
 476          7333.94080
 477          7362.10460
 478          7390.35390
 479          7418.68870
 480          7447.10930
 481          7475.61600
 482          7504.20880
 483          7532.88810
 484          7561.65400
 485          7590.50690
 486          7619.44670
 487          7648.47390
 488          7677.58860
 489          7706.79100
 490          7736.08130
 491          7765.45980
 492          7794.92670
 493          7824.48210
 494          7854.12640
 495          7883.85960
 496          7913.68220
 497          7943.59410
 498          7973.59570
 499          8003.68730
 500          8033.86890
 501          8064.14090
 502          8094.50340
 503          8124.95670
 504          8155.50090
 505          8186.13640
 506          8216.86330
 507          8247.68190
 508          8278.59230
 509          8309.59480
 510          8340.68960
 511          8371.87700
 512          8403.15710
 513          8434.53030
 514          8465.99660
 515          8497.55630
 516          8529.20980
 517          8560.95700
 518          8592.79840
 519          8624.73420
 520          8656.76450
 521          8688.88950
 522          8721.10960
 523          8753.42490
 524          8785.83570
 525          8818.34210
 526          8850.94450
 527          8883.64300
 528          8916.43790
 529          8949.32940
 530          8982.31770
 531          9015.40310
 532          9048.58580
 533          9081.86600
 534          9115.24390
 535          9148.71990
 536          9182.29400
 537          9215.96660
 538          9249.73790
 539          9283.60800
 540          9317.57730
 541          9351.64600
 542          9385.81430
 543          9420.08250
 544          9454.45070
 545          9488.91920
 546          9523.48830
 547          9558.15810
 548          9592.92900
 549          9627.80110
 550          9662.77470
 551          9697.85000
 552          9733.02730
 553          9768.30680
 554          9803.68870
 555          9839.17330
 556          9874.76080
 557          9910.45150
 558          9946.24550
 559          9982.14320
 560         10018.14500
 561         10054.25000
 562         10090.46000
 563         10126.77500
 564         10163.19400
 565         10199.71900
 566         10236.34900
 567         10273.08400
 568         10309.92500
 569         10346.87300
 570         10383.92600
 571         10421.08600
 572         10458.35300
 573         10495.72700
 574         10533.20800
 575         10570.79700
 576         10608.49300
 577         10646.29800
 578         10684.21000
 579         10722.23200
 580         10760.36200
 581         10798.60000
 582         10836.94900
 583         10875.40600
 584         10913.97400
 585         10952.65100
 586         10991.43900
 587         11030.33700
 588         11069.34600
 589         11108.46600
 590         11147.69700
 591         11187.03900
 592         11226.49400
 593         11266.06000
 594         11305.73900
 595         11345.53000
 596         11385.43400
 597         11425.45100
 598         11465.58100
 599         11505.82500
 600         11546.18200
 601         11586.65400
 602         11627.23900
 603         11667.94000
 604         11708.75500
 605         11749.68500
 606         11790.73100
 607         11831.89200
 608         11873.16900
 609         11914.56200
 610         11956.07100
 611         11997.69700
 612         12039.44000
 613         12081.30000
 614         12123.27800
 615         12165.37300
 616         12207.58600
 617         12249.91700
 618         12292.36600
 619         12334.93500
 620         12377.62200
 621         12420.42800
 622         12463.35400
 623         12506.40000
 624         12549.56600
 625         12592.85200
 626         12636.25900
 627         12679.78600
 628         12723.43400
 629         12767.20400
 630         12811.09600
 631         12855.10900
 632         12899.24500
 633         12943.50300
 634         12987.88300
 635         13032.38700
 636         13077.01400
 637         13121.76400
 638         13166.63800
 639         13211.63600
 640         13256.75900
 641         13302.00600
 642         13347.37700
 643         13392.87400
 644         13438.49700
 645         13484.24500
 646         13530.11900
 647         13576.11900
 648         13622.24600
 649         13668.49900
 650         13714.88000
 651         13761.38800
 652         13808.02300
 653         13854.78700
 654         13901.67800
 655         13948.69800
 656         13995.84700
 657         14043.12400
 658         14090.53100
 659         14138.06700
 660         14185.73400
 661         14233.53000
 662         14281.45700
 663         14329.51400
 664         14377.70200
 665         14426.02200
 666         14474.47300
 667         14523.05600
 668         14571.77000
 669         14620.61800
 670         14669.59700
 671         14718.71000
 672         14767.95600
 673         14817.33600
 674         14866.84900
 675         14916.49600
 676         14966.27800
 677         15016.19400
 678         15066.24500
 679         15116.43200
 680         15166.75300
 681         15217.21100
 682         15267.80500
 683         15318.53500
 684         15369.40200
 685         15420.40500
 686         15471.54600
 687         15522.82500
 688         15574.24100
 689         15625.79500
 690         15677.48800
 691         15729.31900
 692         15781.29000
 693         15833.39900
 694         15885.64800
 695         15938.03700
 696         15990.56700
 697         16043.23600
 698         16096.04700
 699         16148.99800
 700         16202.09100
 701         16255.32500
 702         16308.70200
 703         16362.22000
 704         16415.88100
 705         16469.68500
 706         16523.63200
 707         16577.72200
 708         16631.95700
 709         16686.33500
 710         16740.85700
 711         16795.52400
 712         16850.33600
 713         16905.29300
 714         16960.39600
 715         17015.64500
 716         17071.03900
 717         17126.58100
 718         17182.26800
 719         17238.10300
 720         17294.08600
 721         17350.21500
 722         17406.49300
 723         17462.91900
 724         17519.49400
 725         17576.21800
 726         17633.09000
 727         17690.11300
 728         17747.28500
 729         17804.60700
 730         17862.07900
 731         17919.70300
 732         17977.47700
 733         18035.40300
 734         18093.48000
 735         18151.70900
 736         18210.09100
 737         18268.62500
 738         18327.31200
 739         18386.15200
 740         18445.14600
 741         18504.29400
 742         18563.59600
 743         18623.05200
 744         18682.66300
 745         18742.42900
 746         18802.35100
 747         18862.42800
 748         18922.66100
 749         18983.05100
 750         19043.59800
 751         19104.30100
 752         19165.16200
 753         19226.18000
 754         19287.35700
 755         19348.69100
 756         19410.18500
 757         19471.83700
 758         19533.64800
 759         19595.61900
 760         19657.75000
 761         19720.04100
 762         19782.49300
 763         19845.10600
 764         19907.87900
 765         19970.81400
 766         20033.91200
 767         20097.17100
 768         20160.59300
 769         20224.17700
 770         20287.92500
 771         20351.83600
 772         20415.91100
 773         20480.15000
 774         20544.55300
 775         20609.12200
 776         20673.85500
 777         20738.75400
 778         20803.81900
 779         20869.04900
 780         20934.44600
 781         21000.01000
 782         21065.74100
 783         21131.64000
 784         21197.70600
 785         21263.94000
 786         21330.34300
 787         21396.91500
 788         21463.65500
 789         21530.56500
 790         21597.64500
 791         21664.89500
 792         21732.31500
 793         21799.90700
 794         21867.66900
 795         21935.60300
 796         22003.70800
 797         22071.98600
 798         22140.43600
 799         22209.05900
 800         22277.85500
 801         22346.82500
 802         22415.96800
 803         22485.28600
 804         22554.77800
 805         22624.44500
 806         22694.28700
 807         22764.30500
 808         22834.49900
 809         22904.86800
 810         22975.41500
 811         23046.13800
 812         23117.03900
 813         23188.11700
 814         23259.37400
 815         23330.80800
 816         23402.42200
 817         23474.21400
 818         23546.18600
 819         23618.33700
 820         23690.66900
 821         23763.18100
 822         23835.87300
 823         23908.74700
 824         23981.80200
 825         24055.03900
 826         24128.45800
 827         24202.06000
 828         24275.84500
 829         24349.81300
 830         24423.96400
 831         24498.30000
 832         24572.81900
 833         24647.52400
 834         24722.41300
 835         24797.48800
 836         24872.74800
 837         24948.19500
 838         25023.82800
 839         25099.64700
 840         25175.65400
 841         25251.84900
 842         25328.23100
 843         25404.80200
 844         25481.56100
 845         25558.50900
 846         25635.64600
 847         25712.97300
 848         25790.49100
 849         25868.19800
 850         25946.09700
 851         26024.18600
 852         26102.46700
 853         26180.94000
 854         26259.60500
 855         26338.46300
 856         26417.51300
 857         26496.75700
 858         26576.19500
 859         26655.82700
 860         26735.65300
 861         26815.67400
 862         26895.89100
 863         26976.30200
 864         27056.91000
 865         27137.71400
 866         27218.71500
 867         27299.91200
 868         27381.30800
 869         27462.90000
 870         27544.69200
 871         27626.68100
 872         27708.87000
 873         27791.25700
 874         27873.84500
 875         27956.63200
 876         28039.62000
 877         28122.80900
 878         28206.19900
 879         28289.79000
 880         28373.58300
 881         28457.57900
 882         28541.77700
 883         28626.17800
 884         28710.78300
 885         28795.59200
 886         28880.60400
 887         28965.82200
 888         29051.24400
 889         29136.87200
 890         29222.70500
 891         29308.74400
 892         29394.99000
 893         29481.44300
 894         29568.10300
 895         29654.97100
 896         29742.04700
 897         29829.33100
 898         29916.82400
 899         30004.52700
 900         30092.43800
 901         30180.56000
 902         30268.89200
 903         30357.43500
 904         30446.18900
 905         30535.15500
 906         30624.33300
 907         30713.72300
 908         30803.32500
 909         30893.14100
 910         30983.17000
 911         31073.41300
 912         31163.87100
 913         31254.54300
 914         31345.43000
 915         31436.53200
 916         31527.85100
 917         31619.38600
 918         31711.13700
 919         31803.10500
 920         31895.29100
 921         31987.69500
 922         32080.31700
 923         32173.15800
 924         32266.21800
 925         32359.49700
 926         32452.99600
 927         32546.71500
 928         32640.65500
 929         32734.81600
 930         32829.19900
 931         32923.80300
 932         33018.63000
 933         33113.67900
 934         33208.95200
 935         33304.44700
 936         33400.16700
 937         33496.11100
 938         33592.28000
 939         33688.67400
 940         33785.29400
 941         33882.13900
 942         33979.21100
 943         34076.50900
 944         34174.03500
 945         34271.78800
 946         34369.76900
 947         34467.97900
 948         34566.41700
 949         34665.08500
 950         34763.98200
 951         34863.11000
 952         34962.46800
 953         35062.05600
 954         35161.87600
 955         35261.92800
 956         35362.21200
 957         35462.72800
 958         35563.47700
 959         35664.46000
 960         35765.67700
 961         35867.12700
 962         35968.81300
 963         36070.73300
 964         36172.88900
 965         36275.28100
 966         36377.90900
 967         36480.77400
 968         36583.87600
 969         36687.21500
 970         36790.79300
 971         36894.60900
 972         36998.66400
 973         37102.95800
 974         37207.49200
 975         37312.26600
 976         37417.28100
 977         37522.53600
 978         37628.03300
 979         37733.77200
 980         37839.75300
 981         37945.97700
 982         38052.44400
 983         38159.15500
 984         38266.10900
 985         38373.30800
 986         38480.75200
 987         38588.44100
 988         38696.37600
 989         38804.55700
 990         38912.98400
 991         39021.65900
 992         39130.58100
 993         39239.75100
 994         39349.16900
 995         39458.83600
 996         39568.75300
 997         39678.91900
 998         39789.33500
 999         39900.00100
1000         40010.91900
1001         40122.08700
1002         40233.50800
1003         40345.18100
1004         40457.10700
1005         40569.28600
1006         40681.71800
1007         40794.40500
1008         40907.34600
1009         41020.54200
1010         41133.99300
1011         41247.70000
1012         41361.66400
1013         41475.88400
1014         41590.36100
1015         41705.09600
1016         41820.08900
1017         41935.34100
1018         42050.85100
1019         42166.62100
1020         42282.65100
1021         42398.94100
1022         42515.49200
1023         42632.30400
1024         42749.37700
1025         42866.71300
1026         42984.31200
1027         43102.17300
1028         43220.29800
1029         43338.68600
1030         43457.34000
1031         43576.25800
1032         43695.44100
1033         43814.89000
1034         43934.60500
1035         44054.58700
1036         44174.83600
1037         44295.35300
1038         44416.13700
1039         44537.19100
1040         44658.51300
1041         44780.10400
1042         44901.96600
1043         45024.09800
1044         45146.50000
1045         45269.17400
1046         45392.12000
1047         45515.33800
1048         45638.82800
1049         45762.59200
1050         45886.62900
1051         46010.94000
1052         46135.52600
1053         46260.38700
1054         46385.52300
1055         46510.93600
1056         46636.62400
1057         46762.59000
1058         46888.83300
1059         47015.35300
1060         47142.15200
1061         47269.23000
1062         47396.58700
1063         47524.22400
1064         47652.14100
1065         47780.33800
1066         47908.81700
1067         48037.57700
1068         48166.62000
1069         48295.94500
1070         48425.55300
1071         48555.44400
1072         48685.62000
1073         48816.07900
1074         48946.82400
1075         49077.85500
1076         49209.17100
1077         49340.77400
1078         49472.66300
1079         49604.84000
1080         49737.30400
1081         49870.05700
1082         50003.09900
1083         50136.43000
1084         50270.05100
1085         50403.96200
1086         50538.16400
1087         50672.65700
1088         50807.44200
1089         50942.51900
1090         51077.88900
1091         51213.55100
1092         51349.50800
1093         51485.75900
1094         51622.30400
1095         51759.14400
1096         51896.28000
1097         52033.71300
1098         52171.44200
1099         52309.46700
1100         52447.79100
1101         52586.41300
1102         52725.33300
1103         52864.55200
1104         53004.07100
1105         53143.89000
1106         53284.00900
1107         53424.43000
1108         53565.15200
1109         53706.17600
1110         53847.50300
1111         53989.13300
1112         54131.06700
1113         54273.30400
1114         54415.84600
1115         54558.69300
1116         54701.84600
1117         54845.30500
1118         54989.07000
1119         55133.14300
1120         55277.52300
1121         55422.21100
1122         55567.20800
1123         55712.51300
1124         55858.12900
1125         56004.05500
1126         56150.29100
1127         56296.83800
1128         56443.69700
1129         56590.86800
1130         56738.35200
1131         56886.14900
1132         57034.26000
1133         57182.68500
1134         57331.42500
1135         57480.47900
1136         57629.85000
1137         57779.53700
1138         57929.54100
1139         58079.86100
1140         58230.50000
1141         58381.45700
1142         58532.73300
1143         58684.32800
1144         58836.24400
1145         58988.47900
1146         59141.03600
1147         59293.91400
1148         59447.11300
1149         59600.63600
1150         59754.48100
1151         59908.65000
1152         60063.14300
1153         60217.96000
1154         60373.10300
1155         60528.57100
1156         60684.36500
1157         60840.48600
1158         60996.93500
1159         61153.71100
1160         61310.81500
1161         61468.24800
1162         61626.01000
1163         61784.10200
1164         61942.52500
1165         62101.27800
1166         62260.36300
1167         62419.77900
1168         62579.52900
1169         62739.61100
1170         62900.02700
1171         63060.77700
1172         63221.86100
1173         63383.28100
1174         63545.03700
1175         63707.12800
1176         63869.55700
1177         64032.32300
1178         64195.42600
1179         64358.86800
1180         64522.64900
1181         64686.77000
1182         64851.23000
1183         65016.03100
1184         65181.17300
1185         65346.65700
1186         65512.48300
1187         65678.65100
1188         65845.16300
1189         66012.01900
1190         66179.21900
1191         66346.76400
1192         66514.65500
1193         66682.89100
1194         66851.47400
1195         67020.40400
1196         67189.68200
1197         67359.30800
1198         67529.28200
1199         67699.60600
1200         67870.28000
1201         68041.30400
1202         68212.67900
1203         68384.40600
1204         68556.48400
1205         68728.91600
1206         68901.70000
1207         69074.83800
1208         69248.33100
1209         69422.17800
1210         69596.38100
1211         69770.93900
1212         69945.85400
1213         70121.12700
1214         70296.75600
1215         70472.74400
1216         70649.09100
1217         70825.79700
1218         71002.86300
1219         71180.28900
1220         71358.07700
1221         71536.22600
1222         71714.73700
1223         71893.61000
1224         72072.84700
1225         72252.44800
1226         72432.41300
1227         72612.74300
1228         72793.43900
1229         72974.50100
1230         73155.92900
1231         73337.72500
1232         73519.88800
1233         73702.42000
1234         73885.32000
1235         74068.59100
1236         74252.23100
1237         74436.24200
1238         74620.62400
1239         74805.37800
1240         74990.50500
1241         75176.00400
1242         75361.87700
1243         75548.12400
1244         75734.74600
1245         75921.74300
1246         76109.11600
1247         76296.86500
1248         76484.99100
1249         76673.49500
1250         76862.37700
1251         77051.63800
1252         77241.27800
1253         77431.29800
1254         77621.69900
1255         77812.48000
1256         78003.64300
1257         78195.18900
1258         78387.11700
1259         78579.42900
1260         78772.12500
1261         78965.20600
1262         79158.67100
1263         79352.52300
1264         79546.76100
1265         79741.38500
1266         79936.39800
1267         80131.79800
1268         80327.58700
1269         80523.76600
1270         80720.33500
1271         80917.29400
1272         81114.64400
1273         81312.38600
1274         81510.52000
1275         81709.04700
1276         81907.96700
1277         82107.28200
1278         82306.99100
1279         82507.09600
1280         82707.59700
1281         82908.49400
1282         83109.78800
1283         83311.48000
1284         83513.57000
1285         83716.05900
1286         83918.94800
1287         84122.23600
1288         84325.92600
1289         84530.01700
1290         84734.50900
1291         84939.40400
1292         85144.70300
1293         85350.40500
1294         85556.51100
1295         85763.02300
1296         85969.94000
1297         86177.26300
1298         86384.99300
1299         86593.13100
1300         86801.67600
1301         87010.63000
1302         87219.99400
1303         87429.76700
1304         87639.95100
1305         87850.54500
1306         88061.55200
1307         88272.97100
1308         88484.80200
1309         88697.04800
1310         88909.70700
1311         89122.78200
1312         89336.27200
1313         89550.17700
1314         89764.50000
1315         89979.24000
1316         90194.39700
1317         90409.97400
1318         90625.96900
1319         90842.38400
1320         91059.22000
1321         91276.47600
1322         91494.15400
1323         91712.25500
1324         91930.77800
1325         92149.72500
1326         92369.09700
1327         92588.89300
1328         92809.11400
1329         93029.76100
1330         93250.83600
1331         93472.33700
1332         93694.26600
1333         93916.62400
1334         94139.41200
1335         94362.62900
1336         94586.27600
1337         94810.35500
1338         95034.86500
1339         95259.80800
1340         95485.18400
1341         95710.99400
1342         95937.23800
1343         96163.91600
1344         96391.03100
1345         96618.58200
1346         96846.56900
1347         97074.99400
1348         97303.85700
1349         97533.15900
1350         97762.90100
1351         97993.08300
1352         98223.70500
1353         98454.76900
1354         98686.27400
1355         98918.22300
1356         99150.61500
1357         99383.45000
1358         99616.73100
1359         99850.45600
1360        100084.63000
1361        100319.25000
1362        100554.31000
1363        100789.82000
1364        101025.79000
1365        101262.20000
1366        101499.06000
1367        101736.37000
1368        101974.13000
1369        102212.35000
1370        102451.01000
1371        102690.13000
1372        102929.71000
1373        103169.74000
1374        103410.22000
1375        103651.16000
1376        103892.55000
1377        104134.41000
1378        104376.72000
1379        104619.48000
1380        104862.71000
1381        105106.40000
1382        105350.55000
1383        105595.16000
1384        105840.23000
1385        106085.76000
1386        106331.76000
1387        106578.22000
1388        106825.14000
1389        107072.53000
1390        107320.39000
1391        107568.71000
1392        107817.50000
1393        108066.75000
1394        108316.48000
1395        108566.67000
1396        108817.33000
1397        109068.47000
1398        109320.07000
1399        109572.15000
1400        109824.70000
1401        110077.72000
1402        110331.22000
1403        110585.19000
1404        110839.64000
1405        111094.56000
1406        111349.96000
1407        111605.84000
1408        111862.19000
1409        112119.02000
1410        112376.33000
1411        112634.13000
1412        112892.40000
1413        113151.15000
1414        113410.39000
1415        113670.11000
1416        113930.31000
1417        114191.00000
1418        114452.17000
1419        114713.82000
1420        114975.97000
1421        115238.59000
1422        115501.71000
1423        115765.32000
1424        116029.41000
1425        116294.00000
1426        116559.07000
1427        116824.63000
1428        117090.69000
1429        117357.24000
1430        117624.28000
1431        117891.82000
1432        118159.85000
1433        118428.38000
1434        118697.40000
1435        118966.92000
1436        119236.93000
1437        119507.44000
1438        119778.46000
1439        120049.97000
1440        120321.98000
1441        120594.49000
1442        120867.51000
1443        121141.02000
1444        121415.04000
1445        121689.57000
1446        121964.59000
1447        122240.13000
1448        122516.16000
1449        122792.71000
1450        123069.76000
1451        123347.32000
1452        123625.39000
1453        123903.96000
1454        124183.05000
1455        124462.65000
1456        124742.76000
1457        125023.38000
1458        125304.52000
1459        125586.17000
1460        125868.33000
1461        126151.01000
1462        126434.20000
1463        126717.91000
1464        127002.14000
1465        127286.88000
1466        127572.15000
1467        127857.93000
1468        128144.23000
1469        128431.06000
1470        128718.40000
1471        129006.27000
1472        129294.66000
1473        129583.57000
1474        129873.01000
1475        130162.98000
1476        130453.47000
1477        130744.48000
1478        131036.03000
1479        131328.10000
1480        131620.70000
1481        131913.83000
1482        132207.49000
1483        132501.68000
1484        132796.41000
1485        133091.66000
1486        133387.45000
1487        133683.77000
1488        133980.63000
1489        134278.02000
1490        134575.95000
1491        134874.42000
1492        135173.42000
1493        135472.97000
1494        135773.05000
1495        136073.67000
1496        136374.83000
1497        136676.53000
1498        136978.78000
1499        137281.57000
1500        137584.90000
1501        137888.77000
1502        138193.19000
1503        138498.16000
1504        138803.67000
1505        139109.73000
1506        139416.34000
1507        139723.50000
1508        140031.21000
1509        140339.46000
1510        140648.27000
1511        140957.63000
1512        141267.55000
1513        141578.01000
1514        141889.03000
1515        142200.61000
1516        142512.74000
1517        142825.42000
1518        143138.67000
1519        143452.47000
1520        143766.83000
1521        144081.75000
1522        144397.23000
1523        144713.27000
1524        145029.87000
1525        145347.04000
1526        145664.76000
1527        145983.06000
1528        146301.91000
1529        146621.33000
1530        146941.32000
1531        147261.88000
1532        147583.00000
1533        147904.69000
1534        148226.95000
1535        148549.78000
1536        148873.19000
1537        149197.16000
1538        149521.71000
1539        149846.82000
1540        150172.52000
1541        150498.78000
1542        150825.63000
1543        151153.05000
1544        151481.04000
1545        151809.62000
1546        152138.77000
1547        152468.50000
1548        152798.81000
1549        153129.71000
1550        153461.18000
1551        153793.24000
1552        154125.88000
1553        154459.11000
1554        154792.91000
1555        155127.31000
1556        155462.29000
1557        155797.86000
1558        156134.02000
1559        156470.76000
1560        156808.10000
1561        157146.02000
1562        157484.54000
1563        157823.65000
1564        158163.35000
1565        158503.64000
1566        158844.53000
1567        159186.01000
1568        159528.09000
1569        159870.77000
1570        160214.04000
1571        160557.92000
1572        160902.39000
1573        161247.46000
1574        161593.13000
1575        161939.40000
1576        162286.28000
1577        162633.76000
1578        162981.84000
1579        163330.52000
1580        163679.82000
1581        164029.71000
1582        164380.22000
1583        164731.33000
1584        165083.05000
1585        165435.39000
1586        165788.33000
1587        166141.88000
1588        166496.04000
1589        166850.82000
1590        167206.21000
1591        167562.22000
1592        167918.84000
1593        168276.07000
1594        168633.92000
1595        168992.40000
1596        169351.48000
1597        169711.19000
1598        170071.52000
1599        170432.47000
1600        170794.04000
1601        171156.23000
1602        171519.05000
1603        171882.49000
1604        172246.55000
1605        172611.24000
1606        172976.56000
1607        173342.50000
1608        173709.07000
1609        174076.28000
1610        174444.11000
1611        174812.57000
1612        175181.66000
1613        175551.39000
1614        175921.75000
1615        176292.74000
1616        176664.37000
1617        177036.63000
1618        177409.53000
1619        177783.07000
1620        178157.24000
1621        178532.05000
1622        178907.51000
1623        179283.60000
1624        179660.34000
1625        180037.71000
1626        180415.74000
1627        180794.40000
1628        181173.71000
1629        181553.66000
1630        181934.27000
1631        182315.51000
1632        182697.41000
1633        183079.96000
1634        183463.15000
1635        183847.00000
1636        184231.50000
1637        184616.65000
1638        185002.45000
1639        185388.91000
1640        185776.02000
1641        186163.79000
1642        186552.21000
1643        186941.29000
1644        187331.03000
1645        187721.43000
1646        188112.49000
1647        188504.21000
1648        188896.59000
1649        189289.64000
1650        189683.34000
1651        190077.72000
1652        190472.75000
1653        190868.46000
1654        191264.82000
1655        191661.86000
1656        192059.57000
1657        192457.94000
1658        192856.99000
1659        193256.70000
1660        193657.09000
1661        194058.15000
1662        194459.89000
1663        194862.30000
1664        195265.38000
1665        195669.14000
1666        196073.58000
1667        196478.69000
1668        196884.49000
1669        197290.96000
1670        197698.12000
1671        198105.95000
1672        198514.47000
1673        198923.67000
1674        199333.56000
1675        199744.13000
1676        200155.39000
1677        200567.33000
1678        200979.96000
1679        201393.28000
1680        201807.29000
1681        202221.98000
1682        202637.37000
1683        203053.46000
1684        203470.23000
1685        203887.70000
1686        204305.86000
1687        204724.72000
1688        205144.27000
1689        205564.52000
1690        205985.47000
1691        206407.12000
1692        206829.47000
1693        207252.52000
1694        207676.27000
1695        208100.72000
1696        208525.88000
1697        208951.74000
1698        209378.31000
1699        209805.58000
1700        210233.56000
1701        210662.25000
1702        211091.64000
1703        211521.75000
1704        211952.56000
1705        212384.09000
1706        212816.33000
1707        213249.28000
1708        213682.95000
1709        214117.33000
1710        214552.43000
1711        214988.24000
1712        215424.78000
1713        215862.03000
1714        216300.00000
1715        216738.69000
1716        217178.10000
1717        217618.24000
1718        218059.09000
1719        218500.68000
1720        218942.98000
1721        219386.02000
1722        219829.78000
1723        220274.26000
1724        220719.48000
1725        221165.42000
1726        221612.10000
1727        222059.50000
1728        222507.64000
1729        222956.52000
1730        223406.12000
1731        223856.46000
1732        224307.54000
1733        224759.35000
1734        225211.91000
1735        225665.20000
1736        226119.23000
1737        226574.00000
1738        227029.51000
1739        227485.76000
1740        227942.76000
1741        228400.50000
1742        228858.99000
1743        229318.22000
1744        229778.20000
1745        230238.92000
1746        230700.40000
1747        231162.62000
1748        231625.60000
1749        232089.33000
1750        232553.81000
1751        233019.04000
1752        233485.03000
1753        233951.77000
1754        234419.27000
1755        234887.53000
1756        235356.54000
1757        235826.32000
1758        236296.85000
1759        236768.15000
1760        237240.20000
1761        237713.02000
1762        238186.60000
1763        238660.95000
1764        239136.07000
1765        239611.94000
1766        240088.59000
1767        240566.01000
1768        241044.19000
1769        241523.15000
1770        242002.87000
1771        242483.37000
1772        242964.64000
1773        243446.69000
1774        243929.51000
1775        244413.11000
1776        244897.48000
1777        245382.63000
1778        245868.56000
1779        246355.27000
1780        246842.76000
1781        247331.04000
1782        247820.09000
1783        248309.93000
1784        248800.55000
1785        249291.96000
1786        249784.16000
1787        250277.14000
1788        250770.91000
1789        251265.47000
1790        251760.83000
1791        252256.97000
1792        252753.90000
1793        253251.63000
1794        253750.15000
1795        254249.47000
1796        254749.58000
1797        255250.49000
1798        255752.20000
1799        256254.71000
1800        256758.01000
1801        257262.12000
1802        257767.03000
1803        258272.75000
1804        258779.26000
1805        259286.58000
1806        259794.71000
1807        260303.65000
1808        260813.39000
1809        261323.94000
1810        261835.30000
1811        262347.47000
1812        262860.45000
1813        263374.25000
1814        263888.86000
1815        264404.28000
1816        264920.52000
1817        265437.57000
1818        265955.45000
1819        266474.14000
1820        266993.65000
1821        267513.98000
1822        268035.14000
1823        268557.11000
1824        269079.91000
1825        269603.54000
1826        270127.98000
1827        270653.26000
1828        271179.36000
1829        271706.29000
1830        272234.06000
1831        272762.65000
1832        273292.07000
1833        273822.32000
1834        274353.41000
1835        274885.34000
1836        275418.09000
1837        275951.69000
1838        276486.12000
1839        277021.39000
1840        277557.50000
1841        278094.45000
1842        278632.24000
1843        279170.88000
1844        279710.36000
1845        280250.68000
1846        280791.84000
1847        281333.86000
1848        281876.72000
1849        282420.43000
1850        282964.99000
1851        283510.40000
1852        284056.66000
1853        284603.77000
1854        285151.74000
1855        285700.56000
1856        286250.24000
1857        286800.77000
1858        287352.16000
1859        287904.41000
1860        288457.52000
1861        289011.49000
1862        289566.32000
1863        290122.02000
1864        290678.58000
1865        291236.00000
1866        291794.29000
1867        292353.44000
1868        292913.46000
1869        293474.36000
1870        294036.12000
1871        294598.75000
1872        295162.25000
1873        295726.63000
1874        296291.88000
1875        296858.01000
1876        297425.01000
1877        297992.89000
1878        298561.65000
1879        299131.28000
1880        299701.80000
1881        300273.20000
1882        300845.48000
1883        301418.64000
1884        301992.69000
1885        302567.62000
1886        303143.44000
1887        303720.14000
1888        304297.74000
1889        304876.22000
1890        305455.60000
1891        306035.86000
1892        306617.02000
1893        307199.07000
1894        307782.02000
1895        308365.86000
1896        308950.60000
1897        309536.24000
1898        310122.78000
1899        310710.21000
1900        311298.55000
1901        311887.79000
1902        312477.93000
1903        313068.98000
1904        313660.93000
1905        314253.79000
1906        314847.55000
1907        315442.23000
1908        316037.81000
1909        316634.30000
1910        317231.71000
1911        317830.02000
1912        318429.26000
1913        319029.40000
1914        319630.46000
1915        320232.44000
1916        320835.34000
1917        321439.15000
1918        322043.89000
1919        322649.55000
1920        323256.13000
1921        323863.63000
1922        324472.05000
1923        325081.41000
1924        325691.68000
1925        326302.89000
1926        326915.02000
1927        327528.09000
1928        328142.08000
1929        328757.01000
1930        329372.87000
1931        329989.66000
1932        330607.39000
1933        331226.05000
1934        331845.66000
1935        332466.20000
1936        333087.68000
1937        333710.10000
1938        334333.46000
1939        334957.76000
1940        335583.01000
1941        336209.20000
1942        336836.34000
1943        337464.43000
1944        338093.46000
1945        338723.44000
1946        339354.38000
1947        339986.26000
1948        340619.10000
1949        341252.89000
1950        341887.63000
1951        342523.33000
1952        343159.99000
1953        343797.60000
1954        344436.18000
1955        345075.71000
1956        345716.21000
1957        346357.67000
1958        347000.09000
1959        347643.47000
1960        348287.82000
1961        348933.14000
1962        349579.43000
1963        350226.68000
1964        350874.91000
1965        351524.10000
1966        352174.27000
1967        352825.41000
1968        353477.52000
1969        354130.62000
1970        354784.68000
1971        355439.73000
1972        356095.75000
1973        356752.76000
1974        357410.74000
1975        358069.71000
1976        358729.66000
1977        359390.60000
1978        360052.52000
1979        360715.42000
1980        361379.32000
1981        362044.20000
1982        362710.08000
1983        363376.94000
1984        364044.80000
1985        364713.65000
1986        365383.50000
1987        366054.34000
1988        366726.18000
1989        367399.01000
1990        368072.85000
1991        368747.68000
1992        369423.52000
1993        370100.36000
1994        370778.20000
1995        371457.05000
1996        372136.90000
1997        372817.76000
1998        373499.63000
1999        374182.50000
2000        374866.39000
2001        375551.29000
2002        376237.20000
2003        376924.13000
2004        377612.07000
2005        378301.02000
2006        378991.00000
2007        379681.99000
2008        380374.00000
2009        381067.03000
2010        381761.09000
2011        382456.16000
2012        383152.26000
2013        383849.39000
2014        384547.54000
2015        385246.72000
2016        385946.93000
2017        386648.17000
2018        387350.44000
2019        388053.74000
2020        388758.07000
2021        389463.44000
2022        390169.84000
2023        390877.29000
2024        391585.76000
2025        392295.28000
2026        393005.84000
2027        393717.44000
2028        394430.08000
2029        395143.77000
2030        395858.50000
2031        396574.28000
2032        397291.10000
2033        398008.97000
2034        398727.89000
2035        399447.87000
2036        400168.89000
2037        400890.97000
2038        401614.10000
2039        402338.28000
2040        403063.53000
2041        403789.83000
2042        404517.19000
2043        405245.61000
2044        405975.09000
2045        406705.63000
2046        407437.24000
2047        408169.91000
2048        408903.65000
2049        409638.45000
2050        410374.33000
2051        411111.27000
2052        411849.28000
2053        412588.37000
2054        413328.52000
2055        414069.76000
2056        414812.06000
2057        415555.45000
2058        416299.91000
2059        417045.45000
2060        417792.07000
2061        418539.77000
2062        419288.56000
2063        420038.43000
2064        420789.38000
2065        421541.42000
2066        422294.54000
2067        423048.76000
2068        423804.06000
2069        424560.46000
2070        425317.95000
2071        426076.53000
2072        426836.20000
2073        427596.98000
2074        428358.84000
2075        429121.81000
2076        429885.87000
2077        430651.04000
2078        431417.31000
2079        432184.68000
2080        432953.15000
2081        433722.73000
2082        434493.42000
2083        435265.21000
2084        436038.12000
2085        436812.13000
2086        437587.25000
2087        438363.49000
2088        439140.84000
2089        439919.31000
2090        440698.89000
2091        441479.59000
2092        442261.41000
2093        443044.34000
2094        443828.40000
2095        444613.59000
2096        445399.89000
2097        446187.32000
2098        446975.88000
2099        447765.56000
2100        448556.37000
2101        449348.31000
2102        450141.38000
2103        450935.59000
2104        451730.92000
2105        452527.40000
2106        453325.00000
2107        454123.75000
2108        454923.63000
2109        455724.65000
2110        456526.82000
2111        457330.12000
2112        458134.57000
2113        458940.16000
2114        459746.90000
2115        460554.79000
2116        461363.82000
2117        462174.00000
2118        462985.34000
2119        463797.82000
2120        464611.46000
2121        465426.25000
2122        466242.20000
2123        467059.31000
2124        467877.57000
2125        468696.99000
2126        469517.58000
2127        470339.32000
2128        471162.23000
2129        471986.30000
2130        472811.54000
2131        473637.95000
2132        474465.52000
2133        475294.26000
2134        476124.18000
2135        476955.26000
2136        477787.52000
2137        478620.95000
2138        479455.56000
2139        480291.35000
2140        481128.31000
2141        481966.45000
2142        482805.78000
2143        483646.28000
2144        484487.97000
2145        485330.84000
2146        486174.90000
2147        487020.15000
2148        487866.58000
2149        488714.21000
2150        489563.02000
2151        490413.03000
2152        491264.23000
2153        492116.62000
2154        492970.21000
2155        493825.00000
2156        494680.99000
2157        495538.18000
2158        496396.56000
2159        497256.15000
2160        498116.95000
2161        498978.94000
2162        499842.15000
2163        500706.56000
2164        501572.18000
2165        502439.01000
2166        503307.05000
2167        504176.31000
2168        505046.78000
2169        505918.46000
2170        506791.36000
2171        507665.48000
2172        508540.81000
2173        509417.37000
2174        510295.15000
2175        511174.15000
2176        512054.38000
2177        512935.83000
2178        513818.51000
2179        514702.41000
2180        515587.55000
2181        516473.91000
2182        517361.51000
2183        518250.34000
2184        519140.41000
2185        520031.71000
2186        520924.25000
2187        521818.03000
2188        522713.05000
2189        523609.31000
2190        524506.81000
2191        525405.55000
2192        526305.54000
2193        527206.78000
2194        528109.26000
2195        529013.00000
2196        529917.98000
2197        530824.21000
2198        531731.70000
2199        532640.45000
2200        533550.44000
2201        534461.70000
2202        535374.21000
2203        536287.98000
2204        537203.02000
2205        538119.31000
2206        539036.87000
2207        539955.69000
2208        540875.78000
2209        541797.14000
2210        542719.77000
2211        543643.66000
2212        544568.83000
2213        545495.27000
2214        546422.99000
2215        547351.98000
2216        548282.24000
2217        549213.79000
2218        550146.61000
2219        551080.72000
2220        552016.11000
2221        552952.78000
2222        553890.73000
2223        554829.97000
2224        555770.50000
2225        556712.32000
2226        557655.43000
2227        558599.83000
2228        559545.52000
2229        560492.51000
2230        561440.79000
2231        562390.37000
2232        563341.25000
2233        564293.42000
2234        565246.90000
2235        566201.68000
2236        567157.77000
2237        568115.15000
2238        569073.85000
2239        570033.85000
2240        570995.16000
2241        571957.79000
2242        572921.72000
2243        573886.97000
2244        574853.53000
2245        575821.41000
2246        576790.60000
2247        577761.11000
2248        578732.95000
2249        579706.10000
2250        580680.58000
2251        581656.38000
2252        582633.51000
2253        583611.96000
2254        584591.74000
2255        585572.85000
2256        586555.29000
2257        587539.07000
2258        588524.17000
2259        589510.62000
2260        590498.39000
2261        591487.51000
2262        592477.97000
2263        593469.76000
2264        594462.90000
2265        595457.38000
2266        596453.21000
2267        597450.38000
2268        598448.90000
2269        599448.77000
2270        600449.99000
2271        601452.56000
2272        602456.48000
2273        603461.76000
2274        604468.39000
2275        605476.38000
2276        606485.73000
2277        607496.43000
2278        608508.50000
2279        609521.94000
2280        610536.73000
2281        611552.89000
2282        612570.42000
2283        613589.32000
2284        614609.58000
2285        615631.22000
2286        616654.23000
2287        617678.62000
2288        618704.37000
2289        619731.51000
2290        620760.02000
2291        621789.92000
2292        622821.19000
2293        623853.85000
2294        624887.89000
2295        625923.31000
2296        626960.12000
2297        627998.32000
2298        629037.91000
2299        630078.89000
2300        631121.26000
2301        632165.03000
2302        633210.19000
2303        634256.74000
2304        635304.70000
2305        636354.05000
2306        637404.80000
2307        638456.96000
2308        639510.52000
2309        640565.48000
2310        641621.85000
2311        642679.63000
2312        643738.82000
2313        644799.42000
2314        645861.43000
2315        646924.85000
2316        647989.69000
2317        649055.95000
2318        650123.62000
2319        651192.71000
2320        652263.22000
2321        653335.16000
2322        654408.51000
2323        655483.30000
2324        656559.51000
2325        657637.14000
2326        658716.21000
2327        659796.71000
2328        660878.64000
2329        661962.00000
2330        663046.80000
2331        664133.03000
2332        665220.70000
2333        666309.81000
2334        667400.37000
2335        668492.36000
2336        669585.80000
2337        670680.68000
2338        671777.01000
2339        672874.79000
2340        673974.02000
2341        675074.69000
2342        676176.82000
2343        677280.41000
2344        678385.45000
2345        679491.94000
2346        680599.90000
2347        681709.31000
2348        682820.19000
2349        683932.53000
2350        685046.33000
2351        686161.60000
2352        687278.33000
2353        688396.53000
2354        689516.21000
2355        690637.35000
2356        691759.97000
2357        692884.06000
2358        694009.63000
2359        695136.67000
2360        696265.20000
2361        697395.20000
2362        698526.68000
2363        699659.65000
2364        700794.11000
2365        701930.05000
2366        703067.47000
2367        704206.39000
2368        705346.80000
2369        706488.69000
2370        707632.09000
2371        708776.97000
2372        709923.36000
2373        711071.24000
2374        712220.62000
2375        713371.50000
2376        714523.89000
2377        715677.77000
2378        716833.17000
2379        717990.07000
2380        719148.48000
2381        720308.40000
2382        721469.83000
2383        722632.77000
2384        723797.23000
2385        724963.20000
2386        726130.69000
2387        727299.70000
2388        728470.23000
2389        729642.29000
2390        730815.86000
2391        731990.96000
2392        733167.59000
2393        734345.74000
2394        735525.43000
2395        736706.64000
2396        737889.39000
2397        739073.67000
2398        740259.49000
2399        741446.84000
2400        742635.74000
2401        743826.17000
2402        745018.14000
2403        746211.66000
2404        747406.72000
2405        748603.33000
2406        749801.49000
2407        751001.19000
2408        752202.45000
2409        753405.25000
2410        754609.61000
2411        755815.53000
2412        757023.00000
2413        758232.03000
2414        759442.62000
2415        760654.78000
2416        761868.49000
2417        763083.77000
2418        764300.61000
2419        765519.03000
2420        766739.01000
2421        767960.56000
2422        769183.69000
2423        770408.38000
2424        771634.66000
2425        772862.50000
2426        774091.93000
2427        775322.94000
2428        776555.53000
2429        777789.70000
2430        779025.46000
2431        780262.80000
2432        781501.73000
2433        782742.24000
2434        783984.35000
2435        785228.05000
2436        786473.35000
2437        787720.24000
2438        788968.72000
2439        790218.81000
2440        791470.49000
2441        792723.78000
2442        793978.67000
2443        795235.16000
2444        796493.26000
2445        797752.97000
2446        799014.28000
2447        800277.21000
2448        801541.75000
2449        802807.90000
2450        804075.67000
2451        805345.05000
2452        806616.06000
2453        807888.68000
2454        809162.93000
2455        810438.80000
2456        811716.29000
2457        812995.41000
2458        814276.16000
2459        815558.54000
2460        816842.55000
2461        818128.19000
2462        819415.47000
2463        820704.38000
2464        821994.93000
2465        823287.12000
2466        824580.94000
2467        825876.42000
2468        827173.53000
2469        828472.29000
2470        829772.70000
2471        831074.75000
2472        832378.46000
2473        833683.82000
2474        834990.83000
2475        836299.49000
2476        837609.82000
2477        838921.80000
2478        840235.44000
2479        841550.74000
2480        842867.70000
2481        844186.33000
2482        845506.63000
2483        846828.59000
2484        848152.22000
2485        849477.52000
2486        850804.50000
2487        852133.15000
2488        853463.47000
2489        854795.47000
2490        856129.15000
2491        857464.51000
2492        858801.56000
2493        860140.28000
2494        861480.70000
2495        862822.79000
2496        864166.58000
2497        865512.06000
2498        866859.23000
2499        868208.09000
2500        869558.65000
2501        870910.90000
2502        872264.86000
2503        873620.51000
2504        874977.86000
2505        876336.92000
2506        877697.68000
2507        879060.15000
2508        880424.33000
2509        881790.21000
2510        883157.81000
2511        884527.12000
2512        885898.14000
2513        887270.88000
2514        888645.34000
2515        890021.52000
2516        891399.41000
2517        892779.03000
2518        894160.38000
2519        895543.45000
2520        896928.25000
2521        898314.78000
2522        899703.03000
2523        901093.03000
2524        902484.75000
2525        903878.21000
2526        905273.41000
2527        906670.35000
2528        908069.02000
2529        909469.44000
2530        910871.61000
2531        912275.52000
2532        913681.17000
2533        915088.58000
2534        916497.73000
2535        917908.64000
2536        919321.31000
2537        920735.72000
2538        922151.90000
2539        923569.83000
2540        924989.53000
2541        926410.98000
2542        927834.20000
2543        929259.19000
2544        930685.94000
2545        932114.46000
2546        933544.76000
2547        934976.82000
2548        936410.66000
2549        937846.27000
2550        939283.66000
2551        940722.83000
2552        942163.78000
2553        943606.51000
2554        945051.03000
2555        946497.33000
2556        947945.42000
2557        949395.30000
2558        950846.97000
2559        952300.43000
2560        953755.68000
2561        955212.73000
2562        956671.58000
2563        958132.22000
2564        959594.67000
2565        961058.92000
2566        962524.97000
2567        963992.83000
2568        965462.49000
2569        966933.97000
2570        968407.26000
2571        969882.35000
2572        971359.27000
2573        972837.99000
2574        974318.54000
2575        975800.90000
2576        977285.09000
2577        978771.10000
2578        980258.93000
2579        981748.59000
2580        983240.08000
2581        984733.39000
2582        986228.54000
2583        987725.52000
2584        989224.33000
2585        990724.98000
2586        992227.47000
2587        993731.80000
2588        995237.97000
2589        996745.98000
2590        998255.84000
2591        999767.54000
2592       1001281.10000
2593       1002796.50000
2594       1004313.80000
2595       1005832.90000
2596       1007353.80000
2597       1008876.60000
2598       1010401.30000
2599       1011927.90000
2600       1013456.30000
2601       1014986.50000
2602       1016518.60000
2603       1018052.60000
2604       1019588.50000
2605       1021126.20000
2606       1022665.90000
2607       1024207.30000
2608       1025750.70000
2609       1027295.90000
2610       1028843.00000
2611       1030392.00000
2612       1031942.90000
2613       1033495.70000
2614       1035050.30000
2615       1036606.90000
2616       1038165.30000
2617       1039725.60000
2618       1041287.80000
2619       1042851.90000
2620       1044417.90000
2621       1045985.80000
2622       1047555.60000
2623       1049127.30000
2624       1050700.90000
2625       1052276.50000
2626       1053853.90000
2627       1055433.20000
2628       1057014.40000
2629       1058597.60000
2630       1060182.70000
2631       1061769.60000
2632       1063358.50000
2633       1064949.40000
2634       1066542.10000
2635       1068136.80000
2636       1069733.40000
2637       1071331.90000
2638       1072932.30000
2639       1074534.70000
2640       1076139.00000
2641       1077745.20000
2642       1079353.40000
2643       1080963.50000
2644       1082575.60000
2645       1084189.50000
2646       1085805.50000
2647       1087423.40000
2648       1089043.20000
2649       1090664.90000
2650       1092288.70000
2651       1093914.30000
2652       1095542.00000
2653       1097171.50000
2654       1098803.10000
2655       1100436.60000
2656       1102072.00000
2657       1103709.40000
2658       1105348.80000
2659       1106990.20000
2660       1108633.50000
2661       1110278.80000
2662       1111926.00000
2663       1113575.20000
2664       1115226.40000
2665       1116879.60000
2666       1118534.80000
2667       1120191.90000
2668       1121851.00000
2669       1123512.10000
2670       1125175.20000
2671       1126840.30000
2672       1128507.30000
2673       1130176.40000
2674       1131847.40000
2675       1133520.50000
2676       1135195.50000
2677       1136872.60000
2678       1138551.60000
2679       1140232.60000
2680       1141915.70000
2681       1143600.70000
2682       1145287.80000
2683       1146976.80000
2684       1148667.90000
2685       1150361.00000
2686       1152056.10000
2687       1153753.20000
2688       1155452.30000
2689       1157153.50000
2690       1158856.60000
2691       1160561.80000
2692       1162269.00000
2693       1163978.30000
2694       1165689.60000
2695       1167402.90000
2696       1169118.20000
2697       1170835.60000
2698       1172555.00000
2699       1174276.40000
2700       1175999.90000
2701       1177725.50000
2702       1179453.00000
2703       1181182.70000
2704       1182914.30000
2705       1184648.00000
2706       1186383.80000
2707       1188121.60000
2708       1189861.50000
2709       1191603.40000
2710       1193347.40000
2711       1195093.50000
2712       1196841.60000
2713       1198591.70000
2714       1200344.00000
2715       1202098.30000
2716       1203854.70000
2717       1205613.10000
2718       1207373.60000
2719       1209136.20000
2720       1210900.90000
2721       1212667.60000
2722       1214436.50000
2723       1216207.40000
2724       1217980.40000
2725       1219755.50000
2726       1221532.60000
2727       1223311.90000
2728       1225093.30000
2729       1226876.70000
2730       1228662.20000
2731       1230449.90000
2732       1232239.60000
2733       1234031.50000
2734       1235825.40000
2735       1237621.40000
2736       1239419.60000
2737       1241219.90000
2738       1243022.20000
2739       1244826.70000
2740       1246633.30000
2741       1248442.00000
2742       1250252.90000
2743       1252065.80000
2744       1253880.90000
2745       1255698.10000
2746       1257517.40000
2747       1259338.90000
2748       1261162.40000
2749       1262988.10000
2750       1264816.00000
2751       1266646.00000
2752       1268478.10000
2753       1270312.30000
2754       1272148.70000
2755       1273987.30000
2756       1275828.00000
2757       1277670.80000
2758       1279515.80000
2759       1281362.90000
2760       1283212.20000
2761       1285063.60000
2762       1286917.20000
2763       1288772.90000
2764       1290630.80000
2765       1292490.90000
2766       1294353.10000
2767       1296217.50000
2768       1298084.10000
2769       1299952.80000
2770       1301823.70000
2771       1303696.80000
2772       1305572.00000
2773       1307449.50000
2774       1309329.10000
2775       1311210.90000
2776       1313094.80000
2777       1314981.00000
2778       1316869.30000
2779       1318759.80000
2780       1320652.60000
2781       1322547.50000
2782       1324444.60000
2783       1326343.90000
2784       1328245.40000
2785       1330149.10000
2786       1332055.00000
2787       1333963.10000
2788       1335873.40000
2789       1337785.90000
2790       1339700.60000
2791       1341617.60000
2792       1343536.70000
2793       1345458.10000
2794       1347381.70000
2795       1349307.50000
2796       1351235.50000
2797       1353165.70000
2798       1355098.20000
2799       1357032.90000
2800       1358969.80000
2801       1360909.00000
2802       1362850.40000
2803       1364794.00000
2804       1366739.90000
2805       1368688.00000
2806       1370638.30000
2807       1372590.90000
2808       1374545.70000
2809       1376502.80000
2810       1378462.10000
2811       1380423.70000
2812       1382387.50000
2813       1384353.60000
2814       1386322.00000
2815       1388292.60000
2816       1390265.40000
2817       1392240.50000
2818       1394217.90000
2819       1396197.60000
2820       1398179.50000
2821       1400163.70000
2822       1402150.10000
2823       1404138.90000
2824       1406129.90000
2825       1408123.20000
2826       1410118.70000
2827       1412116.60000
2828       1414116.70000
2829       1416119.10000
2830       1418123.90000
2831       1420130.90000
2832       1422140.10000
2833       1424151.70000
2834       1426165.60000
2835       1428181.80000
2836       1430200.30000
2837       1432221.00000
2838       1434244.10000
2839       1436269.50000
2840       1438297.20000
2841       1440327.20000
2842       1442359.50000
2843       1444394.20000
2844       1446431.10000
2845       1448470.40000
2846       1450512.00000
2847       1452555.90000
2848       1454602.10000
2849       1456650.70000
2850       1458701.60000
2851       1460754.80000
2852       1462810.30000
2853       1464868.20000
2854       1466928.40000
2855       1468991.00000
2856       1471055.90000
2857       1473123.10000
2858       1475192.70000
2859       1477264.60000
2860       1479338.90000
2861       1481415.50000
2862       1483494.50000
2863       1485575.80000
2864       1487659.50000
2865       1489745.60000
2866       1491834.00000
2867       1493924.70000
2868       1496017.90000
2869       1498113.40000
2870       1500211.20000
2871       1502311.50000
2872       1504414.10000
2873       1506519.10000
2874       1508626.40000
2875       1510736.20000
2876       1512848.30000
2877       1514962.80000
2878       1517079.70000
2879       1519198.90000
2880       1521320.60000
2881       1523444.60000
2882       1525571.10000
2883       1527699.90000
2884       1529831.20000
2885       1531964.80000
2886       1534100.80000
2887       1536239.30000
2888       1538380.10000
2889       1540523.40000
2890       1542669.00000
2891       1544817.10000
2892       1546967.60000
2893       1549120.50000
2894       1551275.80000
2895       1553433.50000
2896       1555593.70000
2897       1557756.30000
2898       1559921.30000
2899       1562088.70000
2900       1564258.60000
2901       1566430.90000
2902       1568605.60000
2903       1570782.80000
2904       1572962.40000
2905       1575144.40000
2906       1577328.90000
2907       1579515.80000
2908       1581705.20000
2909       1583897.00000
2910       1586091.30000
2911       1588288.00000
2912       1590487.20000
2913       1592688.80000
2914       1594892.90000
2915       1597099.50000
2916       1599308.50000
2917       1601520.00000
2918       1603733.90000
2919       1605950.40000
2920       1608169.30000
2921       1610390.60000
2922       1612614.50000
2923       1614840.80000
2924       1617069.60000
2925       1619300.90000
2926       1621534.60000
2927       1623770.90000
2928       1626009.60000
2929       1628250.90000
2930       1630494.60000
2931       1632740.80000
2932       1634989.50000
2933       1637240.70000
2934       1639494.40000
2935       1641750.60000
2936       1644009.40000
2937       1646270.60000
2938       1648534.30000
2939       1650800.60000
2940       1653069.30000
2941       1655340.60000
2942       1657614.40000
2943       1659890.70000
2944       1662169.50000
2945       1664450.90000
2946       1666734.80000
2947       1669021.20000
2948       1671310.10000
2949       1673601.60000
2950       1675895.60000
2951       1678192.20000
2952       1680491.20000
2953       1682792.90000
2954       1685097.00000
2955       1687403.70000
2956       1689713.00000
2957       1692024.80000
2958       1694339.20000
2959       1696656.10000
2960       1698975.60000
2961       1701297.60000
2962       1703622.20000
2963       1705949.30000
2964       1708279.00000
2965       1710611.30000
2966       1712946.20000
2967       1715283.60000
2968       1717623.60000
2969       1719966.20000
2970       1722311.30000
2971       1724659.00000
2972       1727009.40000
2973       1729362.20000
2974       1731717.70000
2975       1734075.80000
2976       1736436.40000
2977       1738799.70000
2978       1741165.50000
2979       1743534.00000
2980       1745905.00000
2981       1748278.70000
2982       1750654.90000
2983       1753033.80000
2984       1755415.20000
2985       1757799.30000
2986       1760186.00000
2987       1762575.20000
2988       1764967.20000
2989       1767361.70000
2990       1769758.80000
2991       1772158.60000
2992       1774561.00000
2993       1776966.00000
2994       1779373.70000
2995       1781784.00000
2996       1784196.90000
2997       1786612.40000
2998       1789030.60000
2999       1791451.40000
3000       1793874.90000
3001       1796301.00000
3002       1798729.80000
3003       1801161.20000
3004       1803595.30000
3005       1806032.00000
3006       1808471.40000
3007       1810913.40000
3008       1813358.10000
3009       1815805.50000
3010       1818255.50000
3011       1820708.20000
3012       1823163.50000
3013       1825621.50000
3014       1828082.20000
3015       1830545.60000
3016       1833011.70000
3017       1835480.40000
3018       1837951.80000
3019       1840425.90000
3020       1842902.70000
3021       1845382.10000
3022       1847864.30000
3023       1850349.20000
3024       1852836.70000
3025       1855327.00000
3026       1857819.90000
3027       1860315.60000
3028       1862813.90000
3029       1865315.00000
3030       1867818.70000
3031       1870325.20000
3032       1872834.40000
3033       1875346.30000
3034       1877861.00000
3035       1880378.30000
3036       1882898.40000
3037       1885421.20000
3038       1887946.70000
3039       1890474.90000
3040       1893005.90000
3041       1895539.60000
3042       1898076.10000
3043       1900615.20000
3044       1903157.20000
3045       1905701.80000
3046       1908249.20000
3047       1910799.40000
3048       1913352.30000
3049       1915908.00000
3050       1918466.40000
3051       1921027.50000
3052       1923591.50000
3053       1926158.20000
3054       1928727.60000
3055       1931299.80000
3056       1933874.80000
3057       1936452.50000
3058       1939033.10000
3059       1941616.30000
3060       1944202.40000
3061       1946791.30000
3062       1949382.90000
3063       1951977.30000
3064       1954574.50000
3065       1957174.50000
3066       1959777.20000
3067       1962382.80000
3068       1964991.20000
3069       1967602.30000
3070       1970216.30000
3071       1972833.00000
3072       1975452.60000
3073       1978074.90000
3074       1980700.10000
3075       1983328.10000
3076       1985958.90000
3077       1988592.50000
3078       1991228.90000
3079       1993868.20000
3080       1996510.20000
3081       1999155.10000
3082       2001802.80000
3083       2004453.40000
3084       2007106.70000
3085       2009762.90000
3086       2012422.00000
3087       2015083.90000
3088       2017748.60000
3089       2020416.10000
3090       2023086.60000
3091       2025759.80000
3092       2028435.90000
3093       2031114.90000
3094       2033796.70000
3095       2036481.30000
3096       2039168.80000
3097       2041859.20000
3098       2044552.50000
3099       2047248.60000
3100       2049947.60000
3101       2052649.40000
3102       2055354.10000
3103       2058061.70000
3104       2060772.20000
3105       2063485.50000
3106       2066201.80000
3107       2068920.90000
3108       2071642.90000
3109       2074367.80000
3110       2077095.50000
3111       2079826.20000
3112       2082559.80000
3113       2085296.20000
3114       2088035.60000
3115       2090777.90000
3116       2093523.00000
3117       2096271.10000
3118       2099022.10000
3119       2101776.00000
3120       2104532.80000
3121       2107292.50000
3122       2110055.20000
3123       2112820.80000
3124       2115589.30000
3125       2118360.70000
3126       2121135.00000
3127       2123912.30000
3128       2126692.50000
3129       2129475.70000
3130       2132261.70000
3131       2135050.80000
3132       2137842.70000
3133       2140637.60000
3134       2143435.50000
3135       2146236.30000
3136       2149040.00000
3137       2151846.80000
3138       2154656.40000
3139       2157469.10000
3140       2160284.60000
3141       2163103.20000
3142       2165924.70000
3143       2168749.20000
3144       2171576.60000
3145       2174407.10000
3146       2177240.50000
3147       2180076.90000
3148       2182916.20000
3149       2185758.60000
3150       2188603.90000
3151       2191452.20000
3152       2194303.50000
3153       2197157.80000
3154       2200015.10000
3155       2202875.40000
3156       2205738.70000
3157       2208604.90000
3158       2211474.20000
3159       2214346.50000
3160       2217221.80000
3161       2220100.20000
3162       2222981.50000
3163       2225865.80000
3164       2228753.20000
3165       2231643.60000
3166       2234537.00000
3167       2237433.40000
3168       2240332.90000
3169       2243235.40000
3170       2246140.90000
3171       2249049.50000
3172       2251961.10000
3173       2254875.70000
3174       2257793.40000
3175       2260714.10000
3176       2263637.90000
3177       2266564.70000
3178       2269494.60000
3179       2272427.50000
3180       2275363.50000
3181       2278302.50000
3182       2281244.60000
3183       2284189.80000
3184       2287138.00000
3185       2290089.30000
3186       2293043.70000
3187       2296001.10000
3188       2298961.70000
3189       2301925.30000
3190       2304891.90000
3191       2307861.70000
3192       2310834.60000
3193       2313810.50000
3194       2316789.50000
3195       2319771.70000
3196       2322756.90000
3197       2325745.20000
3198       2328736.60000
3199       2331731.10000
3200       2334728.80000
3201       2337729.50000
3202       2340733.30000
3203       2343740.30000
3204       2346750.40000
3205       2349763.50000
3206       2352779.90000
3207       2355799.30000
3208       2358821.80000
3209       2361847.50000
3210       2364876.30000
3211       2367908.30000
3212       2370943.40000
3213       2373981.60000
3214       2377022.90000
3215       2380067.40000
3216       2383115.10000
3217       2386165.90000
3218       2389219.80000
3219       2392276.90000
3220       2395337.20000
3221       2398400.60000
3222       2401467.10000
3223       2404536.80000
3224       2407609.70000
3225       2410685.80000
3226       2413765.00000
3227       2416847.40000
3228       2419933.00000
3229       2423021.70000
3230       2426113.70000
3231       2429208.80000
3232       2432307.10000
3233       2435408.50000
3234       2438513.20000
3235       2441621.10000
3236       2444732.10000
3237       2447846.40000
3238       2450963.80000
3239       2454084.50000
3240       2457208.30000
3241       2460335.40000
3242       2463465.60000
3243       2466599.10000
3244       2469735.80000
3245       2472875.70000
3246       2476018.90000
3247       2479165.20000
3248       2482314.80000
3249       2485467.60000
3250       2488623.60000
3251       2491782.90000
3252       2494945.40000
3253       2498111.10000
3254       2501280.10000
3255       2504452.30000
3256       2507627.80000
3257       2510806.50000
3258       2513988.50000
3259       2517173.70000
3260       2520362.10000
3261       2523553.80000
3262       2526748.80000
3263       2529947.10000
3264       2533148.60000
3265       2536353.30000
3266       2539561.40000
3267       2542772.70000
3268       2545987.30000
3269       2549205.10000
3270       2552426.30000
3271       2555650.70000
3272       2558878.40000
3273       2562109.40000
3274       2565343.70000
3275       2568581.30000
3276       2571822.20000
3277       2575066.30000
3278       2578313.80000
3279       2581564.60000
3280       2584818.70000
3281       2588076.00000
3282       2591336.70000
3283       2594600.70000
3284       2597868.10000
3285       2601138.70000
3286       2604412.70000
3287       2607690.00000
3288       2610970.60000
3289       2614254.50000
3290       2617541.80000
3291       2620832.40000
3292       2624126.30000
3293       2627423.60000
3294       2630724.20000
3295       2634028.20000
3296       2637335.50000
3297       2640646.10000
3298       2643960.10000
3299       2647277.50000
3300       2650598.20000
3301       2653922.30000
3302       2657249.70000
3303       2660580.50000
3304       2663914.70000
3305       2667252.20000
3306       2670593.10000
3307       2673937.40000
3308       2677285.10000
3309       2680636.10000
3310       2683990.50000
3311       2687348.30000
3312       2690709.50000
3313       2694074.10000
3314       2697442.10000
3315       2700813.40000
3316       2704188.20000
3317       2707566.40000
3318       2710947.90000
3319       2714332.90000
3320       2717721.30000
3321       2721113.10000
3322       2724508.30000
3323       2727906.90000
3324       2731309.00000
3325       2734714.40000
3326       2738123.30000
3327       2741535.60000
3328       2744951.40000
3329       2748370.50000
3330       2751793.10000
3331       2755219.20000
3332       2758648.70000
3333       2762081.60000
3334       2765518.00000
3335       2768957.80000
3336       2772401.00000
3337       2775847.70000
3338       2779297.90000
3339       2782751.60000
3340       2786208.60000
3341       2789669.20000
3342       2793133.20000
3343       2796600.70000
3344       2800071.70000
3345       2803546.10000
3346       2807024.00000
3347       2810505.40000
3348       2813990.30000
3349       2817478.60000
3350       2820970.50000
3351       2824465.80000
3352       2827964.60000
3353       2831466.90000
3354       2834972.70000
3355       2838482.00000
3356       2841994.90000
3357       2845511.20000
3358       2849031.00000
3359       2852554.30000
3360       2856081.20000
3361       2859611.60000
3362       2863145.50000
3363       2866682.90000
3364       2870223.80000
3365       2873768.20000
3366       2877316.20000
3367       2880867.80000
3368       2884422.80000
3369       2887981.40000
3370       2891543.50000
3371       2895109.20000
3372       2898678.40000
3373       2902251.20000
3374       2905827.50000
3375       2909407.40000
3376       2912990.80000
3377       2916577.80000
3378       2920168.30000
3379       2923762.40000
3380       2927360.10000
3381       2930961.40000
3382       2934566.20000
3383       2938174.60000
3384       2941786.50000
3385       2945402.10000
3386       2949021.20000
3387       2952643.90000
3388       2956270.30000
3389       2959900.10000
3390       2963533.60000
3391       2967170.70000
3392       2970811.40000
3393       2974455.70000
3394       2978103.60000
3395       2981755.10000
3396       2985410.20000
3397       2989068.90000
3398       2992731.30000
3399       2996397.20000
3400       3000066.80000
3401       3003740.00000
3402       3007416.80000
3403       3011097.30000
3404       3014781.40000
3405       3018469.10000
3406       3022160.40000
3407       3025855.40000
3408       3029554.10000
3409       3033256.30000
3410       3036962.30000
3411       3040671.90000
3412       3044385.10000
3413       3048102.00000
3414       3051822.50000
3415       3055546.70000
3416       3059274.60000
3417       3063006.20000
3418       3066741.40000
3419       3070480.30000
3420       3074222.80000
3421       3077969.10000
3422       3081719.00000
3423       3085472.60000
3424       3089229.90000
3425       3092990.80000
3426       3096755.50000
3427       3100523.90000
3428       3104295.90000
3429       3108071.70000
3430       3111851.20000
3431       3115634.30000
3432       3119421.20000
3433       3123211.80000
3434       3127006.10000
3435       3130804.10000
3436       3134605.80000
3437       3138411.30000
3438       3142220.50000
3439       3146033.40000
3440       3149850.00000
3441       3153670.40000
3442       3157494.50000
3443       3161322.40000
3444       3165153.90000
3445       3168989.30000
3446       3172828.40000
3447       3176671.20000
3448       3180517.80000
3449       3184368.10000
3450       3188222.20000
3451       3192080.10000
3452       3195941.70000
3453       3199807.10000
3454       3203676.20000
3455       3207549.10000
3456       3211425.90000
3457       3215306.30000
3458       3219190.60000
3459       3223078.60000
3460       3226970.50000
3461       3230866.10000
3462       3234765.50000
3463       3238668.70000
3464       3242575.70000
3465       3246486.50000
3466       3250401.10000
3467       3254319.50000
3468       3258241.70000
3469       3262167.80000
3470       3266097.60000
3471       3270031.30000
3472       3273968.70000
3473       3277910.00000
3474       3281855.20000
3475       3285804.10000
3476       3289756.90000
3477       3293713.50000
3478       3297674.00000
3479       3301638.30000
3480       3305606.40000
3481       3309578.40000
3482       3313554.20000
3483       3317533.90000
3484       3321517.40000
3485       3325504.80000
3486       3329496.10000
3487       3333491.20000
3488       3337490.20000
3489       3341493.00000
3490       3345499.70000
3491       3349510.30000
3492       3353524.80000
3493       3357543.10000
3494       3361565.30000
3495       3365591.40000
3496       3369621.40000
3497       3373655.30000
3498       3377693.10000
3499       3381734.80000
3500       3385780.40000
3501       3389829.80000
3502       3393883.20000
3503       3397940.50000
3504       3402001.70000
3505       3406066.80000
3506       3410135.80000
3507       3414208.80000
3508       3418285.70000
3509       3422366.40000
3510       3426451.20000
3511       3430539.80000
3512       3434632.40000
3513       3438728.90000
3514       3442829.40000
3515       3446933.80000
3516       3451042.10000
3517       3455154.40000
3518       3459270.70000
3519       3463390.90000
3520       3467515.00000
3521       3471643.10000
3522       3475775.20000
3523       3479911.30000
3524       3484051.30000
3525       3488195.20000
3526       3492343.20000
3527       3496495.10000
3528       3500651.00000
3529       3504810.90000
3530       3508974.80000
3531       3513142.70000
3532       3517314.50000
3533       3521490.40000
3534       3525670.20000
3535       3529854.10000
3536       3534041.90000
3537       3538233.80000
3538       3542429.60000
3539       3546629.50000
3540       3550833.40000
3541       3555041.30000
3542       3559253.20000
3543       3563469.20000
3544       3567689.10000
3545       3571913.10000
3546       3576141.20000
3547       3580373.20000
3548       3584609.30000
3549       3588849.50000
3550       3593093.70000
3551       3597341.90000
3552       3601594.20000
3553       3605850.50000
3554       3610110.90000
3555       3614375.40000
3556       3618643.90000
3557       3622916.50000
3558       3627193.10000
3559       3631473.80000
3560       3635758.60000
3561       3640047.50000
3562       3644340.40000
3563       3648637.40000
3564       3652938.50000
3565       3657243.70000
3566       3661553.00000
3567       3665866.40000
3568       3670183.90000
3569       3674505.40000
3570       3678831.10000
3571       3683160.90000
3572       3687494.80000
3573       3691832.80000
3574       3696174.90000
3575       3700521.10000
3576       3704871.50000
3577       3709225.90000
3578       3713584.50000
3579       3717947.30000
3580       3722314.10000
3581       3726685.10000
3582       3731060.20000
3583       3735439.50000
3584       3739822.90000
3585       3744210.50000
3586       3748602.20000
3587       3752998.10000
3588       3757398.10000
3589       3761802.30000
3590       3766210.60000
3591       3770623.10000
3592       3775039.80000
3593       3779460.60000
3594       3783885.70000
3595       3788314.80000
3596       3792748.20000
3597       3797185.80000
3598       3801627.50000
3599       3806073.40000
3600       3810523.60000
3601       3814977.90000
3602       3819436.40000
3603       3823899.10000
3604       3828366.00000
3605       3832837.10000
3606       3837312.50000
3607       3841792.00000
3608       3846275.80000
3609       3850763.80000
3610       3855256.00000
3611       3859752.40000
3612       3864253.00000
3613       3868757.90000
3614       3873267.00000
3615       3877780.40000
3616       3882298.00000
3617       3886819.80000
3618       3891345.90000
3619       3895876.20000
3620       3900410.80000
3621       3904949.70000
3622       3909492.80000
3623       3914040.10000
3624       3918591.70000
3625       3923147.60000
3626       3927707.80000
3627       3932272.20000
3628       3936840.90000
3629       3941413.90000
3630       3945991.20000
3631       3950572.70000
3632       3955158.50000
3633       3959748.70000
3634       3964343.10000
3635       3968941.80000
3636       3973544.80000
3637       3978152.20000
3638       3982763.80000
3639       3987379.70000
3640       3992000.00000
3641       3996624.60000
3642       4001253.50000
3643       4005886.70000
3644       4010524.20000
3645       4015166.10000
3646       4019812.30000
3647       4024462.80000
3648       4029117.70000
3649       4033776.90000
3650       4038440.40000
3651       4043108.30000
3652       4047780.60000
3653       4052457.10000
3654       4057138.10000
3655       4061823.40000
3656       4066513.10000
3657       4071207.10000
3658       4075905.50000
3659       4080608.30000
3660       4085315.50000
3661       4090027.00000
3662       4094742.90000
3663       4099463.20000
3664       4104187.90000
3665       4108916.90000
3666       4113650.40000
3667       4118388.20000
3668       4123130.50000
3669       4127877.10000
3670       4132628.20000
3671       4137383.70000
3672       4142143.60000
3673       4146907.90000
3674       4151676.60000
3675       4156449.70000
3676       4161227.30000
3677       4166009.20000
3678       4170795.60000
3679       4175586.50000
3680       4180381.80000
3681       4185181.50000
3682       4189985.70000
3683       4194794.30000
3684       4199607.30000
3685       4204424.80000
3686       4209246.80000
3687       4214073.20000
3688       4218904.10000
3689       4223739.40000
3690       4228579.30000
3691       4233423.50000
3692       4238272.30000
3693       4243125.50000
3694       4247983.20000
3695       4252845.40000
3696       4257712.10000
3697       4262583.30000
3698       4267459.00000
3699       4272339.10000
3700       4277223.80000
3701       4282112.90000
3702       4287006.60000
3703       4291904.80000
3704       4296807.50000
3705       4301714.70000
3706       4306626.40000
3707       4311542.60000
3708       4316463.40000
3709       4321388.70000
3710       4326318.50000
3711       4331252.80000
3712       4336191.70000
3713       4341135.20000
3714       4346083.10000
3715       4351035.70000
3716       4355992.70000
3717       4360954.30000
3718       4365920.50000
3719       4370891.20000
3720       4375866.50000
3721       4380846.40000
3722       4385830.80000
3723       4390819.80000
3724       4395813.40000
3725       4400811.60000
3726       4405814.30000
3727       4410821.60000
3728       4415833.50000
3729       4420850.00000
3730       4425871.10000
3731       4430896.80000
3732       4435927.10000
3733       4440962.00000
3734       4446001.50000
3735       4451045.60000
3736       4456094.30000
3737       4461147.60000
3738       4466205.60000
3739       4471268.20000
3740       4476335.40000
3741       4481407.20000
3742       4486483.70000
3743       4491564.80000
3744       4496650.50000
3745       4501740.90000
3746       4506835.90000
3747       4511935.60000
3748       4517039.90000
3749       4522148.90000
3750       4527262.50000
3751       4532380.80000
3752       4537503.80000
3753       4542631.40000
3754       4547763.70000
3755       4552900.70000
3756       4558042.30000
3757       4563188.70000
3758       4568339.70000
3759       4573495.40000
3760       4578655.80000
3761       4583820.90000
3762       4588990.70000
3763       4594165.20000
3764       4599344.30000
3765       4604528.20000
3766       4609716.80000
3767       4614910.20000
3768       4620108.20000
3769       4625310.90000
3770       4630518.40000
3771       4635730.60000
3772       4640947.50000
3773       4646169.20000
3774       4651395.60000
3775       4656626.70000
3776       4661862.60000
3777       4667103.20000
3778       4672348.60000
3779       4677598.70000
3780       4682853.60000
3781       4688113.30000
3782       4693377.70000
3783       4698646.80000
3784       4703920.80000
3785       4709199.50000
3786       4714483.00000
3787       4719771.20000
3788       4725064.30000
3789       4730362.10000
3790       4735664.70000
3791       4740972.10000
3792       4746284.30000
3793       4751601.30000
3794       4756923.10000
3795       4762249.70000
3796       4767581.10000
3797       4772917.30000
3798       4778258.40000
3799       4783604.20000
3800       4788954.90000
3801       4794310.40000
3802       4799670.70000
3803       4805035.90000
3804       4810405.90000
3805       4815780.70000
3806       4821160.40000
3807       4826544.90000
3808       4831934.20000
3809       4837328.40000
3810       4842727.50000
3811       4848131.40000
3812       4853540.20000
3813       4858953.90000
3814       4864372.40000
3815       4869795.80000
3816       4875224.00000
3817       4880657.20000
3818       4886095.20000
3819       4891538.10000
3820       4896985.90000
3821       4902438.50000
3822       4907896.10000
3823       4913358.60000
3824       4918826.00000
3825       4924298.20000
3826       4929775.40000
3827       4935257.50000
3828       4940744.50000
3829       4946236.40000
3830       4951733.30000
3831       4957235.00000
3832       4962741.70000
3833       4968253.40000
3834       4973769.90000
3835       4979291.40000
3836       4984817.90000
3837       4990349.20000
3838       4995885.60000
3839       5001426.80000
3840       5006973.10000
3841       5012524.30000
3842       5018080.40000
3843       5023641.50000
3844       5029207.60000
3845       5034778.70000
3846       5040354.70000
3847       5045935.70000
3848       5051521.70000
3849       5057112.70000
3850       5062708.60000
3851       5068309.60000
3852       5073915.50000
3853       5079526.50000
3854       5085142.40000
3855       5090763.40000
3856       5096389.30000
3857       5102020.30000
3858       5107656.30000
3859       5113297.30000
3860       5118943.30000
3861       5124594.40000
3862       5130250.40000
3863       5135911.60000
3864       5141577.70000
3865       5147248.90000
3866       5152925.10000
3867       5158606.40000
3868       5164292.70000
3869       5169984.10000
3870       5175680.50000
3871       5181382.00000
3872       5187088.50000
3873       5192800.20000
3874       5198516.80000
3875       5204238.60000
3876       5209965.40000
3877       5215697.30000
3878       5221434.30000
3879       5227176.40000
3880       5232923.60000
3881       5238675.90000
3882       5244433.20000
3883       5250195.70000
3884       5255963.30000
3885       5261735.90000
3886       5267513.70000
3887       5273296.60000
3888       5279084.60000
3889       5284877.80000
3890       5290676.00000
3891       5296479.40000
3892       5302287.90000
3893       5308101.60000
3894       5313920.40000
3895       5319744.30000
3896       5325573.40000
3897       5331407.60000
3898       5337247.00000
3899       5343091.50000
3900       5348941.20000
3901       5354796.00000
3902       5360656.10000
3903       5366521.30000
3904       5372391.60000
3905       5378267.10000
3906       5384147.90000
3907       5390033.80000
3908       5395924.80000
3909       5401821.10000
3910       5407722.60000
3911       5413629.20000
3912       5419541.10000
3913       5425458.20000
3914       5431380.50000
3915       5437307.90000
3916       5443240.60000
3917       5449178.60000
3918       5455121.70000
3919       5461070.10000
3920       5467023.60000
3921       5472982.50000
3922       5478946.50000
3923       5484915.80000
3924       5490890.40000
3925       5496870.10000
3926       5502855.20000
3927       5508845.50000
3928       5514841.00000
3929       5520841.80000
3930       5526847.90000
3931       5532859.20000
3932       5538875.80000
3933       5544897.70000
3934       5550924.80000
3935       5556957.20000
3936       5562995.00000
3937       5569038.00000
3938       5575086.20000
3939       5581139.80000
3940       5587198.70000
3941       5593262.90000
3942       5599332.40000
3943       5605407.20000
3944       5611487.30000
3945       5617572.70000
3946       5623663.50000
3947       5629759.60000
3948       5635861.00000
3949       5641967.70000
3950       5648079.70000
3951       5654197.10000
3952       5660319.90000
3953       5666448.00000
3954       5672581.40000
3955       5678720.20000
3956       5684864.30000
3957       5691013.80000
3958       5697168.70000
3959       5703328.90000
3960       5709494.50000
3961       5715665.40000
3962       5721841.80000
3963       5728023.50000
3964       5734210.60000
3965       5740403.10000
3966       5746600.90000
3967       5752804.20000
3968       5759012.90000
3969       5765226.90000
3970       5771446.40000
3971       5777671.30000
3972       5783901.60000
3973       5790137.30000
3974       5796378.40000
3975       5802625.00000
3976       5808876.90000
3977       5815134.30000
3978       5821397.20000
3979       5827665.50000
3980       5833939.20000
3981       5840218.30000
3982       5846502.90000
3983       5852793.00000
3984       5859088.50000
3985       5865389.50000
3986       5871695.90000
3987       5878007.80000
3988       5884325.10000
3989       5890648.00000
3990       5896976.30000
3991       5903310.10000
3992       5909649.40000
3993       5915994.10000
3994       5922344.40000
3995       5928700.10000
3996       5935061.40000
3997       5941428.10000
3998       5947800.30000
3999       5954178.10000
4000       5960561.40000
4001       5966950.20000
4002       5973344.50000
4003       5979744.30000
4004       5986149.60000
4005       5992560.50000
4006       5998977.00000
4007       6005398.90000
4008       6011826.40000
4009       6018259.40000
4010       6024698.00000
4011       6031142.20000
4012       6037591.90000
4013       6044047.10000
4014       6050508.00000
4015       6056974.30000
4016       6063446.30000
4017       6069923.80000
4018       6076406.90000
4019       6082895.60000
4020       6089389.90000
4021       6095889.80000
4022       6102395.20000
4023       6108906.30000
4024       6115422.90000
4025       6121945.20000
4026       6128473.00000
4027       6135006.50000
4028       6141545.60000
4029       6148090.30000
4030       6154640.60000
4031       6161196.50000
4032       6167758.10000
4033       6174325.30000
4034       6180898.20000
4035       6187476.70000
4036       6194060.80000
4037       6200650.60000
4038       6207246.00000
4039       6213847.10000
4040       6220453.80000
4041       6227066.20000
4042       6233684.30000
4043       6240308.00000
4044       6246937.40000
4045       6253572.50000
4046       6260213.30000
4047       6266859.70000
4048       6273511.80000
4049       6280169.70000
4050       6286833.20000
4051       6293502.40000
4052       6300177.30000
4053       6306857.90000
4054       6313544.30000
4055       6320236.30000
4056       6326934.10000
4057       6333637.60000
4058       6340346.80000
4059       6347061.70000
4060       6353782.40000
4061       6360508.80000
4062       6367241.00000
4063       6373978.90000
4064       6380722.50000
4065       6387471.90000
4066       6394227.00000
4067       6400987.90000
4068       6407754.60000
4069       6414527.00000
4070       6421305.20000
4071       6428089.20000
4072       6434878.90000
4073       6441674.50000
4074       6448475.80000
4075       6455282.90000
4076       6462095.80000
4077       6468914.50000
4078       6475738.90000
4079       6482569.20000
4080       6489405.30000
4081       6496247.20000
4082       6503094.90000
4083       6509948.50000
4084       6516807.80000
4085       6523673.00000
4086       6530544.00000
4087       6537420.90000
4088       6544303.60000
4089       6551192.10000
4090       6558086.50000
4091       6564986.70000
4092       6571892.70000
4093       6578804.70000
4094       6585722.40000
4095       6592646.10000
4096       6599575.60000
4097       6606511.00000
4098       6613452.20000
4099       6620399.40000
4100       6627352.40000
4101       6634311.30000
4102       6641276.10000
4103       6648246.80000
4104       6655223.30000
4105       6662205.80000
4106       6669194.20000
4107       6676188.50000
4108       6683188.70000
4109       6690194.80000
4110       6697206.90000
4111       6704224.80000
4112       6711248.70000
4113       6718278.60000
4114       6725314.30000
4115       6732356.00000
4116       6739403.70000
4117       6746457.20000
4118       6753516.80000
4119       6760582.30000
4120       6767653.70000
4121       6774731.10000
4122       6781814.50000
4123       6788903.80000
4124       6795999.20000
4125       6803100.50000
4126       6810207.70000
4127       6817321.00000
4128       6824440.20000
4129       6831565.50000
4130       6838696.70000
4131       6845833.90000
4132       6852977.20000
4133       6860126.40000
4134       6867281.70000
4135       6874443.00000
4136       6881610.30000
4137       6888783.60000
4138       6895962.90000
4139       6903148.30000
4140       6910339.70000
4141       6917537.10000
4142       6924740.60000
4143       6931950.20000
4144       6939165.70000
4145       6946387.40000
4146       6953615.10000
4147       6960848.80000
4148       6968088.60000
4149       6975334.50000
4150       6982586.50000
4151       6989844.50000
4152       6997108.70000
4153       7004378.90000
4154       7011655.20000
4155       7018937.50000
4156       7026226.00000
4157       7033520.60000
4158       7040821.30000
4159       7048128.10000
4160       7055441.00000
4161       7062760.00000
4162       7070085.10000
4163       7077416.40000
4164       7084753.80000
4165       7092097.30000
4166       7099447.00000
4167       7106802.80000
4168       7114164.70000
4169       7121532.80000
4170       7128907.00000
4171       7136287.40000
4172       7143673.90000
4173       7151066.70000
4174       7158465.50000
4175       7165870.60000
4176       7173281.80000
4177       7180699.20000
4178       7188122.80000
4179       7195552.50000
4180       7202988.50000
4181       7210430.60000
4182       7217879.00000
4183       7225333.50000
4184       7232794.30000
4185       7240261.20000
4186       7247734.40000
4187       7255213.80000
4188       7262699.40000
4189       7270191.20000
4190       7277689.30000
4191       7285193.60000
4192       7292704.10000
4193       7300220.90000
4194       7307743.90000
4195       7315273.20000
4196       7322808.70000
4197       7330350.50000
4198       7337898.50000
4199       7345452.80000
4200       7353013.40000
4201       7360580.30000
4202       7368153.40000
4203       7375732.80000
4204       7383318.40000
4205       7390910.40000
4206       7398508.70000
4207       7406113.20000
4208       7413724.10000
4209       7421341.30000
4210       7428964.70000
4211       7436594.50000
4212       7444230.60000
4213       7451873.00000
4214       7459521.80000
4215       7467176.80000
4216       7474838.20000
4217       7482505.90000
4218       7490180.00000
4219       7497860.40000
4220       7505547.20000
4221       7513240.30000
4222       7520939.80000
4223       7528645.60000
4224       7536357.80000
4225       7544076.40000
4226       7551801.30000
4227       7559532.60000
4228       7567270.30000
4229       7575014.40000
4230       7582764.80000
4231       7590521.70000
4232       7598284.90000
4233       7606054.60000
4234       7613830.60000
4235       7621613.10000
4236       7629401.90000
4237       7637197.20000
4238       7644998.90000
4239       7652807.10000
4240       7660621.60000
4241       7668442.60000
4242       7676270.00000
4243       7684103.90000
4244       7691944.20000
4245       7699790.90000
4246       7707644.10000
4247       7715503.80000
4248       7723369.90000
4249       7731242.50000
4250       7739121.50000
4251       7747007.00000
4252       7754899.00000
4253       7762797.50000
4254       7770702.50000
4255       7778613.90000
4256       7786531.90000
4257       7794456.30000
4258       7802387.20000
4259       7810324.70000
4260       7818268.60000
4261       7826219.10000
4262       7834176.00000
4263       7842139.50000
4264       7850109.60000
4265       7858086.10000
4266       7866069.20000
4267       7874058.80000
4268       7882055.00000
4269       7890057.70000
4270       7898066.90000
4271       7906082.70000
4272       7914105.10000
4273       7922134.00000
4274       7930169.50000
4275       7938211.60000
4276       7946260.20000
4277       7954315.40000
4278       7962377.20000
4279       7970445.60000
4280       7978520.50000
4281       7986602.10000
4282       7994690.20000
4283       8002785.00000
4284       8010886.30000
4285       8018994.30000
4286       8027108.90000
4287       8035230.10000
4288       8043357.90000
4289       8051492.40000
4290       8059633.50000
4291       8067781.20000
4292       8075935.50000
4293       8084096.50000
4294       8092264.20000
4295       8100438.50000
4296       8108619.40000
4297       8116807.00000
4298       8125001.30000
4299       8133202.30000
4300       8141409.90000
4301       8149624.20000
4302       8157845.10000
4303       8166072.80000
4304       8174307.10000
4305       8182548.20000
4306       8190795.90000
4307       8199050.30000
4308       8207311.40000
4309       8215579.30000
4310       8223853.80000
4311       8232135.10000
4312       8240423.10000
4313       8248717.80000
4314       8257019.30000
4315       8265327.50000
4316       8273642.40000
4317       8281964.00000
4318       8290292.40000
4319       8298627.60000
4320       8306969.50000
4321       8315318.20000
4322       8323673.60000
4323       8332035.80000
4324       8340404.80000
4325       8348780.50000
4326       8357163.00000
4327       8365552.40000
4328       8373948.40000
4329       8382351.30000
4330       8390761.00000
4331       8399177.50000
4332       8407600.80000
4333       8416030.90000
4334       8424467.80000
4335       8432911.50000
4336       8441362.10000
4337       8449819.40000
4338       8458283.60000
4339       8466754.70000
4340       8475232.50000
4341       8483717.30000
4342       8492208.80000
4343       8500707.20000
4344       8509212.50000
4345       8517724.60000
4346       8526243.60000
4347       8534769.50000
4348       8543302.20000
4349       8551841.80000
4350       8560388.30000
4351       8568941.60000
4352       8577501.90000
4353       8586069.00000
4354       8594643.10000
4355       8603224.00000
4356       8611811.90000
4357       8620406.60000
4358       8629008.30000
4359       8637616.90000
4360       8646232.40000
4361       8654854.80000
4362       8663484.20000
4363       8672120.50000
4364       8680763.70000
4365       8689413.90000
4366       8698071.00000
4367       8706735.10000
4368       8715406.10000
4369       8724084.10000
4370       8732769.10000
4371       8741461.00000
4372       8750159.90000
4373       8758865.80000
4374       8767578.70000
4375       8776298.50000
4376       8785025.30000
4377       8793759.20000
4378       8802500.00000
4379       8811247.80000
4380       8820002.70000
4381       8828764.50000
4382       8837533.40000
4383       8846309.30000
4384       8855092.20000
4385       8863882.10000
4386       8872679.10000
4387       8881483.10000
4388       8890294.10000
4389       8899112.20000
4390       8907937.30000
4391       8916769.50000
4392       8925608.80000
4393       8934455.10000
4394       8943308.50000
4395       8952168.90000
4396       8961036.50000
4397       8969911.10000
4398       8978792.70000
4399       8987681.50000
4400       8996577.40000
4401       9005480.40000
4402       9014390.40000
4403       9023307.60000
4404       9032231.90000
4405       9041163.30000
4406       9050101.80000
4407       9059047.40000
4408       9068000.20000
4409       9076960.10000
4410       9085927.10000
4411       9094901.30000
4412       9103882.60000
4413       9112871.00000
4414       9121866.70000
4415       9130869.40000
4416       9139879.40000
4417       9148896.50000
4418       9157920.70000
4419       9166952.20000
4420       9175990.80000
4421       9185036.60000
4422       9194089.60000
4423       9203149.80000
4424       9212217.10000
4425       9221291.70000
4426       9230373.50000
4427       9239462.50000
4428       9248558.70000
4429       9257662.10000
4430       9266772.80000
4431       9275890.60000
4432       9285015.70000
4433       9294148.10000
4434       9303287.60000
4435       9312434.50000
4436       9321588.50000
4437       9330749.80000
4438       9339918.40000
4439       9349094.30000
4440       9358277.40000
4441       9367467.70000
4442       9376665.40000
4443       9385870.30000
4444       9395082.50000
4445       9404302.00000
4446       9413528.80000
4447       9422762.90000
4448       9432004.30000
4449       9441253.00000
4450       9450509.00000
4451       9459772.30000
4452       9469042.90000
4453       9478320.90000
4454       9487606.20000
4455       9496898.80000
4456       9506198.70000
4457       9515506.00000
4458       9524820.60000
4459       9534142.60000
4460       9543472.00000
4461       9552808.60000
4462       9562152.70000
4463       9571504.10000
4464       9580862.90000
4465       9590229.10000
4466       9599602.60000
4467       9608983.60000
4468       9618371.90000
4469       9627767.60000
4470       9637170.70000
4471       9646581.20000
4472       9655999.10000
4473       9665424.50000
4474       9674857.20000
4475       9684297.40000
4476       9693745.00000
4477       9703200.00000
4478       9712662.40000
4479       9722132.30000
4480       9731609.70000
4481       9741094.40000
4482       9750586.70000
4483       9760086.30000
4484       9769593.50000
4485       9779108.10000
4486       9788630.20000
4487       9798159.70000
4488       9807696.70000
4489       9817241.20000
4490       9826793.20000
4491       9836352.70000
4492       9845919.70000
4493       9855494.20000
4494       9865076.10000
4495       9874665.60000
4496       9884262.60000
4497       9893867.10000
4498       9903479.20000
4499       9913098.80000
4500       9922725.90000
4501       9932360.50000
4502       9942002.70000
4503       9951652.40000
4504       9961309.60000
4505       9970974.50000
4506       9980646.80000
4507       9990326.80000
4508      10000014.00000
4509      10009709.00000
4510      10019412.00000
4511      10029122.00000
4512      10038840.00000
4513      10048565.00000
4514      10058298.00000
4515      10068039.00000
4516      10077787.00000
4517      10087543.00000
4518      10097307.00000
4519      10107078.00000
4520      10116856.00000
4521      10126643.00000
4522      10136436.00000
4523      10146238.00000
4524      10156047.00000
4525      10165864.00000
4526      10175688.00000
4527      10185521.00000
4528      10195360.00000
4529      10205208.00000
4530      10215063.00000
4531      10224926.00000
4532      10234796.00000
4533      10244674.00000
4534      10254560.00000
4535      10264454.00000
4536      10274355.00000
4537      10284264.00000
4538      10294180.00000
4539      10304105.00000
4540      10314037.00000
4541      10323977.00000
4542      10333924.00000
4543      10343879.00000
4544      10353842.00000
4545      10363813.00000
4546      10373791.00000
4547      10383777.00000
4548      10393771.00000
4549      10403773.00000
4550      10413782.00000
4551      10423799.00000
4552      10433824.00000
4553      10443857.00000
4554      10453897.00000
4555      10463946.00000
4556      10474002.00000
4557      10484065.00000
4558      10494137.00000
4559      10504217.00000
4560      10514304.00000
4561      10524399.00000
4562      10534502.00000
4563      10544612.00000
4564      10554731.00000
4565      10564857.00000
4566      10574991.00000
4567      10585133.00000
4568      10595283.00000
4569      10605441.00000
4570      10615606.00000
4571      10625779.00000
4572      10635961.00000
4573      10646150.00000
4574      10656347.00000
4575      10666551.00000
4576      10676764.00000
4577      10686985.00000
4578      10697213.00000
4579      10707449.00000
4580      10717694.00000
4581      10727946.00000
4582      10738206.00000
4583      10748474.00000
4584      10758750.00000
4585      10769033.00000
4586      10779325.00000
4587      10789625.00000
4588      10799932.00000
4589      10810248.00000
4590      10820571.00000
4591      10830903.00000
4592      10841242.00000
4593      10851589.00000
4594      10861944.00000
4595      10872308.00000
4596      10882679.00000
4597      10893058.00000
4598      10903445.00000
4599      10913840.00000
4600      10924243.00000
4601      10934655.00000
4602      10945074.00000
4603      10955501.00000
4604      10965936.00000
4605      10976379.00000
4606      10986830.00000
4607      10997289.00000
4608      11007756.00000
4609      11018232.00000
4610      11028715.00000
4611      11039206.00000
4612      11049705.00000
4613      11060213.00000
4614      11070728.00000
4615      11081252.00000
4616      11091783.00000
4617      11102323.00000
4618      11112871.00000
4619      11123426.00000
4620      11133990.00000
4621      11144562.00000
4622      11155142.00000
4623      11165730.00000
4624      11176326.00000
4625      11186931.00000
4626      11197543.00000
4627      11208164.00000
4628      11218792.00000
4629      11229429.00000
4630      11240074.00000
4631      11250727.00000
4632      11261388.00000
4633      11272058.00000
4634      11282735.00000
4635      11293421.00000
4636      11304115.00000
4637      11314817.00000
4638      11325527.00000
4639      11336245.00000
4640      11346971.00000
4641      11357706.00000
4642      11368449.00000
4643      11379200.00000
4644      11389959.00000
4645      11400726.00000
4646      11411502.00000
4647      11422286.00000
4648      11433078.00000
4649      11443878.00000
4650      11454687.00000
4651      11465503.00000
4652      11476328.00000
4653      11487161.00000
4654      11498003.00000
4655      11508853.00000
4656      11519710.00000
4657      11530577.00000
4658      11541451.00000
4659      11552334.00000
4660      11563225.00000
4661      11574124.00000
4662      11585032.00000
4663      11595947.00000
4664      11606871.00000
4665      11617804.00000
4666      11628745.00000
4667      11639694.00000
4668      11650651.00000
4669      11661616.00000
4670      11672590.00000
4671      11683573.00000
4672      11694563.00000
4673      11705562.00000
4674      11716569.00000
4675      11727585.00000
4676      11738609.00000
4677      11749641.00000
4678      11760682.00000
4679      11771731.00000
4680      11782788.00000
4681      11793854.00000
4682      11804928.00000
4683      11816011.00000
4684      11827102.00000
4685      11838201.00000
4686      11849309.00000
4687      11860425.00000
4688      11871549.00000
4689      11882682.00000
4690      11893823.00000
4691      11904973.00000
4692      11916131.00000
4693      11927298.00000
4694      11938473.00000
4695      11949656.00000
4696      11960848.00000
4697      11972049.00000
4698      11983258.00000
4699      11994475.00000
4700      12005701.00000
4701      12016935.00000
4702      12028177.00000
4703      12039429.00000
4704      12050688.00000
4705      12061956.00000
4706      12073233.00000
4707      12084518.00000
4708      12095812.00000
4709      12107114.00000
4710      12118424.00000
4711      12129744.00000
4712      12141071.00000
4713      12152408.00000
4714      12163752.00000
4715      12175106.00000
4716      12186467.00000
4717      12197838.00000
4718      12209217.00000
4719      12220604.00000
4720      12232000.00000
4721      12243405.00000
4722      12254818.00000
4723      12266240.00000
4724      12277670.00000
4725      12289109.00000
4726      12300556.00000
4727      12312012.00000
4728      12323477.00000
4729      12334950.00000
4730      12346432.00000
4731      12357923.00000
4732      12369422.00000
4733      12380930.00000
4734      12392446.00000
4735      12403971.00000
4736      12415505.00000
4737      12427047.00000
4738      12438598.00000
4739      12450157.00000
4740      12461726.00000
4741      12473303.00000
4742      12484888.00000
4743      12496483.00000
4744      12508085.00000
4745      12519697.00000
4746      12531317.00000
4747      12542946.00000
4748      12554584.00000
4749      12566231.00000
4750      12577886.00000
4751      12589550.00000
4752      12601222.00000
4753      12612903.00000
4754      12624593.00000
4755      12636292.00000
4756      12648000.00000
4757      12659716.00000
4758      12671441.00000
4759      12683174.00000
4760      12694917.00000
4761      12706668.00000
4762      12718428.00000
4763      12730197.00000
4764      12741974.00000
4765      12753761.00000
4766      12765556.00000
4767      12777360.00000
4768      12789173.00000
4769      12800994.00000
4770      12812824.00000
4771      12824664.00000
4772      12836511.00000
4773      12848368.00000
4774      12860234.00000
4775      12872108.00000
4776      12883992.00000
4777      12895884.00000
4778      12907785.00000
4779      12919694.00000
4780      12931613.00000
4781      12943541.00000
4782      12955477.00000
4783      12967422.00000
4784      12979376.00000
4785      12991340.00000
4786      13003311.00000
4787      13015292.00000
4788      13027282.00000
4789      13039281.00000
4790      13051288.00000
4791      13063305.00000
4792      13075330.00000
4793      13087364.00000
4794      13099407.00000
4795      13111459.00000
4796      13123521.00000
4797      13135591.00000
4798      13147670.00000
4799      13159757.00000
4800      13171854.00000
4801      13183960.00000
4802      13196075.00000
4803      13208199.00000
4804      13220331.00000
4805      13232473.00000
4806      13244624.00000
4807      13256784.00000
4808      13268952.00000
4809      13281130.00000
4810      13293317.00000
4811      13305513.00000
4812      13317717.00000
4813      13329931.00000
4814      13342154.00000
4815      13354386.00000
4816      13366627.00000
4817      13378877.00000
4818      13391135.00000
4819      13403404.00000
4820      13415681.00000
4821      13427967.00000
4822      13440262.00000
4823      13452566.00000
4824      13464880.00000
4825      13477202.00000
4826      13489534.00000
4827      13501874.00000
4828      13514224.00000
4829      13526583.00000
4830      13538951.00000
4831      13551328.00000
4832      13563714.00000
4833      13576109.00000
4834      13588514.00000
4835      13600927.00000
4836      13613350.00000
4837      13625782.00000
4838      13638223.00000
4839      13650673.00000
4840      13663133.00000
4841      13675601.00000
4842      13688079.00000
4843      13700566.00000
4844      13713062.00000
4845      13725567.00000
4846      13738081.00000
4847      13750605.00000
4848      13763138.00000
4849      13775680.00000
4850      13788231.00000
4851      13800791.00000
4852      13813361.00000
4853      13825940.00000
4854      13838528.00000
4855      13851125.00000
4856      13863732.00000
4857      13876348.00000
4858      13888973.00000
4859      13901607.00000
4860      13914251.00000
4861      13926904.00000
4862      13939566.00000
4863      13952238.00000
4864      13964918.00000
4865      13977608.00000
4866      13990308.00000
4867      14003016.00000
4868      14015734.00000
4869      14028461.00000
4870      14041198.00000
4871      14053944.00000
4872      14066699.00000
4873      14079464.00000
4874      14092237.00000
4875      14105021.00000
4876      14117813.00000
4877      14130615.00000
4878      14143426.00000
4879      14156247.00000
4880      14169077.00000
4881      14181916.00000
4882      14194765.00000
4883      14207623.00000
4884      14220491.00000
4885      14233368.00000
4886      14246254.00000
4887      14259150.00000
4888      14272055.00000
4889      14284969.00000
4890      14297893.00000
4891      14310827.00000
4892      14323769.00000
4893      14336722.00000
4894      14349683.00000
4895      14362655.00000
4896      14375635.00000
4897      14388625.00000
4898      14401625.00000
4899      14414634.00000
4900      14427652.00000
4901      14440680.00000
4902      14453717.00000
4903      14466764.00000
4904      14479821.00000
4905      14492886.00000
4906      14505962.00000
4907      14519047.00000
4908      14532141.00000
4909      14545245.00000
4910      14558359.00000
4911      14571481.00000
4912      14584614.00000
4913      14597756.00000
4914      14610908.00000
4915      14624069.00000
4916      14637239.00000
4917      14650420.00000
4918      14663610.00000
4919      14676809.00000
4920      14690018.00000
4921      14703236.00000
4922      14716465.00000
4923      14729702.00000
4924      14742950.00000
4925      14756207.00000
4926      14769473.00000
4927      14782749.00000
4928      14796035.00000
4929      14809331.00000
4930      14822636.00000
4931      14835950.00000
4932      14849275.00000
4933      14862608.00000
4934      14875952.00000
4935      14889305.00000
4936      14902668.00000
4937      14916041.00000
4938      14929423.00000
4939      14942815.00000
4940      14956217.00000
4941      14969628.00000
4942      14983049.00000
4943      14996480.00000
4944      15009920.00000
4945      15023370.00000
4946      15036830.00000
4947      15050300.00000
4948      15063779.00000
4949      15077268.00000
4950      15090767.00000
4951      15104275.00000
4952      15117793.00000
4953      15131321.00000
4954      15144859.00000
4955      15158407.00000
4956      15171964.00000
4957      15185531.00000
4958      15199108.00000
4959      15212694.00000
4960      15226291.00000
4961      15239897.00000
4962      15253513.00000
4963      15267139.00000
4964      15280774.00000
4965      15294420.00000
4966      15308075.00000
4967      15321740.00000
4968      15335415.00000
4969      15349100.00000
4970      15362794.00000
4971      15376499.00000
4972      15390213.00000
4973      15403937.00000
4974      15417671.00000
4975      15431415.00000
4976      15445169.00000
4977      15458933.00000
4978      15472706.00000
4979      15486490.00000
4980      15500283.00000
4981      15514086.00000
4982      15527899.00000
4983      15541722.00000
4984      15555555.00000
4985      15569398.00000
4986      15583251.00000
4987      15597114.00000
4988      15610986.00000
4989      15624869.00000
4990      15638762.00000
4991      15652664.00000
4992      15666577.00000
4993      15680499.00000
4994      15694432.00000
4995      15708374.00000
4996      15722326.00000
4997      15736289.00000
4998      15750261.00000
4999      15764244.00000
5000      15778236.00000