   1            19.19864
   2            34.80771
   3            50.55916
   4            66.34316
   5            82.13996
   6            97.94322
   7           113.75028
   8           129.55983
   9           145.37115
  10           161.18382
  11           176.99756
  12           192.81220
  13           208.62761
  14           224.44370
  15           240.26040
  16           256.07768
  17           271.89548
  18           287.71379
  19           303.53258
  20           319.35183
  21           335.17153
  22           350.99167
  23           366.81223
  24           382.63321
  25           398.45460
  26           414.27639
  27           430.09859
  28           445.92118
  29           461.74416
  30           477.56753
  31           493.39129
  32           509.21544
  33           525.03996
  34           540.86487
  35           556.69015
  36           572.51581
  37           588.34185
  38           604.16826
  39           619.99504
  40           635.82220
  41           651.64972
  42           667.47762
  43           683.30589
  44           699.13454
  45           714.96355
  46           730.79293
  47           746.62268
  48           762.45280
  49           778.28330
  50           794.11416
  51           809.94541
  52           825.77703
  53           841.60903
  54           857.44142
  55           873.27420
  56           889.10737
  57           904.94095
  58           920.77494
  59           936.60935
  60           952.44420
  61           968.27950
  62           984.11526
  63           999.95151
  64          1015.78830
  65          1031.62560
  66          1047.46340
  67          1063.30190
  68          1079.14090
  69          1094.98070
  70          1110.82110
  71          1126.66230
  72          1142.50440
  73          1158.34730
  74          1174.19110
  75          1190.03600
  76          1205.88190
  77          1221.72900
  78          1237.57740
  79          1253.42710
  80          1269.27820
  81          1285.13090
  82          1300.98530
  83          1316.84150
  84          1332.69970
  85          1348.55980
  86          1364.42230
  87          1380.28700
  88          1396.15430
  89          1412.02430
  90          1427.89720
  91          1443.77320
  92          1459.65240
  93          1475.53500
  94          1491.42140
  95          1507.31160
  96          1523.20600
  97          1539.10470
  98          1555.00800
  99          1570.91620
 100          1586.82950
 101          1602.74810
 102          1618.67250
 103          1634.60270
 104          1650.53920
 105          1666.48220
 106          1682.43210
 107          1698.38910
 108          1714.35360
 109          1730.32580
 110          1746.30620
 111          1762.29510
 112          1778.29280
 113          1794.29970
 114          1810.31610
 115          1826.34240
 116          1842.37890
 117          1858.42620
 118          1874.48440
 119          1890.55410
 120          1906.63550
 121          1922.72920
 122          1938.83550
 123          1954.95480
 124          1971.08750
 125          1987.23410
 126          2003.39490
 127          2019.57040
 128          2035.76100
 129          2051.96710
 130          2068.18920
 131          2084.42780
 132          2100.68310
 133          2116.95580
 134          2133.24610
 135          2149.55470
 136          2165.88180
 137          2182.22800
 138          2198.59380
 139          2214.97950
 140          2231.38560
 141          2247.81260
 142          2264.26100
 143          2280.73110
 144          2297.22350
 145          2313.73860
 146          2330.27690
 147          2346.83880
 148          2363.42480
 149          2380.03540
 150          2396.67100
 151          2413.33200
 152          2430.01900
 153          2446.73240
 154          2463.47260
 155          2480.24020
 156          2497.03550
 157          2513.85910
 158          2530.71140
 159          2547.59280
 160          2564.50380
 161          2581.44500
 162          2598.41660
 163          2615.41920
 164          2632.45320
 165          2649.51920
 166          2666.61740
 167          2683.74850
 168          2700.91280
 169          2718.11070
 170          2735.34280
 171          2752.60940
 172          2769.91110
 173          2787.24820
 174          2804.62120
 175          2822.03060
 176          2839.47670
 177          2856.96000
 178          2874.48090
 179          2892.04000
 180          2909.63750
 181          2927.27390
 182          2944.94970
 183          2962.66530
 184          2980.42100
 185          2998.21740
 186          3016.05480
 187          3033.93370
 188          3051.85450
 189          3069.81750
 190          3087.82320
 191          3105.87210
 192          3123.96440
 193          3142.10070
 194          3160.28130
 195          3178.50660
 196          3196.77710
 197          3215.09310
 198          3233.45500
 199          3251.86320
 200          3270.31810
 201          3288.82020
 202          3307.36970
 203          3325.96710
 204          3344.61280
 205          3363.30720
 206          3382.05060
 207          3400.84340
 208          3419.68590
 209          3438.57870
 210          3457.52200
 211          3476.51620
 212          3495.56180
 213          3514.65900
 214          3533.80820
 215          3553.00980
 216          3572.26420
 217          3591.57170
 218          3610.93270
 219          3630.34760
 220          3649.81660
 221          3669.34030
 222          3688.91880
 223          3708.55270
 224          3728.24210
 225          3747.98760
 226          3767.78940
 227          3787.64780
 228          3807.56330
 229          3827.53620
 230          3847.56680
 231          3867.65550
 232          3887.80250
 233          3908.00830
 234          3928.27320
 235          3948.59750
 236          3968.98150
 237          3989.42570
 238          4009.93030
 239          4030.49560
 240          4051.12200
 241          4071.80980
 242          4092.55940
 243          4113.37110
 244          4134.24510
 245          4155.18190
 246          4176.18180
 247          4197.24500
 248          4218.37190
 249          4239.56280
 250          4260.81810
 251          4282.13810
 252          4303.52300
 253          4324.97320
 254          4346.48900
 255          4368.07070
 256          4389.71870
 257          4411.43320
 258          4433.21460
 259          4455.06320
 260          4476.97930
 261          4498.96320
 262          4521.01510
 263          4543.13550
 264          4565.32470
 265          4587.58280
 266          4609.91030
 267          4632.30750
 268          4654.77460
 269          4677.31190
 270          4699.91980
 271          4722.59850
 272          4745.34850
 273          4768.16980
 274          4791.06300
 275          4814.02820
 276          4837.06580
 277          4860.17600
 278          4883.35920
 279          4906.61560
 280          4929.94560
 281          4953.34950
 282          4976.82750
 283          5000.38000
 284          5024.00710
 285          5047.70940
 286          5071.48690
 287          5095.34010
 288          5119.26920
 289          5143.27450
 290          5167.35630
 291          5191.51490
 292          5215.75050
 293          5240.06360
 294          5264.45430
 295          5288.92300
 296          5313.46990
 297          5338.09540
 298          5362.79960
 299          5387.58300
 300          5412.44590
 301          5437.38840
 302          5462.41080
 303          5487.51360
 304          5512.69690
 305          5537.96110
 306          5563.30640
 307          5588.73310
 308          5614.24150
 309          5639.83190
 310          5665.50460
 311          5691.25990
 312          5717.09800
 313          5743.01930
 314          5769.02400
 315          5795.11240
 316          5821.28480
 317          5847.54150
 318          5873.88270
 319          5900.30880
 320          5926.82010
 321          5953.41680
 322          5980.09910
 323          6006.86750
 324          6033.72210
 325          6060.66340
 326          6087.69140
 327          6114.80660
 328          6142.00920
 329          6169.29950
 330          6196.67780
 331          6224.14440
 332          6251.69950
 333          6279.34340
 334          6307.07650
 335          6334.89900
 336          6362.81120
 337          6390.81330
 338          6418.90570
 339          6447.08870
 340          6475.36250
 341          6503.72740
 342          6532.18370
 343          6560.73170
 344          6589.37160
 345          6618.10380
 346          6646.92860
 347          6675.84610
 348          6704.85680
 349          6733.96090
 350          6763.15860
 351          6792.45040
 352          6821.83630
 353          6851.31680
 354          6880.89220
 355          6910.56260
 356          6940.32840
 357          6970.18990
 358          7000.14740
 359          7030.20110
 360          7060.35140
 361          7090.59850
 362          7120.94270
 363          7151.38430
 364          7181.92360
 365          7212.56080
 366          7243.29640
 367          7274.13050
 368          7305.06340
 369          7336.09540
 370          7367.22690
 371          7398.45810
 372          7429.78920
 373          7461.22070
 374          7492.75270
 375          7524.38560
 376          7556.11960
 377          7587.95510
 378          7619.89230
 379          7651.93150
 380          7684.07300
 381          7716.31720
 382          7748.66420
 383          7781.11440
 384          7813.66810
 385          7846.32560
 386          7879.08720
 387          7911.95310
 388          7944.92360
 389          7977.99910
 390          8011.17980
 391          8044.46610
 392          8077.85810
 393          8111.35630
 394          8144.96090
 395          8178.67230
 396          8212.49060
 397          8246.41620
 398          8280.44940
 399          8314.59050
 400          8348.83980
 401          8383.19750
 402          8417.66410
 403          8452.23970
 404          8486.92470
 405          8521.71940
 406          8556.62410
 407          8591.63900
 408          8626.76450
 409          8662.00090
 410          8697.34840
 411          8732.80740
 412          8768.37820
 413          8804.06100
 414          8839.85630
 415          8875.76420
 416          8911.78510
 417          8947.91920
 418          8984.16700
 419          9020.52860
 420          9057.00440
 421          9093.59470
 422          9130.29980
 423          9167.12000
 424          9204.05570
 425          9241.10700
 426          9278.27440
 427          9315.55800
 428          9352.95830
 429          9390.47560
 430          9428.11010
 431          9465.86210
 432          9503.73200
 433          9541.72010
 434          9579.82670
 435          9618.05200
 436          9656.39650
 437          9694.86030
 438          9733.44390
 439          9772.14750
 440          9810.97150
 441          9849.91610
 442          9888.98160
 443          9928.16850
 444          9967.47700
 445         10006.90700
 446         10046.46000
 447         10086.13500
 448         10125.93300
 449         10165.85400
 450         10205.89900
 451         10246.06700
 452         10286.36000
 453         10326.77700
 454         10367.31800
 455         10407.98500
 456         10448.77700
 457         10489.69500
 458         10530.73900
 459         10571.90900
 460         10613.20600
 461         10654.63000
 462         10696.18100
 463         10737.86000
 464         10779.66700
 465         10821.60200
 466         10863.66600
 467         10905.85800
 468         10948.18000
 469         10990.63100
 470         11033.21300
 471         11075.92400
 472         11118.76600
 473         11161.73900
 474         11204.84300
 475         11248.07900
 476         11291.44700
 477         11334.94600
 478         11378.57800
 479         11422.34300
 480         11466.24200
 481         11510.27300
 482         11554.43900
 483         11598.73900
 484         11643.17300
 485         11687.74200
 486         11732.44600
 487         11777.28600
 488         11822.26200
 489         11867.37300
 490         11912.62200
 491         11958.00700
 492         12003.52900
 493         12049.18900
 494         12094.98600
 495         12140.92200
 496         12186.99600
 497         12233.20900
 498         12279.56200
 499         12326.05300
 500         12372.68500
 501         12419.45700
 502         12466.37000
 503         12513.42300
 504         12560.61800
 505         12607.95400
 506         12655.43200
 507         12703.05300
 508         12750.81600
 509         12798.72200
 510         12846.77100
 511         12894.96400
 512         12943.30100
 513         12991.78200
 514         13040.40800
 515         13089.17900
 516         13138.09600
 517         13187.15800
 518         13236.36600
 519         13285.72100
 520         13335.22200
 521         13384.87100
 522         13434.66700
 523         13484.61100
 524         13534.70300
 525         13584.94400
 526         13635.33400
 527         13685.87200
 528         13736.56100
 529         13787.39900
 530         13838.38800
 531         13889.52800
 532         13940.81800
 533         13992.26000
 534         14043.85400
 535         14095.59900
 536         14147.49800
 537         14199.54900
 538         14251.75300
 539         14304.11100
 540         14356.62200
 541         14409.28800
 542         14462.10900
 543         14515.08500
 544         14568.21500
 545         14621.50200
 546         14674.94500
 547         14728.54400
 548         14782.30000
 549         14836.21400
 550         14890.28500
 551         14944.51300
 552         14998.90000
 553         15053.44600
 554         15108.15100
 555         15163.01500
 556         15218.03900
 557         15273.22300
 558         15328.56800
 559         15384.07300
 560         15439.74000
 561         15495.56800
 562         15551.55900
 563         15607.71200
 564         15664.02700
 565         15720.50600
 566         15777.14800
 567         15833.95400
 568         15890.92500
 569         15948.06000
 570         16005.36000
 571         16062.82500
 572         16120.45600
 573         16178.25400
 574         16236.21800
 575         16294.34900
 576         16352.64700
 577         16411.11300
 578         16469.74700
 579         16528.54900
 580         16587.52000
 581         16646.66100
 582         16705.97100
 583         16765.45100
 584         16825.10200
 585         16884.92300
 586         16944.91500
 587         17005.07900
 588         17065.41500
 589         17125.92400
 590         17186.60500
 591         17247.45900
 592         17308.48600
 593         17369.68800
 594         17431.06400
 595         17492.61400
 596         17554.34000
 597         17616.24100
 598         17678.31800
 599         17740.57100
 600         17803.00100
 601         17865.60800
 602         17928.39200
 603         17991.35400
 604         18054.49500
 605         18117.81400
 606         18181.31200
 607         18244.99000
 608         18308.84700
 609         18372.88500
 610         18437.10300
 611         18501.50300
 612         18566.08400
 613         18630.84700
 614         18695.79200
 615         18760.91900
 616         18826.23000
 617         18891.72500
 618         18957.40300
 619         19023.26600
 620         19089.31300
 621         19155.54500
 622         19221.96300
 623         19288.56700
 624         19355.35700
 625         19422.33500
 626         19489.49900
 627         19556.85100
 628         19624.39100
 629         19692.11900
 630         19760.03600
 631         19828.14200
 632         19896.43800
 633         19964.92500
 634         20033.60100
 635         20102.46900
 636         20171.52800
 637         20240.77900
 638         20310.22200
 639         20379.85700
 640         20449.68600
 641         20519.70800
 642         20589.92400
 643         20660.33400
 644         20730.93900
 645         20801.73900
 646         20872.73400
 647         20943.92600
 648         21015.31400
 649         21086.89900
 650         21158.68100
 651         21230.66100
 652         21302.83900
 653         21375.21500
 654         21447.79100
 655         21520.56600
 656         21593.54100
 657         21666.71600
 658         21740.09200
 659         21813.66900
 660         21887.44700
 661         21961.42800
 662         22035.61100
 663         22109.99700
 664         22184.58600
 665         22259.37900
 666         22334.37700
 667         22409.57800
 668         22484.98500
 669         22560.59800
 670         22636.41600
 671         22712.44100
 672         22788.67300
 673         22865.11200
 674         22941.75900
 675         23018.61400
 676         23095.67700
 677         23172.95000
 678         23250.43200
 679         23328.12400
 680         23406.02700
 681         23484.14000
 682         23562.46500
 683         23641.00100
 684         23719.75000
 685         23798.71100
 686         23877.88600
 687         23957.27300
 688         24036.87500
 689         24116.69200
 690         24196.72300
 691         24276.97000
 692         24357.43200
 693         24438.11100
 694         24519.00600
 695         24600.11900
 696         24681.44900
 697         24762.99800
 698         24844.76500
 699         24926.75100
 700         25008.95600
 701         25091.38200
 702         25174.02800
 703         25256.89500
 704         25339.98300
 705         25423.29200
 706         25506.82500
 707         25590.57900
 708         25674.55800
 709         25758.75900
 710         25843.18500
 711         25927.83500
 712         26012.71100
 713         26097.81200
 714         26183.13900
 715         26268.69200
 716         26354.47300
 717         26440.48100
 718         26526.71600
 719         26613.18000
 720         26699.87300
 721         26786.79500
 722         26873.94700
 723         26961.33000
 724         27048.94300
 725         27136.78700
 726         27224.86300
 727         27313.17100
 728         27401.71100
 729         27490.48500
 730         27579.49200
 731         27668.73400
 732         27758.21000
 733         27847.92100
 734         27937.86800
 735         28028.05000
 736         28118.46900
 737         28209.12500
 738         28300.01900
 739         28391.15100
 740         28482.52100
 741         28574.13000
 742         28665.97800
 743         28758.06600
 744         28850.39500
 745         28942.96400
 746         29035.77500
 747         29128.82800
 748         29222.12300
 749         29315.66100
 750         29409.44300
 751         29503.46800
 752         29597.73700
 753         29692.25200
 754         29787.01200
 755         29882.01700
 756         29977.26900
 757         30072.76800
 758         30168.51400
 759         30264.50800
 760         30360.75000
 761         30457.24100
 762         30553.98200
 763         30650.97200
 764         30748.21300
 765         30845.70400
 766         30943.44700
 767         31041.44200
 768         31139.68900
 769         31238.18900
 770         31336.94200
 771         31435.94900
 772         31535.21100
 773         31634.72800
 774         31734.50000
 775         31834.52800
 776         31934.81200
 777         32035.35300
 778         32136.15200
 779         32237.20900
 780         32338.52400
 781         32440.09800
 782         32541.93200
 783         32644.02600
 784         32746.38100
 785         32848.99600
 786         32951.87300
 787         33055.01300
 788         33158.41500
 789         33262.08000
 790         33366.00900
 791         33470.20200
 792         33574.66000
 793         33679.38300
 794         33784.37100
 795         33889.62700
 796         33995.14900
 797         34100.93800
 798         34206.99500
 799         34313.32100
 800         34419.91600
 801         34526.78000
 802         34633.91400
 803         34741.31900
 804         34848.99400
 805         34956.94200
 806         35065.16100
 807         35173.65400
 808         35282.41900
 809         35391.45800
 810         35500.77200
 811         35610.36000
 812         35720.22400
 813         35830.36300
 814         35940.77900
 815         36051.47300
 816         36162.44300
 817         36273.69200
 818         36385.21900
 819         36497.02500
 820         36609.11100
 821         36721.47800
 822         36834.12500
 823         36947.05300
 824         37060.26400
 825         37173.75600
 826         37287.53200
 827         37401.59100
 828         37515.93500
 829         37630.56300
 830         37745.47600
 831         37860.67400
 832         37976.16000
 833         38091.93200
 834         38207.99100
 835         38324.33800
 836         38440.97400
 837         38557.89900
 838         38675.11300
 839         38792.61800
 840         38910.41300
 841         39028.50000
 842         39146.87800
 843         39265.54900
 844         39384.51300
 845         39503.77000
 846         39623.32200
 847         39743.16800
 848         39863.30900
 849         39983.74700
 850         40104.48000
 851         40225.51000
 852         40346.83800
 853         40468.46400
 854         40590.38900
 855         40712.61300
 856         40835.13600
 857         40957.96000
 858         41081.08500
 859         41204.51100
 860         41328.23900
 861         41452.27000
 862         41576.60400
 863         41701.24200
 864         41826.18500
 865         41951.43200
 866         42076.98500
 867         42202.84300
 868         42329.00900
 869         42455.48200
 870         42582.26200
 871         42709.35100
 872         42836.74900
 873         42964.45700
 874         43092.47400
 875         43220.80300
 876         43349.44300
 877         43478.39400
 878         43607.65800
 879         43737.23600
 880         43867.12700
 881         43997.33200
 882         44127.85200
 883         44258.68700
 884         44389.83900
 885         44521.30700
 886         44653.09300
 887         44785.19600
 888         44917.61800
 889         45050.35800
 890         45183.41800
 891         45316.79900
 892         45450.50000
 893         45584.52300
 894         45718.86800
 895         45853.53500
 896         45988.52500
 897         46123.84000
 898         46259.47800
 899         46395.44200
 900         46531.73100
 901         46668.34700
 902         46805.28900
 903         46942.55900
 904         47080.15700
 905         47218.08300
 906         47356.33900
 907         47494.92400
 908         47633.84000
 909         47773.08700
 910         47912.66600
 911         48052.57700
 912         48192.82100
 913         48333.39800
 914         48474.31000
 915         48615.55600
 916         48757.13800
 917         48899.05600
 918         49041.31000
 919         49183.90200
 920         49326.83100
 921         49470.09900
 922         49613.70600
 923         49757.65300
 924         49901.94000
 925         50046.56800
 926         50191.53800
 927         50336.84900
 928         50482.50400
 929         50628.50200
 930         50774.84400
 931         50921.53100
 932         51068.56300
 933         51215.94100
 934         51363.66600
 935         51511.73800
 936         51660.15800
 937         51808.92600
 938         51958.04300
 939         52107.51100
 940         52257.32800
 941         52407.49700
 942         52558.01700
 943         52708.89000
 944         52860.11500
 945         53011.69400
 946         53163.62800
 947         53315.91600
 948         53468.56000
 949         53621.56000
 950         53774.91600
 951         53928.63000
 952         54082.70200
 953         54237.13300
 954         54391.92300
 955         54547.07400
 956         54702.58500
 957         54858.45700
 958         55014.69100
 959         55171.28800
 960         55328.24800
 961         55485.57200
 962         55643.26000
 963         55801.31400
 964         55959.73400
 965         56118.52000
 966         56277.67300
 967         56437.19400
 968         56597.08400
 969         56757.34300
 970         56917.97100
 971         57078.97000
 972         57240.34100
 973         57402.08300
 974         57564.19700
 975         57726.68500
 976         57889.54600
 977         58052.78200
 978         58216.39300
 979         58380.38000
 980         58544.74300
 981         58709.48300
 982         58874.60100
 983         59040.09700
 984         59205.97300
 985         59372.22900
 986         59538.86400
 987         59705.88100
 988         59873.28000
 989         60041.06100
 990         60209.22600
 991         60377.77400
 992         60546.70700
 993         60716.02500
 994         60885.72900
 995         61055.81900
 996         61226.29700
 997         61397.16200
 998         61568.41700
 999         61740.06000
1000         61912.09300
1001         62084.51700
1002         62257.33300
1003         62430.54000
1004         62604.14000
1005         62778.13300
1006         62952.52100
1007         63127.30300
1008         63302.48100
1009         63478.05500
1010         63654.02500
1011         63830.39300
1012         64007.16000
1013         64184.32500
1014         64361.89000
1015         64539.85500
1016         64718.22200
1017         64896.98900
1018         65076.16000
1019         65255.73300
1020         65435.71000
1021         65616.09200
1022         65796.87900
1023         65978.07200
1024         66159.67100
1025         66341.67800
1026         66524.09200
1027         66706.91600
1028         66890.14900
1029         67073.79100
1030         67257.84500
1031         67442.31100
1032         67627.18800
1033         67812.47900
1034         67998.18300
1035         68184.30100
1036         68370.83500
1037         68557.78500
1038         68745.15100
1039         68932.93400
1040         69121.13500
1041         69309.75500
1042         69498.79500
1043         69688.25400
1044         69878.13400
1045         70068.43600
1046         70259.16000
1047         70450.30700
1048         70641.87800
1049         70833.87300
1050         71026.29400
1051         71219.14000
1052         71412.41300
1053         71606.11400
1054         71800.24200
1055         71994.79900
1056         72189.78600
1057         72385.20300
1058         72581.05100
1059         72777.33100
1060         72974.04300
1061         73171.18900
1062         73368.76800
1063         73566.78200
1064         73765.23200
1065         73964.11700
1066         74163.44000
1067         74363.20000
1068         74563.39800
1069         74764.03600
1070         74965.11300
1071         75166.63200
1072         75368.59100
1073         75570.99200
1074         75773.83700
1075         75977.12500
1076         76180.85700
1077         76385.03400
1078         76589.65700
1079         76794.72700
1080         77000.24400
1081         77206.20900
1082         77412.62300
1083         77619.48600
1084         77826.80000
1085         78034.56500
1086         78242.78100
1087         78451.45000
1088         78660.57300
1089         78870.15000
1090         79080.18100
1091         79290.66900
1092         79501.61200
1093         79713.01300
1094         79924.87200
1095         80137.18900
1096         80349.96600
1097         80563.20300
1098         80776.90100
1099         80991.06000
1100         81205.68300
1101         81420.76800
1102         81636.31800
1103         81852.33200
1104         82068.81200
1105         82285.75800
1106         82503.17200
1107         82721.05300
1108         82939.40300
1109         83158.22300
1110         83377.51300
1111         83597.27300
1112         83817.50600
1113         84038.21100
1114         84259.38900
1115         84481.04200
1116         84703.17000
1117         84925.77300
1118         85148.85200
1119         85372.40900
1120         85596.44400
1121         85820.95800
1122         86045.95200
1123         86271.42600
1124         86497.38100
1125         86723.81800
1126         86950.73800
1127         87178.14100
1128         87406.02900
1129         87634.40200
1130         87863.26100
1131         88092.60600
1132         88322.44000
1133         88552.76100
1134         88783.57200
1135         89014.87200
1136         89246.66400
1137         89478.94700
1138         89711.72200
1139         89944.99000
1140         90178.75300
1141         90413.01000
1142         90647.76200
1143         90883.01100
1144         91118.75700
1145         91355.00200
1146         91591.74400
1147         91828.98700
1148         92066.73000
1149         92304.97400
1150         92543.72000
1151         92782.96900
1152         93022.72200
1153         93262.97900
1154         93503.74100
1155         93745.01000
1156         93986.78500
1157         94229.06800
1158         94471.86000
1159         94715.16100
1160         94958.97200
1161         95203.29500
1162         95448.12900
1163         95693.47600
1164         95939.33600
1165         96185.71100
1166         96432.60000
1167         96680.00600
1168         96927.92900
1169         97176.36900
1170         97425.32800
1171         97674.80500
1172         97924.80300
1173         98175.32200
1174         98426.36300
1175         98677.92700
1176         98930.01400
1177         99182.62500
1178         99435.76100
1179         99689.42300
1180         99943.61200
1181        100198.33000
1182        100453.57000
1183        100709.35000
1184        100965.65000
1185        101222.49000
1186        101479.86000
1187        101737.76000
1188        101996.19000
1189        102255.16000
1190        102514.66000
1191        102774.70000
1192        103035.28000
1193        103296.39000
1194        103558.05000
1195        103820.24000
1196        104082.97000
1197        104346.25000
1198        104610.06000
1199        104874.42000
1200        105139.33000
1201        105404.77000
1202        105670.77000
1203        105937.31000
1204        106204.39000
1205        106472.03000
1206        106740.21000
1207        107008.94000
1208        107278.23000
1209        107548.07000
1210        107818.45000
1211        108089.39000
1212        108360.89000
1213        108632.94000
1214        108905.55000
1215        109178.71000
1216        109452.43000
1217        109726.71000
1218        110001.55000
1219        110276.95000
1220        110552.91000
1221        110829.43000
1222        111106.52000
1223        111384.17000
1224        111662.38000
1225        111941.16000
1226        112220.51000
1227        112500.42000
1228        112780.90000
1229        113061.95000
1230        113343.57000
1231        113625.76000
1232        113908.53000
1233        114191.86000
1234        114475.77000
1235        114760.25000
1236        115045.31000
1237        115330.95000
1238        115617.16000
1239        115903.95000
1240        116191.32000
1241        116479.27000
1242        116767.79000
1243        117056.90000
1244        117346.60000
1245        117636.87000
1246        117927.74000
1247        118219.18000
1248        118511.21000
1249        118803.83000
1250        119097.04000
1251        119390.83000
1252        119685.22000
1253        119980.20000
1254        120275.76000
1255        120571.92000
1256        120868.68000
1257        121166.02000
1258        121463.97000
1259        121762.50000
1260        122061.64000
1261        122361.37000
1262        122661.71000
1263        122962.64000
1264        123264.17000
1265        123566.30000
1266        123869.04000
1267        124172.38000
1268        124476.32000
1269        124780.87000
1270        125086.03000
1271        125391.79000
1272        125698.16000
1273        126005.14000
1274        126312.73000
1275        126620.93000
1276        126929.75000
1277        127239.17000
1278        127549.21000
1279        127859.86000
1280        128171.13000
1281        128483.01000
1282        128795.52000
1283        129108.64000
1284        129422.38000
1285        129736.74000
1286        130051.72000
1287        130367.32000
1288        130683.55000
1289        131000.39000
1290        131317.87000
1291        131635.97000
1292        131954.70000
1293        132274.05000
1294        132594.03000
1295        132914.65000
1296        133235.89000
1297        133557.77000
1298        133880.27000
1299        134203.41000
1300        134527.19000
1301        134851.60000
1302        135176.64000
1303        135502.33000
1304        135828.65000
1305        136155.61000
1306        136483.21000
1307        136811.45000
1308        137140.34000
1309        137469.86000
1310        137800.04000
1311        138130.85000
1312        138462.31000
1313        138794.42000
1314        139127.18000
1315        139460.58000
1316        139794.64000
1317        140129.34000
1318        140464.70000
1319        140800.71000
1320        141137.37000
1321        141474.69000
1322        141812.66000
1323        142151.29000
1324        142490.58000
1325        142830.53000
1326        143171.13000
1327        143512.40000
1328        143854.32000
1329        144196.91000
1330        144540.17000
1331        144884.08000
1332        145228.66000
1333        145573.91000
1334        145919.83000
1335        146266.41000
1336        146613.67000
1337        146961.59000
1338        147310.19000
1339        147659.45000
1340        148009.39000
1341        148360.01000
1342        148711.30000
1343        149063.27000
1344        149415.91000
1345        149769.23000
1346        150123.23000
1347        150477.91000
1348        150833.28000
1349        151189.32000
1350        151546.05000
1351        151903.46000
1352        152261.56000
1353        152620.34000
1354        152979.81000
1355        153339.97000
1356        153700.82000
1357        154062.36000
1358        154424.59000
1359        154787.51000
1360        155151.13000
1361        155515.44000
1362        155880.44000
1363        156246.15000
1364        156612.54000
1365        156979.64000
1366        157347.44000
1367        157715.94000
1368        158085.13000
1369        158455.04000
1370        158825.64000
1371        159196.95000
1372        159568.96000
1373        159941.69000
1374        160315.11000
1375        160689.25000
1376        161064.10000
1377        161439.66000
1378        161815.93000
1379        162192.91000
1380        162570.60000
1381        162949.02000
1382        163328.14000
1383        163707.99000
1384        164088.55000
1385        164469.83000
1386        164851.83000
1387        165234.55000
1388        165617.99000
1389        166002.16000
1390        166387.05000
1391        166772.67000
1392        167159.01000
1393        167546.08000
1394        167933.88000
1395        168322.40000
1396        168711.66000
1397        169101.65000
1398        169492.37000
1399        169883.83000
1400        170276.02000
1401        170668.94000
1402        171062.60000
1403        171457.00000
1404        171852.14000
1405        172248.02000
1406        172644.64000
1407        173042.00000
1408        173440.11000
1409        173838.96000
1410        174238.55000
1411        174638.89000
1412        175039.98000
1413        175441.82000
1414        175844.40000
1415        176247.74000
1416        176651.83000
1417        177056.67000
1418        177462.27000
1419        177868.62000
1420        178275.72000
1421        178683.58000
1422        179092.20000
1423        179501.58000
1424        179911.72000
1425        180322.63000
1426        180734.29000
1427        181146.72000
1428        181559.91000
1429        181973.87000
1430        182388.59000
1431        182804.08000
1432        183220.34000
1433        183637.37000
1434        184055.17000
1435        184473.75000
1436        184893.10000
1437        185313.22000
1438        185734.12000
1439        186155.79000
1440        186578.24000
1441        187001.47000
1442        187425.48000
1443        187850.27000
1444        188275.84000
1445        188702.20000
1446        189129.34000
1447        189557.26000
1448        189985.98000
1449        190415.48000
1450        190845.76000
1451        191276.84000
1452        191708.71000
1453        192141.37000
1454        192574.82000
1455        193009.07000
1456        193444.11000
1457        193879.95000
1458        194316.59000
1459        194754.03000
1460        195192.26000
1461        195631.30000
1462        196071.14000
1463        196511.78000
1464        196953.22000
1465        197395.47000
1466        197838.53000
1467        198282.40000
1468        198727.07000
1469        199172.55000
1470        199618.85000
1471        200065.95000
1472        200513.87000
1473        200962.61000
1474        201412.16000
1475        201862.52000
1476        202313.71000
1477        202765.71000
1478        203218.53000
1479        203672.18000
1480        204126.64000
1481        204581.93000
1482        205038.05000
1483        205494.99000
1484        205952.75000
1485        206411.35000
1486        206870.77000
1487        207331.03000
1488        207792.11000
1489        208254.03000
1490        208716.78000
1491        209180.37000
1492        209644.79000
1493        210110.05000
1494        210576.15000
1495        211043.09000
1496        211510.87000
1497        211979.49000
1498        212448.95000
1499        212919.26000
1500        213390.41000
1501        213862.41000
1502        214335.26000
1503        214808.95000
1504        215283.50000
1505        215758.90000
1506        216235.15000
1507        216712.25000
1508        217190.20000
1509        217669.02000
1510        218148.69000
1511        218629.21000
1512        219110.60000
1513        219592.85000
1514        220075.96000
1515        220559.93000
1516        221044.76000
1517        221530.46000
1518        222017.03000
1519        222504.47000
1520        222992.77000
1521        223481.94000
1522        223971.99000
1523        224462.90000
1524        224954.69000
1525        225447.36000
1526        225940.90000
1527        226435.31000
1528        226930.61000
1529        227426.78000
1530        227923.84000
1531        228421.78000
1532        228920.60000
1533        229420.30000
1534        229920.89000
1535        230422.36000
1536        230924.73000
1537        231427.98000
1538        231932.12000
1539        232437.16000
1540        232943.08000
1541        233449.90000
1542        233957.62000
1543        234466.23000
1544        234975.74000
1545        235486.15000
1546        235997.45000
1547        236509.66000
1548        237022.77000
1549        237536.79000
1550        238051.70000
1551        238567.53000
1552        239084.26000
1553        239601.90000
1554        240120.45000
1555        240639.91000
1556        241160.28000
1557        241681.56000
1558        242203.76000
1559        242726.88000
1560        243250.91000
1561        243775.86000
1562        244301.72000
1563        244828.51000
1564        245356.22000
1565        245884.86000
1566        246414.42000
1567        246944.90000
1568        247476.31000
1569        248008.65000
1570        248541.92000
1571        249076.11000
1572        249611.24000
1573        250147.30000
1574        250684.30000
1575        251222.23000
1576        251761.10000
1577        252300.90000
1578        252841.65000
1579        253383.33000
1580        253925.96000
1581        254469.53000
1582        255014.04000
1583        255559.50000
1584        256105.91000
1585        256653.26000
1586        257201.56000
1587        257750.82000
1588        258301.02000
1589        258852.18000
1590        259404.29000
1591        259957.36000
1592        260511.38000
1593        261066.36000
1594        261622.30000
1595        262179.20000
1596        262737.06000
1597        263295.89000
1598        263855.68000
1599        264416.43000
1600        264978.15000
1601        265540.84000
1602        266104.50000
1603        266669.13000
1604        267234.73000
1605        267801.31000
1606        268368.85000
1607        268937.38000
1608        269506.88000
1609        270077.36000
1610        270648.82000
1611        271221.26000
1612        271794.68000
1613        272369.09000
1614        272944.48000
1615        273520.85000
1616        274098.21000
1617        274676.57000
1618        275255.91000
1619        275836.24000
1620        276417.57000
1621        276999.88000
1622        277583.20000
1623        278167.51000
1624        278752.81000
1625        279339.12000
1626        279926.43000
1627        280514.73000
1628        281104.05000
1629        281694.36000
1630        282285.68000
1631        282878.01000
1632        283471.34000
1633        284065.69000
1634        284661.04000
1635        285257.41000
1636        285854.79000
1637        286453.18000
1638        287052.59000
1639        287653.02000
1640        288254.47000
1641        288856.93000
1642        289460.42000
1643        290064.93000
1644        290670.46000
1645        291277.02000
1646        291884.60000
1647        292493.22000
1648        293102.86000
1649        293713.53000
1650        294325.23000
1651        294937.97000
1652        295551.74000
1653        296166.55000
1654        296782.39000
1655        297399.27000
1656        298017.19000
1657        298636.16000
1658        299256.16000
1659        299877.21000
1660        300499.30000
1661        301122.44000
1662        301746.63000
1663        302371.87000
1664        302998.16000
1665        303625.50000
1666        304253.89000
1667        304883.34000
1668        305513.84000
1669        306145.40000
1670        306778.02000
1671        307411.69000
1672        308046.43000
1673        308682.24000
1674        309319.10000
1675        309957.03000
1676        310596.03000
1677        311236.10000
1678        311877.23000
1679        312519.44000
1680        313162.72000
1681        313807.07000
1682        314452.49000
1683        315099.00000
1684        315746.58000
1685        316395.24000
1686        317044.98000
1687        317695.80000
1688        318347.70000
1689        319000.69000
1690        319654.76000
1691        320309.93000
1692        320966.18000
1693        321623.52000
1694        322281.95000
1695        322941.47000
1696        323602.09000
1697        324263.80000
1698        324926.61000
1699        325590.52000
1700        326255.53000
1701        326921.64000
1702        327588.85000
1703        328257.16000
1704        328926.58000
1705        329597.11000
1706        330268.75000
1707        330941.49000
1708        331615.34000
1709        332290.31000
1710        332966.39000
1711        333643.59000
1712        334321.90000
1713        335001.33000
1714        335681.88000
1715        336363.55000
1716        337046.34000
1717        337730.25000
1718        338415.29000
1719        339101.46000
1720        339788.75000
1721        340477.17000
1722        341166.73000
1723        341857.41000
1724        342549.23000
1725        343242.18000
1726        343936.27000
1727        344631.49000
1728        345327.86000
1729        346025.36000
1730        346724.01000
1731        347423.80000
1732        348124.74000
1733        348826.82000
1734        349530.04000
1735        350234.42000
1736        350939.95000
1737        351646.63000
1738        352354.46000
1739        353063.45000
1740        353773.59000
1741        354484.89000
1742        355197.35000
1743        355910.97000
1744        356625.75000
1745        357341.69000
1746        358058.80000
1747        358777.08000
1748        359496.52000
1749        360217.14000
1750        360938.92000
1751        361661.87000
1752        362386.00000
1753        363111.30000
1754        363837.78000
1755        364565.44000
1756        365294.27000
1757        366024.29000
1758        366755.49000
1759        367487.87000
1760        368221.44000
1761        368956.19000
1762        369692.13000
1763        370429.27000
1764        371167.59000
1765        371907.10000
1766        372647.81000
1767        373389.71000
1768        374132.81000
1769        374877.11000
1770        375622.61000
1771        376369.31000
1772        377117.21000
1773        377866.31000
1774        378616.62000
1775        379368.14000
1776        380120.87000
1777        380874.81000
1778        381629.95000
1779        382386.32000
1780        383143.89000
1781        383902.68000
1782        384662.69000
1783        385423.92000
1784        386186.37000
1785        386950.04000
1786        387714.93000
1787        388481.05000
1788        389248.39000
1789        390016.97000
1790        390786.77000
1791        391557.80000
1792        392330.07000
1793        393103.57000
1794        393878.30000
1795        394654.27000
1796        395431.48000
1797        396209.93000
1798        396989.62000
1799        397770.55000
1800        398552.73000
1801        399336.16000
1802        400120.83000
1803        400906.75000
1804        401693.92000
1805        402482.34000
1806        403272.02000
1807        404062.95000
1808        404855.14000
1809        405648.58000
1810        406443.29000
1811        407239.25000
1812        408036.48000
1813        408834.98000
1814        409634.73000
1815        410435.76000
1816        411238.05000
1817        412041.62000
1818        412846.45000
1819        413652.56000
1820        414459.95000
1821        415268.61000
1822        416078.55000
1823        416889.77000
1824        417702.27000
1825        418516.05000
1826        419331.11000
1827        420147.46000
1828        420965.10000
1829        421784.03000
1830        422604.25000
1831        423425.76000
1832        424248.56000
1833        425072.66000
1834        425898.05000
1835        426724.74000
1836        427552.73000
1837        428382.02000
1838        429212.62000
1839        430044.52000
1840        430877.72000
1841        431712.24000
1842        432548.06000
1843        433385.19000
1844        434223.63000
1845        435063.39000
1846        435904.46000
1847        436746.85000
1848        437590.56000
1849        438435.58000
1850        439281.93000
1851        440129.60000
1852        440978.60000
1853        441828.92000
1854        442680.57000
1855        443533.55000
1856        444387.86000
1857        445243.50000
1858        446100.48000
1859        446958.79000
1860        447818.44000
1861        448679.43000
1862        449541.76000
1863        450405.43000
1864        451270.44000
1865        452136.80000
1866        453004.51000
1867        453873.56000
1868        454743.97000
1869        455615.72000
1870        456488.83000
1871        457363.30000
1872        458239.12000
1873        459116.29000
1874        459994.83000
1875        460874.73000
1876        461755.99000
1877        462638.62000
1878        463522.61000
1879        464407.97000
1880        465294.69000
1881        466182.79000
1882        467072.27000
1883        467963.11000
1884        468855.33000
1885        469748.93000
1886        470643.91000
1887        471540.26000
1888        472438.00000
1889        473337.13000
1890        474237.64000
1891        475139.53000
1892        476042.82000
1893        476947.49000
1894        477853.56000
1895        478761.02000
1896        479669.87000
1897        480580.12000
1898        481491.77000
1899        482404.82000
1900        483319.27000
1901        484235.13000
1902        485152.39000
1903        486071.06000
1904        486991.13000
1905        487912.61000
1906        488835.51000
1907        489759.82000
1908        490685.54000
1909        491612.68000
1910        492541.24000
1911        493471.22000
1912        494402.62000
1913        495335.44000
1914        496269.69000
1915        497205.36000
1916        498142.46000
1917        499080.99000
1918        500020.96000
1919        500962.35000
1920        501905.18000
1921        502849.45000
1922        503795.15000
1923        504742.29000
1924        505690.88000
1925        506640.91000
1926        507592.38000
1927        508545.30000
1928        509499.67000
1929        510455.48000
1930        511412.75000
1931        512371.47000
1932        513331.65000
1933        514293.28000
1934        515256.37000
1935        516220.92000
1936        517186.93000
1937        518154.41000
1938        519123.34000
1939        520093.75000
1940        521065.62000
1941        522038.97000
1942        523013.78000
1943        523990.07000
1944        524967.83000
1945        525947.07000
1946        526927.79000
1947        527909.99000
1948        528893.67000
1949        529878.83000
1950        530865.48000
1951        531853.62000
1952        532843.24000
1953        533834.35000
1954        534826.96000
1955        535821.06000
1956        536816.65000
1957        537813.75000
1958        538812.34000
1959        539812.43000
1960        540814.02000
1961        541817.12000
1962        542821.72000
1963        543827.83000
1964        544835.45000
1965        545844.58000
1966        546855.22000
1967        547867.38000
1968        548881.05000
1969        549896.24000
1970        550912.95000
1971        551931.19000
1972        552950.94000
1973        553972.22000
1974        554995.02000
1975        556019.36000
1976        557045.22000
1977        558072.61000
1978        559101.54000
1979        560132.00000
1980        561164.00000
1981        562197.54000
1982        563232.62000
1983        564269.24000
1984        565307.41000
1985        566347.12000
1986        567388.37000
1987        568431.18000
1988        569475.54000
1989        570521.44000
1990        571568.91000
1991        572617.93000
1992        573668.51000
1993        574720.64000
1994        575774.34000
1995        576829.60000
1996        577886.43000
1997        578944.82000
1998        580004.78000
1999        581066.31000
2000        582129.42000
2001        583194.09000
2002        584260.35000
2003        585328.18000
2004        586397.58000
2005        587468.57000
2006        588541.15000
2007        589615.30000
2008        590691.04000
2009        591768.37000
2010        592847.29000
2011        593927.81000
2012        595009.91000
2013        596093.61000
2014        597178.91000
2015        598265.80000
2016        599354.30000
2017        600444.40000
2018        601536.10000
2019        602629.40000
2020        603724.32000
2021        604820.84000
2022        605918.98000
2023        607018.73000
2024        608120.09000
2025        609223.07000
2026        610327.67000
2027        611433.89000
2028        612541.73000
2029        613651.19000
2030        614762.28000
2031        615875.00000
2032        616989.35000
2033        618105.32000
2034        619222.93000
2035        620342.18000
2036        621463.06000
2037        622585.58000
2038        623709.74000
2039        624835.54000
2040        625962.99000
2041        627092.08000
2042        628222.82000
2043        629355.21000
2044        630489.25000
2045        631624.94000
2046        632762.29000
2047        633901.29000
2048        635041.95000
2049        636184.27000
2050        637328.26000
2051        638473.91000
2052        639621.22000
2053        640770.20000
2054        641920.85000
2055        643073.18000
2056        644227.17000
2057        645382.84000
2058        646540.19000
2059        647699.21000
2060        648859.92000
2061        650022.31000
2062        651186.38000
2063        652352.14000
2064        653519.59000
2065        654688.73000
2066        655859.56000
2067        657032.08000
2068        658206.30000
2069        659382.21000
2070        660559.83000
2071        661739.14000
2072        662920.16000
2073        664102.88000
2074        665287.31000
2075        666473.45000
2076        667661.30000
2077        668850.86000
2078        670042.13000
2079        671235.12000
2080        672429.83000
2081        673626.26000
2082        674824.41000
2083        676024.28000
2084        677225.88000
2085        678429.21000
2086        679634.27000
2087        680841.05000
2088        682049.57000
2089        683259.83000
2090        684471.82000
2091        685685.55000
2092        686901.02000
2093        688118.23000
2094        689337.18000
2095        690557.89000
2096        691780.34000
2097        693004.54000
2098        694230.49000
2099        695458.20000
2100        696687.66000
2101        697918.88000
2102        699151.86000
2103        700386.61000
2104        701623.11000
2105        702861.38000
2106        704101.42000
2107        705343.22000
2108        706586.80000
2109        707832.15000
2110        709079.28000
2111        710328.18000
2112        711578.86000
2113        712831.32000
2114        714085.57000
2115        715341.60000
2116        716599.41000
2117        717859.01000
2118        719120.41000
2119        720383.59000
2120        721648.58000
2121        722915.35000
2122        724183.93000
2123        725454.30000
2124        726726.48000
2125        728000.46000
2126        729276.24000
2127        730553.84000
2128        731833.24000
2129        733114.46000
2130        734397.49000
2131        735682.33000
2132        736968.99000
2133        738257.48000
2134        739547.78000
2135        740839.91000
2136        742133.86000
2137        743429.64000
2138        744727.25000
2139        746026.69000
2140        747327.96000
2141        748631.07000
2142        749936.01000
2143        751242.80000
2144        752551.42000
2145        753861.89000
2146        755174.20000
2147        756488.37000
2148        757804.37000
2149        759122.24000
2150        760441.95000
2151        761763.52000
2152        763086.94000
2153        764412.23000
2154        765739.37000
2155        767068.38000
2156        768399.25000
2157        769731.99000
2158        771066.60000
2159        772403.08000
2160        773741.43000
2161        775081.66000
2162        776423.76000
2163        777767.74000
2164        779113.61000
2165        780461.35000
2166        781810.98000
2167        783162.50000
2168        784515.91000
2169        785871.20000
2170        787228.39000
2171        788587.48000
2172        789948.46000
2173        791311.34000
2174        792676.12000
2175        794042.81000
2176        795411.39000
2177        796781.89000
2178        798154.29000
2179        799528.61000
2180        800904.84000
2181        802282.98000
2182        803663.04000
2183        805045.02000
2184        806428.92000
2185        807814.75000
2186        809202.50000
2187        810592.17000
2188        811983.78000
2189        813377.31000
2190        814772.78000
2191        816170.19000
2192        817569.53000
2193        818970.81000
2194        820374.04000
2195        821779.20000
2196        823186.32000
2197        824595.38000
2198        826006.39000
2199        827419.35000
2200        828834.26000
2201        830251.13000
2202        831669.96000
2203        833090.75000
2204        834513.50000
2205        835938.21000
2206        837364.89000
2207        838793.54000
2208        840224.16000
2209        841656.75000
2210        843091.32000
2211        844527.86000
2212        845966.38000
2213        847406.88000
2214        848849.36000
2215        850293.83000
2216        851740.28000
2217        853188.73000
2218        854639.16000
2219        856091.59000
2220        857546.01000
2221        859002.43000
2222        860460.85000
2223        861921.27000
2224        863383.69000
2225        864848.12000
2226        866314.55000
2227        867783.00000
2228        869253.46000
2229        870725.93000
2230        872200.42000
2231        873676.92000
2232        875155.45000
2233        876635.99000
2234        878118.57000
2235        879603.17000
2236        881089.79000
2237        882578.45000
2238        884069.14000
2239        885561.87000
2240        887056.63000
2241        888553.43000
2242        890052.27000
2243        891553.16000
2244        893056.09000
2245        894561.07000
2246        896068.10000
2247        897577.18000
2248        899088.31000
2249        900601.50000
2250        902116.75000
2251        903634.06000
2252        905153.43000
2253        906674.87000
2254        908198.37000
2255        909723.94000
2256        911251.58000
2257        912781.30000
2258        914313.09000
2259        915846.96000
2260        917382.90000
2261        918920.93000
2262        920461.04000
2263        922003.24000
2264        923547.53000
2265        925093.91000
2266        926642.38000
2267        928192.94000
2268        929745.60000
2269        931300.36000
2270        932857.22000
2271        934416.18000
2272        935977.25000
2273        937540.43000
2274        939105.72000
2275        940673.11000
2276        942242.63000
2277        943814.25000
2278        945388.00000
2279        946963.87000
2280        948541.86000
2281        950121.97000
2282        951704.21000
2283        953288.58000
2284        954875.08000
2285        956463.72000
2286        958054.49000
2287        959647.40000
2288        961242.44000
2289        962839.63000
2290        964438.97000
2291        966040.45000
2292        967644.08000
2293        969249.86000
2294        970857.80000
2295        972467.89000
2296        974080.14000
2297        975694.54000
2298        977311.11000
2299        978929.85000
2300        980550.75000
2301        982173.81000
2302        983799.05000
2303        985426.47000
2304        987056.05000
2305        988687.82000
2306        990321.76000
2307        991957.89000
2308        993596.20000
2309        995236.70000
2310        996879.38000
2311        998524.26000
2312       1000171.30000
2313       1001820.60000
2314       1003472.00000
2315       1005125.70000
2316       1006781.60000
2317       1008439.60000
2318       1010099.90000
2319       1011762.40000
2320       1013427.10000
2321       1015094.00000
2322       1016763.10000
2323       1018434.40000
2324       1020108.00000
2325       1021783.80000
2326       1023461.80000
2327       1025142.00000
2328       1026824.50000
2329       1028509.20000
2330       1030196.10000
2331       1031885.20000
2332       1033576.60000
2333       1035270.30000
2334       1036966.10000
2335       1038664.30000
2336       1040364.60000
2337       1042067.20000
2338       1043772.10000
2339       1045479.20000
2340       1047188.60000
2341       1048900.20000
2342       1050614.10000
2343       1052330.30000
2344       1054048.70000
2345       1055769.40000
2346       1057492.40000
2347       1059217.60000
2348       1060945.10000
2349       1062674.90000
2350       1064406.90000
2351       1066141.30000
2352       1067877.90000
2353       1069616.80000
2354       1071358.00000
2355       1073101.50000
2356       1074847.30000
2357       1076595.30000
2358       1078345.70000
2359       1080098.40000
2360       1081853.30000
2361       1083610.60000
2362       1085370.20000
2363       1087132.10000
2364       1088896.20000
2365       1090662.80000
2366       1092431.60000
2367       1094202.70000
2368       1095976.20000
2369       1097752.00000
2370       1099530.10000
2371       1101310.50000
2372       1103093.30000
2373       1104878.30000
2374       1106665.80000
2375       1108455.50000
2376       1110247.60000
2377       1112042.10000
2378       1113838.90000
2379       1115638.00000
2380       1117439.50000
2381       1119243.30000
2382       1121049.50000
2383       1122858.00000
2384       1124668.90000
2385       1126482.10000
2386       1128297.70000
2387       1130115.70000
2388       1131936.00000
2389       1133758.80000
2390       1135583.80000
2391       1137411.30000
2392       1139241.10000
2393       1141073.30000
2394       1142907.90000
2395       1144744.90000
2396       1146584.20000
2397       1148426.00000
2398       1150270.10000
2399       1152116.60000
2400       1153965.50000
2401       1155816.80000
2402       1157670.50000
2403       1159526.60000
2404       1161385.20000
2405       1163246.10000
2406       1165109.40000
2407       1166975.20000
2408       1168843.30000
2409       1170713.90000
2410       1172586.90000
2411       1174462.30000
2412       1176340.10000
2413       1178220.40000
2414       1180103.00000
2415       1181988.10000
2416       1183875.70000
2417       1185765.70000
2418       1187658.10000
2419       1189552.90000
2420       1191450.20000
2421       1193350.00000
2422       1195252.20000
2423       1197156.80000
2424       1199063.90000
2425       1200973.40000
2426       1202885.40000
2427       1204799.90000
2428       1206716.80000
2429       1208636.20000
2430       1210558.00000
2431       1212482.30000
2432       1214409.10000
2433       1216338.40000
2434       1218270.10000
2435       1220204.30000
2436       1222141.00000
2437       1224080.20000
2438       1226021.80000
2439       1227966.00000
2440       1229912.60000
2441       1231861.70000
2442       1233813.40000
2443       1235767.50000
2444       1237724.10000
2445       1239683.20000
2446       1241644.80000
2447       1243609.00000
2448       1245575.60000
2449       1247544.80000
2450       1249516.40000
2451       1251490.60000
2452       1253467.30000
2453       1255446.50000
2454       1257428.30000
2455       1259412.50000
2456       1261399.30000
2457       1263388.70000
2458       1265380.50000
2459       1267374.90000
2460       1269371.90000
2461       1271371.40000
2462       1273373.40000
2463       1275378.00000
2464       1277385.10000
2465       1279394.80000
2466       1281407.00000
2467       1283421.80000
2468       1285439.10000
2469       1287459.00000
2470       1289481.50000
2471       1291506.50000
2472       1293534.10000
2473       1295564.20000
2474       1297597.00000
2475       1299632.30000
2476       1301670.20000
2477       1303710.70000
2478       1305753.70000
2479       1307799.30000
2480       1309847.60000
2481       1311898.40000
2482       1313951.80000
2483       1316007.80000
2484       1318066.40000
2485       1320127.60000
2486       1322191.40000
2487       1324257.80000
2488       1326326.90000
2489       1328398.50000
2490       1330472.70000
2491       1332549.60000
2492       1334629.10000
2493       1336711.20000
2494       1338795.90000
2495       1340883.20000
2496       1342973.20000
2497       1345065.80000
2498       1347161.10000
2499       1349258.90000
2500       1351359.40000
2501       1353462.60000
2502       1355568.40000
2503       1357676.80000
2504       1359787.90000
2505       1361901.70000
2506       1364018.00000
2507       1366137.10000
2508       1368258.80000
2509       1370383.20000
2510       1372510.20000
2511       1374639.90000
2512       1376772.20000
2513       1378907.30000
2514       1381045.00000
2515       1383185.40000
2516       1385328.40000
2517       1387474.20000
2518       1389622.60000
2519       1391773.70000
2520       1393927.50000
2521       1396084.00000
2522       1398243.20000
2523       1400405.10000
2524       1402569.60000
2525       1404736.90000
2526       1406906.90000
2527       1409079.60000
2528       1411255.00000
2529       1413433.10000
2530       1415614.00000
2531       1417797.50000
2532       1419983.80000
2533       1422172.70000
2534       1424364.50000
2535       1426558.90000
2536       1428756.10000
2537       1430956.00000
2538       1433158.60000
2539       1435364.00000
2540       1437572.10000
2541       1439782.90000
2542       1441996.50000
2543       1444212.90000
2544       1446432.00000
2545       1448653.80000
2546       1450878.40000
2547       1453105.80000
2548       1455335.90000
2549       1457568.80000
2550       1459804.40000
2551       1462042.90000
2552       1464284.10000
2553       1466528.00000
2554       1468774.80000
2555       1471024.30000
2556       1473276.60000
2557       1475531.70000
2558       1477789.50000
2559       1480050.20000
2560       1482313.70000
2561       1484579.90000
2562       1486849.00000
2563       1489120.80000
2564       1491395.50000
2565       1493672.90000
2566       1495953.20000
2567       1498236.20000
2568       1500522.10000
2569       1502810.80000
2570       1505102.30000
2571       1507396.70000
2572       1509693.80000
2573       1511993.80000
2574       1514296.70000
2575       1516602.30000
2576       1518910.80000
2577       1521222.10000
2578       1523536.30000
2579       1525853.30000
2580       1528173.10000
2581       1530495.80000
2582       1532821.30000
2583       1535149.70000
2584       1537481.00000
2585       1539815.10000
2586       1542152.10000
2587       1544491.90000
2588       1546834.60000
2589       1549180.20000
2590       1551528.60000
2591       1553879.90000
2592       1556234.10000
2593       1558591.20000
2594       1560951.10000
2595       1563314.00000
2596       1565679.70000
2597       1568048.30000
2598       1570419.80000
2599       1572794.20000
2600       1575171.50000
2601       1577551.70000
2602       1579934.80000
2603       1582320.80000
2604       1584709.70000
2605       1587101.60000
2606       1589496.30000
2607       1591894.00000
2608       1594294.50000
2609       1596698.00000
2610       1599104.50000
2611       1601513.80000
2612       1603926.10000
2613       1606341.30000
2614       1608759.50000
2615       1611180.60000
2616       1613604.60000
2617       1616031.60000
2618       1618461.50000
2619       1620894.40000
2620       1623330.20000
2621       1625769.00000
2622       1628210.70000
2623       1630655.40000
2624       1633103.10000
2625       1635553.70000
2626       1638007.30000
2627       1640463.80000
2628       1642923.40000
2629       1645385.90000
2630       1647851.40000
2631       1650319.90000
2632       1652791.30000
2633       1655265.80000
2634       1657743.20000
2635       1660223.60000
2636       1662707.10000
2637       1665193.50000
2638       1667682.90000
2639       1670175.40000
2640       1672670.80000
2641       1675169.20000
2642       1677670.70000
2643       1680175.20000
2644       1682682.70000
2645       1685193.20000
2646       1687706.70000
2647       1690223.30000
2648       1692742.90000
2649       1695265.50000
2650       1697791.10000
2651       1700319.80000
2652       1702851.60000
2653       1705386.30000
2654       1707924.20000
2655       1710465.00000
2656       1713009.00000
2657       1715555.90000
2658       1718106.00000
2659       1720659.10000
2660       1723215.20000
2661       1725774.40000
2662       1728336.70000
2663       1730902.10000
2664       1733470.50000
2665       1736042.00000
2666       1738616.60000
2667       1741194.30000
2668       1743775.00000
2669       1746358.80000
2670       1748945.80000
2671       1751535.80000
2672       1754128.90000
2673       1756725.10000
2674       1759324.40000
2675       1761926.90000
2676       1764532.40000
2677       1767141.00000
2678       1769752.80000
2679       1772367.60000
2680       1774985.60000
2681       1777606.70000
2682       1780230.90000
2683       1782858.30000
2684       1785488.80000
2685       1788122.40000
2686       1790759.20000
2687       1793399.00000
2688       1796042.10000
2689       1798688.20000
2690       1801337.60000
2691       1803990.00000
2692       1806645.70000
2693       1809304.40000
2694       1811966.40000
2695       1814631.50000
2696       1817299.70000
2697       1819971.20000
2698       1822645.70000
2699       1825323.50000
2700       1828004.50000
2701       1830688.60000
2702       1833375.90000
2703       1836066.40000
2704       1838760.00000
2705       1841456.90000
2706       1844156.90000
2707       1846860.20000
2708       1849566.60000
2709       1852276.30000
2710       1854989.10000
2711       1857705.20000
2712       1860424.50000
2713       1863146.90000
2714       1865872.60000
2715       1868601.50000
2716       1871333.70000
2717       1874069.00000
2718       1876807.60000
2719       1879549.40000
2720       1882294.50000
2721       1885042.70000
2722       1887794.30000
2723       1890549.00000
2724       1893307.00000
2725       1896068.30000
2726       1898832.80000
2727       1901600.50000
2728       1904371.50000
2729       1907145.80000
2730       1909923.30000
2731       1912704.10000
2732       1915488.20000
2733       1918275.50000
2734       1921066.10000
2735       1923860.00000
2736       1926657.20000
2737       1929457.60000
2738       1932261.30000
2739       1935068.30000
2740       1937878.60000
2741       1940692.20000
2742       1943509.10000
2743       1946329.30000
2744       1949152.80000
2745       1951979.60000
2746       1954809.70000
2747       1957643.20000
2748       1960479.90000
2749       1963319.90000
2750       1966163.30000
2751       1969010.00000
2752       1971860.00000
2753       1974713.40000
2754       1977570.10000
2755       1980430.10000
2756       1983293.40000
2757       1986160.10000
2758       1989030.20000
2759       1991903.60000
2760       1994780.30000
2761       1997660.40000
2762       2000543.80000
2763       2003430.60000
2764       2006320.80000
2765       2009214.30000
2766       2012111.20000
2767       2015011.50000
2768       2017915.10000
2769       2020822.10000
2770       2023732.50000
2771       2026646.30000
2772       2029563.50000
2773       2032484.00000
2774       2035407.90000
2775       2038335.30000
2776       2041266.00000
2777       2044200.10000
2778       2047137.70000
2779       2050078.60000
2780       2053023.00000
2781       2055970.70000
2782       2058921.90000
2783       2061876.50000
2784       2064834.50000
2785       2067796.00000
2786       2070760.80000
2787       2073729.10000
2788       2076700.90000
2789       2079676.00000
2790       2082654.60000
2791       2085636.70000
2792       2088622.20000
2793       2091611.10000
2794       2094603.50000
2795       2097599.40000
2796       2100598.70000
2797       2103601.50000
2798       2106607.70000
2799       2109617.40000
2800       2112630.60000
2801       2115647.20000
2802       2118667.30000
2803       2121690.90000
2804       2124718.00000
2805       2127748.50000
2806       2130782.60000
2807       2133820.10000
2808       2136861.20000
2809       2139905.70000
2810       2142953.70000
2811       2146005.20000
2812       2149060.30000
2813       2152118.80000
2814       2155180.90000
2815       2158246.50000
2816       2161315.60000
2817       2164388.20000
2818       2167464.30000
2819       2170544.00000
2820       2173627.20000
2821       2176713.90000
2822       2179804.20000
2823       2182898.00000
2824       2185995.30000
2825       2189096.20000
2826       2192200.70000
2827       2195308.70000
2828       2198420.20000
2829       2201535.30000
2830       2204654.00000
2831       2207776.20000
2832       2210902.00000
2833       2214031.40000
2834       2217164.40000
2835       2220300.90000
2836       2223441.00000
2837       2226584.70000
2838       2229732.00000
2839       2232882.80000
2840       2236037.30000
2841       2239195.30000
2842       2242357.00000
2843       2245522.20000
2844       2248691.10000
2845       2251863.60000
2846       2255039.60000
2847       2258219.30000
2848       2261402.60000
2849       2264589.60000
2850       2267780.10000
2851       2270974.30000
2852       2274172.10000
2853       2277373.50000
2854       2280578.60000
2855       2283787.30000
2856       2286999.70000
2857       2290215.70000
2858       2293435.30000
2859       2296658.60000
2860       2299885.60000
2861       2303116.20000
2862       2306350.50000
2863       2309588.40000
2864       2312830.10000
2865       2316075.30000
2866       2319324.30000
2867       2322576.90000
2868       2325833.20000
2869       2329093.20000
2870       2332356.90000
2871       2335624.30000
2872       2338895.30000
2873       2342170.10000
2874       2345448.60000
2875       2348730.70000
2876       2352016.60000
2877       2355306.20000
2878       2358599.40000
2879       2361896.40000
2880       2365197.20000
2881       2368501.60000
2882       2371809.80000
2883       2375121.70000
2884       2378437.30000
2885       2381756.60000
2886       2385079.70000
2887       2388406.60000
2888       2391737.10000
2889       2395071.50000
2890       2398409.50000
2891       2401751.40000
2892       2405097.00000
2893       2408446.30000
2894       2411799.40000
2895       2415156.30000
2896       2418516.90000
2897       2421881.30000
2898       2425249.50000
2899       2428621.50000
2900       2431997.30000
2901       2435376.80000
2902       2438760.10000
2903       2442147.20000
2904       2445538.20000
2905       2448932.90000
2906       2452331.40000
2907       2455733.70000
2908       2459139.80000
2909       2462549.80000
2910       2465963.50000
2911       2469381.10000
2912       2472802.50000
2913       2476227.70000
2914       2479656.70000
2915       2483089.60000
2916       2486526.30000
2917       2489966.80000
2918       2493411.20000
2919       2496859.50000
2920       2500311.50000
2921       2503767.50000
2922       2507227.20000
2923       2510690.90000
2924       2514158.40000
2925       2517629.70000
2926       2521104.90000
2927       2524584.00000
2928       2528067.00000
2929       2531553.80000
2930       2535044.60000
2931       2538539.20000
2932       2542037.70000
2933       2545540.00000
2934       2549046.30000
2935       2552556.50000
2936       2556070.60000
2937       2559588.50000
2938       2563110.40000
2939       2566636.20000
2940       2570165.90000
2941       2573699.50000
2942       2577237.00000
2943       2580778.50000
2944       2584323.90000
2945       2587873.20000
2946       2591426.40000
2947       2594983.60000
2948       2598544.70000
2949       2602109.80000
2950       2605678.80000
2951       2609251.70000
2952       2612828.60000
2953       2616409.50000
2954       2619994.30000
2955       2623583.10000
2956       2627175.80000
2957       2630772.50000
2958       2634373.20000
2959       2637977.90000
2960       2641586.50000
2961       2645199.10000
2962       2648815.80000
2963       2652436.30000
2964       2656060.90000
2965       2659689.50000
2966       2663322.10000
2967       2666958.70000
2968       2670599.30000
2969       2674243.90000
2970       2677892.50000
2971       2681545.10000
2972       2685201.70000
2973       2688862.40000
2974       2692527.10000
2975       2696195.80000
2976       2699868.60000
2977       2703545.40000
2978       2707226.20000
2979       2710911.10000
2980       2714600.00000
2981       2718292.90000
2982       2721990.00000
2983       2725691.00000
2984       2729396.20000
2985       2733105.40000
2986       2736818.60000
2987       2740535.90000
2988       2744257.30000
2989       2747982.80000
2990       2751712.40000
2991       2755446.00000
2992       2759183.70000
2993       2762925.60000
2994       2766671.50000
2995       2770421.50000
2996       2774175.60000
2997       2777933.80000
2998       2781696.10000
2999       2785462.50000
3000       2789233.10000
3001       2793007.70000
3002       2796786.50000
3003       2800569.40000
3004       2804356.40000
3005       2808147.60000
3006       2811942.90000
3007       2815742.30000
3008       2819545.90000
3009       2823353.60000
3010       2827165.40000
3011       2830981.40000
3012       2834801.60000
3013       2838625.90000
3014       2842454.40000
3015       2846287.10000
3016       2850123.90000
3017       2853964.90000
3018       2857810.00000
3019       2861659.40000
3020       2865512.90000
3021       2869370.60000
3022       2873232.50000
3023       2877098.60000
3024       2880968.90000
3025       2884843.40000
3026       2888722.10000
3027       2892605.00000
3028       2896492.10000
3029       2900383.40000
3030       2904278.90000
3031       2908178.70000
3032       2912082.60000
3033       2915990.90000
3034       2919903.30000
3035       2923820.00000
3036       2927740.90000
3037       2931666.00000
3038       2935595.40000
3039       2939529.00000
3040       2943466.90000
3041       2947409.10000
3042       2951355.50000
3043       2955306.10000
3044       2959261.10000
3045       2963220.30000
3046       2967183.80000
3047       2971151.50000
3048       2975123.50000
3049       2979099.80000
3050       2983080.40000
3051       2987065.30000
3052       2991054.50000
3053       2995048.00000
3054       2999045.70000
3055       3003047.80000
3056       3007054.20000
3057       3011064.90000
3058       3015079.90000
3059       3019099.30000
3060       3023122.90000
3061       3027150.90000
3062       3031183.20000
3063       3035219.80000
3064       3039260.80000
3065       3043306.10000
3066       3047355.80000
3067       3051409.80000
3068       3055468.10000
3069       3059530.80000
3070       3063597.90000
3071       3067669.30000
3072       3071745.10000
3073       3075825.20000
3074       3079909.80000
3075       3083998.70000
3076       3088091.90000
3077       3092189.60000
3078       3096291.60000
3079       3100398.10000
3080       3104508.90000
3081       3108624.10000
3082       3112743.70000
3083       3116867.70000
3084       3120996.20000
3085       3125129.00000
3086       3129266.20000
3087       3133407.90000
3088       3137554.00000
3089       3141704.50000
3090       3145859.50000
3091       3150018.80000
3092       3154182.60000
3093       3158350.90000
3094       3162523.60000
3095       3166700.70000
3096       3170882.30000
3097       3175068.30000
3098       3179258.80000
3099       3183453.80000
3100       3187653.20000
3101       3191857.10000
3102       3196065.50000
3103       3200278.30000
3104       3204495.60000
3105       3208717.40000
3106       3212943.70000
3107       3217174.40000
3108       3221409.70000
3109       3225649.50000
3110       3229893.70000
3111       3234142.50000
3112       3238395.80000
3113       3242653.50000
3114       3246915.80000
3115       3251182.60000
3116       3255454.00000
3117       3259729.80000
3118       3264010.20000
3119       3268295.10000
3120       3272584.60000
3121       3276878.60000
3122       3281177.10000
3123       3285480.20000
3124       3289787.90000
3125       3294100.10000
3126       3298416.80000
3127       3302738.10000
3128       3307064.00000
3129       3311394.50000
3130       3315729.50000
3131       3320069.10000
3132       3324413.30000
3133       3328762.00000
3134       3333115.40000
3135       3337473.30000
3136       3341835.90000
3137       3346203.00000
3138       3350574.80000
3139       3354951.10000
3140       3359332.10000
3141       3363717.60000
3142       3368107.80000
3143       3372502.60000
3144       3376902.10000
3145       3381306.10000
3146       3385714.80000
3147       3390128.10000
3148       3394546.10000
3149       3398968.70000
3150       3403396.00000
3151       3407827.90000
3152       3412264.40000
3153       3416705.60000
3154       3421151.50000
3155       3425602.10000
3156       3430057.30000
3157       3434517.20000
3158       3438981.70000
3159       3443451.00000
3160       3447924.90000
3161       3452403.50000
3162       3456886.80000
3163       3461374.80000
3164       3465867.50000
3165       3470364.90000
3166       3474867.00000
3167       3479373.80000
3168       3483885.40000
3169       3488401.60000
3170       3492922.60000
3171       3497448.30000
3172       3501978.70000
3173       3506513.90000
3174       3511053.80000
3175       3515598.40000
3176       3520147.80000
3177       3524701.90000
3178       3529260.80000
3179       3533824.40000
3180       3538392.80000
3181       3542965.90000
3182       3547543.80000
3183       3552126.50000
3184       3556714.00000
3185       3561306.20000
3186       3565903.20000
3187       3570505.00000
3188       3575111.60000
3189       3579723.00000
3190       3584339.20000
3191       3588960.20000
3192       3593586.00000
3193       3598216.50000
3194       3602852.00000
3195       3607492.20000
3196       3612137.20000
3197       3616787.10000
3198       3621441.80000
3199       3626101.30000
3200       3630765.60000
3201       3635434.80000
3202       3640108.90000
3203       3644787.70000
3204       3649471.50000
3205       3654160.00000
3206       3658853.50000
3207       3663551.80000
3208       3668255.00000
3209       3672963.00000
3210       3677675.90000
3211       3682393.70000
3212       3687116.30000
3213       3691843.90000
3214       3696576.30000
3215       3701313.70000
3216       3706055.90000
3217       3710803.00000
3218       3715555.00000
3219       3720312.00000
3220       3725073.80000
3221       3729840.60000
3222       3734612.20000
3223       3739388.80000
3224       3744170.40000
3225       3748956.80000
3226       3753748.20000
3227       3758544.50000
3228       3763345.80000
3229       3768152.00000
3230       3772963.20000
3231       3777779.30000
3232       3782600.40000
3233       3787426.40000
3234       3792257.40000
3235       3797093.40000
3236       3801934.30000
3237       3806780.20000
3238       3811631.10000
3239       3816487.00000
3240       3821347.90000
3241       3826213.70000
3242       3831084.60000
3243       3835960.40000
3244       3840841.30000
3245       3845727.20000
3246       3850618.10000
3247       3855514.00000
3248       3860414.90000
3249       3865320.80000
3250       3870231.80000
3251       3875147.80000
3252       3880068.80000
3253       3884994.90000
3254       3889926.00000
3255       3894862.20000
3256       3899803.40000
3257       3904749.60000
3258       3909701.00000
3259       3914657.40000
3260       3919618.80000
3261       3924585.30000
3262       3929556.90000
3263       3934533.60000
3264       3939515.40000
3265       3944502.20000
3266       3949494.10000
3267       3954491.20000
3268       3959493.30000
3269       3964500.50000
3270       3969512.90000
3271       3974530.30000
3272       3979552.90000
3273       3984580.50000
3274       3989613.30000
3275       3994651.30000
3276       3999694.30000
3277       4004742.50000
3278       4009795.80000
3279       4014854.30000
3280       4019917.90000
3281       4024986.70000
3282       4030060.60000
3283       4035139.60000
3284       4040223.90000
3285       4045313.30000
3286       4050407.80000
3287       4055507.60000
3288       4060612.50000
3289       4065722.60000
3290       4070837.90000
3291       4075958.30000
3292       4081084.00000
3293       4086214.90000
3294       4091350.90000
3295       4096492.20000
3296       4101638.70000
3297       4106790.30000
3298       4111947.30000
3299       4117109.40000
3300       4122276.70000
3301       4127449.30000
3302       4132627.10000
3303       4137810.20000
3304       4142998.50000
3305       4148192.00000
3306       4153390.80000
3307       4158594.90000
3308       4163804.20000
3309       4169018.70000
3310       4174238.50000
3311       4179463.60000
3312       4184694.00000
3313       4189929.70000
3314       4195170.60000
3315       4200416.80000
3316       4205668.30000
3317       4210925.10000
3318       4216187.20000
3319       4221454.60000
3320       4226727.30000
3321       4232005.30000
3322       4237288.60000
3323       4242577.30000
3324       4247871.20000
3325       4253170.50000
3326       4258475.20000
3327       4263785.10000
3328       4269100.40000
3329       4274421.00000
3330       4279747.00000
3331       4285078.40000
3332       4290415.10000
3333       4295757.10000
3334       4301104.50000
3335       4306457.30000
3336       4311815.40000
3337       4317179.00000
3338       4322547.90000
3339       4327922.20000
3340       4333301.80000
3341       4338686.90000
3342       4344077.40000
3343       4349473.20000
3344       4354874.50000
3345       4360281.20000
3346       4365693.20000
3347       4371110.70000
3348       4376533.70000
3349       4381962.00000
3350       4387395.80000
3351       4392835.00000
3352       4398279.60000
3353       4403729.70000
3354       4409185.20000
3355       4414646.20000
3356       4420112.70000
3357       4425584.50000
3358       4431061.90000
3359       4436544.70000
3360       4442033.00000
3361       4447526.80000
3362       4453026.00000
3363       4458530.70000
3364       4464040.90000
3365       4469556.60000
3366       4475077.80000
3367       4480604.50000
3368       4486136.70000
3369       4491674.40000
3370       4497217.60000
3371       4502766.30000
3372       4508320.60000
3373       4513880.30000
3374       4519445.60000
3375       4525016.50000
3376       4530592.80000
3377       4536174.70000
3378       4541762.20000
3379       4547355.20000
3380       4552953.70000
3381       4558557.80000
3382       4564167.50000
3383       4569782.70000
3384       4575403.60000
3385       4581029.90000
3386       4586661.90000
3387       4592299.40000
3388       4597942.60000
3389       4603591.30000
3390       4609245.60000
3391       4614905.50000
3392       4620571.00000
3393       4626242.10000
3394       4631918.90000
3395       4637601.20000
3396       4643289.20000
3397       4648982.80000
3398       4654682.00000
3399       4660386.90000
3400       4666097.40000
3401       4671813.50000
3402       4677535.30000
3403       4683262.70000
3404       4688995.80000
3405       4694734.50000
3406       4700478.90000
3407       4706229.00000
3408       4711984.70000
3409       4717746.20000
3410       4723513.20000
3411       4729286.00000
3412       4735064.50000
3413       4740848.70000
3414       4746638.50000
3415       4752434.10000
3416       4758235.30000
3417       4764042.30000
3418       4769855.00000
3419       4775673.40000
3420       4781497.50000
3421       4787327.40000
3422       4793162.90000
3423       4799004.30000
3424       4804851.30000
3425       4810704.10000
3426       4816562.70000
3427       4822427.00000
3428       4828297.00000
3429       4834172.80000
3430       4840054.40000
3431       4845941.80000
3432       4851834.90000
3433       4857733.80000
3434       4863638.50000
3435       4869548.90000
3436       4875465.20000
3437       4881387.20000
3438       4887315.10000
3439       4893248.70000
3440       4899188.20000
3441       4905133.50000
3442       4911084.60000
3443       4917041.50000
3444       4923004.20000
3445       4928972.80000
3446       4934947.20000
3447       4940927.40000
3448       4946913.50000
3449       4952905.40000
3450       4958903.20000
3451       4964906.90000
3452       4970916.30000
3453       4976931.70000
3454       4982952.90000
3455       4988980.00000
3456       4995013.00000
3457       5001051.90000
3458       5007096.60000
3459       5013147.20000
3460       5019203.80000
3461       5025266.20000
3462       5031334.50000
3463       5037408.80000
3464       5043488.90000
3465       5049575.00000
3466       5055667.00000
3467       5061764.90000
3468       5067868.70000
3469       5073978.50000
3470       5080094.20000
3471       5086215.90000
3472       5092343.50000
3473       5098477.00000
3474       5104616.50000
3475       5110762.00000
3476       5116913.40000
3477       5123070.80000
3478       5129234.20000
3479       5135403.60000
3480       5141578.90000
3481       5147760.20000
3482       5153947.50000
3483       5160140.90000
3484       5166340.20000
3485       5172545.50000
3486       5178756.80000
3487       5184974.10000
3488       5191197.50000
3489       5197426.90000
3490       5203662.30000
3491       5209903.70000
3492       5216151.10000
3493       5222404.60000
3494       5228664.20000
3495       5234929.80000
3496       5241201.40000
3497       5247479.20000
3498       5253762.90000
3499       5260052.80000
3500       5266348.70000
3501       5272650.60000
3502       5278958.70000
3503       5285272.80000
3504       5291593.10000
3505       5297919.40000
3506       5304251.80000
3507       5310590.30000
3508       5316935.00000
3509       5323285.70000
3510       5329642.60000
3511       5336005.50000
3512       5342374.60000
3513       5348749.90000
3514       5355131.20000
3515       5361518.70000
3516       5367912.40000
3517       5374312.10000
3518       5380718.10000
3519       5387130.20000
3520       5393548.40000
3521       5399972.80000
3522       5406403.40000
3523       5412840.20000
3524       5419283.10000
3525       5425732.20000
3526       5432187.50000
3527       5438649.00000
3528       5445116.70000
3529       5451590.60000
3530       5458070.70000
3531       5464557.00000
3532       5471049.60000
3533       5477548.30000
3534       5484053.30000
3535       5490564.40000
3536       5497081.90000
3537       5503605.50000
3538       5510135.40000
3539       5516671.60000
3540       5523214.00000
3541       5529762.60000
3542       5536317.50000
3543       5542878.70000
3544       5549446.10000
3545       5556019.90000
3546       5562599.80000
3547       5569186.10000
3548       5575778.70000
3549       5582377.50000
3550       5588982.70000
3551       5595594.10000
3552       5602211.90000
3553       5608835.90000
3554       5615466.30000
3555       5622103.00000
3556       5628746.00000
3557       5635395.40000
3558       5642051.00000
3559       5648713.00000
3560       5655381.40000
3561       5662056.10000
3562       5668737.10000
3563       5675424.50000
3564       5682118.30000
3565       5688818.40000
3566       5695524.90000
3567       5702237.80000
3568       5708957.00000
3569       5715682.70000
3570       5722414.70000
3571       5729153.10000
3572       5735897.90000
3573       5742649.10000
3574       5749406.70000
3575       5756170.70000
3576       5762941.20000
3577       5769718.00000
3578       5776501.30000
3579       5783291.00000
3580       5790087.20000
3581       5796889.70000
3582       5803698.80000
3583       5810514.20000
3584       5817336.20000
3585       5824164.50000
3586       5830999.40000
3587       5837840.70000
3588       5844688.50000
3589       5851542.70000
3590       5858403.40000
3591       5865270.70000
3592       5872144.40000
3593       5879024.60000
3594       5885911.20000
3595       5892804.40000
3596       5899704.20000
3597       5906610.40000
3598       5913523.10000
3599       5920442.40000
3600       5927368.10000
3601       5934300.50000
3602       5941239.30000
3603       5948184.70000
3604       5955136.60000
3605       5962095.10000
3606       5969060.10000
3607       5976031.70000
3608       5983009.90000
3609       5989994.60000
3610       5996985.90000
3611       6003983.80000
3612       6010988.30000
3613       6017999.30000
3614       6025017.00000
3615       6032041.20000
3616       6039072.00000
3617       6046109.50000
3618       6053153.50000
3619       6060204.20000
3620       6067261.50000
3621       6074325.40000
3622       6081396.00000
3623       6088473.10000
3624       6095557.00000
3625       6102647.40000
3626       6109744.50000
3627       6116848.30000
3628       6123958.70000
3629       6131075.80000
3630       6138199.60000
3631       6145330.00000
3632       6152467.10000
3633       6159610.90000
3634       6166761.30000
3635       6173918.50000
3636       6181082.30000
3637       6188252.90000
3638       6195430.20000
3639       6202614.10000
3640       6209804.80000
3641       6217002.20000
3642       6224206.40000
3643       6231417.20000
3644       6238634.80000
3645       6245859.10000
3646       6253090.20000
3647       6260328.00000
3648       6267572.60000
3649       6274823.90000
3650       6282082.00000
3651       6289346.90000
3652       6296618.50000
3653       6303897.00000
3654       6311182.20000
3655       6318474.10000
3656       6325772.90000
3657       6333078.50000
3658       6340390.90000
3659       6347710.00000
3660       6355036.00000
3661       6362368.80000
3662       6369708.40000
3663       6377054.90000
3664       6384408.20000
3665       6391768.30000
3666       6399135.20000
3667       6406509.00000
3668       6413889.70000
3669       6421277.20000
3670       6428671.50000
3671       6436072.70000
3672       6443480.80000
3673       6450895.80000
3674       6458317.60000
3675       6465746.40000
3676       6473182.00000
3677       6480624.50000
3678       6488073.90000
3679       6495530.20000
3680       6502993.40000
3681       6510463.50000
3682       6517940.60000
3683       6525424.50000
3684       6532915.40000
3685       6540413.20000
3686       6547918.00000
3687       6555429.70000
3688       6562948.30000
3689       6570473.90000
3690       6578006.50000
3691       6585546.00000
3692       6593092.50000
3693       6600645.90000
3694       6608206.30000
3695       6615773.70000
3696       6623348.10000
3697       6630929.50000
3698       6638517.90000
3699       6646113.20000
3700       6653715.60000
3701       6661325.00000
3702       6668941.40000
3703       6676564.80000
3704       6684195.30000
3705       6691832.80000
3706       6699477.30000
3707       6707128.80000
3708       6714787.40000
3709       6722453.00000
3710       6730125.70000
3711       6737805.50000
3712       6745492.30000
3713       6753186.20000
3714       6760887.20000
3715       6768595.20000
3716       6776310.30000
3717       6784032.50000
3718       6791761.80000
3719       6799498.20000
3720       6807241.70000
3721       6814992.40000
3722       6822750.10000
3723       6830514.90000
3724       6838286.90000
3725       6846066.00000
3726       6853852.20000
3727       6861645.60000
3728       6869446.10000
3729       6877253.80000
3730       6885068.60000
3731       6892890.50000
3732       6900719.70000
3733       6908556.00000
3734       6916399.50000
3735       6924250.10000
3736       6932107.90000
3737       6939973.00000
3738       6947845.20000
3739       6955724.60000
3740       6963611.20000
3741       6971505.00000
3742       6979406.00000
3743       6987314.30000
3744       6995229.80000
3745       7003152.50000
3746       7011082.40000
3747       7019019.60000
3748       7026964.00000
3749       7034915.70000
3750       7042874.60000
3751       7050840.80000
3752       7058814.20000
3753       7066794.90000
3754       7074782.90000
3755       7082778.10000
3756       7090780.70000
3757       7098790.50000
3758       7106807.60000
3759       7114832.00000
3760       7122863.70000
3761       7130902.80000
3762       7138949.10000
3763       7147002.80000
3764       7155063.80000
3765       7163132.10000
3766       7171207.70000
3767       7179290.70000
3768       7187381.00000
3769       7195478.70000
3770       7203583.70000
3771       7211696.10000
3772       7219815.90000
3773       7227943.00000
3774       7236077.50000
3775       7244219.40000
3776       7252368.60000
3777       7260525.30000
3778       7268689.30000
3779       7276860.70000
3780       7285039.60000
3781       7293225.80000
3782       7301419.50000
3783       7309620.60000
3784       7317829.10000
3785       7326045.10000
3786       7334268.40000
3787       7342499.20000
3788       7350737.50000
3789       7358983.20000
3790       7367236.40000
3791       7375497.00000
3792       7383765.10000
3793       7392040.70000
3794       7400323.70000
3795       7408614.30000
3796       7416912.30000
3797       7425217.80000
3798       7433530.80000
3799       7441851.30000
3800       7450179.30000
3801       7458514.80000
3802       7466857.80000
3803       7475208.40000
3804       7483566.50000
3805       7491932.10000
3806       7500305.20000
3807       7508685.90000
3808       7517074.20000
3809       7525470.00000
3810       7533873.30000
3811       7542284.20000
3812       7550702.70000
3813       7559128.80000
3814       7567562.40000
3815       7576003.70000
3816       7584452.50000
3817       7592908.90000
3818       7601372.90000
3819       7609844.50000
3820       7618323.70000
3821       7626810.60000
3822       7635305.00000
3823       7643807.10000
3824       7652316.80000
3825       7660834.20000
3826       7669359.20000
3827       7677891.80000
3828       7686432.10000
3829       7694980.00000
3830       7703535.70000
3831       7712098.90000
3832       7720669.90000
3833       7729248.50000
3834       7737834.80000
3835       7746428.80000
3836       7755030.50000
3837       7763639.90000
3838       7772257.00000
3839       7780881.80000
3840       7789514.30000
3841       7798154.50000
3842       7806802.50000
3843       7815458.20000
3844       7824121.60000
3845       7832792.80000
3846       7841471.70000
3847       7850158.30000
3848       7858852.80000
3849       7867554.90000
3850       7876264.90000
3851       7884982.60000
3852       7893708.10000
3853       7902441.40000
3854       7911182.40000
3855       7919931.30000
3856       7928688.00000
3857       7937452.40000
3858       7946224.70000
3859       7955004.80000
3860       7963792.70000
3861       7972588.40000
3862       7981392.00000
3863       7990203.40000
3864       7999022.60000
3865       8007849.70000
3866       8016684.60000
3867       8025527.40000
3868       8034378.00000
3869       8043236.60000
3870       8052102.90000
3871       8060977.20000
3872       8069859.40000
3873       8078749.40000
3874       8087647.30000
3875       8096553.20000
3876       8105466.90000
3877       8114388.50000
3878       8123318.10000
3879       8132255.60000
3880       8141201.00000
3881       8150154.30000
3882       8159115.60000
3883       8168084.80000
3884       8177062.00000
3885       8186047.10000
3886       8195040.10000
3887       8204041.20000
3888       8213050.20000
3889       8222067.10000
3890       8231092.10000
3891       8240125.00000
3892       8249166.00000
3893       8258214.90000
3894       8267271.80000
3895       8276336.70000
3896       8285409.70000
3897       8294490.60000
3898       8303579.60000
3899       8312676.60000
3900       8321781.70000
3901       8330894.70000
3902       8340015.90000
3903       8349145.00000
3904       8358282.30000
3905       8367427.60000
3906       8376580.90000
3907       8385742.30000
3908       8394911.80000
3909       8404089.40000
3910       8413275.10000
3911       8422468.80000
3912       8431670.70000
3913       8440880.60000
3914       8450098.70000
3915       8459324.90000
3916       8468559.20000
3917       8477801.60000
3918       8487052.10000
3919       8496310.80000
3920       8505577.70000
3921       8514852.60000
3922       8524135.80000
3923       8533427.00000
3924       8542726.50000
3925       8552034.10000
3926       8561349.90000
3927       8570673.90000
3928       8580006.00000
3929       8589346.40000
3930       8598694.90000
3931       8608051.60000
3932       8617416.60000
3933       8626789.70000
3934       8636171.10000
3935       8645560.70000
3936       8654958.50000
3937       8664364.60000
3938       8673778.90000
3939       8683201.40000
3940       8692632.20000
3941       8702071.20000
3942       8711518.60000
3943       8720974.10000
3944       8730438.00000
3945       8739910.10000
3946       8749390.50000
3947       8758879.20000
3948       8768376.20000
3949       8777881.50000
3950       8787395.10000
3951       8796917.00000
3952       8806447.20000
3953       8815985.70000
3954       8825532.60000
3955       8835087.80000
3956       8844651.30000
3957       8854223.20000
3958       8863803.50000
3959       8873392.00000
3960       8882989.00000
3961       8892594.30000
3962       8902208.00000
3963       8911830.00000
3964       8921460.50000
3965       8931099.30000
3966       8940746.50000
3967       8950402.20000
3968       8960066.20000
3969       8969738.60000
3970       8979419.50000
3971       8989108.70000
3972       8998806.40000
3973       9008512.60000
3974       9018227.20000
3975       9027950.20000
3976       9037681.60000
3977       9047421.50000
3978       9057169.90000
3979       9066926.80000
3980       9076692.10000
3981       9086465.90000
3982       9096248.10000
3983       9106038.90000
3984       9115838.20000
3985       9125645.90000
3986       9135462.20000
3987       9145286.90000
3988       9155120.20000
3989       9164962.00000
3990       9174812.40000
3991       9184671.20000
3992       9194538.70000
3993       9204414.60000
3994       9214299.10000
3995       9224192.20000
3996       9234093.80000
3997       9244004.00000
3998       9253922.70000
3999       9263850.00000
4000       9273786.00000
4001       9283730.50000
4002       9293683.60000
4003       9303645.30000
4004       9313615.60000
4005       9323594.50000
4006       9333582.00000
4007       9343578.20000
4008       9353583.00000
4009       9363596.40000
4010       9373618.40000
4011       9383649.20000
4012       9393688.50000
4013       9403736.50000
4014       9413793.20000
4015       9423858.50000
4016       9433932.60000
4017       9444015.30000
4018       9454106.60000
4019       9464206.70000
4020       9474315.50000
4021       9484433.00000
4022       9494559.10000
4023       9504694.00000
4024       9514837.70000
4025       9524990.00000
4026       9535151.10000
4027       9545320.90000
4028       9555499.40000
4029       9565686.70000
4030       9575882.80000
4031       9586087.60000
4032       9596301.10000
4033       9606523.50000
4034       9616754.60000
4035       9626994.50000
4036       9637243.20000
4037       9647500.70000
4038       9657767.00000
4039       9668042.10000
4040       9678326.00000
4041       9688618.70000
4042       9698920.20000
4043       9709230.60000
4044       9719549.80000
4045       9729877.80000
4046       9740214.70000
4047       9750560.40000
4048       9760915.00000
4049       9771278.50000
4050       9781650.80000
4051       9792032.00000
4052       9802422.10000
4053       9812821.00000
4054       9823228.90000
4055       9833645.70000
4056       9844071.30000
4057       9854505.90000
4058       9864949.30000
4059       9875401.70000
4060       9885863.10000
4061       9896333.30000
4062       9906812.50000
4063       9917300.60000
4064       9927797.70000
4065       9938303.80000
4066       9948818.80000
4067       9959342.70000
4068       9969875.70000
4069       9980417.60000
4070       9990968.50000
4071      10001528.00000
4072      10012097.00000
4073      10022675.00000
4074      10033262.00000
4075      10043858.00000
4076      10054463.00000
4077      10065077.00000
4078      10075700.00000
4079      10086332.00000
4080      10096973.00000
4081      10107623.00000
4082      10118282.00000
4083      10128950.00000
4084      10139628.00000
4085      10150314.00000
4086      10161009.00000
4087      10171714.00000
4088      10182428.00000
4089      10193150.00000
4090      10203882.00000
4091      10214623.00000
4092      10225373.00000
4093      10236132.00000
4094      10246900.00000
4095      10257678.00000
4096      10268464.00000
4097      10279260.00000
4098      10290065.00000
4099      10300879.00000
4100      10311702.00000
4101      10322534.00000
4102      10333376.00000
4103      10344226.00000
4104      10355086.00000
4105      10365955.00000
4106      10376833.00000
4107      10387721.00000
4108      10398617.00000
4109      10409523.00000
4110      10420438.00000
4111      10431363.00000
4112      10442296.00000
4113      10453239.00000
4114      10464191.00000
4115      10475152.00000
4116      10486123.00000
4117      10497102.00000
4118      10508091.00000
4119      10519090.00000
4120      10530097.00000
4121      10541114.00000
4122      10552140.00000
4123      10563175.00000
4124      10574220.00000
4125      10585274.00000
4126      10596338.00000
4127      10607410.00000
4128      10618492.00000
4129      10629584.00000
4130      10640684.00000
4131      10651794.00000
4132      10662914.00000
4133      10674042.00000
4134      10685180.00000
4135      10696328.00000
4136      10707485.00000
4137      10718651.00000
4138      10729826.00000
4139      10741011.00000
4140      10752206.00000
4141      10763410.00000
4142      10774623.00000
4143      10785845.00000
4144      10797077.00000
4145      10808319.00000
4146      10819570.00000
4147      10830830.00000
4148      10842100.00000
4149      10853379.00000
4150      10864668.00000
4151      10875966.00000
4152      10887273.00000
4153      10898590.00000
4154      10909917.00000
4155      10921253.00000
4156      10932598.00000
4157      10943953.00000
4158      10955318.00000
4159      10966692.00000
4160      10978076.00000
4161      10989469.00000
4162      11000871.00000
4163      11012283.00000
4164      11023705.00000
4165      11035136.00000
4166      11046577.00000
4167      11058028.00000
4168      11069488.00000
4169      11080957.00000
4170      11092436.00000
4171      11103925.00000
4172      11115423.00000
4173      11126931.00000
4174      11138448.00000
4175      11149975.00000
4176      11161512.00000
4177      11173058.00000
4178      11184614.00000
4179      11196180.00000
4180      11207755.00000
4181      11219340.00000
4182      11230934.00000
4183      11242538.00000
4184      11254152.00000
4185      11265776.00000
4186      11277409.00000
4187      11289052.00000
4188      11300704.00000
4189      11312366.00000
4190      11324038.00000
4191      11335720.00000
4192      11347411.00000
4193      11359112.00000
4194      11370823.00000
4195      11382543.00000
4196      11394274.00000
4197      11406014.00000
4198      11417763.00000
4199      11429523.00000
4200      11441292.00000
4201      11453071.00000
4202      11464860.00000
4203      11476659.00000
4204      11488467.00000
4205      11500285.00000
4206      11512113.00000
4207      11523951.00000
4208      11535798.00000
4209      11547656.00000
4210      11559523.00000
4211      11571400.00000
4212      11583287.00000
4213      11595183.00000
4214      11607090.00000
4215      11619006.00000
4216      11630933.00000
4217      11642869.00000
4218      11654815.00000
4219      11666771.00000
4220      11678736.00000
4221      11690712.00000
4222      11702698.00000
4223      11714693.00000
4224      11726698.00000
4225      11738714.00000
4226      11750739.00000
4227      11762774.00000
4228      11774819.00000
4229      11786874.00000
4230      11798939.00000
4231      11811014.00000
4232      11823099.00000
4233      11835194.00000
4234      11847298.00000
4235      11859413.00000
4236      11871538.00000
4237      11883673.00000
4238      11895818.00000
4239      11907972.00000
4240      11920137.00000
4241      11932312.00000
4242      11944497.00000
4243      11956691.00000
4244      11968896.00000
4245      11981111.00000
4246      11993336.00000
4247      12005571.00000
4248      12017816.00000
4249      12030071.00000
4250      12042337.00000
4251      12054612.00000
4252      12066897.00000
4253      12079193.00000
4254      12091498.00000
4255      12103814.00000
4256      12116140.00000
4257      12128476.00000
4258      12140822.00000
4259      12153178.00000
4260      12165544.00000
4261      12177920.00000
4262      12190307.00000
4263      12202704.00000
4264      12215111.00000
4265      12227528.00000
4266      12239955.00000
4267      12252392.00000
4268      12264840.00000
4269      12277298.00000
4270      12289766.00000
4271      12302244.00000
4272      12314732.00000
4273      12327231.00000
4274      12339740.00000
4275      12352259.00000
4276      12364788.00000
4277      12377327.00000
4278      12389877.00000
4279      12402437.00000
4280      12415008.00000
4281      12427588.00000
4282      12440179.00000
4283      12452780.00000
4284      12465391.00000
4285      12478013.00000
4286      12490645.00000
4287      12503288.00000
4288      12515940.00000
4289      12528603.00000
4290      12541276.00000
4291      12553960.00000
4292      12566654.00000
4293      12579358.00000
4294      12592073.00000
4295      12604798.00000
4296      12617533.00000
4297      12630279.00000
4298      12643035.00000
4299      12655801.00000
4300      12668578.00000
4301      12681366.00000
4302      12694163.00000
4303      12706971.00000
4304      12719790.00000
4305      12732619.00000
4306      12745458.00000
4307      12758308.00000
4308      12771168.00000
4309      12784039.00000
4310      12796920.00000
4311      12809812.00000
4312      12822714.00000
4313      12835626.00000
4314      12848549.00000
4315      12861483.00000
4316      12874427.00000
4317      12887381.00000
4318      12900346.00000
4319      12913322.00000
4320      12926308.00000
4321      12939304.00000
4322      12952311.00000
4323      12965329.00000
4324      12978357.00000
4325      12991396.00000
4326      13004445.00000
4327      13017505.00000
4328      13030575.00000
4329      13043656.00000
4330      13056748.00000
4331      13069850.00000
4332      13082963.00000
4333      13096086.00000
4334      13109220.00000
4335      13122365.00000
4336      13135520.00000
4337      13148686.00000
4338      13161862.00000
4339      13175049.00000
4340      13188247.00000
4341      13201455.00000
4342      13214674.00000
4343      13227904.00000
4344      13241145.00000
4345      13254396.00000
4346      13267657.00000
4347      13280930.00000
4348      13294213.00000
4349      13307507.00000
4350      13320812.00000
4351      13334127.00000
4352      13347453.00000
4353      13360790.00000
4354      13374137.00000
4355      13387496.00000
4356      13400865.00000
4357      13414244.00000
4358      13427635.00000
4359      13441036.00000
4360      13454448.00000
4361      13467871.00000
4362      13481305.00000
4363      13494749.00000
4364      13508205.00000
4365      13521671.00000
4366      13535148.00000
4367      13548635.00000
4368      13562134.00000
4369      13575643.00000
4370      13589164.00000
4371      13602695.00000
4372      13616237.00000
4373      13629790.00000
4374      13643353.00000
4375      13656928.00000
4376      13670513.00000
4377      13684110.00000
4378      13697717.00000
4379      13711335.00000
4380      13724964.00000
4381      13738604.00000
4382      13752255.00000
4383      13765917.00000
4384      13779590.00000
4385      13793273.00000
4386      13806968.00000
4387      13820674.00000
4388      13834390.00000
4389      13848118.00000
4390      13861857.00000
4391      13875606.00000
4392      13889367.00000
4393      13903138.00000
4394      13916921.00000
4395      13930714.00000
4396      13944519.00000
4397      13958334.00000
4398      13972161.00000
4399      13985999.00000
4400      13999847.00000
4401      14013707.00000
4402      14027578.00000
4403      14041460.00000
4404      14055353.00000
4405      14069257.00000
4406      14083172.00000
4407      14097098.00000
4408      14111036.00000
4409      14124984.00000
4410      14138944.00000
4411      14152914.00000
4412      14166896.00000
4413      14180889.00000
4414      14194893.00000
4415      14208908.00000
4416      14222934.00000
4417      14236972.00000
4418      14251021.00000
4419      14265080.00000
4420      14279151.00000
4421      14293234.00000
4422      14307327.00000
4423      14321432.00000
4424      14335548.00000
4425      14349675.00000
4426      14363813.00000
4427      14377962.00000
4428      14392123.00000
4429      14406295.00000
4430      14420478.00000
4431      14434673.00000
4432      14448878.00000
4433      14463095.00000
4434      14477323.00000
4435      14491563.00000
4436      14505814.00000
4437      14520076.00000
4438      14534349.00000
4439      14548634.00000
4440      14562930.00000
4441      14577237.00000
4442      14591556.00000
4443      14605886.00000
4444      14620228.00000
4445      14634580.00000
4446      14648944.00000
4447      14663320.00000
4448      14677707.00000
4449      14692105.00000
4450      14706514.00000
4451      14720935.00000
4452      14735368.00000
4453      14749811.00000
4454      14764267.00000
4455      14778733.00000
4456      14793211.00000
4457      14807701.00000
4458      14822201.00000
4459      14836714.00000
4460      14851238.00000
4461      14865773.00000
4462      14880319.00000
4463      14894878.00000
4464      14909447.00000
4465      14924028.00000
4466      14938621.00000
4467      14953225.00000
4468      14967841.00000
4469      14982468.00000
4470      14997107.00000
4471      15011757.00000
4472      15026418.00000
4473      15041092.00000
4474      15055777.00000
4475      15070473.00000
4476      15085181.00000
4477      15099900.00000
4478      15114631.00000
4479      15129374.00000
4480      15144128.00000
4481      15158894.00000
4482      15173672.00000
4483      15188461.00000
4484      15203261.00000
4485      15218074.00000
4486      15232898.00000
4487      15247733.00000
4488      15262580.00000
4489      15277439.00000
4490      15292310.00000
4491      15307192.00000
4492      15322086.00000
4493      15336991.00000
4494      15351909.00000
4495      15366838.00000
4496      15381778.00000
4497      15396731.00000
4498      15411695.00000
4499      15426670.00000
4500      15441658.00000
4501      15456657.00000
4502      15471668.00000
4503      15486691.00000
4504      15501725.00000
4505      15516772.00000
4506      15531830.00000
4507      15546899.00000
4508      15561981.00000
4509      15577074.00000
4510      15592179.00000
4511      15607296.00000
4512      15622425.00000
4513      15637566.00000
4514      15652718.00000
4515      15667882.00000
4516      15683059.00000
4517      15698247.00000
4518      15713446.00000
4519      15728658.00000
4520      15743882.00000
4521      15759117.00000
4522      15774364.00000
4523      15789623.00000
4524      15804895.00000
4525      15820177.00000
4526      15835472.00000
4527      15850779.00000
4528      15866098.00000
4529      15881429.00000
4530      15896771.00000
4531      15912126.00000
4532      15927492.00000
4533      15942871.00000
4534      15958261.00000
4535      15973664.00000
4536      15989078.00000
4537      16004504.00000
4538      16019943.00000
4539      16035393.00000
4540      16050855.00000
4541      16066330.00000
4542      16081816.00000
4543      16097315.00000
4544      16112825.00000
4545      16128348.00000
4546      16143882.00000
4547      16159429.00000
4548      16174988.00000
4549      16190559.00000
4550      16206141.00000
4551      16221736.00000
4552      16237343.00000
4553      16252963.00000
4554      16268594.00000
4555      16284237.00000
4556      16299893.00000
4557      16315560.00000
4558      16331240.00000
4559      16346932.00000
4560      16362636.00000
4561      16378352.00000
4562      16394081.00000
4563      16409821.00000
4564      16425574.00000
4565      16441339.00000
4566      16457116.00000
4567      16472905.00000
4568      16488707.00000
4569      16504521.00000
4570      16520347.00000
4571      16536185.00000
4572      16552035.00000
4573      16567898.00000
4574      16583773.00000
4575      16599660.00000
4576      16615560.00000
4577      16631472.00000
4578      16647396.00000
4579      16663332.00000
4580      16679280.00000
4581      16695241.00000
4582      16711215.00000
4583      16727200.00000
4584      16743198.00000
4585      16759208.00000
4586      16775231.00000
4587      16791266.00000
4588      16807313.00000
4589      16823373.00000
4590      16839444.00000
4591      16855529.00000
4592      16871626.00000
4593      16887735.00000
4594      16903856.00000
4595      16919990.00000
4596      16936136.00000
4597      16952295.00000
4598      16968466.00000
4599      16984650.00000
4600      17000846.00000
4601      17017054.00000
4602      17033275.00000
4603      17049509.00000
4604      17065755.00000
4605      17082013.00000
4606      17098284.00000
4607      17114567.00000
4608      17130863.00000
4609      17147171.00000
4610      17163492.00000
4611      17179826.00000
4612      17196171.00000
4613      17212530.00000
4614      17228901.00000
4615      17245284.00000
4616      17261680.00000
4617      17278089.00000
4618      17294510.00000
4619      17310944.00000
4620      17327390.00000
4621      17343849.00000
4622      17360321.00000
4623      17376805.00000
4624      17393302.00000
4625      17409811.00000
4626      17426333.00000
4627      17442868.00000
4628      17459415.00000
4629      17475975.00000
4630      17492548.00000
4631      17509133.00000
4632      17525731.00000
4633      17542342.00000
4634      17558965.00000
4635      17575601.00000
4636      17592250.00000
4637      17608912.00000
4638      17625586.00000
4639      17642273.00000
4640      17658972.00000
4641      17675685.00000
4642      17692410.00000
4643      17709148.00000
4644      17725898.00000
4645      17742662.00000
4646      17759438.00000
4647      17776227.00000
4648      17793029.00000
4649      17809843.00000
4650      17826671.00000
4651      17843511.00000
4652      17860364.00000
4653      17877230.00000
4654      17894108.00000
4655      17911000.00000
4656      17927904.00000
4657      17944821.00000
4658      17961751.00000
4659      17978694.00000
4660      17995650.00000
4661      18012619.00000
4662      18029601.00000
4663      18046595.00000
4664      18063603.00000
4665      18080623.00000
4666      18097656.00000
4667      18114702.00000
4668      18131762.00000
4669      18148834.00000
4670      18165919.00000
4671      18183017.00000
4672      18200128.00000
4673      18217252.00000
4674      18234389.00000
4675      18251539.00000
4676      18268702.00000
4677      18285878.00000
4678      18303067.00000
4679      18320269.00000
4680      18337484.00000
4681      18354712.00000
4682      18371953.00000
4683      18389207.00000
4684      18406474.00000
4685      18423755.00000
4686      18441048.00000
4687      18458354.00000
4688      18475674.00000
4689      18493007.00000
4690      18510352.00000
4691      18527711.00000
4692      18545083.00000
4693      18562468.00000
4694      18579866.00000
4695      18597278.00000
4696      18614702.00000
4697      18632140.00000
4698      18649591.00000
4699      18667055.00000
4700      18684532.00000
4701      18702023.00000
4702      18719526.00000
4703      18737043.00000
4704      18754573.00000
4705      18772116.00000
4706      18789673.00000
4707      18807242.00000
4708      18824825.00000
4709      18842422.00000
4710      18860031.00000
4711      18877654.00000
4712      18895290.00000
4713      18912939.00000
4714      18930602.00000
4715      18948277.00000
4716      18965967.00000
4717      18983669.00000
4718      19001385.00000
4719      19019114.00000
4720      19036856.00000
4721      19054612.00000
4722      19072381.00000
4723      19090164.00000
4724      19107959.00000
4725      19125769.00000
4726      19143591.00000
4727      19161427.00000
4728      19179277.00000
4729      19197139.00000
4730      19215016.00000
4731      19232905.00000
4732      19250808.00000
4733      19268725.00000
4734      19286654.00000
4735      19304598.00000
4736      19322555.00000
4737      19340525.00000
4738      19358509.00000
4739      19376506.00000
4740      19394516.00000
4741      19412541.00000
4742      19430578.00000
4743      19448629.00000
4744      19466694.00000
4745      19484772.00000
4746      19502864.00000
4747      19520969.00000
4748      19539088.00000
4749      19557221.00000
4750      19575367.00000
4751      19593526.00000
4752      19611699.00000
4753      19629886.00000
4754      19648086.00000
4755      19666300.00000
4756      19684528.00000
4757      19702769.00000
4758      19721023.00000
4759      19739292.00000
4760      19757574.00000
4761      19775870.00000
4762      19794179.00000
4763      19812502.00000
4764      19830838.00000
4765      19849189.00000
4766      19867553.00000
4767      19885930.00000
4768      19904322.00000
4769      19922727.00000
4770      19941146.00000
4771      19959578.00000
4772      19978025.00000
4773      19996485.00000
4774      20014958.00000
4775      20033446.00000
4776      20051947.00000
4777      20070462.00000
4778      20088991.00000
4779      20107534.00000
4780      20126090.00000
4781      20144660.00000
4782      20163245.00000
4783      20181842.00000
4784      20200454.00000
4785      20219080.00000
4786      20237719.00000
4787      20256372.00000
4788      20275039.00000
4789      20293720.00000
4790      20312415.00000
4791      20331124.00000
4792      20349846.00000
4793      20368583.00000
4794      20387333.00000
4795      20406097.00000
4796      20424876.00000
4797      20443668.00000
4798      20462474.00000
4799      20481294.00000
4800      20500128.00000
4801      20518976.00000
4802      20537838.00000
4803      20556713.00000
4804      20575603.00000
4805      20594507.00000
4806      20613425.00000
4807      20632357.00000
4808      20651303.00000
4809      20670263.00000
4810      20689236.00000
4811      20708224.00000
4812      20727226.00000
4813      20746242.00000
4814      20765273.00000
4815      20784317.00000
4816      20803375.00000
4817      20822447.00000
4818      20841534.00000
4819      20860634.00000
4820      20879749.00000
4821      20898878.00000
4822      20918021.00000
4823      20937178.00000
4824      20956349.00000
4825      20975534.00000
4826      20994734.00000
4827      21013947.00000
4828      21033175.00000
4829      21052417.00000
4830      21071673.00000
4831      21090944.00000
4832      21110228.00000
4833      21129527.00000
4834      21148840.00000
4835      21168167.00000
4836      21187509.00000
4837      21206864.00000
4838      21226234.00000
4839      21245619.00000
4840      21265017.00000
4841      21284430.00000
4842      21303857.00000
4843      21323298.00000
4844      21342754.00000
4845      21362224.00000
4846      21381708.00000
4847      21401207.00000
4848      21420720.00000
4849      21440247.00000
4850      21459788.00000
4851      21479344.00000
4852      21498915.00000
4853      21518499.00000
4854      21538099.00000
4855      21557712.00000
4856      21577340.00000
4857      21596982.00000
4858      21616639.00000
4859      21636310.00000
4860      21655995.00000
4861      21675695.00000
4862      21695410.00000
4863      21715139.00000
4864      21734882.00000
4865      21754640.00000
4866      21774412.00000
4867      21794199.00000
4868      21814000.00000
4869      21833816.00000
4870      21853646.00000
4871      21873491.00000
4872      21893350.00000
4873      21913224.00000
4874      21933112.00000
4875      21953015.00000
4876      21972933.00000
4877      21992865.00000
4878      22012811.00000
4879      22032773.00000
4880      22052748.00000
4881      22072739.00000
4882      22092744.00000
4883      22112763.00000
4884      22132798.00000
4885      22152847.00000
4886      22172910.00000
4887      22192988.00000
4888      22213081.00000
4889      22233188.00000
4890      22253311.00000
4891      22273447.00000
4892      22293599.00000
4893      22313765.00000
4894      22333946.00000
4895      22354142.00000
4896      22374352.00000
4897      22394577.00000
4898      22414817.00000
4899      22435071.00000
4900      22455341.00000
4901      22475625.00000
4902      22495923.00000
4903      22516237.00000
4904      22536565.00000
4905      22556908.00000
4906      22577266.00000
4907      22597639.00000
4908      22618027.00000
4909      22638429.00000
4910      22658847.00000
4911      22679279.00000
4912      22699726.00000
4913      22720187.00000
4914      22740664.00000
4915      22761156.00000
4916      22781662.00000
4917      22802183.00000
4918      22822720.00000
4919      22843271.00000
4920      22863837.00000
4921      22884418.00000
4922      22905014.00000
4923      22925624.00000
4924      22946250.00000
4925      22966891.00000
4926      22987547.00000
4927      23008217.00000
4928      23028903.00000
4929      23049604.00000
4930      23070319.00000
4931      23091050.00000
4932      23111796.00000
4933      23132556.00000
4934      23153332.00000
4935      23174123.00000
4936      23194929.00000
4937      23215750.00000
4938      23236586.00000
4939      23257437.00000
4940      23278303.00000
4941      23299184.00000
4942      23320080.00000
4943      23340992.00000
4944      23361918.00000
4945      23382860.00000
4946      23403816.00000
4947      23424788.00000
4948      23445775.00000
4949      23466778.00000
4950      23487795.00000
4951      23508827.00000
4952      23529875.00000
4953      23550938.00000
4954      23572016.00000
4955      23593109.00000
4956      23614218.00000
4957      23635342.00000
4958      23656481.00000
4959      23677635.00000
4960      23698804.00000
4961      23719989.00000
4962      23741189.00000
4963      23762404.00000
4964      23783635.00000
4965      23804881.00000
4966      23826142.00000
4967      23847418.00000
4968      23868710.00000
4969      23890017.00000
4970      23911339.00000
4971      23932677.00000
4972      23954030.00000
4973      23975399.00000
4974      23996782.00000
4975      24018182.00000
4976      24039596.00000
4977      24061026.00000
4978      24082472.00000
4979      24103932.00000
4980      24125408.00000
4981      24146900.00000
4982      24168407.00000
4983      24189930.00000
4984      24211467.00000
4985      24233021.00000
4986      24254590.00000
4987      24276174.00000
4988      24297774.00000
4989      24319389.00000
4990      24341020.00000
4991      24362666.00000
4992      24384328.00000
4993      24406005.00000
4994      24427698.00000
4995      24449406.00000
4996      24471130.00000
4997      24492870.00000
4998      24514625.00000
4999      24536396.00000
5000      24558182.00000