   1           112.67750
   2           203.70179
   3           295.61034
   4           387.72038
   5           479.90939
   6           572.13818
   7           664.39033
   8           756.65776
   9           848.93602
  10           941.22246
  11          1033.51540
  12          1125.81380
  13          1218.11670
  14          1310.42380
  15          1402.73450
  16          1495.04870
  17          1587.36600
  18          1679.68620
  19          1772.00930
  20          1864.33520
  21          1956.66370
  22          2048.99470
  23          2141.32830
  24          2233.66430
  25          2326.00270
  26          2418.34350
  27          2510.68670
  28          2603.03220
  29          2695.37990
  30          2787.73000
  31          2880.08230
  32          2972.43690
  33          3064.79370
  34          3157.15270
  35          3249.51390
  36          3341.87730
  37          3434.24300
  38          3526.61080
  39          3618.98080
  40          3711.35300
  41          3803.72730
  42          3896.10380
  43          3988.48250
  44          4080.86340
  45          4173.24640
  46          4265.63160
  47          4358.01890
  48          4450.40840
  49          4542.80010
  50          4635.19390
  51          4727.58990
  52          4819.98820
  53          4912.38860
  54          5004.79130
  55          5097.19630
  56          5189.60360
  57          5282.01320
  58          5374.42520
  59          5466.83960
  60          5559.25660
  61          5651.67620
  62          5744.09850
  63          5836.52360
  64          5928.95160
  65          6021.38270
  66          6113.81700
  67          6206.25470
  68          6298.69610
  69          6391.14120
  70          6483.59050
  71          6576.04410
  72          6668.50240
  73          6760.96570
  74          6853.43430
  75          6945.90870
  76          7038.38930
  77          7130.87650
  78          7223.37090
  79          7315.87300
  80          7408.38330
  81          7500.90260
  82          7593.43140
  83          7685.97040
  84          7778.52040
  85          7871.08220
  86          7963.65670
  87          8056.24460
  88          8148.84690
  89          8241.46470
  90          8334.09880
  91          8426.75040
  92          8519.42060
  93          8612.11060
  94          8704.82140
  95          8797.55450
  96          8890.31110
  97          8983.09260
  98          9075.90030
  99          9168.73570
 100          9261.60030
 101          9354.49560
 102          9447.42320
 103          9540.38480
 104          9633.38190
 105          9726.41640
 106          9819.48990
 107          9912.60430
 108         10005.76100
 109         10098.96300
 110         10192.21100
 111         10285.50800
 112         10378.85500
 113         10472.25500
 114         10565.70900
 115         10659.22000
 116         10752.79000
 117         10846.42000
 118         10940.11400
 119         11033.87300
 120         11127.70000
 121         11221.59700
 122         11315.56700
 123         11409.61000
 124         11503.73100
 125         11597.93100
 126         11692.21400
 127         11786.58000
 128         11881.03300
 129         11975.57500
 130         12070.20900
 131         12164.93700
 132         12259.76100
 133         12354.68500
 134         12449.71100
 135         12544.84100
 136         12640.07800
 137         12735.42500
 138         12830.88400
 139         12926.45700
 140         13022.14800
 141         13117.96000
 142         13213.89300
 143         13309.95200
 144         13406.14000
 145         13502.45700
 146         13598.90800
 147         13695.49500
 148         13792.22100
 149         13889.08800
 150         13986.09900
 151         14083.25600
 152         14180.56300
 153         14278.02200
 154         14375.63500
 155         14473.40600
 156         14571.33600
 157         14669.43000
 158         14767.68800
 159         14866.11500
 160         14964.71200
 161         15063.48200
 162         15162.42800
 163         15261.55300
 164         15360.85900
 165         15460.34800
 166         15560.02400
 167         15659.88900
 168         15759.94500
 169         15860.19600
 170         15960.64300
 171         16061.28900
 172         16162.13800
 173         16263.19000
 174         16364.45000
 175         16465.91900
 176         16567.60100
 177         16669.49700
 178         16771.60900
 179         16873.94200
 180         16976.49600
 181         17079.27500
 182         17182.28100
 183         17285.51700
 184         17388.98400
 185         17492.68600
 186         17596.62500
 187         17700.80200
 188         17805.22200
 189         17909.88500
 190         18014.79500
 191         18119.95300
 192         18225.36300
 193         18331.02600
 194         18436.94500
 195         18543.12200
 196         18649.56000
 197         18756.26000
 198         18863.22500
 199         18970.45800
 200         19077.96100
 201         19185.73500
 202         19293.78300
 203         19402.10800
 204         19510.71200
 205         19619.59600
 206         19728.76400
 207         19838.21700
 208         19947.95700
 209         20057.98700
 210         20168.30900
 211         20278.92500
 212         20389.83700
 213         20501.04700
 214         20612.55800
 215         20724.37100
 216         20836.48900
 217         20948.91400
 218         21061.64800
 219         21174.69300
 220         21288.05000
 221         21401.72300
 222         21515.71300
 223         21630.02200
 224         21744.65300
 225         21859.60600
 226         21974.88500
 227         22090.49200
 228         22206.42700
 229         22322.69500
 230         22439.29500
 231         22556.23100
 232         22673.50400
 233         22791.11600
 234         22909.06900
 235         23027.36600
 236         23146.00700
 237         23264.99600
 238         23384.33400
 239         23504.02200
 240         23624.06400
 241         23744.46000
 242         23865.21200
 243         23986.32300
 244         24107.79500
 245         24229.62900
 246         24351.82700
 247         24474.39000
 248         24597.32200
 249         24720.62400
 250         24844.29700
 251         24968.34300
 252         25092.76500
 253         25217.56400
 254         25342.74100
 255         25468.30000
 256         25594.24000
 257         25720.56600
 258         25847.27700
 259         25974.37600
 260         26101.86600
 261         26229.74600
 262         26358.02000
 263         26486.68900
 264         26615.75500
 265         26745.21900
 266         26875.08400
 267         27005.35100
 268         27136.02200
 269         27267.09900
 270         27398.58300
 271         27530.47600
 272         27662.78000
 273         27795.49700
 274         27928.62800
 275         28062.17500
 276         28196.14000
 277         28330.52500
 278         28465.33100
 279         28600.56000
 280         28736.21300
 281         28872.29300
 282         29008.80100
 283         29145.73900
 284         29283.10900
 285         29420.91100
 286         29559.14900
 287         29697.82300
 288         29836.93500
 289         29976.48700
 290         30116.48100
 291         30256.91900
 292         30397.80100
 293         30539.13000
 294         30680.90800
 295         30823.13500
 296         30965.81400
 297         31108.94700
 298         31252.53400
 299         31396.57900
 300         31541.08100
 301         31686.04400
 302         31831.46900
 303         31977.35600
 304         32123.70900
 305         32270.52900
 306         32417.81600
 307         32565.57400
 308         32713.80300
 309         32862.50600
 310         33011.68400
 311         33161.33800
 312         33311.47000
 313         33462.08200
 314         33613.17600
 315         33764.75300
 316         33916.81500
 317         34069.36300
 318         34222.39900
 319         34375.92500
 320         34529.94200
 321         34684.45200
 322         34839.45700
 323         34994.95800
 324         35150.95700
 325         35307.45500
 326         35464.45500
 327         35621.95800
 328         35779.96500
 329         35938.47800
 330         36097.49800
 331         36257.02900
 332         36417.07000
 333         36577.62300
 334         36738.69100
 335         36900.27500
 336         37062.37700
 337         37224.99700
 338         37388.13900
 339         37551.80300
 340         37715.99000
 341         37880.70400
 342         38045.94500
 343         38211.71500
 344         38378.01500
 345         38544.84800
 346         38712.21500
 347         38880.11700
 348         39048.55600
 349         39217.53500
 350         39387.05300
 351         39557.11400
 352         39727.71800
 353         39898.86800
 354         40070.56500
 355         40242.81000
 356         40415.60600
 357         40588.95400
 358         40762.85500
 359         40937.31100
 360         41112.32500
 361         41287.89700
 362         41464.02900
 363         41640.72300
 364         41817.98000
 365         41995.80300
 366         42174.19200
 367         42353.15000
 368         42532.67800
 369         42712.77700
 370         42893.45000
 371         43074.69800
 372         43256.52300
 373         43438.92600
 374         43621.90900
 375         43805.47400
 376         43989.62200
 377         44174.35600
 378         44359.67600
 379         44545.58400
 380         44732.08300
 381         44919.17300
 382         45106.85600
 383         45295.13500
 384         45484.01000
 385         45673.48400
 386         45863.55800
 387         46054.23400
 388         46245.51300
 389         46437.39700
 390         46629.88800
 391         46822.98800
 392         47016.69800
 393         47211.02000
 394         47405.95500
 395         47601.50600
 396         47797.67400
 397         47994.46000
 398         48191.86700
 399         48389.89500
 400         48588.54800
 401         48787.82600
 402         48987.73100
 403         49188.26600
 404         49389.43000
 405         49591.22800
 406         49793.65900
 407         49996.72600
 408         50200.43000
 409         50404.77400
 410         50609.75900
 411         50815.38600
 412         51021.65700
 413         51228.57500
 414         51436.14100
 415         51644.35600
 416         51853.22200
 417         52062.74200
 418         52272.91600
 419         52483.74700
 420         52695.23600
 421         52907.38500
 422         53120.19500
 423         53333.67000
 424         53547.80900
 425         53762.61600
 426         53978.09100
 427         54194.23700
 428         54411.05500
 429         54628.54700
 430         54846.71500
 431         55065.56100
 432         55285.08600
 433         55505.29200
 434         55726.18100
 435         55947.75400
 436         56170.01500
 437         56392.96300
 438         56616.60100
 439         56840.93100
 440         57065.95500
 441         57291.67400
 442         57518.09100
 443         57745.20600
 444         57973.02200
 445         58201.54100
 446         58430.76400
 447         58660.69300
 448         58891.33100
 449         59122.67800
 450         59354.73700
 451         59587.50900
 452         59820.99600
 453         60055.20100
 454         60290.12400
 455         60525.76800
 456         60762.13500
 457         60999.22600
 458         61237.04400
 459         61475.58900
 460         61714.86500
 461         61954.87200
 462         62195.61200
 463         62437.08900
 464         62679.30200
 465         62922.25500
 466         63165.94800
 467         63410.38500
 468         63655.56600
 469         63901.49400
 470         64148.17000
 471         64395.59700
 472         64643.77500
 473         64892.70800
 474         65142.39700
 475         65392.84400
 476         65644.05000
 477         65896.01800
 478         66148.74900
 479         66402.24600
 480         66656.51000
 481         66911.54400
 482         67167.34800
 483         67423.92500
 484         67681.27700
 485         67939.40600
 486         68198.31400
 487         68458.00200
 488         68718.47300
 489         68979.72800
 490         69241.77000
 491         69504.60000
 492         69768.22000
 493         70032.63300
 494         70297.83900
 495         70563.84200
 496         70830.64200
 497         71098.24200
 498         71366.64500
 499         71635.85100
 500         71905.86200
 501         72176.68200
 502         72448.31100
 503         72720.75200
 504         72994.00600
 505         73268.07600
 506         73542.96400
 507         73818.67100
 508         74095.20000
 509         74372.55200
 510         74650.72900
 511         74929.73400
 512         75209.56900
 513         75490.23400
 514         75771.73300
 515         76054.06800
 516         76337.24000
 517         76621.25100
 518         76906.10400
 519         77191.80100
 520         77478.34200
 521         77765.73100
 522         78053.97000
 523         78343.06000
 524         78633.00400
 525         78923.80300
 526         79215.46000
 527         79507.97600
 528         79801.35400
 529         80095.59600
 530         80390.70400
 531         80686.67900
 532         80983.52400
 533         81281.24100
 534         81579.83200
 535         81879.29900
 536         82179.64400
 537         82480.86900
 538         82782.97700
 539         83085.96800
 540         83389.84600
 541         83694.61300
 542         84000.27000
 543         84306.81900
 544         84614.26400
 545         84922.60500
 546         85231.84400
 547         85541.98500
 548         85853.02900
 549         86164.97800
 550         86477.83500
 551         86791.60100
 552         87106.27800
 553         87421.86900
 554         87738.37600
 555         88055.80000
 556         88374.14500
 557         88693.41200
 558         89013.60300
 559         89334.72000
 560         89656.76600
 561         89979.74300
 562         90303.65200
 563         90628.49700
 564         90954.27800
 565         91280.99900
 566         91608.66200
 567         91937.26800
 568         92266.82000
 569         92597.31900
 570         92928.76900
 571         93261.17100
 572         93594.52800
 573         93928.84200
 574         94264.11400
 575         94600.34700
 576         94937.54400
 577         95275.70600
 578         95614.83500
 579         95954.93500
 580         96296.00600
 581         96638.05200
 582         96981.07500
 583         97325.07600
 584         97670.05800
 585         98016.02300
 586         98362.97300
 587         98710.91100
 588         99059.83900
 589         99409.75900
 590         99760.67400
 591        100112.58000
 592        100465.49000
 593        100819.40000
 594        101174.32000
 595        101530.24000
 596        101887.17000
 597        102245.10000
 598        102604.05000
 599        102964.02000
 600        103325.00000
 601        103687.00000
 602        104050.02000
 603        104414.07000
 604        104779.14000
 605        105145.24000
 606        105512.37000
 607        105880.54000
 608        106249.74000
 609        106619.97000
 610        106991.25000
 611        107363.57000
 612        107736.93000
 613        108111.34000
 614        108486.80000
 615        108863.31000
 616        109240.88000
 617        109619.50000
 618        109999.18000
 619        110379.92000
 620        110761.72000
 621        111144.59000
 622        111528.53000
 623        111913.54000
 624        112299.61000
 625        112686.77000
 626        113075.00000
 627        113464.31000
 628        113854.71000
 629        114246.19000
 630        114638.75000
 631        115032.40000
 632        115427.15000
 633        115822.99000
 634        116219.93000
 635        116617.96000
 636        117017.10000
 637        117417.34000
 638        117818.68000
 639        118221.14000
 640        118624.70000
 641        119029.38000
 642        119435.18000
 643        119842.09000
 644        120250.12000
 645        120659.28000
 646        121069.56000
 647        121480.97000
 648        121893.51000
 649        122307.18000
 650        122721.99000
 651        123137.93000
 652        123555.02000
 653        123973.25000
 654        124392.62000
 655        124813.14000
 656        125234.81000
 657        125657.63000
 658        126081.61000
 659        126506.75000
 660        126933.04000
 661        127360.50000
 662        127789.12000
 663        128218.91000
 664        128649.87000
 665        129082.01000
 666        129515.31000
 667        129949.80000
 668        130385.46000
 669        130822.31000
 670        131260.35000
 671        131699.57000
 672        132139.98000
 673        132581.58000
 674        133024.38000
 675        133468.37000
 676        133913.57000
 677        134359.97000
 678        134807.58000
 679        135256.39000
 680        135706.41000
 681        136157.65000
 682        136610.10000
 683        137063.77000
 684        137518.66000
 685        137974.78000
 686        138432.12000
 687        138890.69000
 688        139350.49000
 689        139811.52000
 690        140273.79000
 691        140737.30000
 692        141202.06000
 693        141668.05000
 694        142135.29000
 695        142603.79000
 696        143073.53000
 697        143544.53000
 698        144016.79000
 699        144490.30000
 700        144965.08000
 701        145441.13000
 702        145918.44000
 703        146397.02000
 704        146876.88000
 705        147358.01000
 706        147840.42000
 707        148324.11000
 708        148809.09000
 709        149295.35000
 710        149782.90000
 711        150271.74000
 712        150761.88000
 713        151253.31000
 714        151746.05000
 715        152240.09000
 716        152735.43000
 717        153232.08000
 718        153730.04000
 719        154229.32000
 720        154729.91000
 721        155231.82000
 722        155735.06000
 723        156239.61000
 724        156745.50000
 725        157252.71000
 726        157761.26000
 727        158271.14000
 728        158782.36000
 729        159294.92000
 730        159808.83000
 731        160324.08000
 732        160840.68000
 733        161358.63000
 734        161877.94000
 735        162398.60000
 736        162920.62000
 737        163444.01000
 738        163968.76000
 739        164494.89000
 740        165022.38000
 741        165551.25000
 742        166081.49000
 743        166613.12000
 744        167146.12000
 745        167680.52000
 746        168216.30000
 747        168753.47000
 748        169292.03000
 749        169831.99000
 750        170373.36000
 751        170916.12000
 752        171460.29000
 753        172005.87000
 754        172552.86000
 755        173101.26000
 756        173651.08000
 757        174202.32000
 758        174754.98000
 759        175309.06000
 760        175864.58000
 761        176421.52000
 762        176979.90000
 763        177539.72000
 764        178100.97000
 765        178663.67000
 766        179227.81000
 767        179793.41000
 768        180360.45000
 769        180928.95000
 770        181498.90000
 771        182070.31000
 772        182643.19000
 773        183217.53000
 774        183793.35000
 775        184370.63000
 776        184949.39000
 777        185529.62000
 778        186111.34000
 779        186694.54000
 780        187279.22000
 781        187865.40000
 782        188453.07000
 783        189042.23000
 784        189632.89000
 785        190225.06000
 786        190818.72000
 787        191413.90000
 788        192010.58000
 789        192608.78000
 790        193208.49000
 791        193809.73000
 792        194412.48000
 793        195016.76000
 794        195622.57000
 795        196229.91000
 796        196838.79000
 797        197449.20000
 798        198061.15000
 799        198674.64000
 800        199289.69000
 801        199906.28000
 802        200524.42000
 803        201144.12000
 804        201765.38000
 805        202388.20000
 806        203012.58000
 807        203638.53000
 808        204266.05000
 809        204895.15000
 810        205525.82000
 811        206158.08000
 812        206791.91000
 813        207427.33000
 814        208064.35000
 815        208702.95000
 816        209343.15000
 817        209984.95000
 818        210628.35000
 819        211273.35000
 820        211919.97000
 821        212568.19000
 822        213218.03000
 823        213869.48000
 824        214522.56000
 825        215177.26000
 826        215833.59000
 827        216491.54000
 828        217151.13000
 829        217812.36000
 830        218475.22000
 831        219139.73000
 832        219805.88000
 833        220473.68000
 834        221143.14000
 835        221814.25000
 836        222487.01000
 837        223161.44000
 838        223837.54000
 839        224515.30000
 840        225194.73000
 841        225875.84000
 842        226558.63000
 843        227243.09000
 844        227929.24000
 845        228617.08000
 846        229306.61000
 847        229997.83000
 848        230690.75000
 849        231385.37000
 850        232081.69000
 851        232779.72000
 852        233479.46000
 853        234180.91000
 854        234884.08000
 855        235588.96000
 856        236295.58000
 857        237003.91000
 858        237713.98000
 859        238425.78000
 860        239139.32000
 861        239854.59000
 862        240571.61000
 863        241290.38000
 864        242010.89000
 865        242733.16000
 866        243457.18000
 867        244182.96000
 868        244910.50000
 869        245639.81000
 870        246370.89000
 871        247103.74000
 872        247838.37000
 873        248574.78000
 874        249312.97000
 875        250052.94000
 876        250794.71000
 877        251538.27000
 878        252283.62000
 879        253030.77000
 880        253779.73000
 881        254530.49000
 882        255283.06000
 883        256037.45000
 884        256793.65000
 885        257551.67000
 886        258311.51000
 887        259073.18000
 888        259836.68000
 889        260602.01000
 890        261369.18000
 891        262138.19000
 892        262909.05000
 893        263681.75000
 894        264456.30000
 895        265232.71000
 896        266010.97000
 897        266791.09000
 898        267573.08000
 899        268356.93000
 900        269142.66000
 901        269930.26000
 902        270719.74000
 903        271511.10000
 904        272304.35000
 905        273099.48000
 906        273896.51000
 907        274695.43000
 908        275496.25000
 909        276298.97000
 910        277103.60000
 911        277910.14000
 912        278718.59000
 913        279528.96000
 914        280341.25000
 915        281155.46000
 916        281971.60000
 917        282789.67000
 918        283609.68000
 919        284431.62000
 920        285255.50000
 921        286081.33000
 922        286909.11000
 923        287738.83000
 924        288570.52000
 925        289404.16000
 926        290239.77000
 927        291077.34000
 928        291916.88000
 929        292758.40000
 930        293601.89000
 931        294447.36000
 932        295294.82000
 933        296144.26000
 934        296995.70000
 935        297849.13000
 936        298704.56000
 937        299562.00000
 938        300421.43000
 939        301282.88000
 940        302146.34000
 941        303011.82000
 942        303879.32000
 943        304748.84000
 944        305620.40000
 945        306493.98000
 946        307369.60000
 947        308247.25000
 948        309126.95000
 949        310008.70000
 950        310892.49000
 951        311778.34000
 952        312666.24000
 953        313556.21000
 954        314448.24000
 955        315342.34000
 956        316238.51000
 957        317136.76000
 958        318037.09000
 959        318939.50000
 960        319843.99000
 961        320750.58000
 962        321659.27000
 963        322570.05000
 964        323482.93000
 965        324397.92000
 966        325315.01000
 967        326234.22000
 968        327155.55000
 969        328079.00000
 970        329004.57000
 971        329932.27000
 972        330862.11000
 973        331794.08000
 974        332728.18000
 975        333664.44000
 976        334602.84000
 977        335543.39000
 978        336486.09000
 979        337430.96000
 980        338377.98000
 981        339327.18000
 982        340278.54000
 983        341232.08000
 984        342187.79000
 985        343145.69000
 986        344105.77000
 987        345068.04000
 988        346032.51000
 989        346999.17000
 990        347968.03000
 991        348939.10000
 992        349912.38000
 993        350887.86000
 994        351865.57000
 995        352845.50000
 996        353827.65000
 997        354812.03000
 998        355798.64000
 999        356787.48000
1000        357778.57000
1001        358771.90000
1002        359767.48000
1003        360765.31000
1004        361765.39000
1005        362767.74000
1006        363772.35000
1007        364779.22000
1008        365788.37000
1009        366799.79000
1010        367813.50000
1011        368829.48000
1012        369847.75000
1013        370868.32000
1014        371891.18000
1015        372916.34000
1016        373943.80000
1017        374973.57000
1018        376005.65000
1019        377040.04000
1020        378076.76000
1021        379115.79000
1022        380157.16000
1023        381200.86000
1024        382246.89000
1025        383295.26000
1026        384345.97000
1027        385399.03000
1028        386454.45000
1029        387512.22000
1030        388572.34000
1031        389634.84000
1032        390699.70000
1033        391766.93000
1034        392836.54000
1035        393908.52000
1036        394982.89000
1037        396059.65000
1038        397138.80000
1039        398220.35000
1040        399304.30000
1041        400390.65000
1042        401479.41000
1043        402570.59000
1044        403664.18000
1045        404760.19000
1046        405858.63000
1047        406959.50000
1048        408062.80000
1049        409168.53000
1050        410276.71000
1051        411387.34000
1052        412500.41000
1053        413615.94000
1054        414733.93000
1055        415854.38000
1056        416977.30000
1057        418102.68000
1058        419230.55000
1059        420360.89000
1060        421493.71000
1061        422629.03000
1062        423766.83000
1063        424907.14000
1064        426049.94000
1065        427195.24000
1066        428343.06000
1067        429493.39000
1068        430646.23000
1069        431801.60000
1070        432959.49000
1071        434119.92000
1072        435282.88000
1073        436448.37000
1074        437616.41000
1075        438787.00000
1076        439960.13000
1077        441135.83000
1078        442314.08000
1079        443494.90000
1080        444678.29000
1081        445864.24000
1082        447052.78000
1083        448243.90000
1084        449437.60000
1085        450633.90000
1086        451832.78000
1087        453034.27000
1088        454238.36000
1089        455445.06000
1090        456654.37000
1091        457866.29000
1092        459080.84000
1093        460298.01000
1094        461517.81000
1095        462740.25000
1096        463965.32000
1097        465193.03000
1098        466423.39000
1099        467656.41000
1100        468892.08000
1101        470130.40000
1102        471371.40000
1103        472615.06000
1104        473861.39000
1105        475110.41000
1106        476362.10000
1107        477616.48000
1108        478873.55000
1109        480133.32000
1110        481395.79000
1111        482660.96000
1112        483928.84000
1113        485199.43000
1114        486472.75000
1115        487748.78000
1116        489027.54000
1117        490309.03000
1118        491593.26000
1119        492880.23000
1120        494169.94000
1121        495462.40000
1122        496757.62000
1123        498055.59000
1124        499356.32000
1125        500659.83000
1126        501966.10000
1127        503275.15000
1128        504586.98000
1129        505901.60000
1130        507219.01000
1131        508539.21000
1132        509862.21000
1133        511188.01000
1134        512516.63000
1135        513848.05000
1136        515182.29000
1137        516519.36000
1138        517859.25000
1139        519201.97000
1140        520547.53000
1141        521895.93000
1142        523247.17000
1143        524601.26000
1144        525958.21000
1145        527318.01000
1146        528680.68000
1147        530046.22000
1148        531414.63000
1149        532785.91000
1150        534160.08000
1151        535537.14000
1152        536917.09000
1153        538299.93000
1154        539685.67000
1155        541074.32000
1156        542465.88000
1157        543860.35000
1158        545257.74000
1159        546658.06000
1160        548061.31000
1161        549467.48000
1162        550876.60000
1163        552288.66000
1164        553703.67000
1165        555121.63000
1166        556542.55000
1167        557966.42000
1168        559393.27000
1169        560823.09000
1170        562255.88000
1171        563691.65000
1172        565130.41000
1173        566572.16000
1174        568016.91000
1175        569464.65000
1176        570915.40000
1177        572369.16000
1178        573825.94000
1179        575285.73000
1180        576748.55000
1181        578214.39000
1182        579683.27000
1183        581155.19000
1184        582630.15000
1185        584108.16000
1186        585589.22000
1187        587073.34000
1188        588560.52000
1189        590050.77000
1190        591544.09000
1191        593040.49000
1192        594539.97000
1193        596042.54000
1194        597548.20000
1195        599056.95000
1196        600568.81000
1197        602083.77000
1198        603601.85000
1199        605123.04000
1200        606647.36000
1201        608174.79000
1202        609705.36000
1203        611239.07000
1204        612775.92000
1205        614315.91000
1206        615859.05000
1207        617405.35000
1208        618954.81000
1209        620507.44000
1210        622063.23000
1211        623622.21000
1212        625184.36000
1213        626749.70000
1214        628318.23000
1215        629889.95000
1216        631464.87000
1217        633043.00000
1218        634624.34000
1219        636208.90000
1220        637796.68000
1221        639387.68000
1222        640981.91000
1223        642579.38000
1224        644180.09000
1225        645784.04000
1226        647391.25000
1227        649001.71000
1228        650615.43000
1229        652232.42000
1230        653852.68000
1231        655476.21000
1232        657103.03000
1233        658733.13000
1234        660366.53000
1235        662003.22000
1236        663643.21000
1237        665286.51000
1238        666933.12000
1239        668583.05000
1240        670236.30000
1241        671892.87000
1242        673552.78000
1243        675216.03000
1244        676882.62000
1245        678552.56000
1246        680225.85000
1247        681902.49000
1248        683582.50000
1249        685265.88000
1250        686952.64000
1251        688642.77000
1252        690336.29000
1253        692033.19000
1254        693733.49000
1255        695437.19000
1256        697144.29000
1257        698854.81000
1258        700568.74000
1259        702286.09000
1260        704006.86000
1261        705731.07000
1262        707458.71000
1263        709189.79000
1264        710924.33000
1265        712662.31000
1266        714403.75000
1267        716148.65000
1268        717897.02000
1269        719648.86000
1270        721404.19000
1271        723162.99000
1272        724925.29000
1273        726691.07000
1274        728460.36000
1275        730233.16000
1276        732009.46000
1277        733789.28000
1278        735572.62000
1279        737359.48000
1280        739149.88000
1281        740943.82000
1282        742741.29000
1283        744542.32000
1284        746346.89000
1285        748155.03000
1286        749966.73000
1287        751782.00000
1288        753600.84000
1289        755423.26000
1290        757249.27000
1291        759078.87000
1292        760912.07000
1293        762748.86000
1294        764589.27000
1295        766433.28000
1296        768280.92000
1297        770132.17000
1298        771987.06000
1299        773845.58000
1300        775707.74000
1301        777573.55000
1302        779443.00000
1303        781316.11000
1304        783192.89000
1305        785073.33000
1306        786957.44000
1307        788845.23000
1308        790736.70000
1309        792631.87000
1310        794530.72000
1311        796433.28000
1312        798339.54000
1313        800249.52000
1314        802163.21000
1315        804080.62000
1316        806001.76000
1317        807926.63000
1318        809855.25000
1319        811787.60000
1320        813723.71000
1321        815663.57000
1322        817607.20000
1323        819554.59000
1324        821505.75000
1325        823460.69000
1326        825419.41000
1327        827381.92000
1328        829348.23000
1329        831318.34000
1330        833292.25000
1331        835269.98000
1332        837251.52000
1333        839236.89000
1334        841226.08000
1335        843219.11000
1336        845215.97000
1337        847216.69000
1338        849221.25000
1339        851229.67000
1340        853241.96000
1341        855258.11000
1342        857278.13000
1343        859302.04000
1344        861329.83000
1345        863361.51000
1346        865397.09000
1347        867436.57000
1348        869479.96000
1349        871527.26000
1350        873578.48000
1351        875633.63000
1352        877692.71000
1353        879755.72000
1354        881822.68000
1355        883893.58000
1356        885968.45000
1357        888047.27000
1358        890130.05000
1359        892216.81000
1360        894307.54000
1361        896402.26000
1362        898500.97000
1363        900603.67000
1364        902710.37000
1365        904821.08000
1366        906935.80000
1367        909054.54000
1368        911177.31000
1369        913304.10000
1370        915434.93000
1371        917569.80000
1372        919708.71000
1373        921851.69000
1374        923998.71000
1375        926149.81000
1376        928304.97000
1377        930464.22000
1378        932627.54000
1379        934794.95000
1380        936966.46000
1381        939142.07000
1382        941321.78000
1383        943505.61000
1384        945693.56000
1385        947885.63000
1386        950081.82000
1387        952282.16000
1388        954486.64000
1389        956695.26000
1390        958908.04000
1391        961124.98000
1392        963346.08000
1393        965571.36000
1394        967800.82000
1395        970034.45000
1396        972272.28000
1397        974514.31000
1398        976760.53000
1399        979010.97000
1400        981265.61000
1401        983524.48000
1402        985787.58000
1403        988054.90000
1404        990326.47000
1405        992602.27000
1406        994882.33000
1407        997166.65000
1408        999455.23000
1409       1001748.10000
1410       1004045.20000
1411       1006346.60000
1412       1008652.30000
1413       1010962.30000
1414       1013276.50000
1415       1015595.10000
1416       1017918.00000
1417       1020245.20000
1418       1022576.80000
1419       1024912.60000
1420       1027252.80000
1421       1029597.40000
1422       1031946.30000
1423       1034299.50000
1424       1036657.10000
1425       1039019.10000
1426       1041385.50000
1427       1043756.20000
1428       1046131.30000
1429       1048510.80000
1430       1050894.70000
1431       1053283.00000
1432       1055675.70000
1433       1058072.80000
1434       1060474.40000
1435       1062880.40000
1436       1065290.80000
1437       1067705.60000
1438       1070125.00000
1439       1072548.70000
1440       1074976.90000
1441       1077409.60000
1442       1079846.80000
1443       1082288.40000
1444       1084734.50000
1445       1087185.10000
1446       1089640.30000
1447       1092099.90000
1448       1094564.00000
1449       1097032.60000
1450       1099505.80000
1451       1101983.50000
1452       1104465.70000
1453       1106952.50000
1454       1109443.80000
1455       1111939.70000
1456       1114440.10000
1457       1116945.10000
1458       1119454.70000
1459       1121968.90000
1460       1124487.60000
1461       1127010.90000
1462       1129538.90000
1463       1132071.40000
1464       1134608.60000
1465       1137150.40000
1466       1139696.80000
1467       1142247.80000
1468       1144803.50000
1469       1147363.80000
1470       1149928.70000
1471       1152498.30000
1472       1155072.60000
1473       1157651.60000
1474       1160235.20000
1475       1162823.50000
1476       1165416.50000
1477       1168014.20000
1478       1170616.60000
1479       1173223.80000
1480       1175835.60000
1481       1178452.10000
1482       1181073.40000
1483       1183699.40000
1484       1186330.20000
1485       1188965.70000
1486       1191605.90000
1487       1194251.00000
1488       1196900.80000
1489       1199555.30000
1490       1202214.70000
1491       1204878.80000
1492       1207547.70000
1493       1210221.50000
1494       1212900.00000
1495       1215583.30000
1496       1218271.50000
1497       1220964.50000
1498       1223662.30000
1499       1226365.00000
1500       1229072.50000
1501       1231784.90000
1502       1234502.10000
1503       1237224.20000
1504       1239951.20000
1505       1242683.10000
1506       1245419.80000
1507       1248161.40000
1508       1250908.00000
1509       1253659.40000
1510       1256415.80000
1511       1259177.00000
1512       1261943.30000
1513       1264714.40000
1514       1267490.50000
1515       1270271.50000
1516       1273057.50000
1517       1275848.40000
1518       1278644.30000
1519       1281445.20000
1520       1284251.10000
1521       1287061.90000
1522       1289877.80000
1523       1292698.60000
1524       1295524.50000
1525       1298355.40000
1526       1301191.30000
1527       1304032.20000
1528       1306878.10000
1529       1309729.10000
1530       1312585.20000
1531       1315446.30000
1532       1318312.50000
1533       1321183.70000
1534       1324060.00000
1535       1326941.40000
1536       1329827.90000
1537       1332719.50000
1538       1335616.20000
1539       1338518.00000
1540       1341424.90000
1541       1344336.90000
1542       1347254.10000
1543       1350176.40000
1544       1353103.90000
1545       1356036.50000
1546       1358974.30000
1547       1361917.20000
1548       1364865.30000
1549       1367818.60000
1550       1370777.10000
1551       1373740.70000
1552       1376709.60000
1553       1379683.70000
1554       1382663.00000
1555       1385647.50000
1556       1388637.20000
1557       1391632.20000
1558       1394632.40000
1559       1397637.90000
1560       1400648.60000
1561       1403664.60000
1562       1406685.90000
1563       1409712.40000
1564       1412744.30000
1565       1415781.40000
1566       1418823.80000
1567       1421871.50000
1568       1424924.50000
1569       1427982.90000
1570       1431046.60000
1571       1434115.60000
1572       1437190.00000
1573       1440269.70000
1574       1443354.70000
1575       1446445.10000
1576       1449540.90000
1577       1452642.10000
1578       1455748.70000
1579       1458860.60000
1580       1461977.90000
1581       1465100.70000
1582       1468228.90000
1583       1471362.40000
1584       1474501.40000
1585       1477645.90000
1586       1480795.80000
1587       1483951.10000
1588       1487111.90000
1589       1490278.10000
1590       1493449.90000
1591       1496627.10000
1592       1499809.70000
1593       1502997.90000
1594       1506191.60000
1595       1509390.80000
1596       1512595.50000
1597       1515805.70000
1598       1519021.40000
1599       1522242.70000
1600       1525469.50000
1601       1528701.90000
1602       1531939.80000
1603       1535183.30000
1604       1538432.30000
1605       1541687.00000
1606       1544947.20000
1607       1548213.00000
1608       1551484.40000
1609       1554761.50000
1610       1558044.10000
1611       1561332.40000
1612       1564626.30000
1613       1567925.80000
1614       1571231.00000
1615       1574541.80000
1616       1577858.30000
1617       1581180.50000
1618       1584508.30000
1619       1587841.80000
1620       1591181.00000
1621       1594525.90000
1622       1597876.50000
1623       1601232.80000
1624       1604594.90000
1625       1607962.60000
1626       1611336.10000
1627       1614715.40000
1628       1618100.30000
1629       1621491.10000
1630       1624887.60000
1631       1628289.90000
1632       1631697.90000
1633       1635111.70000
1634       1638531.40000
1635       1641956.80000
1636       1645388.10000
1637       1648825.10000
1638       1652268.00000
1639       1655716.70000
1640       1659171.30000
1641       1662631.60000
1642       1666097.90000
1643       1669570.00000
1644       1673048.00000
1645       1676531.80000
1646       1680021.60000
1647       1683517.20000
1648       1687018.70000
1649       1690526.20000
1650       1694039.50000
1651       1697558.80000
1652       1701084.00000
1653       1704615.10000
1654       1708152.20000
1655       1711695.30000
1656       1715244.30000
1657       1718799.20000
1658       1722360.20000
1659       1725927.10000
1660       1729500.00000
1661       1733078.90000
1662       1736663.80000
1663       1740254.80000
1664       1743851.70000
1665       1747454.70000
1666       1751063.70000
1667       1754678.80000
1668       1758299.90000
1669       1761927.10000
1670       1765560.30000
1671       1769199.60000
1672       1772845.00000
1673       1776496.50000
1674       1780154.10000
1675       1783817.80000
1676       1787487.60000
1677       1791163.50000
1678       1794845.60000
1679       1798533.80000
1680       1802228.10000
1681       1805928.60000
1682       1809635.30000
1683       1813348.10000
1684       1817067.10000
1685       1820792.30000
1686       1824523.70000
1687       1828261.30000
1688       1832005.10000
1689       1835755.10000
1690       1839511.30000
1691       1843273.70000
1692       1847042.40000
1693       1850817.40000
1694       1854598.60000
1695       1858386.00000
1696       1862179.80000
1697       1865979.80000
1698       1869786.10000
1699       1873598.70000
1700       1877417.60000
1701       1881242.80000
1702       1885074.30000
1703       1888912.20000
1704       1892756.40000
1705       1896606.90000
1706       1900463.80000
1707       1904327.00000
1708       1908196.60000
1709       1912072.60000
1710       1915954.90000
1711       1919843.70000
1712       1923738.90000
1713       1927640.40000
1714       1931548.40000
1715       1935462.80000
1716       1939383.60000
1717       1943310.90000
1718       1947244.60000
1719       1951184.70000
1720       1955131.40000
1721       1959084.50000
1722       1963044.00000
1723       1967010.10000
1724       1970982.70000
1725       1974961.70000
1726       1978947.30000
1727       1982939.40000
1728       1986938.00000
1729       1990943.20000
1730       1994954.90000
1731       1998973.10000
1732       2002997.90000
1733       2007029.30000
1734       2011067.30000
1735       2015111.80000
1736       2019162.90000
1737       2023220.70000
1738       2027285.00000
1739       2031356.00000
1740       2035433.60000
1741       2039517.80000
1742       2043608.70000
1743       2047706.20000
1744       2051810.40000
1745       2055921.20000
1746       2060038.70000
1747       2064162.90000
1748       2068293.80000
1749       2072431.40000
1750       2076575.70000
1751       2080726.70000
1752       2084884.40000
1753       2089048.90000
1754       2093220.10000
1755       2097398.10000
1756       2101582.80000
1757       2105774.30000
1758       2109972.60000
1759       2114177.60000
1760       2118389.40000
1761       2122608.10000
1762       2126833.50000
1763       2131065.80000
1764       2135304.90000
1765       2139550.80000
1766       2143803.50000
1767       2148063.20000
1768       2152329.60000
1769       2156603.00000
1770       2160883.20000
1771       2165170.30000
1772       2169464.30000
1773       2173765.10000
1774       2178072.90000
1775       2182387.60000
1776       2186709.30000
1777       2191037.90000
1778       2195373.40000
1779       2199715.80000
1780       2204065.30000
1781       2208421.70000
1782       2212785.00000
1783       2217155.40000
1784       2221532.70000
1785       2225917.10000
1786       2230308.50000
1787       2234706.80000
1788       2239112.30000
1789       2243524.70000
1790       2247944.20000
1791       2252370.70000
1792       2256804.30000
1793       2261245.00000
1794       2265692.80000
1795       2270147.60000
1796       2274609.60000
1797       2279078.60000
1798       2283554.80000
1799       2288038.10000
1800       2292528.50000
1801       2297026.00000
1802       2301530.70000
1803       2306042.60000
1804       2310561.60000
1805       2315087.80000
1806       2319621.20000
1807       2324161.80000
1808       2328709.60000
1809       2333264.60000
1810       2337826.80000
1811       2342396.20000
1812       2346972.80000
1813       2351556.80000
1814       2356147.90000
1815       2360746.30000
1816       2365352.00000
1817       2369965.00000
1818       2374585.30000
1819       2379212.80000
1820       2383847.70000
1821       2388489.80000
1822       2393139.30000
1823       2397796.20000
1824       2402460.30000
1825       2407131.90000
1826       2411810.70000
1827       2416497.00000
1828       2421190.60000
1829       2425891.60000
1830       2430600.00000
1831       2435315.80000
1832       2440039.00000
1833       2444769.60000
1834       2449507.70000
1835       2454253.20000
1836       2459006.10000
1837       2463766.50000
1838       2468534.40000
1839       2473309.70000
1840       2478092.50000
1841       2482882.80000
1842       2487680.60000
1843       2492486.00000
1844       2497298.80000
1845       2502119.20000
1846       2506947.10000
1847       2511782.50000
1848       2516625.50000
1849       2521476.10000
1850       2526334.20000
1851       2531199.90000
1852       2536073.20000
1853       2540954.10000
1854       2545842.60000
1855       2550738.70000
1856       2555642.50000
1857       2560553.90000
1858       2565472.90000
1859       2570399.60000
1860       2575333.90000
1861       2580275.90000
1862       2585225.60000
1863       2590183.00000
1864       2595148.10000
1865       2600120.90000
1866       2605101.40000
1867       2610089.60000
1868       2615085.60000
1869       2620089.30000
1870       2625100.80000
1871       2630120.00000
1872       2635147.00000
1873       2640181.80000
1874       2645224.30000
1875       2650274.70000
1876       2655332.90000
1877       2660398.90000
1878       2665472.70000
1879       2670554.40000
1880       2675643.90000
1881       2680741.20000
1882       2685846.40000
1883       2690959.50000
1884       2696080.50000
1885       2701209.40000
1886       2706346.10000
1887       2711490.80000
1888       2716643.40000
1889       2721803.90000
1890       2726972.40000
1891       2732148.80000
1892       2737333.10000
1893       2742525.40000
1894       2747725.70000
1895       2752934.00000
1896       2758150.30000
1897       2763374.60000
1898       2768606.90000
1899       2773847.20000
1900       2779095.50000
1901       2784351.90000
1902       2789616.30000
1903       2794888.80000
1904       2800169.40000
1905       2805458.00000
1906       2810754.80000
1907       2816059.60000
1908       2821372.50000
1909       2826693.50000
1910       2832022.70000
1911       2837360.00000
1912       2842705.40000
1913       2848059.00000
1914       2853420.80000
1915       2858790.70000
1916       2864168.80000
1917       2869555.10000
1918       2874949.70000
1919       2880352.40000
1920       2885763.30000
1921       2891182.50000
1922       2896609.90000
1923       2902045.50000
1924       2907489.40000
1925       2912941.60000
1926       2918402.00000
1927       2923870.80000
1928       2929347.80000
1929       2934833.10000
1930       2940326.80000
1931       2945828.80000
1932       2951339.10000
1933       2956857.70000
1934       2962384.70000
1935       2967920.10000
1936       2973463.80000
1937       2979016.00000
1938       2984576.50000
1939       2990145.40000
1940       2995722.70000
1941       3001308.50000
1942       3006902.70000
1943       3012505.30000
1944       3018116.30000
1945       3023735.90000
1946       3029363.90000
1947       3035000.40000
1948       3040645.30000
1949       3046298.80000
1950       3051960.80000
1951       3057631.20000
1952       3063310.30000
1953       3068997.80000
1954       3074693.90000
1955       3080398.60000
1956       3086111.80000
1957       3091833.60000
1958       3097564.00000
1959       3103303.00000
1960       3109050.60000
1961       3114806.80000
1962       3120571.60000
1963       3126345.10000
1964       3132127.20000
1965       3137918.00000
1966       3143717.40000
1967       3149525.50000
1968       3155342.30000
1969       3161167.80000
1970       3167002.00000
1971       3172844.90000
1972       3178696.50000
1973       3184556.90000
1974       3190426.00000
1975       3196303.80000
1976       3202190.50000
1977       3208085.90000
1978       3213990.10000
1979       3219903.00000
1980       3225824.80000
1981       3231755.40000
1982       3237694.80000
1983       3243643.10000
1984       3249600.20000
1985       3255566.10000
1986       3261540.90000
1987       3267524.60000
1988       3273517.20000
1989       3279518.70000
1990       3285529.00000
1991       3291548.30000
1992       3297576.50000
1993       3303613.70000
1994       3309659.70000
1995       3315714.80000
1996       3321778.80000
1997       3327851.80000
1998       3333933.70000
1999       3340024.70000
2000       3346124.60000
2001       3352233.60000
2002       3358351.60000
2003       3364478.60000
2004       3370614.70000
2005       3376759.90000
2006       3382914.10000
2007       3389077.30000
2008       3395249.70000
2009       3401431.10000
2010       3407621.70000
2011       3413821.40000
2012       3420030.20000
2013       3426248.10000
2014       3432475.20000
2015       3438711.50000
2016       3444956.90000
2017       3451211.50000
2018       3457475.30000
2019       3463748.30000
2020       3470030.40000
2021       3476321.80000
2022       3482622.50000
2023       3488932.40000
2024       3495251.50000
2025       3501579.90000
2026       3507917.50000
2027       3514264.50000
2028       3520620.70000
2029       3526986.20000
2030       3533361.10000
2031       3539745.20000
2032       3546138.70000
2033       3552541.60000
2034       3558953.80000
2035       3565375.30000
2036       3571806.20000
2037       3578246.60000
2038       3584696.30000
2039       3591155.40000
2040       3597623.90000
2041       3604101.90000
2042       3610589.30000
2043       3617086.10000
2044       3623592.40000
2045       3630108.20000
2046       3636633.40000
2047       3643168.10000
2048       3649712.40000
2049       3656266.10000
2050       3662829.40000
2051       3669402.20000
2052       3675984.50000
2053       3682576.40000
2054       3689177.80000
2055       3695788.90000
2056       3702409.50000
2057       3709039.70000
2058       3715679.50000
2059       3722328.90000
2060       3728987.90000
2061       3735656.60000
2062       3742334.90000
2063       3749022.90000
2064       3755720.60000
2065       3762427.90000
2066       3769144.90000
2067       3775871.70000
2068       3782608.10000
2069       3789354.30000
2070       3796110.20000
2071       3802875.80000
2072       3809651.20000
2073       3816436.30000
2074       3823231.30000
2075       3830036.00000
2076       3836850.50000
2077       3843674.80000
2078       3850508.90000
2079       3857352.90000
2080       3864206.70000
2081       3871070.30000
2082       3877943.90000
2083       3884827.20000
2084       3891720.50000
2085       3898623.70000
2086       3905536.70000
2087       3912459.70000
2088       3919392.60000
2089       3926335.50000
2090       3933288.30000
2091       3940251.00000
2092       3947223.70000
2093       3954206.40000
2094       3961199.10000
2095       3968201.80000
2096       3975214.50000
2097       3982237.20000
2098       3989270.00000
2099       3996312.80000
2100       4003365.60000
2101       4010428.60000
2102       4017501.60000
2103       4024584.70000
2104       4031677.90000
2105       4038781.20000
2106       4045894.60000
2107       4053018.10000
2108       4060151.80000
2109       4067295.70000
2110       4074449.70000
2111       4081613.90000
2112       4088788.30000
2113       4095972.90000
2114       4103167.70000
2115       4110372.70000
2116       4117587.90000
2117       4124813.40000
2118       4132049.20000
2119       4139295.20000
2120       4146551.50000
2121       4153818.00000
2122       4161094.90000
2123       4168382.10000
2124       4175679.60000
2125       4182987.40000
2126       4190305.60000
2127       4197634.10000
2128       4204973.00000
2129       4212322.30000
2130       4219681.90000
2131       4227052.00000
2132       4234432.40000
2133       4241823.30000
2134       4249224.60000
2135       4256636.40000
2136       4264058.60000
2137       4271491.30000
2138       4278934.40000
2139       4286388.10000
2140       4293852.20000
2141       4301326.90000
2142       4308812.00000
2143       4316307.80000
2144       4323814.00000
2145       4331330.80000
2146       4338858.20000
2147       4346396.10000
2148       4353944.70000
2149       4361503.80000
2150       4369073.60000
2151       4376653.90000
2152       4384244.90000
2153       4391846.60000
2154       4399458.90000
2155       4407081.90000
2156       4414715.50000
2157       4422359.90000
2158       4430014.90000
2159       4437680.70000
2160       4445357.20000
2161       4453044.40000
2162       4460742.40000
2163       4468451.10000
2164       4476170.70000
2165       4483900.90000
2166       4491642.00000
2167       4499393.90000
2168       4507156.60000
2169       4514930.20000
2170       4522714.50000
2171       4530509.80000
2172       4538315.90000
2173       4546132.80000
2174       4553960.70000
2175       4561799.40000
2176       4569649.10000
2177       4577509.70000
2178       4585381.20000
2179       4593263.60000
2180       4601157.00000
2181       4609061.40000
2182       4616976.80000
2183       4624903.10000
2184       4632840.50000
2185       4640788.80000
2186       4648748.20000
2187       4656718.60000
2188       4664700.10000
2189       4672692.60000
2190       4680696.20000
2191       4688710.90000
2192       4696736.70000
2193       4704773.50000
2194       4712821.50000
2195       4720880.70000
2196       4728950.90000
2197       4737032.40000
2198       4745125.00000
2199       4753228.70000
2200       4761343.70000
2201       4769469.80000
2202       4777607.20000
2203       4785755.80000
2204       4793915.60000
2205       4802086.70000
2206       4810269.00000
2207       4818462.60000
2208       4826667.50000
2209       4834883.70000
2210       4843111.10000
2211       4851349.90000
2212       4859600.10000
2213       4867861.50000
2214       4876134.40000
2215       4884418.50000
2216       4892714.10000
2217       4901021.10000
2218       4909339.40000
2219       4917669.20000
2220       4926010.40000
2221       4934363.00000
2222       4942727.10000
2223       4951102.60000
2224       4959489.60000
2225       4967888.10000
2226       4976298.10000
2227       4984719.60000
2228       4993152.60000
2229       5001597.20000
2230       5010053.30000
2231       5018520.90000
2232       5027000.20000
2233       5035491.00000
2234       5043993.30000
2235       5052507.30000
2236       5061033.00000
2237       5069570.20000
2238       5078119.10000
2239       5086679.60000
2240       5095251.80000
2241       5103835.70000
2242       5112431.20000
2243       5121038.50000
2244       5129657.50000
2245       5138288.20000
2246       5146930.60000
2247       5155584.80000
2248       5164250.70000
2249       5172928.50000
2250       5181618.00000
2251       5190319.30000
2252       5199032.40000
2253       5207757.30000
2254       5216494.10000
2255       5225242.70000
2256       5234003.20000
2257       5242775.50000
2258       5251559.70000
2259       5260355.90000
2260       5269163.90000
2261       5277983.80000
2262       5286815.70000
2263       5295659.50000
2264       5304515.30000
2265       5313383.10000
2266       5322262.80000
2267       5331154.50000
2268       5340058.30000
2269       5348974.00000
2270       5357901.80000
2271       5366841.60000
2272       5375793.50000
2273       5384757.40000
2274       5393733.50000
2275       5402721.60000
2276       5411721.80000
2277       5420734.10000
2278       5429758.60000
2279       5438795.20000
2280       5447844.00000
2281       5456904.90000
2282       5465978.00000
2283       5475063.30000
2284       5484160.80000
2285       5493270.60000
2286       5502392.50000
2287       5511526.70000
2288       5520673.10000
2289       5529831.80000
2290       5539002.80000
2291       5548186.10000
2292       5557381.70000
2293       5566589.60000
2294       5575809.80000
2295       5585042.40000
2296       5594287.30000
2297       5603544.60000
2298       5612814.30000
2299       5622096.30000
2300       5631390.80000
2301       5640697.70000
2302       5650017.00000
2303       5659348.80000
2304       5668693.00000
2305       5678049.60000
2306       5687418.80000
2307       5696800.40000
2308       5706194.60000
2309       5715601.30000
2310       5725020.50000
2311       5734452.20000
2312       5743896.50000
2313       5753353.40000
2314       5762822.80000
2315       5772304.90000
2316       5781799.50000
2317       5791306.80000
2318       5800826.70000
2319       5810359.20000
2320       5819904.40000
2321       5829462.30000
2322       5839032.90000
2323       5848616.10000
2324       5858212.10000
2325       5867820.80000
2326       5877442.20000
2327       5887076.30000
2328       5896723.30000
2329       5906383.00000
2330       5916055.50000
2331       5925740.70000
2332       5935438.80000
2333       5945149.80000
2334       5954873.50000
2335       5964610.10000
2336       5974359.60000
2337       5984121.90000
2338       5993897.20000
2339       6003685.30000
2340       6013486.40000
2341       6023300.30000
2342       6033127.20000
2343       6042967.10000
2344       6052820.00000
2345       6062685.80000
2346       6072564.60000
2347       6082456.40000
2348       6092361.20000
2349       6102279.10000
2350       6112210.00000
2351       6122154.00000
2352       6132111.00000
2353       6142081.20000
2354       6152064.40000
2355       6162060.70000
2356       6172070.20000
2357       6182092.70000
2358       6192128.50000
2359       6202177.40000
2360       6212239.50000
2361       6222314.70000
2362       6232403.20000
2363       6242504.90000
2364       6252619.80000
2365       6262747.90000
2366       6272889.30000
2367       6283044.00000
2368       6293211.90000
2369       6303393.20000
2370       6313587.70000
2371       6323795.60000
2372       6334016.80000
2373       6344251.40000
2374       6354499.30000
2375       6364760.60000
2376       6375035.20000
2377       6385323.30000
2378       6395624.80000
2379       6405939.70000
2380       6416268.00000
2381       6426609.80000
2382       6436965.10000
2383       6447333.90000
2384       6457716.10000
2385       6468111.80000
2386       6478521.10000
2387       6488943.90000
2388       6499380.20000
2389       6509830.10000
2390       6520293.60000
2391       6530770.70000
2392       6541261.30000
2393       6551765.60000
2394       6562283.50000
2395       6572815.10000
2396       6583360.30000
2397       6593919.10000
2398       6604491.70000
2399       6615077.90000
2400       6625677.80000
2401       6636291.50000
2402       6646918.90000
2403       6657560.00000
2404       6668214.90000
2405       6678883.60000
2406       6689566.10000
2407       6700262.40000
2408       6710972.40000
2409       6721696.40000
2410       6732434.10000
2411       6743185.70000
2412       6753951.20000
2413       6764730.60000
2414       6775523.80000
2415       6786331.00000
2416       6797152.10000
2417       6807987.10000
2418       6818836.10000
2419       6829699.10000
2420       6840576.00000
2421       6851466.90000
2422       6862371.80000
2423       6873290.80000
2424       6884223.80000
2425       6895170.80000
2426       6906131.90000
2427       6917107.00000
2428       6928096.30000
2429       6939099.60000
2430       6950117.10000
2431       6961148.70000
2432       6972194.40000
2433       6983254.30000
2434       6994328.40000
2435       7005416.60000
2436       7016519.10000
2437       7027635.70000
2438       7038766.60000
2439       7049911.70000
2440       7061071.10000
2441       7072244.80000
2442       7083432.70000
2443       7094634.90000
2444       7105851.40000
2445       7117082.30000
2446       7128327.50000
2447       7139587.00000
2448       7150860.90000
2449       7162149.20000
2450       7173451.90000
2451       7184769.00000
2452       7196100.50000
2453       7207446.40000
2454       7218806.80000
2455       7230181.60000
2456       7241570.90000
2457       7252974.80000
2458       7264393.10000
2459       7275825.90000
2460       7287273.30000
2461       7298735.20000
2462       7310211.70000
2463       7321702.70000
2464       7333208.30000
2465       7344728.60000
2466       7356263.40000
2467       7367812.90000
2468       7379377.00000
2469       7390955.80000
2470       7402549.30000
2471       7414157.40000
2472       7425780.30000
2473       7437417.80000
2474       7449070.10000
2475       7460737.20000
2476       7472418.90000
2477       7484115.50000
2478       7495826.90000
2479       7507553.00000
2480       7519294.00000
2481       7531049.80000
2482       7542820.40000
2483       7554605.90000
2484       7566406.30000
2485       7578221.50000
2486       7590051.70000
2487       7601896.70000
2488       7613756.70000
2489       7625631.70000
2490       7637521.50000
2491       7649426.40000
2492       7661346.30000
2493       7673281.10000
2494       7685231.00000
2495       7697195.90000
2496       7709175.80000
2497       7721170.80000
2498       7733180.80000
2499       7745206.00000
2500       7757246.20000
2501       7769301.60000
2502       7781372.10000
2503       7793457.70000
2504       7805558.50000
2505       7817674.50000
2506       7829805.60000
2507       7841952.00000
2508       7854113.60000
2509       7866290.40000
2510       7878482.40000
2511       7890689.70000
2512       7902912.30000
2513       7915150.20000
2514       7927403.30000
2515       7939671.80000
2516       7951955.60000
2517       7964254.80000
2518       7976569.30000
2519       7988899.20000
2520       8001244.50000
2521       8013605.20000
2522       8025981.40000
2523       8038372.90000
2524       8050779.90000
2525       8063202.40000
2526       8075640.30000
2527       8088093.70000
2528       8100562.70000
2529       8113047.10000
2530       8125547.10000
2531       8138062.70000
2532       8150593.80000
2533       8163140.50000
2534       8175702.80000
2535       8188280.70000
2536       8200874.20000
2537       8213483.40000
2538       8226108.20000
2539       8238748.70000
2540       8251404.90000
2541       8264076.70000
2542       8276764.30000
2543       8289467.60000
2544       8302186.70000
2545       8314921.50000
2546       8327672.10000
2547       8340438.40000
2548       8353220.60000
2549       8366018.60000
2550       8378832.40000
2551       8391662.10000
2552       8404507.60000
2553       8417369.00000
2554       8430246.30000
2555       8443139.50000
2556       8456048.70000
2557       8468973.70000
2558       8481914.70000
2559       8494871.70000
2560       8507844.70000
2561       8520833.60000
2562       8533838.60000
2563       8546859.60000
2564       8559896.60000
2565       8572949.70000
2566       8586018.90000
2567       8599104.10000
2568       8612205.50000
2569       8625322.90000
2570       8638456.50000
2571       8651606.30000
2572       8664772.20000
2573       8677954.30000
2574       8691152.50000
2575       8704367.00000
2576       8717597.70000
2577       8730844.60000
2578       8744107.80000
2579       8757387.30000
2580       8770683.00000
2581       8783995.10000
2582       8797323.40000
2583       8810668.10000
2584       8824029.10000
2585       8837406.50000
2586       8850800.20000
2587       8864210.30000
2588       8877636.90000
2589       8891079.80000
2590       8904539.20000
2591       8918015.10000
2592       8931507.40000
2593       8945016.20000
2594       8958541.50000
2595       8972083.30000
2596       8985641.60000
2597       8999216.40000
2598       9012807.80000
2599       9026415.80000
2600       9040040.40000
2601       9053681.60000
2602       9067339.40000
2603       9081013.80000
2604       9094704.90000
2605       9108412.60000
2606       9122137.00000
2607       9135878.20000
2608       9149636.00000
2609       9163410.50000
2610       9177201.80000
2611       9191009.90000
2612       9204834.70000
2613       9218676.30000
2614       9232534.70000
2615       9246409.90000
2616       9260302.00000
2617       9274210.90000
2618       9288136.70000
2619       9302079.40000
2620       9316038.90000
2621       9330015.40000
2622       9344008.80000
2623       9358019.10000
2624       9372046.40000
2625       9386090.70000
2626       9400151.90000
2627       9414230.20000
2628       9428325.50000
2629       9442437.80000
2630       9456567.20000
2631       9470713.60000
2632       9484877.10000
2633       9499057.70000
2634       9513255.50000
2635       9527470.30000
2636       9541702.30000
2637       9555951.50000
2638       9570217.90000
2639       9584501.40000
2640       9598802.20000
2641       9613120.10000
2642       9627455.30000
2643       9641807.80000
2644       9656177.60000
2645       9670564.60000
2646       9684968.90000
2647       9699390.60000
2648       9713829.60000
2649       9728285.90000
2650       9742759.60000
2651       9757250.70000
2652       9771759.20000
2653       9786285.10000
2654       9800828.40000
2655       9815389.20000
2656       9829967.40000
2657       9844563.10000
2658       9859176.30000
2659       9873807.10000
2660       9888455.30000
2661       9903121.10000
2662       9917804.40000
2663       9932505.40000
2664       9947223.90000
2665       9961960.00000
2666       9976713.70000
2667       9991485.10000
2668      10006274.00000
2669      10021081.00000
2670      10035905.00000
2671      10050747.00000
2672      10065607.00000
2673      10080485.00000
2674      10095380.00000
2675      10110293.00000
2676      10125224.00000
2677      10140172.00000
2678      10155139.00000
2679      10170123.00000
2680      10185125.00000
2681      10200145.00000
2682      10215183.00000
2683      10230239.00000
2684      10245312.00000
2685      10260404.00000
2686      10275513.00000
2687      10290641.00000
2688      10305786.00000
2689      10320950.00000
2690      10336131.00000
2691      10351331.00000
2692      10366548.00000
2693      10381784.00000
2694      10397038.00000
2695      10412309.00000
2696      10427599.00000
2697      10442907.00000
2698      10458233.00000
2699      10473578.00000
2700      10488940.00000
2701      10504321.00000
2702      10519719.00000
2703      10535136.00000
2704      10550572.00000
2705      10566025.00000
2706      10581497.00000
2707      10596987.00000
2708      10612496.00000
2709      10628022.00000
2710      10643567.00000
2711      10659131.00000
2712      10674712.00000
2713      10690313.00000
2714      10705931.00000
2715      10721568.00000
2716      10737223.00000
2717      10752897.00000
2718      10768590.00000
2719      10784300.00000
2720      10800030.00000
2721      10815777.00000
2722      10831544.00000
2723      10847329.00000
2724      10863132.00000
2725      10878954.00000
2726      10894795.00000
2727      10910654.00000
2728      10926532.00000
2729      10942428.00000
2730      10958344.00000
2731      10974278.00000
2732      10990230.00000
2733      11006201.00000
2734      11022191.00000
2735      11038200.00000
2736      11054228.00000
2737      11070274.00000
2738      11086339.00000
2739      11102423.00000
2740      11118526.00000
2741      11134647.00000
2742      11150788.00000
2743      11166947.00000
2744      11183125.00000
2745      11199323.00000
2746      11215539.00000
2747      11231774.00000
2748      11248028.00000
2749      11264301.00000
2750      11280593.00000
2751      11296904.00000
2752      11313234.00000
2753      11329583.00000
2754      11345951.00000
2755      11362338.00000
2756      11378745.00000
2757      11395170.00000
2758      11411615.00000
2759      11428079.00000
2760      11444562.00000
2761      11461064.00000
2762      11477585.00000
2763      11494125.00000
2764      11510685.00000
2765      11527264.00000
2766      11543863.00000
2767      11560480.00000
2768      11577117.00000
2769      11593773.00000
2770      11610449.00000
2771      11627144.00000
2772      11643858.00000
2773      11660592.00000
2774      11677345.00000
2775      11694117.00000
2776      11710909.00000
2777      11727720.00000
2778      11744551.00000
2779      11761402.00000
2780      11778272.00000
2781      11795161.00000
2782      11812070.00000
2783      11828998.00000
2784      11845946.00000
2785      11862914.00000
2786      11879901.00000
2787      11896908.00000
2788      11913935.00000
2789      11930981.00000
2790      11948047.00000
2791      11965133.00000
2792      11982238.00000
2793      11999363.00000
2794      12016508.00000
2795      12033672.00000
2796      12050857.00000
2797      12068061.00000
2798      12085285.00000
2799      12102529.00000
2800      12119792.00000
2801      12137076.00000
2802      12154379.00000
2803      12171703.00000
2804      12189046.00000
2805      12206409.00000
2806      12223792.00000
2807      12241195.00000
2808      12258618.00000
2809      12276061.00000
2810      12293525.00000
2811      12311008.00000
2812      12328511.00000
2813      12346034.00000
2814      12363578.00000
2815      12381141.00000
2816      12398725.00000
2817      12416329.00000
2818      12433953.00000
2819      12451597.00000
2820      12469262.00000
2821      12486946.00000
2822      12504651.00000
2823      12522376.00000
2824      12540122.00000
2825      12557887.00000
2826      12575673.00000
2827      12593480.00000
2828      12611306.00000
2829      12629153.00000
2830      12647021.00000
2831      12664908.00000
2832      12682817.00000
2833      12700745.00000
2834      12718694.00000
2835      12736664.00000
2836      12754654.00000
2837      12772665.00000
2838      12790696.00000
2839      12808747.00000
2840      12826819.00000
2841      12844912.00000
2842      12863026.00000
2843      12881159.00000
2844      12899314.00000
2845      12917489.00000
2846      12935685.00000
2847      12953902.00000
2848      12972139.00000
2849      12990397.00000
2850      13008676.00000
2851      13026975.00000
2852      13045295.00000
2853      13063636.00000
2854      13081998.00000
2855      13100381.00000
2856      13118784.00000
2857      13137209.00000
2858      13155654.00000
2859      13174120.00000
2860      13192607.00000
2861      13211115.00000
2862      13229644.00000
2863      13248194.00000
2864      13266765.00000
2865      13285357.00000
2866      13303969.00000
2867      13322603.00000
2868      13341258.00000
2869      13359934.00000
2870      13378632.00000
2871      13397350.00000
2872      13416089.00000
2873      13434850.00000
2874      13453632.00000
2875      13472434.00000
2876      13491259.00000
2877      13510104.00000
2878      13528970.00000
2879      13547858.00000
2880      13566767.00000
2881      13585698.00000
2882      13604649.00000
2883      13623622.00000
2884      13642617.00000
2885      13661633.00000
2886      13680670.00000
2887      13699728.00000
2888      13718808.00000
2889      13737910.00000
2890      13757032.00000
2891      13776177.00000
2892      13795343.00000
2893      13814530.00000
2894      13833739.00000
2895      13852969.00000
2896      13872221.00000
2897      13891495.00000
2898      13910790.00000
2899      13930107.00000
2900      13949445.00000
2901      13968805.00000
2902      13988187.00000
2903      14007590.00000
2904      14027016.00000
2905      14046463.00000
2906      14065931.00000
2907      14085422.00000
2908      14104934.00000
2909      14124468.00000
2910      14144024.00000
2911      14163601.00000
2912      14183201.00000
2913      14202822.00000
2914      14222466.00000
2915      14242131.00000
2916      14261818.00000
2917      14281527.00000
2918      14301259.00000
2919      14321012.00000
2920      14340787.00000
2921      14360584.00000
2922      14380403.00000
2923      14400244.00000
2924      14420108.00000
2925      14439993.00000
2926      14459901.00000
2927      14479831.00000
2928      14499782.00000
2929      14519756.00000
2930      14539753.00000
2931      14559771.00000
2932      14579812.00000
2933      14599875.00000
2934      14619960.00000
2935      14640068.00000
2936      14660198.00000
2937      14680350.00000
2938      14700524.00000
2939      14720721.00000
2940      14740940.00000
2941      14761182.00000
2942      14781446.00000
2943      14801733.00000
2944      14822042.00000
2945      14842373.00000
2946      14862727.00000
2947      14883104.00000
2948      14903503.00000
2949      14923924.00000
2950      14944368.00000
2951      14964835.00000
2952      14985325.00000
2953      15005837.00000
2954      15026371.00000
2955      15046929.00000
2956      15067509.00000
2957      15088111.00000
2958      15108737.00000
2959      15129385.00000
2960      15150056.00000
2961      15170750.00000
2962      15191466.00000
2963      15212205.00000
2964      15232968.00000
2965      15253753.00000
2966      15274561.00000
2967      15295391.00000
2968      15316245.00000
2969      15337122.00000
2970      15358021.00000
2971      15378944.00000
2972      15399890.00000
2973      15420858.00000
2974      15441850.00000
2975      15462865.00000
2976      15483902.00000
2977      15504963.00000
2978      15526047.00000
2979      15547154.00000
2980      15568285.00000
2981      15589438.00000
2982      15610615.00000
2983      15631814.00000
2984      15653037.00000
2985      15674284.00000
2986      15695553.00000
2987      15716846.00000
2988      15738162.00000
2989      15759502.00000
2990      15780864.00000
2991      15802250.00000
2992      15823660.00000
2993      15845093.00000
2994      15866549.00000
2995      15888029.00000
2996      15909532.00000
2997      15931059.00000
2998      15952609.00000
2999      15974183.00000
3000      15995780.00000
3001      16017401.00000
3002      16039045.00000
3003      16060713.00000
3004      16082405.00000
3005      16104120.00000
3006      16125859.00000
3007      16147621.00000
3008      16169407.00000
3009      16191217.00000
3010      16213051.00000
3011      16234908.00000
3012      16256790.00000
3013      16278695.00000
3014      16300623.00000
3015      16322576.00000
3016      16344552.00000
3017      16366553.00000
3018      16388577.00000
3019      16410625.00000
3020      16432697.00000
3021      16454793.00000
3022      16476913.00000
3023      16499057.00000
3024      16521225.00000
3025      16543417.00000
3026      16565633.00000
3027      16587873.00000
3028      16610137.00000
3029      16632425.00000
3030      16654738.00000
3031      16677074.00000
3032      16699435.00000
3033      16721820.00000
3034      16744229.00000
3035      16766662.00000
3036      16789120.00000
3037      16811601.00000
3038      16834107.00000
3039      16856638.00000
3040      16879193.00000
3041      16901772.00000
3042      16924375.00000
3043      16947003.00000
3044      16969655.00000
3045      16992332.00000
3046      17015033.00000
3047      17037758.00000
3048      17060508.00000
3049      17083283.00000
3050      17106082.00000
3051      17128905.00000
3052      17151753.00000
3053      17174626.00000
3054      17197523.00000
3055      17220445.00000
3056      17243392.00000
3057      17266363.00000
3058      17289359.00000
3059      17312380.00000
3060      17335425.00000
3061      17358495.00000
3062      17381590.00000
3063      17404710.00000
3064      17427854.00000
3065      17451023.00000
3066      17474218.00000
3067      17497436.00000
3068      17520680.00000
3069      17543949.00000
3070      17567243.00000
3071      17590561.00000
3072      17613905.00000
3073      17637274.00000
3074      17660667.00000
3075      17684086.00000
3076      17707530.00000
3077      17730998.00000
3078      17754492.00000
3079      17778011.00000
3080      17801555.00000
3081      17825124.00000
3082      17848719.00000
3083      17872338.00000
3084      17895983.00000
3085      17919653.00000
3086      17943348.00000
3087      17967069.00000
3088      17990815.00000
3089      18014586.00000
3090      18038382.00000
3091      18062204.00000
3092      18086051.00000
3093      18109924.00000
3094      18133822.00000
3095      18157745.00000
3096      18181694.00000
3097      18205668.00000
3098      18229668.00000
3099      18253694.00000
3100      18277745.00000
3101      18301821.00000
3102      18325923.00000
3103      18350051.00000
3104      18374204.00000
3105      18398383.00000
3106      18422587.00000
3107      18446818.00000
3108      18471074.00000
3109      18495355.00000
3110      18519663.00000
3111      18543996.00000
3112      18568355.00000
3113      18592740.00000
3114      18617150.00000
3115      18641587.00000
3116      18666049.00000
3117      18690537.00000
3118      18715051.00000
3119      18739591.00000
3120      18764157.00000
3121      18788749.00000
3122      18813367.00000
3123      18838011.00000
3124      18862681.00000
3125      18887378.00000
3126      18912100.00000
3127      18936848.00000
3128      18961622.00000
3129      18986423.00000
3130      19011249.00000
3131      19036102.00000
3132      19060981.00000
3133      19085887.00000
3134      19110818.00000
3135      19135776.00000
3136      19160760.00000
3137      19185770.00000
3138      19210807.00000
3139      19235870.00000
3140      19260960.00000
3141      19286075.00000
3142      19311218.00000
3143      19336386.00000
3144      19361581.00000
3145      19386803.00000
3146      19412051.00000
3147      19437326.00000
3148      19462627.00000
3149      19487955.00000
3150      19513309.00000
3151      19538690.00000
3152      19564097.00000
3153      19589532.00000
3154      19614992.00000
3155      19640480.00000
3156      19665994.00000
3157      19691535.00000
3158      19717103.00000
3159      19742697.00000
3160      19768319.00000
3161      19793967.00000
3162      19819642.00000
3163      19845343.00000
3164      19871072.00000
3165      19896828.00000
3166      19922610.00000
3167      19948420.00000
3168      19974256.00000
3169      20000119.00000
3170      20026010.00000
3171      20051927.00000
3172      20077872.00000
3173      20103843.00000
3174      20129842.00000
3175      20155868.00000
3176      20181920.00000
3177      20208001.00000
3178      20234108.00000
3179      20260242.00000
3180      20286404.00000
3181      20312593.00000
3182      20338809.00000
3183      20365052.00000
3184      20391323.00000
3185      20417621.00000
3186      20443947.00000
3187      20470299.00000
3188      20496680.00000
3189      20523087.00000
3190      20549522.00000
3191      20575985.00000
3192      20602475.00000
3193      20628992.00000
3194      20655537.00000
3195      20682110.00000
3196      20708710.00000
3197      20735338.00000
3198      20761993.00000
3199      20788676.00000
3200      20815387.00000
3201      20842125.00000
3202      20868891.00000
3203      20895684.00000
3204      20922506.00000
3205      20949355.00000
3206      20976232.00000
3207      21003137.00000
3208      21030070.00000
3209      21057030.00000
3210      21084018.00000
3211      21111035.00000
3212      21138079.00000
3213      21165151.00000
3214      21192251.00000
3215      21219379.00000
3216      21246535.00000
3217      21273719.00000
3218      21300931.00000
3219      21328172.00000
3220      21355440.00000
3221      21382736.00000
3222      21410061.00000
3223      21437413.00000
3224      21464794.00000
3225      21492203.00000
3226      21519641.00000
3227      21547106.00000
3228      21574600.00000
3229      21602122.00000
3230      21629673.00000
3231      21657251.00000
3232      21684858.00000
3233      21712494.00000
3234      21740158.00000
3235      21767850.00000
3236      21795571.00000
3237      21823320.00000
3238      21851098.00000
3239      21878904.00000
3240      21906739.00000
3241      21934602.00000
3242      21962494.00000
3243      21990414.00000
3244      22018363.00000
3245      22046341.00000
3246      22074348.00000
3247      22102383.00000
3248      22130447.00000
3249      22158539.00000
3250      22186660.00000
3251      22214810.00000
3252      22242989.00000
3253      22271197.00000
3254      22299434.00000
3255      22327699.00000
3256      22355993.00000
3257      22384317.00000
3258      22412669.00000
3259      22441050.00000
3260      22469460.00000
3261      22497899.00000
3262      22526367.00000
3263      22554864.00000
3264      22583391.00000
3265      22611946.00000
3266      22640530.00000
3267      22669144.00000
3268      22697787.00000
3269      22726459.00000
3270      22755160.00000
3271      22783890.00000
3272      22812650.00000
3273      22841439.00000
3274      22870257.00000
3275      22899104.00000
3276      22927981.00000
3277      22956887.00000
3278      22985823.00000
3279      23014788.00000
3280      23043782.00000
3281      23072806.00000
3282      23101860.00000
3283      23130943.00000
3284      23160055.00000
3285      23189197.00000
3286      23218368.00000
3287      23247570.00000
3288      23276800.00000
3289      23306061.00000
3290      23335351.00000
3291      23364670.00000
3292      23394020.00000
3293      23423399.00000
3294      23452808.00000
3295      23482246.00000
3296      23511715.00000
3297      23541213.00000
3298      23570741.00000
3299      23600299.00000
3300      23629887.00000
3301      23659505.00000
3302      23689152.00000
3303      23718830.00000
3304      23748538.00000
3305      23778275.00000
3306      23808043.00000
3307      23837841.00000
3308      23867668.00000
3309      23897526.00000
3310      23927414.00000
3311      23957332.00000
3312      23987281.00000
3313      24017259.00000
3314      24047268.00000
3315      24077307.00000
3316      24107376.00000
3317      24137475.00000
3318      24167605.00000
3319      24197765.00000
3320      24227956.00000
3321      24258176.00000
3322      24288428.00000
3323      24318709.00000
3324      24349021.00000
3325      24379364.00000
3326      24409737.00000
3327      24440140.00000
3328      24470574.00000
3329      24501039.00000
3330      24531534.00000
3331      24562060.00000
3332      24592616.00000
3333      24623204.00000
3334      24653821.00000
3335      24684470.00000
3336      24715149.00000
3337      24745859.00000
3338      24776599.00000
3339      24807371.00000
3340      24838173.00000
3341      24869006.00000
3342      24899870.00000
3343      24930765.00000
3344      24961691.00000
3345      24992648.00000
3346      25023635.00000
3347      25054654.00000
3348      25085704.00000
3349      25116784.00000
3350      25147896.00000
3351      25179039.00000
3352      25210213.00000
3353      25241418.00000
3354      25272654.00000
3355      25303921.00000
3356      25335220.00000
3357      25366549.00000
3358      25397910.00000
3359      25429303.00000
3360      25460726.00000
3361      25492181.00000
3362      25523667.00000
3363      25555185.00000
3364      25586734.00000
3365      25618314.00000
3366      25649926.00000
3367      25681569.00000
3368      25713243.00000
3369      25744950.00000
3370      25776687.00000
3371      25808456.00000
3372      25840257.00000
3373      25872090.00000
3374      25903954.00000
3375      25935849.00000
3376      25967776.00000
3377      25999735.00000
3378      26031726.00000
3379      26063749.00000
3380      26095803.00000
3381      26127889.00000
3382      26160007.00000
3383      26192156.00000
3384      26224338.00000
3385      26256551.00000
3386      26288796.00000
3387      26321074.00000
3388      26353383.00000
3389      26385724.00000
3390      26418097.00000
3391      26450502.00000
3392      26482939.00000
3393      26515408.00000
3394      26547910.00000
3395      26580443.00000
3396      26613009.00000
3397      26645607.00000
3398      26678237.00000
3399      26710899.00000
3400      26743593.00000
3401      26776320.00000
3402      26809079.00000
3403      26841870.00000
3404      26874694.00000
3405      26907550.00000
3406      26940438.00000
3407      26973359.00000
3408      27006313.00000
3409      27039298.00000
3410      27072316.00000
3411      27105367.00000
3412      27138450.00000
3413      27171566.00000
3414      27204715.00000
3415      27237895.00000
3416      27271109.00000
3417      27304355.00000
3418      27337634.00000
3419      27370946.00000
3420      27404290.00000
3421      27437667.00000
3422      27471077.00000
3423      27504520.00000
3424      27537995.00000
3425      27571504.00000
3426      27605045.00000
3427      27638619.00000
3428      27672226.00000
3429      27705866.00000
3430      27739539.00000
3431      27773245.00000
3432      27806984.00000
3433      27840756.00000
3434      27874561.00000
3435      27908399.00000
3436      27942271.00000
3437      27976175.00000
3438      28010113.00000
3439      28044084.00000
3440      28078088.00000
3441      28112125.00000
3442      28146195.00000
3443      28180299.00000
3444      28214436.00000
3445      28248607.00000
3446      28282811.00000
3447      28317048.00000
3448      28351319.00000
3449      28385623.00000
3450      28419960.00000
3451      28454331.00000
3452      28488736.00000
3453      28523174.00000
3454      28557646.00000
3455      28592151.00000
3456      28626690.00000
3457      28661262.00000
3458      28695868.00000
3459      28730508.00000
3460      28765182.00000
3461      28799889.00000
3462      28834630.00000
3463      28869405.00000
3464      28904213.00000
3465      28939056.00000
3466      28973932.00000
3467      29008843.00000
3468      29043787.00000
3469      29078765.00000
3470      29113777.00000
3471      29148823.00000
3472      29183903.00000
3473      29219017.00000
3474      29254165.00000
3475      29289347.00000
3476      29324564.00000
3477      29359814.00000
3478      29395099.00000
3479      29430418.00000
3480      29465771.00000
3481      29501158.00000
3482      29536580.00000
3483      29572035.00000
3484      29607525.00000
3485      29643050.00000
3486      29678609.00000
3487      29714202.00000
3488      29749830.00000
3489      29785492.00000
3490      29821188.00000
3491      29856919.00000
3492      29892685.00000
3493      29928485.00000
3494      29964320.00000
3495      30000189.00000
3496      30036093.00000
3497      30072031.00000
3498      30108005.00000
3499      30144012.00000
3500      30180055.00000
3501      30216132.00000
3502      30252244.00000
3503      30288391.00000
3504      30324573.00000
3505      30360790.00000
3506      30397041.00000
3507      30433327.00000
3508      30469649.00000
3509      30506005.00000
3510      30542396.00000
3511      30578822.00000
3512      30615283.00000
3513      30651780.00000
3514      30688311.00000
3515      30724877.00000
3516      30761479.00000
3517      30798115.00000
3518      30834787.00000
3519      30871494.00000
3520      30908237.00000
3521      30945014.00000
3522      30981827.00000
3523      31018675.00000
3524      31055559.00000
3525      31092478.00000
3526      31129432.00000
3527      31166421.00000
3528      31203446.00000
3529      31240507.00000
3530      31277603.00000
3531      31314734.00000
3532      31351901.00000
3533      31389104.00000
3534      31426342.00000
3535      31463616.00000
3536      31500926.00000
3537      31538271.00000
3538      31575651.00000
3539      31613068.00000
3540      31650520.00000
3541      31688008.00000
3542      31725532.00000
3543      31763092.00000
3544      31800687.00000
3545      31838319.00000
3546      31875986.00000
3547      31913689.00000
3548      31951428.00000
3549      31989203.00000
3550      32027015.00000
3551      32064862.00000
3552      32102745.00000
3553      32140664.00000
3554      32178620.00000
3555      32216611.00000
3556      32254639.00000
3557      32292703.00000
3558      32330803.00000
3559      32368939.00000
3560      32407112.00000
3561      32445321.00000
3562      32483566.00000
3563      32521848.00000
3564      32560166.00000
3565      32598520.00000
3566      32636911.00000
3567      32675338.00000
3568      32713801.00000
3569      32752302.00000
3570      32790838.00000
3571      32829412.00000
3572      32868021.00000
3573      32906668.00000
3574      32945351.00000
3575      32984071.00000
3576      33022827.00000
3577      33061620.00000
3578      33100450.00000
3579      33139317.00000
3580      33178220.00000
3581      33217160.00000
3582      33256137.00000
3583      33295151.00000
3584      33334202.00000
3585      33373290.00000
3586      33412415.00000
3587      33451576.00000
3588      33490775.00000
3589      33530011.00000
3590      33569284.00000
3591      33608593.00000
3592      33647940.00000
3593      33687324.00000
3594      33726746.00000
3595      33766204.00000
3596      33805700.00000
3597      33845233.00000
3598      33884803.00000
3599      33924410.00000
3600      33964055.00000
3601      34003737.00000
3602      34043457.00000
3603      34083214.00000
3604      34123008.00000
3605      34162840.00000
3606      34202709.00000
3607      34242616.00000
3608      34282560.00000
3609      34322542.00000
3610      34362562.00000
3611      34402619.00000
3612      34442713.00000
3613      34482846.00000
3614      34523016.00000
3615      34563224.00000
3616      34603469.00000
3617      34643753.00000
3618      34684074.00000
3619      34724433.00000
3620      34764830.00000
3621      34805264.00000
3622      34845737.00000
3623      34886248.00000
3624      34926796.00000
3625      34967383.00000
3626      35008007.00000
3627      35048670.00000
3628      35089371.00000
3629      35130109.00000
3630      35170886.00000
3631      35211701.00000
3632      35252555.00000
3633      35293446.00000
3634      35334376.00000
3635      35375344.00000
3636      35416350.00000
3637      35457395.00000
3638      35498477.00000
3639      35539599.00000
3640      35580758.00000
3641      35621957.00000
3642      35663193.00000
3643      35704468.00000
3644      35745782.00000
3645      35787134.00000
3646      35828524.00000
3647      35869954.00000
3648      35911422.00000
3649      35952928.00000
3650      35994473.00000
3651      36036057.00000
3652      36077680.00000
3653      36119341.00000
3654      36161041.00000
3655      36202780.00000
3656      36244558.00000
3657      36286375.00000
3658      36328230.00000
3659      36370125.00000
3660      36412058.00000
3661      36454030.00000
3662      36496042.00000
3663      36538092.00000
3664      36580182.00000
3665      36622310.00000
3666      36664478.00000
3667      36706685.00000
3668      36748930.00000
3669      36791216.00000
3670      36833540.00000
3671      36875904.00000
3672      36918307.00000
3673      36960749.00000
3674      37003230.00000
3675      37045751.00000
3676      37088311.00000
3677      37130911.00000
3678      37173550.00000
3679      37216229.00000
3680      37258947.00000
3681      37301705.00000
3682      37344502.00000
3683      37387339.00000
3684      37430215.00000
3685      37473131.00000
3686      37516087.00000
3687      37559082.00000
3688      37602117.00000
3689      37645192.00000
3690      37688307.00000
3691      37731461.00000
3692      37774655.00000
3693      37817889.00000
3694      37861163.00000
3695      37904477.00000
3696      37947831.00000
3697      37991225.00000
3698      38034659.00000
3699      38078133.00000
3700      38121647.00000
3701      38165201.00000
3702      38208795.00000
3703      38252429.00000
3704      38296103.00000
3705      38339818.00000
3706      38383573.00000
3707      38427368.00000
3708      38471203.00000
3709      38515079.00000
3710      38558995.00000
3711      38602951.00000
3712      38646948.00000
3713      38690985.00000
3714      38735063.00000
3715      38779181.00000
3716      38823340.00000
3717      38867539.00000
3718      38911779.00000
3719      38956059.00000
3720      39000380.00000
3721      39044742.00000
3722      39089144.00000
3723      39133587.00000
3724      39178070.00000
3725      39222595.00000
3726      39267160.00000
3727      39311766.00000
3728      39356413.00000
3729      39401101.00000
3730      39445830.00000
3731      39490599.00000
3732      39535410.00000
3733      39580261.00000
3734      39625154.00000
3735      39670087.00000
3736      39715062.00000
3737      39760078.00000
3738      39805135.00000
3739      39850233.00000
3740      39895372.00000
3741      39940553.00000
3742      39985774.00000
3743      40031037.00000
3744      40076342.00000
3745      40121687.00000
3746      40167074.00000
3747      40212502.00000
3748      40257972.00000
3749      40303483.00000
3750      40349036.00000
3751      40394630.00000
3752      40440266.00000
3753      40485943.00000
3754      40531662.00000
3755      40577423.00000
3756      40623225.00000
3757      40669069.00000
3758      40714954.00000
3759      40760881.00000
3760      40806850.00000
3761      40852861.00000
3762      40898914.00000
3763      40945008.00000
3764      40991145.00000
3765      41037323.00000
3766      41083543.00000
3767      41129805.00000
3768      41176109.00000
3769      41222455.00000
3770      41268844.00000
3771      41315274.00000
3772      41361746.00000
3773      41408261.00000
3774      41454817.00000
3775      41501416.00000
3776      41548057.00000
3777      41594741.00000
3778      41641466.00000
3779      41688234.00000
3780      41735044.00000
3781      41781897.00000
3782      41828792.00000
3783      41875730.00000
3784      41922709.00000
3785      41969732.00000
3786      42016797.00000
3787      42063904.00000
3788      42111054.00000
3789      42158247.00000
3790      42205482.00000
3791      42252760.00000
3792      42300081.00000
3793      42347444.00000
3794      42394850.00000
3795      42442299.00000
3796      42489791.00000
3797      42537325.00000
3798      42584902.00000
3799      42632523.00000
3800      42680186.00000
3801      42727892.00000
3802      42775641.00000
3803      42823433.00000
3804      42871268.00000
3805      42919147.00000
3806      42967068.00000
3807      43015032.00000
3808      43063040.00000
3809      43111091.00000
3810      43159185.00000
3811      43207322.00000
3812      43255503.00000
3813      43303727.00000
3814      43351994.00000
3815      43400304.00000
3816      43448658.00000
3817      43497056.00000
3818      43545496.00000
3819      43593981.00000
3820      43642509.00000
3821      43691080.00000
3822      43739695.00000
3823      43788353.00000
3824      43837056.00000
3825      43885801.00000
3826      43934591.00000
3827      43983424.00000
3828      44032301.00000
3829      44081222.00000
3830      44130187.00000
3831      44179195.00000
3832      44228247.00000
3833      44277344.00000
3834      44326484.00000
3835      44375668.00000
3836      44424896.00000
3837      44474168.00000
3838      44523484.00000
3839      44572844.00000
3840      44622249.00000
3841      44671697.00000
3842      44721190.00000
3843      44770727.00000
3844      44820308.00000
3845      44869933.00000
3846      44919603.00000
3847      44969317.00000
3848      45019075.00000
3849      45068877.00000
3850      45118725.00000
3851      45168616.00000
3852      45218552.00000
3853      45268533.00000
3854      45318558.00000
3855      45368627.00000
3856      45418741.00000
3857      45468900.00000
3858      45519103.00000
3859      45569352.00000
3860      45619644.00000
3861      45669982.00000
3862      45720364.00000
3863      45770791.00000
3864      45821263.00000
3865      45871780.00000
3866      45922342.00000
3867      45972948.00000
3868      46023600.00000
3869      46074297.00000
3870      46125038.00000
3871      46175825.00000
3872      46226656.00000
3873      46277533.00000
3874      46328455.00000
3875      46379422.00000
3876      46430435.00000
3877      46481492.00000
3878      46532595.00000
3879      46583743.00000
3880      46634936.00000
3881      46686175.00000
3882      46737459.00000
3883      46788789.00000
3884      46840163.00000
3885      46891584.00000
3886      46943050.00000
3887      46994561.00000
3888      47046118.00000
3889      47097721.00000
3890      47149369.00000
3891      47201063.00000
3892      47252802.00000
3893      47304588.00000
3894      47356419.00000
3895      47408295.00000
3896      47460218.00000
3897      47512186.00000
3898      47564201.00000
3899      47616261.00000
3900      47668367.00000
3901      47720519.00000
3902      47772717.00000
3903      47824961.00000
3904      47877251.00000
3905      47929588.00000
3906      47981970.00000
3907      48034398.00000
3908      48086873.00000
3909      48139394.00000
3910      48191961.00000
3911      48244574.00000
3912      48297234.00000
3913      48349940.00000
3914      48402692.00000
3915      48455491.00000
3916      48508336.00000
3917      48561228.00000
3918      48614166.00000
3919      48667151.00000
3920      48720182.00000
3921      48773259.00000
3922      48826384.00000
3923      48879555.00000
3924      48932772.00000
3925      48986037.00000
3926      49039348.00000
3927      49092706.00000
3928      49146110.00000
3929      49199562.00000
3930      49253060.00000
3931      49306605.00000
3932      49360197.00000
3933      49413837.00000
3934      49467523.00000
3935      49521256.00000
3936      49575036.00000
3937      49628863.00000
3938      49682737.00000
3939      49736659.00000
3940      49790627.00000
3941      49844643.00000
3942      49898706.00000
3943      49952817.00000
3944      50006974.00000
3945      50061179.00000
3946      50115431.00000
3947      50169731.00000
3948      50224078.00000
3949      50278473.00000
3950      50332915.00000
3951      50387404.00000
3952      50441942.00000
3953      50496526.00000
3954      50551158.00000
3955      50605838.00000
3956      50660566.00000
3957      50715341.00000
3958      50770164.00000
3959      50825035.00000
3960      50879954.00000
3961      50934920.00000
3962      50989935.00000
3963      51044997.00000
3964      51100107.00000
3965      51155265.00000
3966      51210471.00000
3967      51265725.00000
3968      51321027.00000
3969      51376377.00000
3970      51431776.00000
3971      51487222.00000
3972      51542717.00000
3973      51598260.00000
3974      51653851.00000
3975      51709490.00000
3976      51765178.00000
3977      51820914.00000
3978      51876698.00000
3979      51932531.00000
3980      51988413.00000
3981      52044342.00000
3982      52100320.00000
3983      52156347.00000
3984      52212422.00000
3985      52268546.00000
3986      52324719.00000
3987      52380940.00000
3988      52437210.00000
3989      52493528.00000
3990      52549896.00000
3991      52606312.00000
3992      52662777.00000
3993      52719291.00000
3994      52775853.00000
3995      52832465.00000
3996      52889125.00000
3997      52945835.00000
3998      53002593.00000
3999      53059401.00000
4000      53116258.00000
4001      53173163.00000
4002      53230118.00000
4003      53287122.00000
4004      53344176.00000
4005      53401278.00000
4006      53458430.00000
4007      53515631.00000
4008      53572881.00000
4009      53630181.00000
4010      53687530.00000
4011      53744929.00000
4012      53802377.00000
4013      53859874.00000
4014      53917421.00000
4015      53975018.00000
4016      54032664.00000
4017      54090360.00000
4018      54148105.00000
4019      54205901.00000
4020      54263746.00000
4021      54321640.00000
4022      54379585.00000
4023      54437579.00000
4024      54495623.00000
4025      54553717.00000
4026      54611861.00000
4027      54670055.00000
4028      54728299.00000
4029      54786592.00000
4030      54844936.00000
4031      54903330.00000
4032      54961774.00000
4033      55020269.00000
4034      55078813.00000
4035      55137408.00000
4036      55196052.00000
4037      55254748.00000
4038      55313493.00000
4039      55372289.00000
4040      55431135.00000
4041      55490031.00000
4042      55548978.00000
4043      55607976.00000
4044      55667024.00000
4045      55726122.00000
4046      55785271.00000
4047      55844471.00000
4048      55903721.00000
4049      55963022.00000
4050      56022374.00000
4051      56081776.00000
4052      56141230.00000
4053      56200734.00000
4054      56260288.00000
4055      56319894.00000
4056      56379551.00000
4057      56439258.00000
4058      56499017.00000
4059      56558826.00000
4060      56618687.00000
4061      56678598.00000
4062      56738561.00000
4063      56798575.00000
4064      56858640.00000
4065      56918756.00000
4066      56978923.00000
4067      57039142.00000
4068      57099412.00000
4069      57159733.00000
4070      57220106.00000
4071      57280530.00000
4072      57341005.00000
4073      57401532.00000
4074      57462110.00000
4075      57522740.00000
4076      57583422.00000
4077      57644155.00000
4078      57704940.00000
4079      57765776.00000
4080      57826664.00000
4081      57887604.00000
4082      57948596.00000
4083      58009639.00000
4084      58070734.00000
4085      58131881.00000
4086      58193080.00000
4087      58254331.00000
4088      58315634.00000
4089      58376989.00000
4090      58438395.00000
4091      58499854.00000
4092      58561365.00000
4093      58622929.00000
4094      58684544.00000
4095      58746211.00000
4096      58807931.00000
4097      58869703.00000
4098      58931527.00000
4099      58993404.00000
4100      59055333.00000
4101      59117314.00000
4102      59179348.00000
4103      59241435.00000
4104      59303573.00000
4105      59365765.00000
4106      59428009.00000
4107      59490305.00000
4108      59552654.00000
4109      59615056.00000
4110      59677510.00000
4111      59740018.00000
4112      59802578.00000
4113      59865190.00000
4114      59927856.00000
4115      59990575.00000
4116      60053346.00000
4117      60116170.00000
4118      60179048.00000
4119      60241978.00000
4120      60304961.00000
4121      60367998.00000
4122      60431087.00000
4123      60494230.00000
4124      60557426.00000
4125      60620675.00000
4126      60683977.00000
4127      60747333.00000
4128      60810742.00000
4129      60874204.00000
4130      60937720.00000
4131      61001289.00000
4132      61064911.00000
4133      61128587.00000
4134      61192317.00000
4135      61256100.00000
4136      61319936.00000
4137      61383827.00000
4138      61447770.00000
4139      61511768.00000
4140      61575819.00000
4141      61639924.00000
4142      61704083.00000
4143      61768296.00000
4144      61832563.00000
4145      61896883.00000
4146      61961257.00000
4147      62025686.00000
4148      62090168.00000
4149      62154704.00000
4150      62219295.00000
4151      62283939.00000
4152      62348638.00000
4153      62413391.00000
4154      62478198.00000
4155      62543059.00000
4156      62607974.00000
4157      62672944.00000
4158      62737968.00000
4159      62803047.00000
4160      62868180.00000
4161      62933367.00000
4162      62998609.00000
4163      63063906.00000
4164      63129257.00000
4165      63194662.00000
4166      63260122.00000
4167      63325637.00000
4168      63391206.00000
4169      63456831.00000
4170      63522510.00000
4171      63588243.00000
4172      63654032.00000
4173      63719875.00000
4174      63785774.00000
4175      63851727.00000
4176      63917735.00000
4177      63983798.00000
4178      64049917.00000
4179      64116090.00000
4180      64182318.00000
4181      64248602.00000
4182      64314941.00000
4183      64381334.00000
4184      64447784.00000
4185      64514288.00000
4186      64580848.00000
4187      64647463.00000
4188      64714133.00000
4189      64780859.00000
4190      64847641.00000
4191      64914477.00000
4192      64981370.00000
4193      65048318.00000
4194      65115321.00000
4195      65182380.00000
4196      65249495.00000
4197      65316666.00000
4198      65383892.00000
4199      65451174.00000
4200      65518512.00000
4201      65585905.00000
4202      65653355.00000
4203      65720860.00000
4204      65788422.00000
4205      65856039.00000
4206      65923712.00000
4207      65991442.00000
4208      66059227.00000
4209      66127069.00000
4210      66194967.00000
4211      66262920.00000
4212      66330931.00000
4213      66398997.00000
4214      66467120.00000
4215      66535299.00000
4216      66603534.00000
4217      66671826.00000
4218      66740174.00000
4219      66808579.00000
4220      66877040.00000
4221      66945558.00000
4222      67014133.00000
4223      67082763.00000
4224      67151451.00000
4225      67220195.00000
4226      67288996.00000
4227      67357854.00000
4228      67426769.00000
4229      67495740.00000
4230      67564769.00000
4231      67633854.00000
4232      67702996.00000
4233      67772195.00000
4234      67841451.00000
4235      67910764.00000
4236      67980134.00000
4237      68049562.00000
4238      68119046.00000
4239      68188588.00000
4240      68258187.00000
4241      68327843.00000
4242      68397556.00000
4243      68467327.00000
4244      68537155.00000
4245      68607040.00000
4246      68676983.00000
4247      68746984.00000
4248      68817042.00000
4249      68887157.00000
4250      68957330.00000
4251      69027561.00000
4252      69097849.00000
4253      69168195.00000
4254      69238599.00000
4255      69309060.00000
4256      69379579.00000
4257      69450157.00000
4258      69520791.00000
4259      69591484.00000
4260      69662235.00000
4261      69733044.00000
4262      69803911.00000
4263      69874835.00000
4264      69945818.00000
4265      70016859.00000
4266      70087958.00000
4267      70159116.00000
4268      70230331.00000
4269      70301605.00000
4270      70372937.00000
4271      70444328.00000
4272      70515777.00000
4273      70587284.00000
4274      70658850.00000
4275      70730474.00000
4276      70802157.00000
4277      70873898.00000
4278      70945698.00000
4279      71017556.00000
4280      71089473.00000
4281      71161449.00000
4282      71233484.00000
4283      71305577.00000
4284      71377729.00000
4285      71449940.00000
4286      71522210.00000
4287      71594539.00000
4288      71666926.00000
4289      71739373.00000
4290      71811879.00000
4291      71884444.00000
4292      71957068.00000
4293      72029751.00000
4294      72102493.00000
4295      72175294.00000
4296      72248155.00000
4297      72321075.00000
4298      72394054.00000
4299      72467093.00000
4300      72540191.00000
4301      72613348.00000
4302      72686565.00000
4303      72759841.00000
4304      72833177.00000
4305      72906573.00000
4306      72980028.00000
4307      73053543.00000
4308      73127117.00000
4309      73200751.00000
4310      73274445.00000
4311      73348199.00000
4312      73422013.00000
4313      73495886.00000
4314      73569819.00000
4315      73643813.00000
4316      73717866.00000
4317      73791979.00000
4318      73866153.00000
4319      73940386.00000
4320      74014680.00000
4321      74089033.00000
4322      74163447.00000
4323      74237921.00000
4324      74312456.00000
4325      74387051.00000
4326      74461706.00000
4327      74536421.00000
4328      74611197.00000
4329      74686034.00000
4330      74760930.00000
4331      74835888.00000
4332      74910906.00000
4333      74985984.00000
4334      75061124.00000
4335      75136324.00000
4336      75211584.00000
4337      75286906.00000
4338      75362288.00000
4339      75437731.00000
4340      75513235.00000
4341      75588800.00000
4342      75664425.00000
4343      75740112.00000
4344      75815860.00000
4345      75891669.00000
4346      75967539.00000
4347      76043470.00000
4348      76119462.00000
4349      76195515.00000
4350      76271630.00000
4351      76347806.00000
4352      76424043.00000
4353      76500342.00000
4354      76576702.00000
4355      76653123.00000
4356      76729606.00000
4357      76806150.00000
4358      76882756.00000
4359      76959424.00000
4360      77036153.00000
4361      77112944.00000
4362      77189797.00000
4363      77266711.00000
4364      77343687.00000
4365      77420725.00000
4366      77497824.00000
4367      77574986.00000
4368      77652209.00000
4369      77729495.00000
4370      77806842.00000
4371      77884252.00000
4372      77961723.00000
4373      78039257.00000
4374      78116853.00000
4375      78194511.00000
4376      78272231.00000
4377      78350013.00000
4378      78427858.00000
4379      78505765.00000
4380      78583735.00000
4381      78661766.00000
4382      78739861.00000
4383      78818018.00000
4384      78896237.00000
4385      78974519.00000
4386      79052863.00000
4387      79131270.00000
4388      79209740.00000
4389      79288273.00000
4390      79366868.00000
4391      79445526.00000
4392      79524247.00000
4393      79603031.00000
4394      79681878.00000
4395      79760787.00000
4396      79839760.00000
4397      79918796.00000
4398      79997894.00000
4399      80077056.00000
4400      80156281.00000
4401      80235569.00000
4402      80314920.00000
4403      80394335.00000
4404      80473813.00000
4405      80553354.00000
4406      80632959.00000
4407      80712627.00000
4408      80792358.00000
4409      80872153.00000
4410      80952011.00000
4411      81031933.00000
4412      81111919.00000
4413      81191968.00000
4414      81272081.00000
4415      81352257.00000
4416      81432498.00000
4417      81512802.00000
4418      81593170.00000
4419      81673602.00000
4420      81754097.00000
4421      81834657.00000
4422      81915281.00000
4423      81995968.00000
4424      82076720.00000
4425      82157536.00000
4426      82238416.00000
4427      82319360.00000
4428      82400368.00000
4429      82481441.00000
4430      82562578.00000
4431      82643779.00000
4432      82725044.00000
4433      82806374.00000
4434      82887769.00000
4435      82969228.00000
4436      83050751.00000
4437      83132339.00000
4438      83213992.00000
4439      83295709.00000
4440      83377491.00000
4441      83459337.00000
4442      83541249.00000
4443      83623225.00000
4444      83705266.00000
4445      83787372.00000
4446      83869543.00000
4447      83951778.00000
4448      84034079.00000
4449      84116445.00000
4450      84198876.00000
4451      84281371.00000
4452      84363933.00000
4453      84446559.00000
4454      84529250.00000
4455      84612007.00000
4456      84694829.00000
4457      84777716.00000
4458      84860669.00000
4459      84943687.00000
4460      85026771.00000
4461      85109920.00000
4462      85193135.00000
4463      85276415.00000
4464      85359761.00000
4465      85443172.00000
4466      85526650.00000
4467      85610193.00000
4468      85693801.00000
4469      85777476.00000
4470      85861216.00000
4471      85945022.00000
4472      86028895.00000
4473      86112833.00000
4474      86196837.00000
4475      86280907.00000
4476      86365043.00000
4477      86449246.00000
4478      86533514.00000
4479      86617849.00000
4480      86702250.00000
4481      86786718.00000
4482      86871251.00000
4483      86955851.00000
4484      87040518.00000
4485      87125251.00000
4486      87210050.00000
4487      87294916.00000
4488      87379848.00000
4489      87464847.00000
4490      87549913.00000
4491      87635045.00000
4492      87720244.00000
4493      87805510.00000
4494      87890843.00000
4495      87976242.00000
4496      88061709.00000
4497      88147242.00000
4498      88232842.00000
4499      88318510.00000
4500      88404244.00000
4501      88490045.00000
4502      88575914.00000
4503      88661849.00000
4504      88747852.00000
4505      88833922.00000
4506      88920059.00000
4507      89006264.00000
4508      89092536.00000
4509      89178876.00000
4510      89265282.00000
4511      89351757.00000
4512      89438299.00000
4513      89524908.00000
4514      89611585.00000
4515      89698330.00000
4516      89785142.00000
4517      89872022.00000
4518      89958970.00000
4519      90045985.00000
4520      90133069.00000
4521      90220220.00000
4522      90307439.00000
4523      90394727.00000
4524      90482082.00000
4525      90569505.00000
4526      90656996.00000
4527      90744556.00000
4528      90832183.00000
4529      90919879.00000
4530      91007643.00000
4531      91095475.00000
4532      91183376.00000
4533      91271345.00000
4534      91359382.00000
4535      91447488.00000
4536      91535663.00000
4537      91623905.00000
4538      91712217.00000
4539      91800597.00000
4540      91889046.00000
4541      91977563.00000
4542      92066149.00000
4543      92154804.00000
4544      92243527.00000
4545      92332320.00000
4546      92421181.00000
4547      92510112.00000
4548      92599111.00000
4549      92688179.00000
4550      92777316.00000
4551      92866523.00000
4552      92955798.00000
4553      93045143.00000
4554      93134557.00000
4555      93224040.00000
4556      93313593.00000
4557      93403215.00000
4558      93492906.00000
4559      93582666.00000
4560      93672497.00000
4561      93762396.00000
4562      93852365.00000
4563      93942404.00000
4564      94032512.00000
4565      94122690.00000
4566      94212938.00000
4567      94303255.00000
4568      94393643.00000
4569      94484100.00000
4570      94574627.00000
4571      94665223.00000
4572      94755890.00000
4573      94846627.00000
4574      94937434.00000
4575      95028311.00000
4576      95119257.00000
4577      95210275.00000
4578      95301362.00000
4579      95392519.00000
4580      95483747.00000
4581      95575045.00000
4582      95666414.00000
4583      95757853.00000
4584      95849362.00000
4585      95940942.00000
4586      96032592.00000
4587      96124313.00000
4588      96216105.00000
4589      96307967.00000
4590      96399900.00000
4591      96491904.00000
4592      96583978.00000
4593      96676123.00000
4594      96768339.00000
4595      96860626.00000
4596      96952984.00000
4597      97045413.00000
4598      97137913.00000
4599      97230484.00000
4600      97323126.00000
4601      97415839.00000
4602      97508623.00000
4603      97601479.00000
4604      97694406.00000
4605      97787404.00000
4606      97880473.00000
4607      97973614.00000
4608      98066827.00000
4609      98160111.00000
4610      98253466.00000
4611      98346893.00000
4612      98440391.00000
4613      98533961.00000
4614      98627603.00000
4615      98721317.00000
4616      98815102.00000
4617      98908959.00000
4618      99002888.00000
4619      99096889.00000
4620      99190962.00000
4621      99285107.00000
4622      99379324.00000
4623      99473613.00000
4624      99567974.00000
4625      99662407.00000
4626      99756912.00000
4627      99851490.00000
4628      99946140.00000
4629     100040860.00000
4630     100135660.00000
4631     100230520.00000
4632     100325460.00000
4633     100420470.00000
4634     100515560.00000
4635     100610720.00000
4636     100705950.00000
4637     100801250.00000
4638     100896620.00000
4639     100992070.00000
4640     101087590.00000
4641     101183180.00000
4642     101278850.00000
4643     101374590.00000
4644     101470400.00000
4645     101566290.00000
4646     101662240.00000
4647     101758270.00000
4648     101854380.00000
4649     101950560.00000
4650     102046810.00000
4651     102143130.00000
4652     102239530.00000
4653     102336000.00000
4654     102432540.00000
4655     102529160.00000
4656     102625850.00000
4657     102722610.00000
4658     102819450.00000
4659     102916360.00000
4660     103013350.00000
4661     103110400.00000
4662     103207540.00000
4663     103304740.00000
4664     103402020.00000
4665     103499380.00000
4666     103596800.00000
4667     103694300.00000
4668     103791880.00000
4669     103889530.00000
4670     103987250.00000
4671     104085050.00000
4672     104182920.00000
4673     104280870.00000
4674     104378890.00000
4675     104476980.00000
4676     104575150.00000
4677     104673390.00000
4678     104771710.00000
4679     104870100.00000
4680     104968570.00000
4681     105067110.00000
4682     105165720.00000
4683     105264410.00000
4684     105363180.00000
4685     105462020.00000
4686     105560930.00000
4687     105659920.00000
4688     105758980.00000
4689     105858120.00000
4690     105957330.00000
4691     106056620.00000
4692     106155990.00000
4693     106255420.00000
4694     106354940.00000
4695     106454530.00000
4696     106554190.00000
4697     106653930.00000
4698     106753740.00000
4699     106853630.00000
4700     106953600.00000
4701     107053640.00000
4702     107153750.00000
4703     107253940.00000
4704     107354210.00000
4705     107454550.00000
4706     107554970.00000
4707     107655460.00000
4708     107756030.00000
4709     107856670.00000
4710     107957390.00000
4711     108058190.00000
4712     108159060.00000
4713     108260010.00000
4714     108361030.00000
4715     108462130.00000
4716     108563310.00000
4717     108664560.00000
4718     108765890.00000
4719     108867290.00000
4720     108968770.00000
4721     109070330.00000
4722     109171960.00000
4723     109273670.00000
4724     109375460.00000
4725     109477320.00000
4726     109579260.00000
4727     109681280.00000
4728     109783370.00000
4729     109885530.00000
4730     109987780.00000
4731     110090100.00000
4732     110192500.00000
4733     110294970.00000
4734     110397530.00000
4735     110500150.00000
4736     110602860.00000
4737     110705640.00000
4738     110808500.00000
4739     110911440.00000
4740     111014450.00000
4741     111117540.00000
4742     111220710.00000
4743     111323960.00000
4744     111427280.00000
4745     111530680.00000
4746     111634150.00000
4747     111737710.00000
4748     111841340.00000
4749     111945050.00000
4750     112048840.00000
4751     112152700.00000
4752     112256640.00000
4753     112360660.00000
4754     112464760.00000
4755     112568930.00000
4756     112673190.00000
4757     112777520.00000
4758     112881930.00000
4759     112986410.00000
4760     113090980.00000
4761     113195620.00000
4762     113300340.00000
4763     113405140.00000
4764     113510010.00000
4765     113614970.00000
4766     113720000.00000
4767     113825110.00000
4768     113930300.00000
4769     114035570.00000
4770     114140920.00000
4771     114246340.00000
4772     114351850.00000
4773     114457430.00000
4774     114563090.00000
4775     114668830.00000
4776     114774640.00000
4777     114880540.00000
4778     114986510.00000
4779     115092570.00000
4780     115198700.00000
4781     115304910.00000
4782     115411200.00000
4783     115517570.00000
4784     115624020.00000
4785     115730550.00000
4786     115837160.00000
4787     115943840.00000
4788     116050610.00000
4789     116157450.00000
4790     116264370.00000
4791     116371380.00000
4792     116478460.00000
4793     116585620.00000
4794     116692860.00000
4795     116800180.00000
4796     116907580.00000
4797     117015060.00000
4798     117122620.00000
4799     117230260.00000
4800     117337980.00000
4801     117445780.00000
4802     117553660.00000
4803     117661620.00000
4804     117769650.00000
4805     117877770.00000
4806     117985970.00000
4807     118094250.00000
4808     118202610.00000
4809     118311040.00000
4810     118419560.00000
4811     118528160.00000
4812     118636840.00000
4813     118745600.00000
4814     118854440.00000
4815     118963360.00000
4816     119072360.00000
4817     119181440.00000
4818     119290600.00000
4819     119399850.00000
4820     119509170.00000
4821     119618570.00000
4822     119728060.00000
4823     119837620.00000
4824     119947270.00000
4825     120057000.00000
4826     120166800.00000
4827     120276690.00000
4828     120386660.00000
4829     120496710.00000
4830     120606840.00000
4831     120717060.00000
4832     120827350.00000
4833     120937730.00000
4834     121048180.00000
4835     121158720.00000
4836     121269340.00000
4837     121380040.00000
4838     121490820.00000
4839     121601690.00000
4840     121712630.00000
4841     121823660.00000
4842     121934770.00000
4843     122045960.00000
4844     122157230.00000
4845     122268580.00000
4846     122380020.00000
4847     122491540.00000
4848     122603140.00000
4849     122714820.00000
4850     122826580.00000
4851     122938420.00000
4852     123050350.00000
4853     123162360.00000
4854     123274450.00000
4855     123386630.00000
4856     123498880.00000
4857     123611220.00000
4858     123723640.00000
4859     123836150.00000
4860     123948730.00000
4861     124061400.00000
4862     124174150.00000
4863     124286980.00000
4864     124399900.00000
4865     124512900.00000
4866     124625980.00000
4867     124739140.00000
4868     124852390.00000
4869     124965720.00000
4870     125079130.00000
4871     125192630.00000
4872     125306210.00000
4873     125419870.00000
4874     125533610.00000
4875     125647440.00000
4876     125761350.00000
4877     125875350.00000
4878     125989430.00000
4879     126103590.00000
4880     126217830.00000
4881     126332160.00000
4882     126446570.00000
4883     126561060.00000
4884     126675640.00000
4885     126790310.00000
4886     126905050.00000
4887     127019880.00000
4888     127134790.00000
4889     127249790.00000
4890     127364870.00000
4891     127480040.00000
4892     127595280.00000
4893     127710620.00000
4894     127826030.00000
4895     127941530.00000
4896     128057120.00000
4897     128172790.00000
4898     128288540.00000
4899     128404380.00000
4900     128520300.00000
4901     128636310.00000
4902     128752400.00000
4903     128868570.00000
4904     128984830.00000
4905     129101180.00000
4906     129217600.00000
4907     129334120.00000
4908     129450720.00000
4909     129567400.00000
4910     129684170.00000
4911     129801020.00000
4912     129917960.00000
4913     130034980.00000
4914     130152080.00000
4915     130269280.00000
4916     130386550.00000
4917     130503920.00000
4918     130621360.00000
4919     130738900.00000
4920     130856510.00000
4921     130974220.00000
4922     131092000.00000
4923     131209880.00000
4924     131327840.00000
4925     131445880.00000
4926     131564010.00000
4927     131682230.00000
4928     131800530.00000
4929     131918920.00000
4930     132037390.00000
4931     132155950.00000
4932     132274590.00000
4933     132393320.00000
4934     132512140.00000
4935     132631040.00000
4936     132750030.00000
4937     132869100.00000
4938     132988260.00000
4939     133107510.00000
4940     133226840.00000
4941     133346260.00000
4942     133465770.00000
4943     133585360.00000
4944     133705030.00000
4945     133824800.00000
4946     133944650.00000
4947     134064590.00000
4948     134184610.00000
4949     134304720.00000
4950     134424920.00000
4951     134545200.00000
4952     134665570.00000
4953     134786030.00000
4954     134906570.00000
4955     135027200.00000
4956     135147920.00000
4957     135268730.00000
4958     135389620.00000
4959     135510600.00000
4960     135631660.00000
4961     135752820.00000
4962     135874060.00000
4963     135995390.00000
4964     136116800.00000
4965     136238300.00000
4966     136359890.00000
4967     136481570.00000
4968     136603340.00000
4969     136725190.00000
4970     136847130.00000
4971     136969160.00000
4972     137091270.00000
4973     137213470.00000
4974     137335770.00000
4975     137458140.00000
4976     137580610.00000
4977     137703170.00000
4978     137825810.00000
4979     137948540.00000
4980     138071360.00000
4981     138194270.00000
4982     138317260.00000
4983     138440350.00000
4984     138563520.00000
4985     138686780.00000
4986     138810130.00000
4987     138933560.00000
4988     139057090.00000
4989     139180700.00000
4990     139304400.00000
4991     139428200.00000
4992     139552080.00000
4993     139676040.00000
4994     139800100.00000
4995     139924250.00000
4996     140048480.00000
4997     140172810.00000
4998     140297220.00000
4999     140421720.00000
5000     140546310.00000