   1             2.03029
   2             2.42986
   3             3.08006
   4             3.79370
   5             4.52703
   6             5.26889
   7             6.01526
   8             6.76430
   9             7.51507
  10             8.26702
  11             9.01981
  12             9.77323
  13            10.52711
  14            11.28137
  15            12.03591
  16            12.79070
  17            13.54568
  18            14.30082
  19            15.05609
  20            15.81148
  21            16.56697
  22            17.32255
  23            18.07820
  24            18.83391
  25            19.58969
  26            20.34551
  27            21.10139
  28            21.85730
  29            22.61325
  30            23.36923
  31            24.12525
  32            24.88129
  33            25.63736
  34            26.39346
  35            27.14957
  36            27.90571
  37            28.66187
  38            29.41804
  39            30.17423
  40            30.93044
  41            31.68666
  42            32.44290
  43            33.19915
  44            33.95541
  45            34.71168
  46            35.46797
  47            36.22427
  48            36.98057
  49            37.73689
  50            38.49322
  51            39.24956
  52            40.00590
  53            40.76225
  54            41.51862
  55            42.27499
  56            43.03137
  57            43.78775
  58            44.54414
  59            45.30054
  60            46.05695
  61            46.81337
  62            47.56979
  63            48.32621
  64            49.08265
  65            49.83909
  66            50.59553
  67            51.35199
  68            52.10845
  69            52.86491
  70            53.62138
  71            54.37785
  72            55.13433
  73            55.89082
  74            56.64731
  75            57.40381
  76            58.16031
  77            58.91682
  78            59.67333
  79            60.42985
  80            61.18637
  81            61.94289
  82            62.69943
  83            63.45596
  84            64.21250
  85            64.96905
  86            65.72560
  87            66.48216
  88            67.23871
  89            67.99528
  90            68.75185
  91            69.50842
  92            70.26500
  93            71.02158
  94            71.77817
  95            72.53476
  96            73.29135
  97            74.04795
  98            74.80456
  99            75.56117
 100            76.31778
 101            77.07439
 102            77.83101
 103            78.58764
 104            79.34427
 105            80.10090
 106            80.85754
 107            81.61418
 108            82.37082
 109            83.12747
 110            83.88413
 111            84.64078
 112            85.39745
 113            86.15411
 114            86.91078
 115            87.66746
 116            88.42413
 117            89.18081
 118            89.93750
 119            90.69419
 120            91.45088
 121            92.20758
 122            92.96428
 123            93.72098
 124            94.47769
 125            95.23440
 126            95.99112
 127            96.74784
 128            97.50456
 129            98.26129
 130            99.01802
 131            99.77476
 132           100.53150
 133           101.28824
 134           102.04499
 135           102.80174
 136           103.55849
 137           104.31525
 138           105.07201
 139           105.82878
 140           106.58555
 141           107.34232
 142           108.09910
 143           108.85588
 144           109.61267
 145           110.36945
 146           111.12625
 147           111.88304
 148           112.63984
 149           113.39664
 150           114.15345
 151           114.91026
 152           115.66707
 153           116.42389
 154           117.18072
 155           117.93754
 156           118.69437
 157           119.45120
 158           120.20804
 159           120.96488
 160           121.72172
 161           122.47857
 162           123.23542
 163           123.99228
 164           124.74913
 165           125.50600
 166           126.26286
 167           127.01973
 168           127.77660
 169           128.53348
 170           129.29036
 171           130.04725
 172           130.80413
 173           131.56102
 174           132.31792
 175           133.07482
 176           133.83172
 177           134.58863
 178           135.34554
 179           136.10245
 180           136.85937
 181           137.61629
 182           138.37321
 183           139.13014
 184           139.88707
 185           140.64401
 186           141.40095
 187           142.15789
 188           142.91484
 189           143.67179
 190           144.42874
 191           145.18570
 192           145.94266
 193           146.69962
 194           147.45659
 195           148.21357
 196           148.97054
 197           149.72752
 198           150.48451
 199           151.24150
 200           151.99849
 201           152.75548
 202           153.51248
 203           154.26949
 204           155.02649
 205           155.78350
 206           156.54052
 207           157.29754
 208           158.05456
 209           158.81159
 210           159.56862
 211           160.32565
 212           161.08269
 213           161.83973
 214           162.59678
 215           163.35383
 216           164.11089
 217           164.86795
 218           165.62501
 219           166.38208
 220           167.13915
 221           167.89623
 222           168.65331
 223           169.41039
 224           170.16748
 225           170.92458
 226           171.68167
 227           172.43878
 228           173.19588
 229           173.95299
 230           174.71011
 231           175.46723
 232           176.22436
 233           176.98149
 234           177.73863
 235           178.49577
 236           179.25291
 237           180.01006
 238           180.76722
 239           181.52438
 240           182.28155
 241           183.03872
 242           183.79590
 243           184.55308
 244           185.31027
 245           186.06746
 246           186.82466
 247           187.58186
 248           188.33907
 249           189.09629
 250           189.85351
 251           190.61074
 252           191.36798
 253           192.12522
 254           192.88247
 255           193.63972
 256           194.39698
 257           195.15425
 258           195.91153
 259           196.66881
 260           197.42610
 261           198.18339
 262           198.94069
 263           199.69800
 264           200.45532
 265           201.21265
 266           201.96998
 267           202.72732
 268           203.48467
 269           204.24203
 270           204.99939
 271           205.75677
 272           206.51415
 273           207.27155
 274           208.02895
 275           208.78636
 276           209.54378
 277           210.30120
 278           211.05864
 279           211.81609
 280           212.57355
 281           213.33102
 282           214.08850
 283           214.84599
 284           215.60349
 285           216.36100
 286           217.11852
 287           217.87606
 288           218.63360
 289           219.39116
 290           220.14873
 291           220.90631
 292           221.66390
 293           222.42151
 294           223.17913
 295           223.93676
 296           224.69441
 297           225.45207
 298           226.20974
 299           226.96743
 300           227.72513
 301           228.48285
 302           229.24058
 303           229.99833
 304           230.75609
 305           231.51387
 306           232.27166
 307           233.02947
 308           233.78730
 309           234.54514
 310           235.30300
 311           236.06088
 312           236.81877
 313           237.57669
 314           238.33462
 315           239.09257
 316           239.85054
 317           240.60853
 318           241.36654
 319           242.12457
 320           242.88262
 321           243.64069
 322           244.39878
 323           245.15689
 324           245.91503
 325           246.67318
 326           247.43136
 327           248.18956
 328           248.94779
 329           249.70604
 330           250.46431
 331           251.22261
 332           251.98093
 333           252.73927
 334           253.49765
 335           254.25605
 336           255.01447
 337           255.77292
 338           256.53140
 339           257.28990
 340           258.04844
 341           258.80700
 342           259.56559
 343           260.32421
 344           261.08286
 345           261.84154
 346           262.60025
 347           263.35899
 348           264.11777
 349           264.87657
 350           265.63541
 351           266.39428
 352           267.15319
 353           267.91213
 354           268.67110
 355           269.43011
 356           270.18915
 357           270.94823
 358           271.70734
 359           272.46650
 360           273.22568
 361           273.98491
 362           274.74418
 363           275.50348
 364           276.26283
 365           277.02221
 366           277.78163
 367           278.54110
 368           279.30061
 369           280.06016
 370           280.81975
 371           281.57938
 372           282.33906
 373           283.09878
 374           283.85855
 375           284.61837
 376           285.37822
 377           286.13813
 378           286.89808
 379           287.65809
 380           288.41814
 381           289.17823
 382           289.93838
 383           290.69858
 384           291.45883
 385           292.21913
 386           292.97948
 387           293.73988
 388           294.50034
 389           295.26085
 390           296.02142
 391           296.78204
 392           297.54272
 393           298.30345
 394           299.06424
 395           299.82509
 396           300.58599
 397           301.34696
 398           302.10798
 399           302.86906
 400           303.63021
 401           304.39142
 402           305.15269
 403           305.91402
 404           306.67541
 405           307.43687
 406           308.19839
 407           308.95998
 408           309.72164
 409           310.48336
 410           311.24515
 411           312.00701
 412           312.76894
 413           313.53093
 414           314.29300
 415           315.05514
 416           315.81735
 417           316.57963
 418           317.34198
 419           318.10441
 420           318.86692
 421           319.62950
 422           320.39215
 423           321.15488
 424           321.91769
 425           322.68058
 426           323.44354
 427           324.20659
 428           324.96972
 429           325.73292
 430           326.49621
 431           327.25958
 432           328.02304
 433           328.78658
 434           329.55020
 435           330.31391
 436           331.07770
 437           331.84159
 438           332.60556
 439           333.36962
 440           334.13377
 441           334.89801
 442           335.66233
 443           336.42676
 444           337.19127
 445           337.95588
 446           338.72058
 447           339.48537
 448           340.25026
 449           341.01525
 450           341.78033
 451           342.54552
 452           343.31080
 453           344.07618
 454           344.84166
 455           345.60724
 456           346.37292
 457           347.13871
 458           347.90460
 459           348.67059
 460           349.43669
 461           350.20290
 462           350.96921
 463           351.73562
 464           352.50215
 465           353.26879
 466           354.03553
 467           354.80239
 468           355.56935
 469           356.33643
 470           357.10363
 471           357.87093
 472           358.63835
 473           359.40589
 474           360.17354
 475           360.94131
 476           361.70920
 477           362.47721
 478           363.24533
 479           364.01358
 480           364.78195
 481           365.55044
 482           366.31905
 483           367.08778
 484           367.85665
 485           368.62563
 486           369.39474
 487           370.16398
 488           370.93335
 489           371.70285
 490           372.47247
 491           373.24223
 492           374.01211
 493           374.78213
 494           375.55228
 495           376.32257
 496           377.09299
 497           377.86354
 498           378.63423
 499           379.40506
 500           380.17602
 501           380.94713
 502           381.71837
 503           382.48976
 504           383.26128
 505           384.03295
 506           384.80476
 507           385.57671
 508           386.34881
 509           387.12105
 510           387.89344
 511           388.66598
 512           389.43866
 513           390.21149
 514           390.98447
 515           391.75761
 516           392.53089
 517           393.30433
 518           394.07792
 519           394.85166
 520           395.62556
 521           396.39961
 522           397.17382
 523           397.94818
 524           398.72271
 525           399.49739
 526           400.27223
 527           401.04723
 528           401.82240
 529           402.59772
 530           403.37321
 531           404.14886
 532           404.92468
 533           405.70066
 534           406.47681
 535           407.25313
 536           408.02961
 537           408.80627
 538           409.58309
 539           410.36008
 540           411.13725
 541           411.91458
 542           412.69209
 543           413.46978
 544           414.24763
 545           415.02567
 546           415.80388
 547           416.58226
 548           417.36083
 549           418.13957
 550           418.91850
 551           419.69760
 552           420.47688
 553           421.25635
 554           422.03600
 555           422.81584
 556           423.59586
 557           424.37606
 558           425.15645
 559           425.93703
 560           426.71779
 561           427.49875
 562           428.27989
 563           429.06123
 564           429.84275
 565           430.62447
 566           431.40638
 567           432.18848
 568           432.97078
 569           433.75328
 570           434.53597
 571           435.31885
 572           436.10194
 573           436.88522
 574           437.66870
 575           438.45239
 576           439.23627
 577           440.02036
 578           440.80465
 579           441.58914
 580           442.37383
 581           443.15874
 582           443.94384
 583           444.72916
 584           445.51468
 585           446.30041
 586           447.08635
 587           447.87250
 588           448.65886
 589           449.44543
 590           450.23221
 591           451.01920
 592           451.80642
 593           452.59384
 594           453.38148
 595           454.16934
 596           454.95741
 597           455.74570
 598           456.53421
 599           457.32294
 600           458.11189
 601           458.90106
 602           459.69045
 603           460.48007
 604           461.26991
 605           462.05997
 606           462.85026
 607           463.64077
 608           464.43151
 609           465.22248
 610           466.01367
 611           466.80510
 612           467.59675
 613           468.38863
 614           469.18075
 615           469.97310
 616           470.76567
 617           471.55849
 618           472.35153
 619           473.14482
 620           473.93833
 621           474.73209
 622           475.52608
 623           476.32031
 624           477.11478
 625           477.90948
 626           478.70443
 627           479.49962
 628           480.29505
 629           481.09072
 630           481.88664
 631           482.68280
 632           483.47920
 633           484.27585
 634           485.07275
 635           485.86989
 636           486.66729
 637           487.46493
 638           488.26281
 639           489.06095
 640           489.85934
 641           490.65798
 642           491.45688
 643           492.25602
 644           493.05542
 645           493.85508
 646           494.65499
 647           495.45515
 648           496.25557
 649           497.05625
 650           497.85719
 651           498.65838
 652           499.45984
 653           500.26155
 654           501.06353
 655           501.86576
 656           502.66826
 657           503.47102
 658           504.27405
 659           505.07734
 660           505.88089
 661           506.68471
 662           507.48880
 663           508.29316
 664           509.09778
 665           509.90267
 666           510.70783
 667           511.51326
 668           512.31896
 669           513.12493
 670           513.93118
 671           514.73769
 672           515.54448
 673           516.35155
 674           517.15889
 675           517.96650
 676           518.77439
 677           519.58256
 678           520.39100
 679           521.19973
 680           522.00873
 681           522.81801
 682           523.62757
 683           524.43741
 684           525.24754
 685           526.05794
 686           526.86863
 687           527.67961
 688           528.49086
 689           529.30241
 690           530.11423
 691           530.92635
 692           531.73875
 693           532.55143
 694           533.36441
 695           534.17767
 696           534.99123
 697           535.80507
 698           536.61921
 699           537.43363
 700           538.24835
 701           539.06336
 702           539.87867
 703           540.69427
 704           541.51016
 705           542.32635
 706           543.14283
 707           543.95961
 708           544.77669
 709           545.59407
 710           546.41174
 711           547.22971
 712           548.04798
 713           548.86656
 714           549.68543
 715           550.50460
 716           551.32408
 717           552.14386
 718           552.96395
 719           553.78433
 720           554.60502
 721           555.42602
 722           556.24733
 723           557.06893
 724           557.89085
 725           558.71307
 726           559.53561
 727           560.35845
 728           561.18160
 729           562.00506
 730           562.82883
 731           563.65291
 732           564.47731
 733           565.30201
 734           566.12703
 735           566.95236
 736           567.77801
 737           568.60397
 738           569.43025
 739           570.25685
 740           571.08376
 741           571.91098
 742           572.73853
 743           573.56639
 744           574.39457
 745           575.22307
 746           576.05189
 747           576.88104
 748           577.71050
 749           578.54028
 750           579.37039
 751           580.20082
 752           581.03157
 753           581.86265
 754           582.69405
 755           583.52578
 756           584.35783
 757           585.19021
 758           586.02292
 759           586.85595
 760           587.68931
 761           588.52300
 762           589.35701
 763           590.19136
 764           591.02604
 765           591.86105
 766           592.69638
 767           593.53206
 768           594.36806
 769           595.20439
 770           596.04106
 771           596.87807
 772           597.71540
 773           598.55308
 774           599.39108
 775           600.22942
 776           601.06810
 777           601.90712
 778           602.74648
 779           603.58617
 780           604.42620
 781           605.26657
 782           606.10728
 783           606.94833
 784           607.78972
 785           608.63145
 786           609.47352
 787           610.31594
 788           611.15870
 789           612.00180
 790           612.84524
 791           613.68903
 792           614.53317
 793           615.37765
 794           616.22247
 795           617.06764
 796           617.91316
 797           618.75902
 798           619.60524
 799           620.45180
 800           621.29871
 801           622.14597
 802           622.99357
 803           623.84153
 804           624.68984
 805           625.53850
 806           626.38752
 807           627.23688
 808           628.08660
 809           628.93667
 810           629.78709
 811           630.63787
 812           631.48900
 813           632.34049
 814           633.19233
 815           634.04453
 816           634.89709
 817           635.75000
 818           636.60327
 819           637.45690
 820           638.31088
 821           639.16523
 822           640.01993
 823           640.87499
 824           641.73042
 825           642.58620
 826           643.44235
 827           644.29885
 828           645.15572
 829           646.01295
 830           646.87055
 831           647.72850
 832           648.58682
 833           649.44551
 834           650.30456
 835           651.16398
 836           652.02376
 837           652.88390
 838           653.74442
 839           654.60530
 840           655.46654
 841           656.32816
 842           657.19014
 843           658.05250
 844           658.91522
 845           659.77831
 846           660.64177
 847           661.50560
 848           662.36980
 849           663.23437
 850           664.09932
 851           664.96464
 852           665.83033
 853           666.69639
 854           667.56282
 855           668.42963
 856           669.29682
 857           670.16437
 858           671.03231
 859           671.90062
 860           672.76930
 861           673.63836
 862           674.50780
 863           675.37762
 864           676.24781
 865           677.11838
 866           677.98933
 867           678.86066
 868           679.73236
 869           680.60445
 870           681.47691
 871           682.34976
 872           683.22299
 873           684.09660
 874           684.97059
 875           685.84496
 876           686.71971
 877           687.59485
 878           688.47037
 879           689.34627
 880           690.22256
 881           691.09923
 882           691.97629
 883           692.85373
 884           693.73156
 885           694.60977
 886           695.48837
 887           696.36736
 888           697.24673
 889           698.12649
 890           699.00664
 891           699.88718
 892           700.76810
 893           701.64941
 894           702.53112
 895           703.41321
 896           704.29569
 897           705.17857
 898           706.06183
 899           706.94548
 900           707.82953
 901           708.71397
 902           709.59880
 903           710.48402
 904           711.36964
 905           712.25565
 906           713.14205
 907           714.02885
 908           714.91604
 909           715.80363
 910           716.69161
 911           717.57998
 912           718.46876
 913           719.35793
 914           720.24749
 915           721.13745
 916           722.02781
 917           722.91857
 918           723.80972
 919           724.70128
 920           725.59323
 921           726.48558
 922           727.37833
 923           728.27148
 924           729.16503
 925           730.05898
 926           730.95333
 927           731.84808
 928           732.74324
 929           733.63879
 930           734.53475
 931           735.43111
 932           736.32787
 933           737.22504
 934           738.12261
 935           739.02058
 936           739.91896
 937           740.81774
 938           741.71692
 939           742.61651
 940           743.51651
 941           744.41691
 942           745.31772
 943           746.21893
 944           747.12055
 945           748.02258
 946           748.92502
 947           749.82786
 948           750.73111
 949           751.63477
 950           752.53883
 951           753.44331
 952           754.34820
 953           755.25349
 954           756.15920
 955           757.06531
 956           757.97184
 957           758.87877
 958           759.78612
 959           760.69388
 960           761.60205
 961           762.51063
 962           763.41962
 963           764.32903
 964           765.23885
 965           766.14909
 966           767.05973
 967           767.97079
 968           768.88227
 969           769.79416
 970           770.70646
 971           771.61918
 972           772.53231
 973           773.44586
 974           774.35983
 975           775.27421
 976           776.18901
 977           777.10423
 978           778.01986
 979           778.93591
 980           779.85237
 981           780.76926
 982           781.68656
 983           782.60428
 984           783.52242
 985           784.44098
 986           785.35996
 987           786.27936
 988           787.19918
 989           788.11942
 990           789.04008
 991           789.96116
 992           790.88266
 993           791.80458
 994           792.72693
 995           793.64969
 996           794.57288
 997           795.49649
 998           796.42053
 999           797.34498
1000           798.26986
1001           799.19517
1002           800.12089
1003           801.04705
1004           801.97362
1005           802.90062
1006           803.82804
1007           804.75590
1008           805.68417
1009           806.61287
1010           807.54200
1011           808.47155
1012           809.40153
1013           810.33194
1014           811.26277
1015           812.19403
1016           813.12572
1017           814.05784
1018           814.99038
1019           815.92336
1020           816.85676
1021           817.79059
1022           818.72485
1023           819.65953
1024           820.59465
1025           821.53020
1026           822.46618
1027           823.40259
1028           824.33942
1029           825.27669
1030           826.21439
1031           827.15253
1032           828.09109
1033           829.03009
1034           829.96951
1035           830.90937
1036           831.84966
1037           832.79039
1038           833.73155
1039           834.67314
1040           835.61517
1041           836.55762
1042           837.50052
1043           838.44384
1044           839.38761
1045           840.33180
1046           841.27643
1047           842.22150
1048           843.16700
1049           844.11294
1050           845.05931
1051           846.00612
1052           846.95337
1053           847.90105
1054           848.84917
1055           849.79773
1056           850.74672
1057           851.69615
1058           852.64602
1059           853.59633
1060           854.54708
1061           855.49826
1062           856.44988
1063           857.40194
1064           858.35445
1065           859.30739
1066           860.26077
1067           861.21459
1068           862.16885
1069           863.12355
1070           864.07868
1071           865.03427
1072           865.99029
1073           866.94675
1074           867.90366
1075           868.86100
1076           869.81879
1077           870.77702
1078           871.73569
1079           872.69481
1080           873.65436
1081           874.61436
1082           875.57481
1083           876.53569
1084           877.49702
1085           878.45880
1086           879.42102
1087           880.38368
1088           881.34678
1089           882.31034
1090           883.27433
1091           884.23877
1092           885.20366
1093           886.16899
1094           887.13477
1095           888.10099
1096           889.06766
1097           890.03477
1098           891.00233
1099           891.97034
1100           892.93880
1101           893.90770
1102           894.87705
1103           895.84685
1104           896.81709
1105           897.78778
1106           898.75892
1107           899.73051
1108           900.70255
1109           901.67503
1110           902.64797
1111           903.62135
1112           904.59518
1113           905.56947
1114           906.54420
1115           907.51938
1116           908.49501
1117           909.47109
1118           910.44762
1119           911.42461
1120           912.40204
1121           913.37993
1122           914.35826
1123           915.33705
1124           916.31629
1125           917.29598
1126           918.27612
1127           919.25671
1128           920.23776
1129           921.21926
1130           922.20121
1131           923.18362
1132           924.16647
1133           925.14979
1134           926.13355
1135           927.11777
1136           928.10244
1137           929.08757
1138           930.07315
1139           931.05918
1140           932.04567
1141           933.03261
1142           934.02001
1143           935.00787
1144           935.99617
1145           936.98494
1146           937.97416
1147           938.96383
1148           939.95397
1149           940.94455
1150           941.93560
1151           942.92710
1152           943.91905
1153           944.91147
1154           945.90434
1155           946.89767
1156           947.89145
1157           948.88570
1158           949.88040
1159           950.87555
1160           951.87117
1161           952.86725
1162           953.86378
1163           954.86077
1164           955.85822
1165           956.85613
1166           957.85450
1167           958.85333
1168           959.85261
1169           960.85236
1170           961.85256
1171           962.85323
1172           963.85436
1173           964.85594
1174           965.85799
1175           966.86050
1176           967.86346
1177           968.86689
1178           969.87078
1179           970.87513
1180           971.87995
1181           972.88522
1182           973.89095
1183           974.89715
1184           975.90381
1185           976.91093
1186           977.91852
1187           978.92656
1188           979.93507
1189           980.94404
1190           981.95348
1191           982.96338
1192           983.97374
1193           984.98456
1194           985.99585
1195           987.00760
1196           988.01982
1197           989.03250
1198           990.04564
1199           991.05925
1200           992.07332
1201           993.08786
1202           994.10286
1203           995.11833
1204           996.13426
1205           997.15066
1206           998.16752
1207           999.18485
1208          1000.20265
1209          1001.22091
1210          1002.23963
1211          1003.25883
1212          1004.27848
1213          1005.29861
1214          1006.31920
1215          1007.34026
1216          1008.36179
1217          1009.38378
1218          1010.40624
1219          1011.42916
1220          1012.45256
1221          1013.47642
1222          1014.50075
1223          1015.52555
1224          1016.55081
1225          1017.57655
1226          1018.60275
1227          1019.62942
1228          1020.65656
1229          1021.68417
1230          1022.71225
1231          1023.74079
1232          1024.76981
1233          1025.79929
1234          1026.82925
1235          1027.85967
1236          1028.89056
1237          1029.92193
1238          1030.95376
1239          1031.98607
1240          1033.01884
1241          1034.05208
1242          1035.08580
1243          1036.11998
1244          1037.15464
1245          1038.18977
1246          1039.22537
1247          1040.26144
1248          1041.29798
1249          1042.33499
1250          1043.37248
1251          1044.41043
1252          1045.44886
1253          1046.48776
1254          1047.52713
1255          1048.56698
1256          1049.60730
1257          1050.64809
1258          1051.68935
1259          1052.73108
1260          1053.77329
1261          1054.81597
1262          1055.85913
1263          1056.90276
1264          1057.94686
1265          1058.99143
1266          1060.03648
1267          1061.08200
1268          1062.12800
1269          1063.17447
1270          1064.22142
1271          1065.26884
1272          1066.31673
1273          1067.36510
1274          1068.41395
1275          1069.46326
1276          1070.51306
1277          1071.56333
1278          1072.61407
1279          1073.66529
1280          1074.71698
1281          1075.76915
1282          1076.82180
1283          1077.87492
1284          1078.92852
1285          1079.98259
1286          1081.03715
1287          1082.09217
1288          1083.14767
1289          1084.20366
1290          1085.26011
1291          1086.31705
1292          1087.37446
1293          1088.43234
1294          1089.49071
1295          1090.54955
1296          1091.60887
1297          1092.66867
1298          1093.72894
1299          1094.78969
1300          1095.85092
1301          1096.91263
1302          1097.97482
1303          1099.03749
1304          1100.10063
1305          1101.16425
1306          1102.22835
1307          1103.29293
1308          1104.35799
1309          1105.42353
1310          1106.48954
1311          1107.55604
1312          1108.62301
1313          1109.69047
1314          1110.75840
1315          1111.82681
1316          1112.89571
1317          1113.96508
1318          1115.03493
1319          1116.10527
1320          1117.17608
1321          1118.24737
1322          1119.31915
1323          1120.39140
1324          1121.46414
1325          1122.53735
1326          1123.61105
1327          1124.68523
1328          1125.75989
1329          1126.83503
1330          1127.91065
1331          1128.98675
1332          1130.06334
1333          1131.14040
1334          1132.21795
1335          1133.29598
1336          1134.37449
1337          1135.45348
1338          1136.53296
1339          1137.61292
1340          1138.69336
1341          1139.77428
1342          1140.85569
1343          1141.93757
1344          1143.01995
1345          1144.10280
1346          1145.18614
1347          1146.26996
1348          1147.35426
1349          1148.43905
1350          1149.52432
1351          1150.61007
1352          1151.69631
1353          1152.78303
1354          1153.87023
1355          1154.95792
1356          1156.04609
1357          1157.13475
1358          1158.22389
1359          1159.31352
1360          1160.40363
1361          1161.49422
1362          1162.58530
1363          1163.67686
1364          1164.76891
1365          1165.86145
1366          1166.95447
1367          1168.04797
1368          1169.14196
1369          1170.23644
1370          1171.33139
1371          1172.42684
1372          1173.52277
1373          1174.61919
1374          1175.71609
1375          1176.81348
1376          1177.91135
1377          1179.00971
1378          1180.10856
1379          1181.20790
1380          1182.30772
1381          1183.40802
1382          1184.50881
1383          1185.61010
1384          1186.71186
1385          1187.81411
1386          1188.91685
1387          1190.02008
1388          1191.12380
1389          1192.22800
1390          1193.33269
1391          1194.43787
1392          1195.54353
1393          1196.64968
1394          1197.75632
1395          1198.86345
1396          1199.97106
1397          1201.07917
1398          1202.18776
1399          1203.29684
1400          1204.40641
1401          1205.51646
1402          1206.62701
1403          1207.73804
1404          1208.84956
1405          1209.96158
1406          1211.07408
1407          1212.18707
1408          1213.30054
1409          1214.41451
1410          1215.52897
1411          1216.64391
1412          1217.75935
1413          1218.87527
1414          1219.99168
1415          1221.10859
1416          1222.22598
1417          1223.34386
1418          1224.46224
1419          1225.58110
1420          1226.70045
1421          1227.82030
1422          1228.94063
1423          1230.06145
1424          1231.18277
1425          1232.30457
1426          1233.42687
1427          1234.54965
1428          1235.67293
1429          1236.79670
1430          1237.92096
1431          1239.04571
1432          1240.17095
1433          1241.29668
1434          1242.42290
1435          1243.54962
1436          1244.67683
1437          1245.80452
1438          1246.93271
1439          1248.06139
1440          1249.19057
1441          1250.32023
1442          1251.45039
1443          1252.58104
1444          1253.71218
1445          1254.84381
1446          1255.97594
1447          1257.10855
1448          1258.24166
1449          1259.37527
1450          1260.50936
1451          1261.64395
1452          1262.77903
1453          1263.91460
1454          1265.05067
1455          1266.18723
1456          1267.32428
1457          1268.46183
1458          1269.59987
1459          1270.73840
1460          1271.87743
1461          1273.01695
1462          1274.15696
1463          1275.29747
1464          1276.43847
1465          1277.57996
1466          1278.72195
1467          1279.86443
1468          1281.00741
1469          1282.15088
1470          1283.29485
1471          1284.43931
1472          1285.58426
1473          1286.72971
1474          1287.87565
1475          1289.02209
1476          1290.16902
1477          1291.31644
1478          1292.46437
1479          1293.61278
1480          1294.76169
1481          1295.91110
1482          1297.06100
1483          1298.21140
1484          1299.36229
1485          1300.51368
1486          1301.66556
1487          1302.81794
1488          1303.97081
1489          1305.12418
1490          1306.27805
1491          1307.43241
1492          1308.58727
1493          1309.74262
1494          1310.89847
1495          1312.05481
1496          1313.21165
1497          1314.36899
1498          1315.52683
1499          1316.68516
1500          1317.84398
1501          1319.00331
1502          1320.16313
1503          1321.32344
1504          1322.48426
1505          1323.64557
1506          1324.80738
1507          1325.96968
1508          1327.13248
1509          1328.29578
1510          1329.45958
1511          1330.62387
1512          1331.78866
1513          1332.95395
1514          1334.11973
1515          1335.28601
1516          1336.45279
1517          1337.62007
1518          1338.78785
1519          1339.95612
1520          1341.12489
1521          1342.29416
1522          1343.46393
1523          1344.63420
1524          1345.80496
1525          1346.97622
1526          1348.14799
1527          1349.32024
1528          1350.49300
1529          1351.66626
1530          1352.84001
1531          1354.01427
1532          1355.18902
1533          1356.36427
1534          1357.54002
1535          1358.71627
1536          1359.89302
1537          1361.07026
1538          1362.24801
1539          1363.42625
1540          1364.60500
1541          1365.78424
1542          1366.96399
1543          1368.14423
1544          1369.32497
1545          1370.50621
1546          1371.68795
1547          1372.87020
1548          1374.05294
1549          1375.23618
1550          1376.41992
1551          1377.60416
1552          1378.78890
1553          1379.97414
1554          1381.15989
1555          1382.34613
1556          1383.53287
1557          1384.72011
1558          1385.90785
1559          1387.09610
1560          1388.28484
1561          1389.47409
1562          1390.66383
1563          1391.85408
1564          1393.04483
1565          1394.23608
1566          1395.42782
1567          1396.62007
1568          1397.81283
1569          1399.00608
1570          1400.19983
1571          1401.39409
1572          1402.58884
1573          1403.78410
1574          1404.97986
1575          1406.17612
1576          1407.37288
1577          1408.57015
1578          1409.76791
1579          1410.96618
1580          1412.16495
1581          1413.36422
1582          1414.56400
1583          1415.76427
1584          1416.96505
1585          1418.16633
1586          1419.36811
1587          1420.57040
1588          1421.77319
1589          1422.97647
1590          1424.18027
1591          1425.38456
1592          1426.58936
1593          1427.79466
1594          1429.00046
1595          1430.20676
1596          1431.41357
1597          1432.62088
1598          1433.82870
1599          1435.03701
1600          1436.24583
1601          1437.45516
1602          1438.66498
1603          1439.87531
1604          1441.08614
1605          1442.29748
1606          1443.50932
1607          1444.72166
1608          1445.93451
1609          1447.14786
1610          1448.36172
1611          1449.57607
1612          1450.79093
1613          1452.00630
1614          1453.22217
1615          1454.43854
1616          1455.65542
1617          1456.87280
1618          1458.09069
1619          1459.30908
1620          1460.52797
1621          1461.74737
1622          1462.96727
1623          1464.18768
1624          1465.40859
1625          1466.63000
1626          1467.85193
1627          1469.07435
1628          1470.29728
1629          1471.52072
1630          1472.74465
1631          1473.96910
1632          1475.19405
1633          1476.41950
1634          1477.64546
1635          1478.87193
1636          1480.09890
1637          1481.32637
1638          1482.55435
1639          1483.78284
1640          1485.01183
1641          1486.24132
1642          1487.47133
1643          1488.70183
1644          1489.93285
1645          1491.16437
1646          1492.39639
1647          1493.62892
1648          1494.86196
1649          1496.09550
1650          1497.32955
1651          1498.56410
1652          1499.79916
1653          1501.03472
1654          1502.27080
1655          1503.50737
1656          1504.74446
1657          1505.98205
1658          1507.22015
1659          1508.45875
1660          1509.69786
1661          1510.93747
1662          1512.17760
1663          1513.41823
1664          1514.65936
1665          1515.90101
1666          1517.14316
1667          1518.38581
1668          1519.62898
1669          1520.87265
1670          1522.11682
1671          1523.36151
1672          1524.60670
1673          1525.85240
1674          1527.09860
1675          1528.34532
1676          1529.59254
1677          1530.84027
1678          1532.08850
1679          1533.33724
1680          1534.58649
1681          1535.83625
1682          1537.08652
1683          1538.33729
1684          1539.58857
1685          1540.84036
1686          1542.09265
1687          1543.34546
1688          1544.59877
1689          1545.85259
1690          1547.10692
1691          1548.36175
1692          1549.61710
1693          1550.87295
1694          1552.12931
1695          1553.38618
1696          1554.64356
1697          1555.90144
1698          1557.15984
1699          1558.41874
1700          1559.67815
1701          1560.93807
1702          1562.19850
1703          1563.45943
1704          1564.72088
1705          1565.98284
1706          1567.24530
1707          1568.50827
1708          1569.77175
1709          1571.03574
1710          1572.30024
1711          1573.56525
1712          1574.83076
1713          1576.09679
1714          1577.36333
1715          1578.63037
1716          1579.89792
1717          1581.16599
1718          1582.43456
1719          1583.70364
1720          1584.97323
1721          1586.24333
1722          1587.51394
1723          1588.78507
1724          1590.05670
1725          1591.32884
1726          1592.60148
1727          1593.87464
1728          1595.14831
1729          1596.42249
1730          1597.69718
1731          1598.97238
1732          1600.24809
1733          1601.52431
1734          1602.80104
1735          1604.07828
1736          1605.35603
1737          1606.63429
1738          1607.91306
1739          1609.19234
1740          1610.47213
1741          1611.75243
1742          1613.03325
1743          1614.31457
1744          1615.59640
1745          1616.87875
1746          1618.16160
1747          1619.44497
1748          1620.72884
1749          1622.01323
1750          1623.29813
1751          1624.58354
1752          1625.86946
1753          1627.15589
1754          1628.44283
1755          1629.73029
1756          1631.01825
1757          1632.30672
1758          1633.59571
1759          1634.88521
1760          1636.17522
1761          1637.46574
1762          1638.75677
1763          1640.04832
1764          1641.34037
1765          1642.63294
1766          1643.92602
1767          1645.21961
1768          1646.51371
1769          1647.80832
1770          1649.10345
1771          1650.39909
1772          1651.69524
1773          1652.99190
1774          1654.28907
1775          1655.58676
1776          1656.88495
1777          1658.18366
1778          1659.48289
1779          1660.78262
1780          1662.08287
1781          1663.38362
1782          1664.68489
1783          1665.98668
1784          1667.28897
1785          1668.59178
1786          1669.89510
1787          1671.19893
1788          1672.50328
1789          1673.80814
1790          1675.11351
1791          1676.41939
1792          1677.72579
1793          1679.03270
1794          1680.34012
1795          1681.64805
1796          1682.95650
1797          1684.26546
1798          1685.57493
1799          1686.88492
1800          1688.19542
1801          1689.50643
1802          1690.81796
1803          1692.13000
1804          1693.44255
1805          1694.75562
1806          1696.06920
1807          1697.38329
1808          1698.69789
1809          1700.01301
1810          1701.32865
1811          1702.64479
1812          1703.96145
1813          1705.27863
1814          1706.59631
1815          1707.91451
1816          1709.23323
1817          1710.55246
1818          1711.87220
1819          1713.19246
1820          1714.51323
1821          1715.83451
1822          1717.15631
1823          1718.47862
1824          1719.80145
1825          1721.12479
1826          1722.44864
1827          1723.77301
1828          1725.09790
1829          1726.42329
1830          1727.74920
1831          1729.07563
1832          1730.40257
1833          1731.73003
1834          1733.05799
1835          1734.38648
1836          1735.71548
1837          1737.04499
1838          1738.37502
1839          1739.70556
1840          1741.03662
1841          1742.36819
1842          1743.70028
1843          1745.03288
1844          1746.36599
1845          1747.69962
1846          1749.03377
1847          1750.36843
1848          1751.70361
1849          1753.03930
1850          1754.37551
1851          1755.71223
1852          1757.04947
1853          1758.38722
1854          1759.72549
1855          1761.06427
1856          1762.40357
1857          1763.74338
1858          1765.08371
1859          1766.42455
1860          1767.76591
1861          1769.10779
1862          1770.45018
1863          1771.79309
1864          1773.13651
1865          1774.48045
1866          1775.82490
1867          1777.16987
1868          1778.51536
1869          1779.86136
1870          1781.20788
1871          1782.55491
1872          1783.90246
1873          1785.25052
1874          1786.59910
1875          1787.94820
1876          1789.29781
1877          1790.64794
1878          1791.99859
1879          1793.34975
1880          1794.70143
1881          1796.05363
1882          1797.40634
1883          1798.75956
1884          1800.11331
1885          1801.46757
1886          1802.82234
1887          1804.17764
1888          1805.53345
1889          1806.88977
1890          1808.24662
1891          1809.60398
1892          1810.96185
1893          1812.32025
1894          1813.67916
1895          1815.03858
1896          1816.39853
1897          1817.75899
1898          1819.11997
1899          1820.48146
1900          1821.84347
1901          1823.20600
1902          1824.56905
1903          1825.93261
1904          1827.29669
1905          1828.66129
1906          1830.02640
1907          1831.39203
1908          1832.75818
1909          1834.12485
1910          1835.49203
1911          1836.85973
1912          1838.22795
1913          1839.59669
1914          1840.96594
1915          1842.33571
1916          1843.70600
1917          1845.07681
1918          1846.44813
1919          1847.81998
1920          1849.19233
1921          1850.56521
1922          1851.93861
1923          1853.31252
1924          1854.68695
1925          1856.06190
1926          1857.43737
1927          1858.81335
1928          1860.18986
1929          1861.56687
1930          1862.94441
1931          1864.32247
1932          1865.70105
1933          1867.08014
1934          1868.45975
1935          1869.83988
1936          1871.22053
1937          1872.60170
1938          1873.98338
1939          1875.36559
1940          1876.74831
1941          1878.13155
1942          1879.51531
1943          1880.89958
1944          1882.28438
1945          1883.66970
1946          1885.05553
1947          1886.44188
1948          1887.82875
1949          1889.21614
1950          1890.60405
1951          1891.99248
1952          1893.38142
1953          1894.77089
1954          1896.16087
1955          1897.55137
1956          1898.94240
1957          1900.33394
1958          1901.72600
1959          1903.11857
1960          1904.51167
1961          1905.90529
1962          1907.29943
1963          1908.69408
1964          1910.08926
1965          1911.48495
1966          1912.88117
1967          1914.27790
1968          1915.67515
1969          1917.07292
1970          1918.47122
1971          1919.87003
1972          1921.26936
1973          1922.66921
1974          1924.06958
1975          1925.47047
1976          1926.87187
1977          1928.27380
1978          1929.67625
1979          1931.07922
1980          1932.48271
1981          1933.88672
1982          1935.29124
1983          1936.69629
1984          1938.10186
1985          1939.50795
1986          1940.91455
1987          1942.32168
1988          1943.72933
1989          1945.13749
1990          1946.54618
1991          1947.95539
1992          1949.36512
1993          1950.77537
1994          1952.18614
1995          1953.59742
1996          1955.00923
1997          1956.42156
1998          1957.83441
1999          1959.24779
2000          1960.66168
2001          1962.07609
2002          1963.49102
2003          1964.90647
2004          1966.32245
2005          1967.73894
2006          1969.15595
2007          1970.57349
2008          1971.99155
2009          1973.41012
2010          1974.82922
2011          1976.24884
2012          1977.66898
2013          1979.08964
2014          1980.51082
2015          1981.93252
2016          1983.35474
2017          1984.77749
2018          1986.20075
2019          1987.62454
2020          1989.04884
2021          1990.47367
2022          1991.89902
2023          1993.32489
2024          1994.75128
2025          1996.17820
2026          1997.60563
2027          1999.03359
2028          2000.46206
2029          2001.89106
2030          2003.32058
2031          2004.75062
2032          2006.18119
2033          2007.61227
2034          2009.04388
2035          2010.47600
2036          2011.90865
2037          2013.34182
2038          2014.77552
2039          2016.20973
2040          2017.64447
2041          2019.07972
2042          2020.51550
2043          2021.95180
2044          2023.38863
2045          2024.82597
2046          2026.26384
2047          2027.70223
2048          2029.14114
2049          2030.58057
2050          2032.02052
2051          2033.46100
2052          2034.90200
2053          2036.34352
2054          2037.78557
2055          2039.22813
2056          2040.67122
2057          2042.11483
2058          2043.55896
2059          2045.00362
2060          2046.44879
2061          2047.89449
2062          2049.34071
2063          2050.78746
2064          2052.23472
2065          2053.68251
2066          2055.13083
2067          2056.57966
2068          2058.02902
2069          2059.47890
2070          2060.92930
2071          2062.38022
2072          2063.83167
2073          2065.28364
2074          2066.73613
2075          2068.18915
2076          2069.64269
2077          2071.09675
2078          2072.55133
2079          2074.00644
2080          2075.46207
2081          2076.91822
2082          2078.37490
2083          2079.83210
2084          2081.28982
2085          2082.74807
2086          2084.20684
2087          2085.66613
2088          2087.12594
2089          2088.58628
2090          2090.04714
2091          2091.50853
2092          2092.97044
2093          2094.43287
2094          2095.89582
2095          2097.35930
2096          2098.82330
2097          2100.28783
2098          2101.75288
2099          2103.21845
2100          2104.68454
2101          2106.15116
2102          2107.61830
2103          2109.08597
2104          2110.55416
2105          2112.02287
2106          2113.49211
2107          2114.96187
2108          2116.43216
2109          2117.90297
2110          2119.37430
2111          2120.84616
2112          2122.31853
2113          2123.79144
2114          2125.26487
2115          2126.73882
2116          2128.21330
2117          2129.68830
2118          2131.16382
2119          2132.63987
2120          2134.11644
2121          2135.59354
2122          2137.07116
2123          2138.54930
2124          2140.02797
2125          2141.50717
2126          2142.98688
2127          2144.46713
2128          2145.94789
2129          2147.42918
2130          2148.91100
2131          2150.39334
2132          2151.87620
2133          2153.35959
2134          2154.84350
2135          2156.32794
2136          2157.81290
2137          2159.29839
2138          2160.78440
2139          2162.27094
2140          2163.75800
2141          2165.24559
2142          2166.73369
2143          2168.22233
2144          2169.71149
2145          2171.20118
2146          2172.69139
2147          2174.18212
2148          2175.67338
2149          2177.16516
2150          2178.65747
2151          2180.15031
2152          2181.64367
2153          2183.13755
2154          2184.63196
2155          2186.12689
2156          2187.62235
2157          2189.11834
2158          2190.61485
2159          2192.11188
2160          2193.60945
2161          2195.10753
2162          2196.60614
2163          2198.10528
2164          2199.60494
2165          2201.10513
2166          2202.60584
2167          2204.10708
2168          2205.60884
2169          2207.11113
2170          2208.61395
2171          2210.11728
2172          2211.62115
2173          2213.12554
2174          2214.63046
2175          2216.13590
2176          2217.64187
2177          2219.14836
2178          2220.65538
2179          2222.16293
2180          2223.67100
2181          2225.17960
2182          2226.68872
2183          2228.19837
2184          2229.70854
2185          2231.21924
2186          2232.73047
2187          2234.24222
2188          2235.75450
2189          2237.26731
2190          2238.78064
2191          2240.29450
2192          2241.80888
2193          2243.32379
2194          2244.83922
2195          2246.35518
2196          2247.87167
2197          2249.38869
2198          2250.90623
2199          2252.42429
2200          2253.94289
2201          2255.46201
2202          2256.98165
2203          2258.50182
2204          2260.02252
2205          2261.54375
2206          2263.06550
2207          2264.58778
2208          2266.11058
2209          2267.63391
2210          2269.15777
2211          2270.68215
2212          2272.20707
2213          2273.73250
2214          2275.25847
2215          2276.78496
2216          2278.31198
2217          2279.83952
2218          2281.36759
2219          2282.89619
2220          2284.42532
2221          2285.95497
2222          2287.48515
2223          2289.01586
2224          2290.54709
2225          2292.07885
2226          2293.61114
2227          2295.14395
2228          2296.67729
2229          2298.21116
2230          2299.74555
2231          2301.28048
2232          2302.81593
2233          2304.35190
2234          2305.88841
2235          2307.42544
2236          2308.96300
2237          2310.50108
2238          2312.03970
2239          2313.57884
2240          2315.11851
2241          2316.65870
2242          2318.19943
2243          2319.74068
2244          2321.28245
2245          2322.82476
2246          2324.36759
2247          2325.91095
2248          2327.45484
2249          2328.99926
2250          2330.54420
2251          2332.08967
2252          2333.63567
2253          2335.18220
2254          2336.72925
2255          2338.27684
2256          2339.82494
2257          2341.37358
2258          2342.92275
2259          2344.47244
2260          2346.02266
2261          2347.57341
2262          2349.12469
2263          2350.67650
2264          2352.22883
2265          2353.78169
2266          2355.33508
2267          2356.88900
2268          2358.44344
2269          2359.99842
2270          2361.55392
2271          2363.10995
2272          2364.66651
2273          2366.22359
2274          2367.78121
2275          2369.33935
2276          2370.89802
2277          2372.45722
2278          2374.01695
2279          2375.57721
2280          2377.13799
2281          2378.69931
2282          2380.26115
2283          2381.82352
2284          2383.38642
2285          2384.94985
2286          2386.51380
2287          2388.07829
2288          2389.64330
2289          2391.20884
2290          2392.77491
2291          2394.34151
2292          2395.90864
2293          2397.47630
2294          2399.04448
2295          2400.61320
2296          2402.18244
2297          2403.75221
2298          2405.32251
2299          2406.89334
2300          2408.46470
2301          2410.03659
2302          2411.60900
2303          2413.18195
2304          2414.75542
2305          2416.32943
2306          2417.90396
2307          2419.47902
2308          2421.05461
2309          2422.63073
2310          2424.20738
2311          2425.78456
2312          2427.36227
2313          2428.94050
2314          2430.51927
2315          2432.09857
2316          2433.67839
2317          2435.25874
2318          2436.83963
2319          2438.42104
2320          2440.00298
2321          2441.58545
2322          2443.16845
2323          2444.75199
2324          2446.33605
2325          2447.92064
2326          2449.50576
2327          2451.09140
2328          2452.67758
2329          2454.26429
2330          2455.85153
2331          2457.43930
2332          2459.02759
2333          2460.61642
2334          2462.20577
2335          2463.79566
2336          2465.38608
2337          2466.97702
2338          2468.56850
2339          2470.16050
2340          2471.75304
2341          2473.34611
2342          2474.93970
2343          2476.53383
2344          2478.12848
2345          2479.72367
2346          2481.31938
2347          2482.91563
2348          2484.51240
2349          2486.10971
2350          2487.70755
2351          2489.30591
2352          2490.90481
2353          2492.50423
2354          2494.10419
2355          2495.70468
2356          2497.30570
2357          2498.90724
2358          2500.50932
2359          2502.11193
2360          2503.71507
2361          2505.31874
2362          2506.92294
2363          2508.52767
2364          2510.13293
2365          2511.73872
2366          2513.34504
2367          2514.95189
2368          2516.55927
2369          2518.16718
2370          2519.77563
2371          2521.38460
2372          2522.99411
2373          2524.60414
2374          2526.21471
2375          2527.82581
2376          2529.43744
2377          2531.04959
2378          2532.66228
2379          2534.27551
2380          2535.88926
2381          2537.50354
2382          2539.11835
2383          2540.73369
2384          2542.34957
2385          2543.96598
2386          2545.58291
2387          2547.20038
2388          2548.81838
2389          2550.43691
2390          2552.05597
2391          2553.67556
2392          2555.29569
2393          2556.91634
2394          2558.53753
2395          2560.15924
2396          2561.78149
2397          2563.40427
2398          2565.02758
2399          2566.65142
2400          2568.27580
2401          2569.90070
2402          2571.52614
2403          2573.15211
2404          2574.77860
2405          2576.40564
2406          2578.03320
2407          2579.66129
2408          2581.28991
2409          2582.91907
2410          2584.54876
2411          2586.17898
2412          2587.80973
2413          2589.44101
2414          2591.07283
2415          2592.70517
2416          2594.33805
2417          2595.97146
2418          2597.60540
2419          2599.23988
2420          2600.87488
2421          2602.51042
2422          2604.14649
2423          2605.78309
2424          2607.42022
2425          2609.05788
2426          2610.69608
2427          2612.33480
2428          2613.97407
2429          2615.61386
2430          2617.25418
2431          2618.89504
2432          2620.53643
2433          2622.17835
2434          2623.82080
2435          2625.46378
2436          2627.10730
2437          2628.75135
2438          2630.39593
2439          2632.04104
2440          2633.68669
2441          2635.33287
2442          2636.97958
2443          2638.62682
2444          2640.27459
2445          2641.92290
2446          2643.57174
2447          2645.22111
2448          2646.87102
2449          2648.52145
2450          2650.17242
2451          2651.82393
2452          2653.47596
2453          2655.12853
2454          2656.78163
2455          2658.43526
2456          2660.08942
2457          2661.74412
2458          2663.39935
2459          2665.05511
2460          2666.71141
2461          2668.36824
2462          2670.02560
2463          2671.68349
2464          2673.34192
2465          2675.00088
2466          2676.66037
2467          2678.32039
2468          2679.98095
2469          2681.64204
2470          2683.30367
2471          2684.96582
2472          2686.62851
2473          2688.29174
2474          2689.95549
2475          2691.61978
2476          2693.28460
2477          2694.94996
2478          2696.61585
2479          2698.28227
2480          2699.94922
2481          2701.61671
2482          2703.28473
2483          2704.95328
2484          2706.62237
2485          2708.29199
2486          2709.96215
2487          2711.63283
2488          2713.30405
2489          2714.97581
2490          2716.64810
2491          2718.32091
2492          2719.99427
2493          2721.66816
2494          2723.34258
2495          2725.01753
2496          2726.69302
2497          2728.36904
2498          2730.04560
2499          2731.72269
2500          2733.40031
2501          2735.07847
2502          2736.75715
2503          2738.43638
2504          2740.11614
2505          2741.79642
2506          2743.47725
2507          2745.15861
2508          2746.84050
2509          2748.52293
2510          2750.20589
2511          2751.88938
2512          2753.57341
2513          2755.25797
2514          2756.94306
2515          2758.62869
2516          2760.31486
2517          2762.00155
2518          2763.68878
2519          2765.37655
2520          2767.06485
2521          2768.75368
2522          2770.44305
2523          2772.13295
2524          2773.82339
2525          2775.51436
2526          2777.20586
2527          2778.89790
2528          2780.59047
2529          2782.28358
2530          2783.97722
2531          2785.67139
2532          2787.36610
2533          2789.06135
2534          2790.75713
2535          2792.45344
2536          2794.15029
2537          2795.84767
2538          2797.54558
2539          2799.24403
2540          2800.94302
2541          2802.64254
2542          2804.34259
2543          2806.04318
2544          2807.74430
2545          2809.44596
2546          2811.14815
2547          2812.85088
2548          2814.55414
2549          2816.25794
2550          2817.96227
2551          2819.66713
2552          2821.37253
2553          2823.07847
2554          2824.78494
2555          2826.49194
2556          2828.19948
2557          2829.90756
2558          2831.61617
2559          2833.32531
2560          2835.03499
2561          2836.74521
2562          2838.45595
2563          2840.16724
2564          2841.87906
2565          2843.59141
2566          2845.30430
2567          2847.01773
2568          2848.73169
2569          2850.44618
2570          2852.16121
2571          2853.87678
2572          2855.59287
2573          2857.30951
2574          2859.02668
2575          2860.74439
2576          2862.46263
2577          2864.18140
2578          2865.90072
2579          2867.62056
2580          2869.34094
2581          2871.06186
2582          2872.78332
2583          2874.50531
2584          2876.22783
2585          2877.95089
2586          2879.67448
2587          2881.39861
2588          2883.12328
2589          2884.84848
2590          2886.57422
2591          2888.30049
2592          2890.02730
2593          2891.75464
2594          2893.48252
2595          2895.21094
2596          2896.93989
2597          2898.66938
2598          2900.39940
2599          2902.12996
2600          2903.86105
2601          2905.59268
2602          2907.32485
2603          2909.05755
2604          2910.79079
2605          2912.52456
2606          2914.25887
2607          2915.99371
2608          2917.72910
2609          2919.46501
2610          2921.20147
2611          2922.93845
2612          2924.67598
2613          2926.41404
2614          2928.15264
2615          2929.89177
2616          2931.63144
2617          2933.37165
2618          2935.11239
2619          2936.85367
2620          2938.59548
2621          2940.33783
2622          2942.08072
2623          2943.82414
2624          2945.56810
2625          2947.31260
2626          2949.05763
2627          2950.80320
2628          2952.54930
2629          2954.29594
2630          2956.04312
2631          2957.79083
2632          2959.53908
2633          2961.28787
2634          2963.03719
2635          2964.78705
2636          2966.53745
2637          2968.28838
2638          2970.03985
2639          2971.79186
2640          2973.54440
2641          2975.29748
2642          2977.05110
2643          2978.80525
2644          2980.55994
2645          2982.31517
2646          2984.07093
2647          2985.82723
2648          2987.58407
2649          2989.34144
2650          2991.09935
2651          2992.85780
2652          2994.61679
2653          2996.37631
2654          2998.13636
2655          2999.89696
2656          3001.65809
2657          3003.41976
2658          3005.18197
2659          3006.94471
2660          3008.70799
2661          3010.47181
2662          3012.23616
2663          3014.00105
2664          3015.76648
2665          3017.53245
2666          3019.29895
2667          3021.06599
2668          3022.83357
2669          3024.60168
2670          3026.37033
2671          3028.13952
2672          3029.90925
2673          3031.67951
2674          3033.45031
2675          3035.22165
2676          3036.99353
2677          3038.76594
2678          3040.53889
2679          3042.31238
2680          3044.08641
2681          3045.86097
2682          3047.63607
2683          3049.41171
2684          3051.18788
2685          3052.96460
2686          3054.74185
2687          3056.51964
2688          3058.29796
2689          3060.07683
2690          3061.85623
2691          3063.63617
2692          3065.41664
2693          3067.19766
2694          3068.97921
2695          3070.76130
2696          3072.54393
2697          3074.32710
2698          3076.11080
2699          3077.89504
2700          3079.67982
2701          3081.46514
2702          3083.25099
2703          3085.03739
2704          3086.82432
2705          3088.61179
2706          3090.39979
2707          3092.18834
2708          3093.97742
2709          3095.76704
2710          3097.55720
2711          3099.34790
2712          3101.13913
2713          3102.93091
2714          3104.72322
2715          3106.51607
2716          3108.30946
2717          3110.10339
2718          3111.89785
2719          3113.69285
2720          3115.48839
2721          3117.28447
2722          3119.08109
2723          3120.87825
2724          3122.67594
2725          3124.47418
2726          3126.27295
2727          3128.07226
2728          3129.87211
2729          3131.67249
2730          3133.47342
2731          3135.27488
2732          3137.07689
2733          3138.87943
2734          3140.68251
2735          3142.48613
2736          3144.29028
2737          3146.09498
2738          3147.90021
2739          3149.70599
2740          3151.51230
2741          3153.31915
2742          3155.12654
2743          3156.93447
2744          3158.74293
2745          3160.55194
2746          3162.36148
2747          3164.17157
2748          3165.98219
2749          3167.79335
2750          3169.60505
2751          3171.41729
2752          3173.23007
2753          3175.04338
2754          3176.85724
2755          3178.67163
2756          3180.48657
2757          3182.30204
2758          3184.11805
2759          3185.93460
2760          3187.75169
2761          3189.56932
2762          3191.38749
2763          3193.20620
2764          3195.02545
2765          3196.84523
2766          3198.66556
2767          3200.48642
2768          3202.30782
2769          3204.12977
2770          3205.95225
2771          3207.77527
2772          3209.59883
2773          3211.42293
2774          3213.24757
2775          3215.07275
2776          3216.89847
2777          3218.72473
2778          3220.55153
2779          3222.37887
2780          3224.20674
2781          3226.03516
2782          3227.86411
2783          3229.69361
2784          3231.52364
2785          3233.35422
2786          3235.18533
2787          3237.01699
2788          3238.84918
2789          3240.68191
2790          3242.51519
2791          3244.34900
2792          3246.18335
2793          3248.01824
2794          3249.85368
2795          3251.68965
2796          3253.52616
2797          3255.36321
2798          3257.20080
2799          3259.03893
2800          3260.87761
2801          3262.71682
2802          3264.55657
2803          3266.39686
2804          3268.23769
2805          3270.07906
2806          3271.92097
2807          3273.76342
2808          3275.60642
2809          3277.44995
2810          3279.29402
2811          3281.13863
2812          3282.98378
2813          3284.82948
2814          3286.67571
2815          3288.52248
2816          3290.36979
2817          3292.21765
2818          3294.06604
2819          3295.91497
2820          3297.76445
2821          3299.61446
2822          3301.46502
2823          3303.31611
2824          3305.16775
2825          3307.01992
2826          3308.87264
2827          3310.72590
2828          3312.57969
2829          3314.43403
2830          3316.28891
2831          3318.14433
2832          3320.00029
2833          3321.85679
2834          3323.71383
2835          3325.57141
2836          3327.42953
2837          3329.28819
2838          3331.14740
2839          3333.00714
2840          3334.86742
2841          3336.72825
2842          3338.58962
2843          3340.45152
2844          3342.31397
2845          3344.17696
2846          3346.04049
2847          3347.90456
2848          3349.76917
2849          3351.63432
2850          3353.50002
2851          3355.36625
2852          3357.23302
2853          3359.10034
2854          3360.96820
2855          3362.83660
2856          3364.70553
2857          3366.57501
2858          3368.44504
2859          3370.31560
2860          3372.18670
2861          3374.05834
2862          3375.93053
2863          3377.80326
2864          3379.67652
2865          3381.55033
2866          3383.42468
2867          3385.29958
2868          3387.17501
2869          3389.05098
2870          3390.92750
2871          3392.80456
2872          3394.68215
2873          3396.56029
2874          3398.43898
2875          3400.31820
2876          3402.19796
2877          3404.07827
2878          3405.95911
2879          3407.84050
2880          3409.72243
2881          3411.60490
2882          3413.48792
2883          3415.37147
2884          3417.25557
2885          3419.14020
2886          3421.02538
2887          3422.91111
2888          3424.79737
2889          3426.68417
2890          3428.57152
2891          3430.45941
2892          3432.34784
2893          3434.23681
2894          3436.12632
2895          3438.01638
2896          3439.90697
2897          3441.79811
2898          3443.68979
2899          3445.58201
2900          3447.47478
2901          3449.36808
2902          3451.26193
2903          3453.15632
2904          3455.05125
2905          3456.94673
2906          3458.84274
2907          3460.73930
2908          3462.63640
2909          3464.53404
2910          3466.43223
2911          3468.33096
2912          3470.23022
2913          3472.13004
2914          3474.03039
2915          3475.93128
2916          3477.83272
2917          3479.73470
2918          3481.63722
2919          3483.54029
2920          3485.44389
2921          3487.34804
2922          3489.25274
2923          3491.15797
2924          3493.06374
2925          3494.97006
2926          3496.87692
2927          3498.78433
2928          3500.69227
2929          3502.60076
2930          3504.50979
2931          3506.41937
2932          3508.32948
2933          3510.24014
2934          3512.15134
2935          3514.06308
2936          3515.97537
2937          3517.88820
2938          3519.80157
2939          3521.71548
2940          3523.62994
2941          3525.54494
2942          3527.46048
2943          3529.37657
2944          3531.29320
2945          3533.21036
2946          3535.12808
2947          3537.04633
2948          3538.96513
2949          3540.88448
2950          3542.80436
2951          3544.72479
2952          3546.64576
2953          3548.56727
2954          3550.48933
2955          3552.41193
2956          3554.33507
2957          3556.25876
2958          3558.18298
2959          3560.10776
2960          3562.03307
2961          3563.95893
2962          3565.88533
2963          3567.81227
2964          3569.73976
2965          3571.66779
2966          3573.59637
2967          3575.52548
2968          3577.45514
2969          3579.38535
2970          3581.31609
2971          3583.24738
2972          3585.17922
2973          3587.11159
2974          3589.04451
2975          3590.97798
2976          3592.91198
2977          3594.84653
2978          3596.78163
2979          3598.71726
2980          3600.65344
2981          3602.59017
2982          3604.52743
2983          3606.46525
2984          3608.40360
2985          3610.34250
2986          3612.28194
2987          3614.22193
2988          3616.16246
2989          3618.10353
2990          3620.04514
2991          3621.98730
2992          3623.93001
2993          3625.87325
2994          3627.81705
2995          3629.76138
2996          3631.70626
2997          3633.65168
2998          3635.59765
2999          3637.54416
3000          3639.49121
3001          3641.43881
3002          3643.38695
3003          3645.33564
3004          3647.28487
3005          3649.23464
3006          3651.18496
3007          3653.13582
3008          3655.08723
3009          3657.03917
3010          3658.99167
3011          3660.94471
3012          3662.89829
3013          3664.85241
3014          3666.80708
3015          3668.76230
3016          3670.71806
3017          3672.67436
3018          3674.63121
3019          3676.58860
3020          3678.54653
3021          3680.50501
3022          3682.46403
3023          3684.42360
3024          3686.38372
3025          3688.34437
3026          3690.30557
3027          3692.26732
3028          3694.22961
3029          3696.19244
3030          3698.15582
3031          3700.11974
3032          3702.08421
3033          3704.04923
3034          3706.01478
3035          3707.98088
3036          3709.94753
3037          3711.91472
3038          3713.88245
3039          3715.85073
3040          3717.81956
3041          3719.78893
3042          3721.75884
3043          3723.72930
3044          3725.70030
3045          3727.67185
3046          3729.64394
3047          3731.61658
3048          3733.58976
3049          3735.56349
3050          3737.53776
3051          3739.51258
3052          3741.48794
3053          3743.46384
3054          3745.44029
3055          3747.41729
3056          3749.39483
3057          3751.37292
3058          3753.35155
3059          3755.33072
3060          3757.31044
3061          3759.29071
3062          3761.27152
3063          3763.25288
3064          3765.23478
3065          3767.21722
3066          3769.20021
3067          3771.18375
3068          3773.16783
3069          3775.15246
3070          3777.13763
3071          3779.12335
3072          3781.10961
3073          3783.09642
3074          3785.08377
3075          3787.07167
3076          3789.06011
3077          3791.04910
3078          3793.03864
3079          3795.02872
3080          3797.01934
3081          3799.01051
3082          3801.00223
3083          3802.99449
3084          3804.98730
3085          3806.98065
3086          3808.97455
3087          3810.96899
3088          3812.96398
3089          3814.95952
3090          3816.95559
3091          3818.95222
3092          3820.94939
3093          3822.94711
3094          3824.94537
3095          3826.94418
3096          3828.94353
3097          3830.94343
3098          3832.94388
3099          3834.94487
3100          3836.94641
3101          3838.94849
3102          3840.95112
3103          3842.95429
3104          3844.95802
3105          3846.96228
3106          3848.96709
3107          3850.97245
3108          3852.97836
3109          3854.98481
3110          3856.99180
3111          3858.99934
3112          3861.00743
3113          3863.01606
3114          3865.02524
3115          3867.03497
3116          3869.04524
3117          3871.05606
3118          3873.06743
3119          3875.07934
3120          3877.09179
3121          3879.10480
3122          3881.11834
3123          3883.13244
3124          3885.14708
3125          3887.16227
3126          3889.17800
3127          3891.19428
3128          3893.21111
3129          3895.22848
3130          3897.24640
3131          3899.26487
3132          3901.28388
3133          3903.30344
3134          3905.32354
3135          3907.34420
3136          3909.36539
3137          3911.38714
3138          3913.40943
3139          3915.43227
3140          3917.45565
3141          3919.47958
3142          3921.50406
3143          3923.52908
3144          3925.55465
3145          3927.58077
3146          3929.60743
3147          3931.63464
3148          3933.66240
3149          3935.69070
3150          3937.71955
3151          3939.74895
3152          3941.77889
3153          3943.80938
3154          3945.84042
3155          3947.87201
3156          3949.90414
3157          3951.93682
3158          3953.97004
3159          3956.00381
3160          3958.03813
3161          3960.07300
3162          3962.10841
3163          3964.14437
3164          3966.18087
3165          3968.21793
3166          3970.25553
3167          3972.29368
3168          3974.33237
3169          3976.37161
3170          3978.41140
3171          3980.45174
3172          3982.49262
3173          3984.53405
3174          3986.57603
3175          3988.61855
3176          3990.66163
3177          3992.70525
3178          3994.74941
3179          3996.79412
3180          3998.83939
3181          4000.88519
3182          4002.93155
3183          4004.97845
3184          4007.02590
3185          4009.07390
3186          4011.12245
3187          4013.17154
3188          4015.22118
3189          4017.27137
3190          4019.32210
3191          4021.37338
3192          4023.42522
3193          4025.47759
3194          4027.53052
3195          4029.58399
3196          4031.63801
3197          4033.69258
3198          4035.74770
3199          4037.80336
3200          4039.85957
3201          4041.91633
3202          4043.97363
3203          4046.03149
3204          4048.08989
3205          4050.14884
3206          4052.20834
3207          4054.26838
3208          4056.32898
3209          4058.39012
3210          4060.45181
3211          4062.51404
3212          4064.57683
3213          4066.64016
3214          4068.70404
3215          4070.76847
3216          4072.83345
3217          4074.89897
3218          4076.96504
3219          4079.03166
3220          4081.09883
3221          4083.16655
3222          4085.23481
3223          4087.30363
3224          4089.37299
3225          4091.44290
3226          4093.51335
3227          4095.58436
3228          4097.65591
3229          4099.72801
3230          4101.80066
3231          4103.87386
3232          4105.94761
3233          4108.02190
3234          4110.09675
3235          4112.17214
3236          4114.24808
3237          4116.32457
3238          4118.40160
3239          4120.47919
3240          4122.55732
3241          4124.63600
3242          4126.71523
3243          4128.79501
3244          4130.87534
3245          4132.95622
3246          4135.03764
3247          4137.11961
3248          4139.20214
3249          4141.28521
3250          4143.36882
3251          4145.45299
3252          4147.53771
3253          4149.62297
3254          4151.70879
3255          4153.79515
3256          4155.88206
3257          4157.96952
3258          4160.05753
3259          4162.14609
3260          4164.23519
3261          4166.32485
3262          4168.41505
3263          4170.50580
3264          4172.59711
3265          4174.68896
3266          4176.78136
3267          4178.87430
3268          4180.96780
3269          4183.06185
3270          4185.15644
3271          4187.25159
3272          4189.34728
3273          4191.44352
3274          4193.54031
3275          4195.63765
3276          4197.73554
3277          4199.83398
3278          4201.93297
3279          4204.03251
3280          4206.13259
3281          4208.23323
3282          4210.33441
3283          4212.43615
3284          4214.53843
3285          4216.64126
3286          4218.74464
3287          4220.84858
3288          4222.95306
3289          4225.05809
3290          4227.16367
3291          4229.26979
3292          4231.37647
3293          4233.48370
3294          4235.59148
3295          4237.69980
3296          4239.80868
3297          4241.91810
3298          4244.02808
3299          4246.13860
3300          4248.24968
3301          4250.36130
3302          4252.47347
3303          4254.58619
3304          4256.69947
3305          4258.81329
3306          4260.92766
3307          4263.04258
3308          4265.15805
3309          4267.27407
3310          4269.39064
3311          4271.50776
3312          4273.62543
3313          4275.74365
3314          4277.86242
3315          4279.98174
3316          4282.10161
3317          4284.22203
3318          4286.34300
3319          4288.46452
3320          4290.58659
3321          4292.70921
3322          4294.83237
3323          4296.95609
3324          4299.08036
3325          4301.20518
3326          4303.33055
3327          4305.45647
3328          4307.58294
3329          4309.70996
3330          4311.83753
3331          4313.96565
3332          4316.09432
3333          4318.22354
3334          4320.35331
3335          4322.48363
3336          4324.61450
3337          4326.74592
3338          4328.87789
3339          4331.01041
3340          4333.14348
3341          4335.27710
3342          4337.41127
3343          4339.54600
3344          4341.68127
3345          4343.81709
3346          4345.95347
3347          4348.09039
3348          4350.22786
3349          4352.36589
3350          4354.50447
3351          4356.64359
3352          4358.78327
3353          4360.92350
3354          4363.06427
3355          4365.20560
3356          4367.34748
3357          4369.48991
3358          4371.63289
3359          4373.77642
3360          4375.92050
3361          4378.06513
3362          4380.21032
3363          4382.35605
3364          4384.50234
3365          4386.64917
3366          4388.79656
3367          4390.94449
3368          4393.09298
3369          4395.24202
3370          4397.39161
3371          4399.54175
3372          4401.69244
3373          4403.84368
3374          4405.99548
3375          4408.14782
3376          4410.30072
3377          4412.45416
3378          4414.60816
3379          4416.76271
3380          4418.91781
3381          4421.07345
3382          4423.22966
3383          4425.38641
3384          4427.54371
3385          4429.70157
3386          4431.85997
3387          4434.01893
3388          4436.17844
3389          4438.33850
3390          4440.49911
3391          4442.66027
3392          4444.82198
3393          4446.98425
3394          4449.14706
3395          4451.31043
3396          4453.47435
3397          4455.63882
3398          4457.80384
3399          4459.96941
3400          4462.13554
3401          4464.30221
3402          4466.46944
3403          4468.63722
3404          4470.80555
3405          4472.97443
3406          4475.14386
3407          4477.31384
3408          4479.48438
3409          4481.65547
3410          4483.82711
3411          4485.99930
3412          4488.17204
3413          4490.34534
3414          4492.51918
3415          4494.69358
3416          4496.86853
3417          4499.04403
3418          4501.22008
3419          4503.39669
3420          4505.57384
3421          4507.75155
3422          4509.92981
3423          4512.10862
3424          4514.28799
3425          4516.46790
3426          4518.64837
3427          4520.82939
3428          4523.01096
3429          4525.19309
3430          4527.37576
3431          4529.55899
3432          4531.74277
3433          4533.92710
3434          4536.11198
3435          4538.29742
3436          4540.48341
3437          4542.66995
3438          4544.85704
3439          4547.04468
3440          4549.23288
3441          4551.42163
3442          4553.61093
3443          4555.80078
3444          4557.99119
3445          4560.18214
3446          4562.37365
3447          4564.56572
3448          4566.75833
3449          4568.95150
3450          4571.14522
3451          4573.33949
3452          4575.53431
3453          4577.72969
3454          4579.92562
3455          4582.12210
3456          4584.31913
3457          4586.51672
3458          4588.71486
3459          4590.91355
3460          4593.11279
3461          4595.31259
3462          4597.51293
3463          4599.71384
3464          4601.91529
3465          4604.11730
3466          4606.31986
3467          4608.52297
3468          4610.72663
3469          4612.93085
3470          4615.13562
3471          4617.34094
3472          4619.54682
3473          4621.75325
3474          4623.96023
3475          4626.16776
3476          4628.37585
3477          4630.58449
3478          4632.79368
3479          4635.00343
3480          4637.21372
3481          4639.42458
3482          4641.63598
3483          4643.84794
3484          4646.06045
3485          4648.27351
3486          4650.48713
3487          4652.70130
3488          4654.91602
3489          4657.13130
3490          4659.34712
3491          4661.56351
3492          4663.78044
3493          4665.99793
3494          4668.21597
3495          4670.43456
3496          4672.65371
3497          4674.87341
3498          4677.09367
3499          4679.31447
3500          4681.53583
3501          4683.75775
3502          4685.98021
3503          4688.20323
3504          4690.42681
3505          4692.65094
3506          4694.87562
3507          4697.10085
3508          4699.32664
3509          4701.55298
3510          4703.77987
3511          4706.00732
3512          4708.23532
3513          4710.46388
3514          4712.69299
3515          4714.92265
3516          4717.15286
3517          4719.38363
3518          4721.61496
3519          4723.84683
3520          4726.07926
3521          4728.31225
3522          4730.54578
3523          4732.77988
3524          4735.01452
3525          4737.24972
3526          4739.48547
3527          4741.72178
3528          4743.95864
3529          4746.19605
3530          4748.43402
3531          4750.67254
3532          4752.91162
3533          4755.15125
3534          4757.39143
3535          4759.63217
3536          4761.87346
3537          4764.11530
3538          4766.35770
3539          4768.60066
3540          4770.84416
3541          4773.08822
3542          4775.33284
3543          4777.57801
3544          4779.82373
3545          4782.07001
3546          4784.31684
3547          4786.56423
3548          4788.81217
3549          4791.06066
3550          4793.30971
3551          4795.55931
3552          4797.80947
3553          4800.06018
3554          4802.31145
3555          4804.56326
3556          4806.81564
3557          4809.06857
3558          4811.32205
3559          4813.57609
3560          4815.83068
3561          4818.08583
3562          4820.34153
3563          4822.59778
3564          4824.85459
3565          4827.11195
3566          4829.36987
3567          4831.62835
3568          4833.88737
3569          4836.14696
3570          4838.40709
3571          4840.66778
3572          4842.92903
3573          4845.19083
3574          4847.45318
3575          4849.71609
3576          4851.97956
3577          4854.24358
3578          4856.50815
3579          4858.77328
3580          4861.03896
3581          4863.30520
3582          4865.57199
3583          4867.83934
3584          4870.10725
3585          4872.37570
3586          4874.64472
3587          4876.91428
3588          4879.18440
3589          4881.45508
3590          4883.72631
3591          4885.99810
3592          4888.27044
3593          4890.54334
3594          4892.81679
3595          4895.09080
3596          4897.36536
3597          4899.64048
3598          4901.91615
3599          4904.19238
3600          4906.46916
3601          4908.74650
3602          4911.02439
3603          4913.30284
3604          4915.58184
3605          4917.86140
3606          4920.14152
3607          4922.42219
3608          4924.70341
3609          4926.98519
3610          4929.26752
3611          4931.55041
3612          4933.83386
3613          4936.11786
3614          4938.40242
3615          4940.68753
3616          4942.97320
3617          4945.25942
3618          4947.54620
3619          4949.83353
3620          4952.12142
3621          4954.40987
3622          4956.69887
3623          4958.98842
3624          4961.27853
3625          4963.56920
3626          4965.86042
3627          4968.15220
3628          4970.44454
3629          4972.73743
3630          4975.03087
3631          4977.32487
3632          4979.61943
3633          4981.91454
3634          4984.21021
3635          4986.50643
3636          4988.80321
3637          4991.10055
3638          4993.39844
3639          4995.69689
3640          4997.99589
3641          5000.29545
3642          5002.59557
3643          5004.89624
3644          5007.19746
3645          5009.49925
3646          5011.80159
3647          5014.10448
3648          5016.40793
3649          5018.71194
3650          5021.01650
3651          5023.32162
3652          5025.62730
3653          5027.93353
3654          5030.24032
3655          5032.54766
3656          5034.85556
3657          5037.16402
3658          5039.47303
3659          5041.78260
3660          5044.09272
3661          5046.40340
3662          5048.71464
3663          5051.02643
3664          5053.33878
3665          5055.65169
3666          5057.96515
3667          5060.27917
3668          5062.59375
3669          5064.90888
3670          5067.22457
3671          5069.54081
3672          5071.85761
3673          5074.17497
3674          5076.49288
3675          5078.81135
3676          5081.13038
3677          5083.44996
3678          5085.77010
3679          5088.09080
3680          5090.41206
3681          5092.73387
3682          5095.05623
3683          5097.37916
3684          5099.70264
3685          5102.02667
3686          5104.35127
3687          5106.67642
3688          5109.00212
3689          5111.32839
3690          5113.65521
3691          5115.98259
3692          5118.31052
3693          5120.63901
3694          5122.96806
3695          5125.29767
3696          5127.62783
3697          5129.95855
3698          5132.28982
3699          5134.62165
3700          5136.95405
3701          5139.28699
3702          5141.62050
3703          5143.95456
3704          5146.28917
3705          5148.62435
3706          5150.96008
3707          5153.29637
3708          5155.63322
3709          5157.97062
3710          5160.30858
3711          5162.64710
3712          5164.98617
3713          5167.32581
3714          5169.66600
3715          5172.00674
3716          5174.34805
3717          5176.68991
3718          5179.03233
3719          5181.37530
3720          5183.71883
3721          5186.06293
3722          5188.40757
3723          5190.75278
3724          5193.09854
3725          5195.44486
3726          5197.79174
3727          5200.13918
3728          5202.48717
3729          5204.83572
3730          5207.18483
3731          5209.53449
3732          5211.88472
3733          5214.23550
3734          5216.58684
3735          5218.93873
3736          5221.29118
3737          5223.64420
3738          5225.99777
3739          5228.35189
3740          5230.70658
3741          5233.06182
3742          5235.41762
3743          5237.77398
3744          5240.13089
3745          5242.48836
3746          5244.84639
3747          5247.20498
3748          5249.56413
3749          5251.92383
3750          5254.28410
3751          5256.64492
3752          5259.00630
3753          5261.36823
3754          5263.73073
3755          5266.09378
3756          5268.45739
3757          5270.82156
3758          5273.18628
3759          5275.55157
3760          5277.91741
3761          5280.28381
3762          5282.65077
3763          5285.01829
3764          5287.38636
3765          5289.75500
3766          5292.12419
3767          5294.49394
3768          5296.86425
3769          5299.23511
3770          5301.60654
3771          5303.97852
3772          5306.35106
3773          5308.72416
3774          5311.09782
3775          5313.47204
3776          5315.84681
3777          5318.22214
3778          5320.59804
3779          5322.97449
3780          5325.35149
3781          5327.72906
3782          5330.10719
3783          5332.48587
3784          5334.86511
3785          5337.24491
3786          5339.62527
3787          5342.00619
3788          5344.38767
3789          5346.76970
3790          5349.15230
3791          5351.53545
3792          5353.91916
3793          5356.30343
3794          5358.68826
3795          5361.07365
3796          5363.45960
3797          5365.84610
3798          5368.23316
3799          5370.62079
3800          5373.00897
3801          5375.39771
3802          5377.78701
3803          5380.17687
3804          5382.56728
3805          5384.95826
3806          5387.34979
3807          5389.74189
3808          5392.13454
3809          5394.52775
3810          5396.92152
3811          5399.31585
3812          5401.71074
3813          5404.10619
3814          5406.50220
3815          5408.89876
3816          5411.29589
3817          5413.69357
3818          5416.09182
3819          5418.49062
3820          5420.88998
3821          5423.28990
3822          5425.69038
3823          5428.09142
3824          5430.49302
3825          5432.89518
3826          5435.29790
3827          5437.70118
3828          5440.10501
3829          5442.50941
3830          5444.91436
3831          5447.31988
3832          5449.72595
3833          5452.13258
3834          5454.53978
3835          5456.94753
3836          5459.35584
3837          5461.76471
3838          5464.17414
3839          5466.58413
3840          5468.99468
3841          5471.40579
3842          5473.81746
3843          5476.22969
3844          5478.64248
3845          5481.05583
3846          5483.46973
3847          5485.88420
3848          5488.29923
3849          5490.71482
3850          5493.13096
3851          5495.54767
3852          5497.96493
3853          5500.38276
3854          5502.80115
3855          5505.22009
3856          5507.63960
3857          5510.05966
3858          5512.48029
3859          5514.90147
3860          5517.32322
3861          5519.74552
3862          5522.16839
3863          5524.59181
3864          5527.01580
3865          5529.44034
3866          5531.86545
3867          5534.29111
3868          5536.71734
3869          5539.14412
3870          5541.57147
3871          5543.99938
3872          5546.42784
3873          5548.85687
3874          5551.28645
3875          5553.71660
3876          5556.14731
3877          5558.57857
3878          5561.01040
3879          5563.44279
3880          5565.87573
3881          5568.30924
3882          5570.74331
3883          5573.17794
3884          5575.61313
3885          5578.04888
3886          5580.48519
3887          5582.92206
3888          5585.35949
3889          5587.79748
3890          5590.23603
3891          5592.67515
3892          5595.11482
3893          5597.55505
3894          5599.99585
3895          5602.43720
3896          5604.87912
3897          5607.32159
3898          5609.76463
3899          5612.20823
3900          5614.65238
3901          5617.09710
3902          5619.54238
3903          5621.98822
3904          5624.43462
3905          5626.88158
3906          5629.32910
3907          5631.77719
3908          5634.22583
3909          5636.67504
3910          5639.12480
3911          5641.57513
3912          5644.02602
3913          5646.47746
3914          5648.92947
3915          5651.38204
3916          5653.83517
3917          5656.28887
3918          5658.74312
3919          5661.19793
3920          5663.65331
3921          5666.10924
3922          5668.56574
3923          5671.02280
3924          5673.48042
3925          5675.93860
3926          5678.39734
3927          5680.85664
3928          5683.31651
3929          5685.77693
3930          5688.23792
3931          5690.69947
3932          5693.16158
3933          5695.62425
3934          5698.08748
3935          5700.55127
3936          5703.01562
3937          5705.48054
3938          5707.94602
3939          5710.41206
3940          5712.87866
3941          5715.34582
3942          5717.81354
3943          5720.28182
3944          5722.75067
3945          5725.22008
3946          5727.69005
3947          5730.16058
3948          5732.63167
3949          5735.10332
3950          5737.57554
3951          5740.04831
3952          5742.52165
3953          5744.99555
3954          5747.47001
3955          5749.94503
3956          5752.42062
3957          5754.89677
3958          5757.37348
3959          5759.85074
3960          5762.32858
3961          5764.80697
3962          5767.28593
3963          5769.76544
3964          5772.24552
3965          5774.72616
3966          5777.20737
3967          5779.68913
3968          5782.17146
3969          5784.65435
3970          5787.13780
3971          5789.62181
3972          5792.10639
3973          5794.59152
3974          5797.07722
3975          5799.56348
3976          5802.05030
3977          5804.53769
3978          5807.02564
3979          5809.51415
3980          5812.00322
3981          5814.49285
3982          5816.98304
3983          5819.47380
3984          5821.96512
3985          5824.45701
3986          5826.94945
3987          5829.44246
3988          5831.93603
3989          5834.43016
3990          5836.92485
3991          5839.42011
3992          5841.91593
3993          5844.41231
3994          5846.90925
3995          5849.40676
3996          5851.90482
3997          5854.40346
3998          5856.90265
3999          5859.40240
4000          5861.90272
4001          5864.40360
4002          5866.90505
4003          5869.40705
4004          5871.90962
4005          5874.41275
4006          5876.91644
4007          5879.42070
4008          5881.92552
4009          5884.43090
4010          5886.93685
4011          5889.44335
4012          5891.95042
4013          5894.45806
4014          5896.96625
4015          5899.47501
4016          5901.98433
4017          5904.49421
4018          5907.00466
4019          5909.51567
4020          5912.02724
4021          5914.53938
4022          5917.05208
4023          5919.56534
4024          5922.07916
4025          5924.59355
4026          5927.10850
4027          5929.62401
4028          5932.14009
4029          5934.65673
4030          5937.17393
4031          5939.69169
4032          5942.21002
4033          5944.72891
4034          5947.24837
4035          5949.76839
4036          5952.28897
4037          5954.81011
4038          5957.33182
4039          5959.85409
4040          5962.37692
4041          5964.90032
4042          5967.42428
4043          5969.94880
4044          5972.47389
4045          5974.99954
4046          5977.52576
4047          5980.05253
4048          5982.57987
4049          5985.10778
4050          5987.63625
4051          5990.16528
4052          5992.69487
4053          5995.22503
4054          5997.75575
4055          6000.28704
4056          6002.81888
4057          6005.35130
4058          6007.88427
4059          6010.41781
4060          6012.95191
4061          6015.48658
4062          6018.02181
4063          6020.55760
4064          6023.09396
4065          6025.63088
4066          6028.16837
4067          6030.70642
4068          6033.24503
4069          6035.78420
4070          6038.32395
4071          6040.86425
4072          6043.40512
4073          6045.94655
4074          6048.48854
4075          6051.03110
4076          6053.57423
4077          6056.11791
4078          6058.66216
4079          6061.20698
4080          6063.75236
4081          6066.29830
4082          6068.84481
4083          6071.39188
4084          6073.93952
4085          6076.48772
4086          6079.03648
4087          6081.58580
4088          6084.13570
4089          6086.68615
4090          6089.23717
4091          6091.78876
4092          6094.34091
4093          6096.89362
4094          6099.44690
4095          6102.00074
4096          6104.55514
4097          6107.11011
4098          6109.66565
4099          6112.22174
4100          6114.77841
4101          6117.33563
4102          6119.89343
4103          6122.45178
4104          6125.01070
4105          6127.57019
4106          6130.13024
4107          6132.69085
4108          6135.25203
4109          6137.81377
4110          6140.37608
4111          6142.93895
4112          6145.50239
4113          6148.06639
4114          6150.63095
4115          6153.19608
4116          6155.76178
4117          6158.32804
4118          6160.89486
4119          6163.46225
4120          6166.03021
4121          6168.59872
4122          6171.16781
4123          6173.73746
4124          6176.30767
4125          6178.87845
4126          6181.44979
4127          6184.02170
4128          6186.59417
4129          6189.16720
4130          6191.74081
4131          6194.31497
4132          6196.88970
4133          6199.46500
4134          6202.04086
4135          6204.61729
4136          6207.19428
4137          6209.77184
4138          6212.34996
4139          6214.92865
4140          6217.50790
4141          6220.08772
4142          6222.66810
4143          6225.24905
4144          6227.83056
4145          6230.41264
4146          6232.99528
4147          6235.57849
4148          6238.16226
4149          6240.74660
4150          6243.33151
4151          6245.91698
4152          6248.50301
4153          6251.08961
4154          6253.67677
4155          6256.26451
4156          6258.85280
4157          6261.44166
4158          6264.03109
4159          6266.62108
4160          6269.21164
4161          6271.80276
4162          6274.39445
4163          6276.98671
4164          6279.57953
4165          6282.17291
4166          6284.76686
4167          6287.36138
4168          6289.95646
4169          6292.55211
4170          6295.14832
4171          6297.74510
4172          6300.34245
4173          6302.94036
4174          6305.53883
4175          6308.13788
4176          6310.73748
4177          6313.33766
4178          6315.93840
4179          6318.53970
4180          6321.14157
4181          6323.74401
4182          6326.34701
4183          6328.95058
4184          6331.55471
4185          6334.15942
4186          6336.76468
4187          6339.37051
4188          6341.97691
4189          6344.58388
4190          6347.19141
4191          6349.79950
4192          6352.40816
4193          6355.01739
4194          6357.62719
4195          6360.23755
4196          6362.84847
4197          6365.45997
4198          6368.07203
4199          6370.68465
4200          6373.29784
4201          6375.91160
4202          6378.52592
4203          6381.14081
4204          6383.75627
4205          6386.37229
4206          6388.98888
4207          6391.60604
4208          6394.22376
4209          6396.84205
4210          6399.46090
4211          6402.08032
4212          6404.70031
4213          6407.32086
4214          6409.94198
4215          6412.56367
4216          6415.18592
4217          6417.80874
4218          6420.43213
4219          6423.05608
4220          6425.68060
4221          6428.30569
4222          6430.93134
4223          6433.55756
4224          6436.18434
4225          6438.81169
4226          6441.43961
4227          6444.06810
4228          6446.69715
4229          6449.32677
4230          6451.95695
4231          6454.58771
4232          6457.21903
4233          6459.85091
4234          6462.48337
4235          6465.11639
4236          6467.74997
4237          6470.38413
4238          6473.01885
4239          6475.65413
4240          6478.28999
4241          6480.92641
4242          6483.56340
4243          6486.20095
4244          6488.83907
4245          6491.47776
4246          6494.11702
4247          6496.75684
4248          6499.39723
4249          6502.03819
4250          6504.67972
4251          6507.32181
4252          6509.96447
4253          6512.60769
4254          6515.25149
4255          6517.89585
4256          6520.54077
4257          6523.18627
4258          6525.83233
4259          6528.47896
4260          6531.12616
4261          6533.77392
4262          6536.42225
4263          6539.07115
4264          6541.72062
4265          6544.37065
4266          6547.02125
4267          6549.67242
4268          6552.32416
4269          6554.97646
4270          6557.62933
4271          6560.28277
4272          6562.93678
4273          6565.59135
4274          6568.24649
4275          6570.90220
4276          6573.55847
4277          6576.21532
4278          6578.87273
4279          6581.53071
4280          6584.18925
4281          6586.84837
4282          6589.50805
4283          6592.16830
4284          6594.82912
4285          6597.49050
4286          6600.15246
4287          6602.81498
4288          6605.47807
4289          6608.14172
4290          6610.80595
4291          6613.47074
4292          6616.13610
4293          6618.80203
4294          6621.46852
4295          6624.13559
4296          6626.80322
4297          6629.47142
4298          6632.14019
4299          6634.80952
4300          6637.47943
4301          6640.14990
4302          6642.82094
4303          6645.49255
4304          6648.16472
4305          6650.83746
4306          6653.51078
4307          6656.18466
4308          6658.85911
4309          6661.53412
4310          6664.20971
4311          6666.88586
4312          6669.56258
4313          6672.23987
4314          6674.91773
4315          6677.59616
4316          6680.27515
4317          6682.95472
4318          6685.63485
4319          6688.31555
4320          6690.99682
4321          6693.67865
4322          6696.36106
4323          6699.04403
4324          6701.72757
4325          6704.41169
4326          6707.09636
4327          6709.78161
4328          6712.46743
4329          6715.15381
4330          6717.84077
4331          6720.52829
4332          6723.21638
4333          6725.90504
4334          6728.59427
4335          6731.28406
4336          6733.97443
4337          6736.66536
4338          6739.35686
4339          6742.04894
4340          6744.74158
4341          6747.43479
4342          6750.12856
4343          6752.82291
4344          6755.51782
4345          6758.21331
4346          6760.90936
4347          6763.60599
4348          6766.30318
4349          6769.00094
4350          6771.69927
4351          6774.39816
4352          6777.09763
4353          6779.79767
4354          6782.49827
4355          6785.19945
4356          6787.90119
4357          6790.60350
4358          6793.30638
4359          6796.00983
4360          6798.71385
4361          6801.41844
4362          6804.12360
4363          6806.82932
4364          6809.53562
4365          6812.24249
4366          6814.94992
4367          6817.65792
4368          6820.36650
4369          6823.07564
4370          6825.78535
4371          6828.49563
4372          6831.20648
4373          6833.91790
4374          6836.62989
4375          6839.34245
4376          6842.05558
4377          6844.76928
4378          6847.48354
4379          6850.19838
4380          6852.91379
4381          6855.62976
4382          6858.34631
4383          6861.06342
4384          6863.78111
4385          6866.49936
4386          6869.21818
4387          6871.93758
4388          6874.65754
4389          6877.37807
4390          6880.09917
4391          6882.82085
4392          6885.54309
4393          6888.26590
4394          6890.98928
4395          6893.71323
4396          6896.43775
4397          6899.16284
4398          6901.88850
4399          6904.61473
4400          6907.34153
4401          6910.06890
4402          6912.79684
4403          6915.52535
4404          6918.25443
4405          6920.98408
4406          6923.71430
4407          6926.44509
4408          6929.17645
4409          6931.90838
4410          6934.64088
4411          6937.37395
4412          6940.10759
4413          6942.84180
4414          6945.57658
4415          6948.31193
4416          6951.04785
4417          6953.78434
4418          6956.52140
4419          6959.25903
4420          6961.99723
4421          6964.73600
4422          6967.47534
4423          6970.21526
4424          6972.95574
4425          6975.69679
4426          6978.43841
4427          6981.18061
4428          6983.92337
4429          6986.66671
4430          6989.41061
4431          6992.15509
4432          6994.90013
4433          6997.64575
4434          7000.39193
4435          7003.13869
4436          7005.88602
4437          7008.63392
4438          7011.38238
4439          7014.13142
4440          7016.88103
4441          7019.63121
4442          7022.38196
4443          7025.13329
4444          7027.88518
4445          7030.63764
4446          7033.39068
4447          7036.14428
4448          7038.89845
4449          7041.65320
4450          7044.40852
4451          7047.16441
4452          7049.92086
4453          7052.67789
4454          7055.43549
4455          7058.19366
4456          7060.95241
4457          7063.71172
4458          7066.47160
4459          7069.23206
4460          7071.99308
4461          7074.75468
4462          7077.51685
4463          7080.27959
4464          7083.04290
4465          7085.80678
4466          7088.57123
4467          7091.33625
4468          7094.10185
4469          7096.86801
4470          7099.63475
4471          7102.40206
4472          7105.16993
4473          7107.93838
4474          7110.70741
4475          7113.47700
4476          7116.24716
4477          7119.01790
4478          7121.78920
4479          7124.56108
4480          7127.33353
4481          7130.10655
4482          7132.88014
4483          7135.65430
4484          7138.42904
4485          7141.20435
4486          7143.98022
4487          7146.75667
4488          7149.53369
4489          7152.31128
4490          7155.08945
4491          7157.86818
4492          7160.64749
4493          7163.42736
4494          7166.20781
4495          7168.98884
4496          7171.77043
4497          7174.55259
4498          7177.33533
4499          7180.11864
4500          7182.90252
4501          7185.68697
4502          7188.47199
4503          7191.25759
4504          7194.04375
4505          7196.83049
4506          7199.61780
4507          7202.40568
4508          7205.19414
4509          7207.98316
4510          7210.77276
4511          7213.56293
4512          7216.35367
4513          7219.14498
4514          7221.93687
4515          7224.72933
4516          7227.52236
4517          7230.31596
4518          7233.11013
4519          7235.90487
4520          7238.70019
4521          7241.49608
4522          7244.29254
4523          7247.08958
4524          7249.88718
4525          7252.68536
4526          7255.48411
4527          7258.28343
4528          7261.08333
4529          7263.88379
4530          7266.68483
4531          7269.48644
4532          7272.28863
4533          7275.09138
4534          7277.89471
4535          7280.69861
4536          7283.50309
4537          7286.30813
4538          7289.11375
4539          7291.91994
4540          7294.72670
4541          7297.53404
4542          7300.34194
4543          7303.15042
4544          7305.95948
4545          7308.76910
4546          7311.57930
4547          7314.39007
4548          7317.20141
4549          7320.01333
4550          7322.82582
4551          7325.63888
4552          7328.45251
4553          7331.26671
4554          7334.08149
4555          7336.89685
4556          7339.71277
4557          7342.52927
4558          7345.34634
4559          7348.16398
4560          7350.98219
4561          7353.80098
4562          7356.62034
4563          7359.44027
4564          7362.26078
4565          7365.08186
4566          7367.90351
4567          7370.72574
4568          7373.54854
4569          7376.37191
4570          7379.19585
4571          7382.02037
4572          7384.84546
4573          7387.67112
4574          7390.49736
4575          7393.32417
4576          7396.15155
4577          7398.97951
4578          7401.80803
4579          7404.63713
4580          7407.46681
4581          7410.29706
4582          7413.12788
4583          7415.95927
4584          7418.79124
4585          7421.62378
4586          7424.45690
4587          7427.29058
4588          7430.12485
4589          7432.95968
4590          7435.79509
4591          7438.63107
4592          7441.46762
4593          7444.30475
4594          7447.14245
4595          7449.98073
4596          7452.81957
4597          7455.65899
4598          7458.49899
4599          7461.33956
4600          7464.18070
4601          7467.02242
4602          7469.86471
4603          7472.70757
4604          7475.55101
4605          7478.39502
4606          7481.23960
4607          7484.08475
4608          7486.93049
4609          7489.77679
4610          7492.62367
4611          7495.47112
4612          7498.31915
4613          7501.16775
4614          7504.01692
4615          7506.86667
4616          7509.71699
4617          7512.56788
4618          7515.41935
4619          7518.27139
4620          7521.12401
4621          7523.97720
4622          7526.83097
4623          7529.68530
4624          7532.54022
4625          7535.39570
4626          7538.25176
4627          7541.10840
4628          7543.96561
4629          7546.82339
4630          7549.68174
4631          7552.54067
4632          7555.40018
4633          7558.26026
4634          7561.12091
4635          7563.98214
4636          7566.84394
4637          7569.70631
4638          7572.56926
4639          7575.43279
4640          7578.29689
4641          7581.16156
4642          7584.02681
4643          7586.89263
4644          7589.75902
4645          7592.62599
4646          7595.49354
4647          7598.36165
4648          7601.23035
4649          7604.09962
4650          7606.96946
4651          7609.83987
4652          7612.71086
4653          7615.58243
4654          7618.45457
4655          7621.32728
4656          7624.20057
4657          7627.07444
4658          7629.94887
4659          7632.82388
4660          7635.69947
4661          7638.57564
4662          7641.45237
4663          7644.32968
4664          7647.20757
4665          7650.08603
4666          7652.96506
4667          7655.84467
4668          7658.72486
4669          7661.60562
4670          7664.48695
4671          7667.36886
4672          7670.25135
4673          7673.13440
4674          7676.01804
4675          7678.90225
4676          7681.78703
4677          7684.67239
4678          7687.55832
4679          7690.44483
4680          7693.33192
4681          7696.21957
4682          7699.10781
4683          7701.99662
4684          7704.88600
4685          7707.77596
4686          7710.66649
4687          7713.55760
4688          7716.44929
4689          7719.34155
4690          7722.23438
4691          7725.12779
4692          7728.02177
4693          7730.91633
4694          7733.81147
4695          7736.70718
4696          7739.60347
4697          7742.50033
4698          7745.39776
4699          7748.29577
4700          7751.19436
4701          7754.09352
4702          7756.99326
4703          7759.89358
4704          7762.79446
4705          7765.69593
4706          7768.59797
4707          7771.50058
4708          7774.40377
4709          7777.30754
4710          7780.21188
4711          7783.11680
4712          7786.02229
4713          7788.92836
4714          7791.83500
4715          7794.74222
4716          7797.65002
4717          7800.55839
4718          7803.46734
4719          7806.37686
4720          7809.28696
4721          7812.19763
4722          7815.10888
4723          7818.02070
4724          7820.93311
4725          7823.84608
4726          7826.75963
4727          7829.67376
4728          7832.58847
4729          7835.50375
4730          7838.41960
4731          7841.33604
4732          7844.25304
4733          7847.17063
4734          7850.08879
4735          7853.00752
4736          7855.92684
4737          7858.84672
4738          7861.76719
4739          7864.68823
4740          7867.60984
4741          7870.53204
4742          7873.45480
4743          7876.37815
4744          7879.30207
4745          7882.22656
4746          7885.15164
4747          7888.07729
4748          7891.00351
4749          7893.93031
4750          7896.85769
4751          7899.78565
4752          7902.71418
4753          7905.64328
4754          7908.57297
4755          7911.50323
4756          7914.43406
4757          7917.36547
4758          7920.29746
4759          7923.23003
4760          7926.16317
4761          7929.09689
4762          7932.03118
4763          7934.96605
4764          7937.90150
4765          7940.83752
4766          7943.77412
4767          7946.71130
4768          7949.64905
4769          7952.58739
4770          7955.52629
4771          7958.46578
4772          7961.40584
4773          7964.34647
4774          7967.28769
4775          7970.22948
4776          7973.17184
4777          7976.11479
4778          7979.05831
4779          7982.00241
4780          7984.94708
4781          7987.89233
4782          7990.83816
4783          7993.78456
4784          7996.73154
4785          7999.67910
4786          8002.62724
4787          8005.57595
4788          8008.52524
4789          8011.47511
4790          8014.42555
4791          8017.37657
4792          8020.32817
4793          8023.28034
4794          8026.23309
4795          8029.18642
4796          8032.14033
4797          8035.09481
4798          8038.04987
4799          8041.00551
4800          8043.96172
4801          8046.91851
4802          8049.87588
4803          8052.83382
4804          8055.79235
4805          8058.75145
4806          8061.71112
4807          8064.67138
4808          8067.63221
4809          8070.59362
4810          8073.55561
4811          8076.51817
4812          8079.48131
4813          8082.44503
4814          8085.40933
4815          8088.37420
4816          8091.33965
4817          8094.30568
4818          8097.27229
4819          8100.23947
4820          8103.20723
4821          8106.17557
4822          8109.14449
4823          8112.11398
4824          8115.08405
4825          8118.05470
4826          8121.02593
4827          8123.99773
4828          8126.97012
4829          8129.94308
4830          8132.91661
4831          8135.89073
4832          8138.86542
4833          8141.84069
4834          8144.81654
4835          8147.79297
4836          8150.76997
4837          8153.74755
4838          8156.72571
4839          8159.70445
4840          8162.68377
4841          8165.66366
4842          8168.64413
4843          8171.62518
4844          8174.60681
4845          8177.58901
4846          8180.57180
4847          8183.55516
4848          8186.53910
4849          8189.52361
4850          8192.50871
4851          8195.49438
4852          8198.48063
4853          8201.46746
4854          8204.45487
4855          8207.44286
4856          8210.43142
4857          8213.42057
4858          8216.41029
4859          8219.40058
4860          8222.39146
4861          8225.38292
4862          8228.37495
4863          8231.36756
4864          8234.36075
4865          8237.35452
4866          8240.34887
4867          8243.34379
4868          8246.33930
4869          8249.33538
4870          8252.33204
4871          8255.32928
4872          8258.32710
4873          8261.32549
4874          8264.32447
4875          8267.32402
4876          8270.32415
4877          8273.32486
4878          8276.32615
4879          8279.32802
4880          8282.33047
4881          8285.33349
4882          8288.33709
4883          8291.34128
4884          8294.34604
4885          8297.35138
4886          8300.35729
4887          8303.36379
4888          8306.37087
4889          8309.37852
4890          8312.38675
4891          8315.39557
4892          8318.40496
4893          8321.41493
4894          8324.42547
4895          8327.43660
4896          8330.44831
4897          8333.46059
4898          8336.47346
4899          8339.48690
4900          8342.50092
4901          8345.51552
4902          8348.53070
4903          8351.54646
4904          8354.56280
4905          8357.57972
4906          8360.59721
4907          8363.61529
4908          8366.63394
4909          8369.65318
4910          8372.67299
4911          8375.69338
4912          8378.71435
4913          8381.73590
4914          8384.75803
4915          8387.78074
4916          8390.80403
4917          8393.82790
4918          8396.85234
4919          8399.87737
4920          8402.90298
4921          8405.92916
4922          8408.95592
4923          8411.98327
4924          8415.01119
4925          8418.03969
4926          8421.06877
4927          8424.09843
4928          8427.12868
4929          8430.15950
4930          8433.19090
4931          8436.22287
4932          8439.25543
4933          8442.28857
4934          8445.32229
4935          8448.35659
4936          8451.39146
4937          8454.42692
4938          8457.46296
4939          8460.49957
4940          8463.53677
4941          8466.57454
4942          8469.61290
4943          8472.65184
4944          8475.69135
4945          8478.73144
4946          8481.77212
4947          8484.81337
4948          8487.85521
4949          8490.89762
4950          8493.94061
4951          8496.98419
4952          8500.02834
4953          8503.07307
4954          8506.11839
4955          8509.16428
4956          8512.21075
4957          8515.25781
4958          8518.30544
4959          8521.35365
4960          8524.40245
4961          8527.45182
4962          8530.50177
4963          8533.55231
4964          8536.60342
4965          8539.65511
4966          8542.70739
4967          8545.76024
4968          8548.81368
4969          8551.86769
4970          8554.92229
4971          8557.97746
4972          8561.03322
4973          8564.08955
4974          8567.14647
4975          8570.20397
4976          8573.26204
4977          8576.32070
4978          8579.37994
4979          8582.43975
4980          8585.50015
4981          8588.56113
4982          8591.62269
4983          8594.68483
4984          8597.74755
4985          8600.81085
4986          8603.87473
4987          8606.93919
4988          8610.00424
4989          8613.06986
4990          8616.13606
4991          8619.20285
4992          8622.27021
4993          8625.33815
4994          8628.40668
4995          8631.47579
4996          8634.54548
4997          8637.61574
4998          8640.68659
4999          8643.75802
5000          8646.83003
5001          8649.90262
5002          8652.97579
5003          8656.04955
5004          8659.12388
5005          8662.19879
5006          8665.27429
5007          8668.35037
5008          8671.42702
5009          8674.50426
5010          8677.58208
5011          8680.66048
5012          8683.73946
5013          8686.81902
5014          8689.89916
5015          8692.97989
5016          8696.06119
5017          8699.14308
5018          8702.22555
5019          8705.30859
5020          8708.39222
5021          8711.47643
5022          8714.56123
5023          8717.64660
5024          8720.73255
5025          8723.81909
5026          8726.90620
5027          8729.99390
5028          8733.08218
5029          8736.17104
5030          8739.26048
5031          8742.35051
5032          8745.44111
5033          8748.53230
5034          8751.62406
5035          8754.71641
5036          8757.80934
5037          8760.90285
5038          8763.99694
5039          8767.09162
5040          8770.18687
5041          8773.28271
5042          8776.37913
5043          8779.47613
5044          8782.57371
5045          8785.67188
5046          8788.77062
5047          8791.86995
5048          8794.96985
5049          8798.07034
5050          8801.17142
5051          8804.27307
5052          8807.37530
5053          8810.47812
5054          8813.58152
5055          8816.68550
5056          8819.79006
5057          8822.89520
5058          8826.00093
5059          8829.10724
5060          8832.21413
5061          8835.32160
5062          8838.42965
5063          8841.53828
5064          8844.64750
5065          8847.75730
5066          8850.86768
5067          8853.97864
5068          8857.09019
5069          8860.20231
5070          8863.31502
5071          8866.42831
5072          8869.54218
5073          8872.65664
5074          8875.77167
5075          8878.88729
5076          8882.00350
5077          8885.12028
5078          8888.23764
5079          8891.35559
5080          8894.47412
5081          8897.59323
5082          8900.71293
5083          8903.83320
5084          8906.95406
5085          8910.07550
5086          8913.19752
5087          8916.32013
5088          8919.44332
5089          8922.56709
5090          8925.69144
5091          8928.81638
5092          8931.94189
5093          8935.06799
5094          8938.19468
5095          8941.32194
5096          8944.44979
5097          8947.57822
5098          8950.70723
5099          8953.83682
5100          8956.96700
5101          8960.09776
5102          8963.22910
5103          8966.36103
5104          8969.49354
5105          8972.62663
5106          8975.76030
5107          8978.89456
5108          8982.02939
5109          8985.16481
5110          8988.30082
5111          8991.43741
5112          8994.57457
5113          8997.71233
5114          9000.85066
5115          9003.98958
5116          9007.12908
5117          9010.26916
5118          9013.40983
5119          9016.55108
5120          9019.69291
5121          9022.83533
5122          9025.97832
5123          9029.12190
5124          9032.26607
5125          9035.41081
5126          9038.55614
5127          9041.70206
5128          9044.84855
5129          9047.99563
5130          9051.14329
5131          9054.29154
5132          9057.44037
5133          9060.58978
5134          9063.73977
5135          9066.89035
5136          9070.04151
5137          9073.19326
5138          9076.34558
5139          9079.49849
5140          9082.65199
5141          9085.80607
5142          9088.96073
5143          9092.11597
5144          9095.27180
5145          9098.42821
5146          9101.58520
5147          9104.74278
5148          9107.90094
5149          9111.05968
5150          9114.21901
5151          9117.37892
5152          9120.53942
5153          9123.70049
5154          9126.86216
5155          9130.02440
5156          9133.18723
5157          9136.35064
5158          9139.51464
5159          9142.67922
5160          9145.84438
5161          9149.01013
5162          9152.17646
5163          9155.34337
5164          9158.51087
5165          9161.67895
5166          9164.84762
5167          9168.01686
5168          9171.18670
5169          9174.35711
5170          9177.52811
5171          9180.69970
5172          9183.87186
5173          9187.04462
5174          9190.21795
5175          9193.39187
5176          9196.56637
5177          9199.74146
5178          9202.91713
5179          9206.09339
5180          9209.27023
5181          9212.44765
5182          9215.62565
5183          9218.80425
5184          9221.98342
5185          9225.16318
5186          9228.34352
5187          9231.52445
5188          9234.70596
5189          9237.88806
5190          9241.07074
5191          9244.25400
5192          9247.43785
5193          9250.62228
5194          9253.80730
5195          9256.99290
5196          9260.17908
5197          9263.36585
5198          9266.55321
5199          9269.74114
5200          9272.92966
5201          9276.11877
5202          9279.30846
5203          9282.49874
5204          9285.68960
5205          9288.88104
5206          9292.07307
5207          9295.26568
5208          9298.45888
5209          9301.65266
5210          9304.84703
5211          9308.04198
5212          9311.23751
5213          9314.43363
5214          9317.63034
5215          9320.82762
5216          9324.02550
5217          9327.22396
5218          9330.42300
5219          9333.62263
5220          9336.82284
5221          9340.02364
5222          9343.22502
5223          9346.42698
5224          9349.62954
5225          9352.83267
5226          9356.03639
5227          9359.24070
5228          9362.44559
5229          9365.65106
5230          9368.85712
5231          9372.06377
5232          9375.27100
5233          9378.47881
5234          9381.68721
5235          9384.89619
5236          9388.10576
5237          9391.31592
5238          9394.52666
5239          9397.73798
5240          9400.94989
5241          9404.16239
5242          9407.37546
5243          9410.58913
5244          9413.80338
5245          9417.01821
5246          9420.23363
5247          9423.44964
5248          9426.66623
5249          9429.88341
5250          9433.10117
5251          9436.31951
5252          9439.53844
5253          9442.75796
5254          9445.97806
5255          9449.19875
5256          9452.42002
5257          9455.64188
5258          9458.86432
5259          9462.08735
5260          9465.31096
5261          9468.53516
5262          9471.75994
5263          9474.98531
5264          9478.21127
5265          9481.43781
5266          9484.66494
5267          9487.89265
5268          9491.12095
5269          9494.34983
5270          9497.57930
5271          9500.80935
5272          9504.03999
5273          9507.27121
5274          9510.50302
5275          9513.73542
5276          9516.96840
5277          9520.20197
5278          9523.43612
5279          9526.67086
5280          9529.90619
5281          9533.14210
5282          9536.37859
5283          9539.61568
5284          9542.85334
5285          9546.09160
5286          9549.33044
5287          9552.56986
5288          9555.80987
5289          9559.05047
5290          9562.29165
5291          9565.53342
5292          9568.77578
5293          9572.01872
5294          9575.26224
5295          9578.50636
5296          9581.75106
5297          9584.99634
5298          9588.24221
5299          9591.48867
5300          9594.73571
5301          9597.98334
5302          9601.23156
5303          9604.48036
5304          9607.72974
5305          9610.97972
5306          9614.23028
5307          9617.48142
5308          9620.73315
5309          9623.98547
5310          9627.23838
5311          9630.49187
5312          9633.74595
5313          9637.00061
5314          9640.25586
5315          9643.51169
5316          9646.76812
5317          9650.02513
5318          9653.28272
5319          9656.54090
5320          9659.79967
5321          9663.05903
5322          9666.31897
5323          9669.57949
5324          9672.84061
5325          9676.10231
5326          9679.36460
5327          9682.62747
5328          9685.89093
5329          9689.15498
5330          9692.41961
5331          9695.68483
5332          9698.95064
5333          9702.21703
5334          9705.48401
5335          9708.75158
5336          9712.01973
5337          9715.28847
5338          9718.55780
5339          9721.82771
5340          9725.09821
5341          9728.36930
5342          9731.64097
5343          9734.91323
5344          9738.18608
5345          9741.45951
5346          9744.73353
5347          9748.00814
5348          9751.28334
5349          9754.55912
5350          9757.83549
5351          9761.11244
5352          9764.38999
5353          9767.66812
5354          9770.94683
5355          9774.22614
5356          9777.50603
5357          9780.78651
5358          9784.06757
5359          9787.34922
5360          9790.63146
5361          9793.91429
5362          9797.19770
5363          9800.48170
5364          9803.76629
5365          9807.05147
5366          9810.33723
5367          9813.62358
5368          9816.91051
5369          9820.19804
5370          9823.48615
5371          9826.77485
5372          9830.06413
5373          9833.35401
5374          9836.64447
5375          9839.93552
5376          9843.22715
5377          9846.51937
5378          9849.81219
5379          9853.10558
5380          9856.39957
5381          9859.69414
5382          9862.98930
5383          9866.28505
5384          9869.58138
5385          9872.87831
5386          9876.17582
5387          9879.47392
5388          9882.77260
5389          9886.07187
5390          9889.37174
5391          9892.67218
5392          9895.97322
5393          9899.27484
5394          9902.57705
5395          9905.87985
5396          9909.18324
5397          9912.48722
5398          9915.79178
5399          9919.09693
5400          9922.40267
5401          9925.70899
5402          9929.01591
5403          9932.32341
5404          9935.63150
5405          9938.94018
5406          9942.24944
5407          9945.55929
5408          9948.86974
5409          9952.18077
5410          9955.49238
5411          9958.80459
5412          9962.11738
5413          9965.43076
5414          9968.74473
5415          9972.05929
5416          9975.37443
5417          9978.69017
5418          9982.00649
5419          9985.32340
5420          9988.64090
5421          9991.95898
5422          9995.27766
5423          9998.59692
5424         10001.91680
5425         10005.23720
5426         10008.55820
5427         10011.87990
5428         10015.20210
5429         10018.52480
5430         10021.84820
5431         10025.17220
5432         10028.49680
5433         10031.82190
5434         10035.14760
5435         10038.47400
5436         10041.80090
5437         10045.12840
5438         10048.45650
5439         10051.78510
5440         10055.11440
5441         10058.44430
5442         10061.77470
5443         10065.10570
5444         10068.43730
5445         10071.76950
5446         10075.10230
5447         10078.43570
5448         10081.76970
5449         10085.10430
5450         10088.43940
5451         10091.77520
5452         10095.11150
5453         10098.44840
5454         10101.78590
5455         10105.12400
5456         10108.46270
5457         10111.80200
5458         10115.14180
5459         10118.48230
5460         10121.82330
5461         10125.16490
5462         10128.50710
5463         10131.85000
5464         10135.19330
5465         10138.53730
5466         10141.88190
5467         10145.22710
5468         10148.57280
5469         10151.91910
5470         10155.26610
5471         10158.61360
5472         10161.96170
5473         10165.31040
5474         10168.65970
5475         10172.00950
5476         10175.36000
5477         10178.71110
5478         10182.06270
5479         10185.41490
5480         10188.76780
5481         10192.12120
5482         10195.47520
5483         10198.82970
5484         10202.18490
5485         10205.54070
5486         10208.89700
5487         10212.25400
5488         10215.61150
5489         10218.96960
5490         10222.32830
5491         10225.68760
5492         10229.04750
5493         10232.40800
5494         10235.76910
5495         10239.13070
5496         10242.49300
5497         10245.85580
5498         10249.21930
5499         10252.58330
5500         10255.94790
5501         10259.31310
5502         10262.67890
5503         10266.04520
5504         10269.41220
5505         10272.77980
5506         10276.14790
5507         10279.51660
5508         10282.88600
5509         10286.25590
5510         10289.62640
5511         10292.99750
5512         10296.36910
5513         10299.74140
5514         10303.11430
5515         10306.48770
5516         10309.86180
5517         10313.23640
5518         10316.61160
5519         10319.98740
5520         10323.36380
5521         10326.74080
5522         10330.11840
5523         10333.49660
5524         10336.87530
5525         10340.25470
5526         10343.63460
5527         10347.01510
5528         10350.39630
5529         10353.77800
5530         10357.16030
5531         10360.54320
5532         10363.92660
5533         10367.31070
5534         10370.69540
5535         10374.08060
5536         10377.46650
5537         10380.85290
5538         10384.23990
5539         10387.62750
5540         10391.01570
5541         10394.40450
5542         10397.79390
5543         10401.18390
5544         10404.57440
5545         10407.96560
5546         10411.35730
5547         10414.74970
5548         10418.14260
5549         10421.53610
5550         10424.93020
5551         10428.32490
5552         10431.72020
5553         10435.11610
5554         10438.51250
5555         10441.90960
5556         10445.30720
5557         10448.70550
5558         10452.10430
5559         10455.50370
5560         10458.90370
5561         10462.30430
5562         10465.70550
5563         10469.10730
5564         10472.50960
5565         10475.91260
5566         10479.31620
5567         10482.72030
5568         10486.12500
5569         10489.53040
5570         10492.93630
5571         10496.34280
5572         10499.74990
5573         10503.15760
5574         10506.56580
5575         10509.97470
5576         10513.38420
5577         10516.79420
5578         10520.20490
5579         10523.61610
5580         10527.02790
5581         10530.44030
5582         10533.85330
5583         10537.26690
5584         10540.68110
5585         10544.09590
5586         10547.51130
5587         10550.92720
5588         10554.34380
5589         10557.76090
5590         10561.17870
5591         10564.59700
5592         10568.01590
5593         10571.43540
5594         10574.85550
5595         10578.27620
5596         10581.69750
5597         10585.11930
5598         10588.54180
5599         10591.96480
5600         10595.38850
5601         10598.81270
5602         10602.23760
5603         10605.66300
5604         10609.08900
5605         10612.51560
5606         10615.94280
5607         10619.37060
5608         10622.79890
5609         10626.22790
5610         10629.65750
5611         10633.08760
5612         10636.51830
5613         10639.94970
5614         10643.38160
5615         10646.81410
5616         10650.24720
5617         10653.68090
5618         10657.11520
5619         10660.55010
5620         10663.98560
5621         10667.42160
5622         10670.85830
5623         10674.29550
5624         10677.73340
5625         10681.17180
5626         10684.61080
5627         10688.05040
5628         10691.49060
5629         10694.93140
5630         10698.37280
5631         10701.81480
5632         10705.25740
5633         10708.70050
5634         10712.14430
5635         10715.58860
5636         10719.03360
5637         10722.47910
5638         10725.92520
5639         10729.37190
5640         10732.81920
5641         10736.26710
5642         10739.71560
5643         10743.16470
5644         10746.61440
5645         10750.06470
5646         10753.51550
5647         10756.96700
5648         10760.41900
5649         10763.87160
5650         10767.32490
5651         10770.77870
5652         10774.23310
5653         10777.68810
5654         10781.14370
5655         10784.59990
5656         10788.05670
5657         10791.51400
5658         10794.97200
5659         10798.43050
5660         10801.88970
5661         10805.34940
5662         10808.80980
5663         10812.27070
5664         10815.73220
5665         10819.19430
5666         10822.65700
5667         10826.12030
5668         10829.58420
5669         10833.04870
5670         10836.51370
5671         10839.97940
5672         10843.44570
5673         10846.91250
5674         10850.38000
5675         10853.84800
5676         10857.31660
5677         10860.78580
5678         10864.25560
5679         10867.72600
5680         10871.19700
5681         10874.66860
5682         10878.14080
5683         10881.61360
5684         10885.08690
5685         10888.56090
5686         10892.03550
5687         10895.51060
5688         10898.98630
5689         10902.46270
5690         10905.93960
5691         10909.41710
5692         10912.89520
5693         10916.37390
5694         10919.85320
5695         10923.33310
5696         10926.81360
5697         10930.29460
5698         10933.77630
5699         10937.25860
5700         10940.74140
5701         10944.22490
5702         10947.70890
5703         10951.19350
5704         10954.67870
5705         10958.16460
5706         10961.65100
5707         10965.13800
5708         10968.62560
5709         10972.11370
5710         10975.60250
5711         10979.09190
5712         10982.58190
5713         10986.07240
5714         10989.56360
5715         10993.05530
5716         10996.54770
5717         11000.04060
5718         11003.53410
5719         11007.02820
5720         11010.52290
5721         11014.01830
5722         11017.51420
5723         11021.01060
5724         11024.50770
5725         11028.00540
5726         11031.50370
5727         11035.00250
5728         11038.50200
5729         11042.00200
5730         11045.50270
5731         11049.00390
5732         11052.50580
5733         11056.00820
5734         11059.51120
5735         11063.01480
5736         11066.51900
5737         11070.02380
5738         11073.52920
5739         11077.03520
5740         11080.54180
5741         11084.04890
5742         11087.55670
5743         11091.06510
5744         11094.57400
5745         11098.08360
5746         11101.59370
5747         11105.10440
5748         11108.61580
5749         11112.12770
5750         11115.64020
5751         11119.15330
5752         11122.66700
5753         11126.18130
5754         11129.69620
5755         11133.21170
5756         11136.72780
5757         11140.24440
5758         11143.76170
5759         11147.27960
5760         11150.79800
5761         11154.31710
5762         11157.83670
5763         11161.35690
5764         11164.87780
5765         11168.39920
5766         11171.92120
5767         11175.44380
5768         11178.96700
5769         11182.49080
5770         11186.01520
5771         11189.54020
5772         11193.06580
5773         11196.59200
5774         11200.11870
5775         11203.64610
5776         11207.17410
5777         11210.70260
5778         11214.23180
5779         11217.76150
5780         11221.29180
5781         11224.82280
5782         11228.35430
5783         11231.88640
5784         11235.41910
5785         11238.95240
5786         11242.48630
5787         11246.02080
5788         11249.55590
5789         11253.09160
5790         11256.62790
5791         11260.16470
5792         11263.70220
5793         11267.24030
5794         11270.77890
5795         11274.31820
5796         11277.85800
5797         11281.39840
5798         11284.93950
5799         11288.48110
5800         11292.02330
5801         11295.56610
5802         11299.10960
5803         11302.65360
5804         11306.19820
5805         11309.74340
5806         11313.28910
5807         11316.83550
5808         11320.38250
5809         11323.93010
5810         11327.47820
5811         11331.02700
5812         11334.57640
5813         11338.12630
5814         11341.67690
5815         11345.22800
5816         11348.77970
5817         11352.33210
5818         11355.88500
5819         11359.43850
5820         11362.99260
5821         11366.54730
5822         11370.10270
5823         11373.65860
5824         11377.21500
5825         11380.77210
5826         11384.32980
5827         11387.88810
5828         11391.44700
5829         11395.00640
5830         11398.56650
5831         11402.12720
5832         11405.68840
5833         11409.25030
5834         11412.81270
5835         11416.37580
5836         11419.93940
5837         11423.50360
5838         11427.06850
5839         11430.63390
5840         11434.19990
5841         11437.76650
5842         11441.33370
5843         11444.90150
5844         11448.46990
5845         11452.03890
5846         11455.60850
5847         11459.17870
5848         11462.74940
5849         11466.32080
5850         11469.89280
5851         11473.46540
5852         11477.03850
5853         11480.61230
5854         11484.18660
5855         11487.76160
5856         11491.33710
5857         11494.91320
5858         11498.49000
5859         11502.06730
5860         11505.64520
5861         11509.22370
5862         11512.80290
5863         11516.38260
5864         11519.96290
5865         11523.54380
5866         11527.12530
5867         11530.70740
5868         11534.29000
5869         11537.87330
5870         11541.45720
5871         11545.04170
5872         11548.62680
5873         11552.21240
5874         11555.79870
5875         11559.38550
5876         11562.97300
5877         11566.56100
5878         11570.14970
5879         11573.73890
5880         11577.32880
5881         11580.91920
5882         11584.51020
5883         11588.10180
5884         11591.69410
5885         11595.28690
5886         11598.88030
5887         11602.47430
5888         11606.06890
5889         11609.66410
5890         11613.25990
5891         11616.85630
5892         11620.45330
5893         11624.05090
5894         11627.64900
5895         11631.24780
5896         11634.84720
5897         11638.44720
5898         11642.04770
5899         11645.64890
5900         11649.25060
5901         11652.85300
5902         11656.45590
5903         11660.05950
5904         11663.66360
5905         11667.26840
5906         11670.87370
5907         11674.47960
5908         11678.08610
5909         11681.69330
5910         11685.30100
5911         11688.90930
5912         11692.51820
5913         11696.12770
5914         11699.73780
5915         11703.34850
5916         11706.95980
5917         11710.57170
5918         11714.18420
5919         11717.79730
5920         11721.41100
5921         11725.02520
5922         11728.64010
5923         11732.25560
5924         11735.87170
5925         11739.48830
5926         11743.10560
5927         11746.72340
5928         11750.34190
5929         11753.96100
5930         11757.58060
5931         11761.20080
5932         11764.82170
5933         11768.44310
5934         11772.06520
5935         11775.68780
5936         11779.31100
5937         11782.93480
5938         11786.55930
5939         11790.18430
5940         11793.80990
5941         11797.43610
5942         11801.06290
5943         11804.69030
5944         11808.31830
5945         11811.94690
5946         11815.57610
5947         11819.20590
5948         11822.83630
5949         11826.46730
5950         11830.09890
5951         11833.73100
5952         11837.36380
5953         11840.99720
5954         11844.63120
5955         11848.26570
5956         11851.90090
5957         11855.53670
5958         11859.17300
5959         11862.81000
5960         11866.44750
5961         11870.08570
5962         11873.72440
5963         11877.36380
5964         11881.00370
5965         11884.64430
5966         11888.28540
5967         11891.92710
5968         11895.56950
5969         11899.21240
5970         11902.85590
5971         11906.50000
5972         11910.14480
5973         11913.79010
5974         11917.43600
5975         11921.08250
5976         11924.72960
5977         11928.37730
5978         11932.02560
5979         11935.67450
5980         11939.32400
5981         11942.97410
5982         11946.62480
5983         11950.27610
5984         11953.92800
5985         11957.58050
5986         11961.23360
5987         11964.88720
5988         11968.54150
5989         11972.19640
5990         11975.85190
5991         11979.50790
5992         11983.16460
5993         11986.82190
5994         11990.47970
5995         11994.13820
5996         11997.79720
5997         12001.45690
5998         12005.11720
5999         12008.77800
6000         12012.43950
6001         12016.10150
6002         12019.76420
6003         12023.42740
6004         12027.09120
6005         12030.75570
6006         12034.42070
6007         12038.08640
6008         12041.75260
6009         12045.41940
6010         12049.08680
6011         12052.75490
6012         12056.42350
6013         12060.09270
6014         12063.76250
6015         12067.43300
6016         12071.10400
6017         12074.77560
6018         12078.44780
6019         12082.12060
6020         12085.79400
6021         12089.46800
6022         12093.14260
6023         12096.81780
6024         12100.49360
6025         12104.17000
6026         12107.84700
6027         12111.52460
6028         12115.20280
6029         12118.88160
6030         12122.56100
6031         12126.24100
6032         12129.92160
6033         12133.60270
6034         12137.28450
6035         12140.96690
6036         12144.64990
6037         12148.33350
6038         12152.01760
6039         12155.70240
6040         12159.38780
6041         12163.07370
6042         12166.76030
6043         12170.44750
6044         12174.13520
6045         12177.82360
6046         12181.51260
6047         12185.20210
6048         12188.89230
6049         12192.58300
6050         12196.27440
6051         12199.96640
6052         12203.65890
6053         12207.35210
6054         12211.04580
6055         12214.74020
6056         12218.43510
6057         12222.13070
6058         12225.82680
6059         12229.52350
6060         12233.22090
6061         12236.91880
6062         12240.61740
6063         12244.31650
6064         12248.01620
6065         12251.71660
6066         12255.41750
6067         12259.11900
6068         12262.82120
6069         12266.52390
6070         12270.22720
6071         12273.93120
6072         12277.63570
6073         12281.34080
6074         12285.04650
6075         12288.75290
6076         12292.45980
6077         12296.16730
6078         12299.87540
6079         12303.58410
6080         12307.29350
6081         12311.00340
6082         12314.71390
6083         12318.42500
6084         12322.13670
6085         12325.84900
6086         12329.56190
6087         12333.27550
6088         12336.98960
6089         12340.70430
6090         12344.41960
6091         12348.13550
6092         12351.85200
6093         12355.56910
6094         12359.28680
6095         12363.00510
6096         12366.72400
6097         12370.44350
6098         12374.16360
6099         12377.88430
6100         12381.60560
6101         12385.32750
6102         12389.05000
6103         12392.77310
6104         12396.49680
6105         12400.22110
6106         12403.94600
6107         12407.67150
6108         12411.39760
6109         12415.12430
6110         12418.85160
6111         12422.57950
6112         12426.30800
6113         12430.03710
6114         12433.76680
6115         12437.49710
6116         12441.22800
6117         12444.95940
6118         12448.69150
6119         12452.42420
6120         12456.15750
6121         12459.89140
6122         12463.62590
6123         12467.36100
6124         12471.09670
6125         12474.83300
6126         12478.56980
6127         12482.30730
6128         12486.04540
6129         12489.78410
6130         12493.52340
6131         12497.26330
6132         12501.00380
6133         12504.74480
6134         12508.48650
6135         12512.22880
6136         12515.97170
6137         12519.71520
6138         12523.45930
6139         12527.20390
6140         12530.94920
6141         12534.69510
6142         12538.44160
6143         12542.18870
6144         12545.93640
6145         12549.68460
6146         12553.43350
6147         12557.18300
6148         12560.93310
6149         12564.68380
6150         12568.43510
6151         12572.18690
6152         12575.93940
6153         12579.69250
6154         12583.44620
6155         12587.20050
6156         12590.95540
6157         12594.71090
6158         12598.46690
6159         12602.22360
6160         12605.98090
6161         12609.73880
6162         12613.49730
6163         12617.25640
6164         12621.01600
6165         12624.77630
6166         12628.53720
6167         12632.29870
6168         12636.06080
6169         12639.82350
6170         12643.58680
6171         12647.35070
6172         12651.11510
6173         12654.88020
6174         12658.64590
6175         12662.41220
6176         12666.17910
6177         12669.94660
6178         12673.71470
6179         12677.48340
6180         12681.25270
6181         12685.02260
6182         12688.79300
6183         12692.56410
6184         12696.33580
6185         12700.10810
6186         12703.88100
6187         12707.65450
6188         12711.42860
6189         12715.20330
6190         12718.97860
6191         12722.75450
6192         12726.53100
6193         12730.30810
6194         12734.08580
6195         12737.86410
6196         12741.64300
6197         12745.42250
6198         12749.20260
6199         12752.98330
6200         12756.76460
6201         12760.54650
6202         12764.32900
6203         12768.11210
6204         12771.89580
6205         12775.68020
6206         12779.46510
6207         12783.25060
6208         12787.03670
6209         12790.82340
6210         12794.61070
6211         12798.39860
6212         12802.18710
6213         12805.97630
6214         12809.76600
6215         12813.55630
6216         12817.34720
6217         12821.13870
6218         12824.93090
6219         12828.72360
6220         12832.51690
6221         12836.31080
6222         12840.10530
6223         12843.90050
6224         12847.69620
6225         12851.49250
6226         12855.28950
6227         12859.08700
6228         12862.88510
6229         12866.68390
6230         12870.48320
6231         12874.28310
6232         12878.08370
6233         12881.88480
6234         12885.68650
6235         12889.48890
6236         12893.29180
6237         12897.09540
6238         12900.89950
6239         12904.70430
6240         12908.50960
6241         12912.31560
6242         12916.12210
6243         12919.92930
6244         12923.73700
6245         12927.54540
6246         12931.35430
6247         12935.16390
6248         12938.97410
6249         12942.78480
6250         12946.59620
6251         12950.40810
6252         12954.22070
6253         12958.03390
6254         12961.84760
6255         12965.66200
6256         12969.47700
6257         12973.29260
6258         12977.10870
6259         12980.92550
6260         12984.74290
6261         12988.56090
6262         12992.37950
6263         12996.19860
6264         13000.01840
6265         13003.83880
6266         13007.65980
6267         13011.48140
6268         13015.30360
6269         13019.12640
6270         13022.94980
6271         13026.77380
6272         13030.59840
6273         13034.42360
6274         13038.24940
6275         13042.07580
6276         13045.90280
6277         13049.73040
6278         13053.55860
6279         13057.38740
6280         13061.21680
6281         13065.04690
6282         13068.87750
6283         13072.70870
6284         13076.54050
6285         13080.37290
6286         13084.20600
6287         13088.03960
6288         13091.87380
6289         13095.70870
6290         13099.54410
6291         13103.38010
6292         13107.21680
6293         13111.05400
6294         13114.89190
6295         13118.73030
6296         13122.56940
6297         13126.40900
6298         13130.24930
6299         13134.09010
6300         13137.93160
6301         13141.77360
6302         13145.61630
6303         13149.45960
6304         13153.30340
6305         13157.14790
6306         13160.99300
6307         13164.83870
6308         13168.68490
6309         13172.53180
6310         13176.37930
6311         13180.22740
6312         13184.07610
6313         13187.92540
6314         13191.77520
6315         13195.62570
6316         13199.47680
6317         13203.32850
6318         13207.18080
6319         13211.03370
6320         13214.88720
6321         13218.74140
6322         13222.59610
6323         13226.45140
6324         13230.30730
6325         13234.16380
6326         13238.02090
6327         13241.87870
6328         13245.73700
6329         13249.59590
6330         13253.45540
6331         13257.31560
6332         13261.17630
6333         13265.03770
6334         13268.89960
6335         13272.76220
6336         13276.62530
6337         13280.48910
6338         13284.35340
6339         13288.21840
6340         13292.08390
6341         13295.95010
6342         13299.81690
6343         13303.68420
6344         13307.55220
6345         13311.42080
6346         13315.29000
6347         13319.15970
6348         13323.03010
6349         13326.90110
6350         13330.77270
6351         13334.64490
6352         13338.51770
6353         13342.39110
6354         13346.26510
6355         13350.13970
6356         13354.01490
6357         13357.89070
6358         13361.76710
6359         13365.64410
6360         13369.52180
6361         13373.40000
6362         13377.27880
6363         13381.15820
6364         13385.03830
6365         13388.91890
6366         13392.80010
6367         13396.68200
6368         13400.56440
6369         13404.44750
6370         13408.33110
6371         13412.21540
6372         13416.10030
6373         13419.98570
6374         13423.87180
6375         13427.75840
6376         13431.64570
6377         13435.53360
6378         13439.42210
6379         13443.31120
6380         13447.20080
6381         13451.09110
6382         13454.98200
6383         13458.87350
6384         13462.76560
6385         13466.65830
6386         13470.55160
6387         13474.44550
6388         13478.34010
6389         13482.23520
6390         13486.13090
6391         13490.02720
6392         13493.92410
6393         13497.82170
6394         13501.71980
6395         13505.61860
6396         13509.51790
6397         13513.41780
6398         13517.31840
6399         13521.21950
6400         13525.12130
6401         13529.02370
6402         13532.92660
6403         13536.83020
6404         13540.73440
6405         13544.63910
6406         13548.54450
6407         13552.45050
6408         13556.35710
6409         13560.26430
6410         13564.17210
6411         13568.08050
6412         13571.98950
6413         13575.89910
6414         13579.80930
6415         13583.72010
6416         13587.63150
6417         13591.54360
6418         13595.45620
6419         13599.36940
6420         13603.28330
6421         13607.19770
6422         13611.11270
6423         13615.02840
6424         13618.94460
6425         13622.86150
6426         13626.77890
6427         13630.69700
6428         13634.61570
6429         13638.53490
6430         13642.45480
6431         13646.37530
6432         13650.29640
6433         13654.21810
6434         13658.14040
6435         13662.06330
6436         13665.98680
6437         13669.91090
6438         13673.83560
6439         13677.76090
6440         13681.68680
6441         13685.61330
6442         13689.54050
6443         13693.46820
6444         13697.39650
6445         13701.32550
6446         13705.25500
6447         13709.18510
6448         13713.11590
6449         13717.04730
6450         13720.97920
6451         13724.91180
6452         13728.84500
6453         13732.77870
6454         13736.71310
6455         13740.64810
6456         13744.58370
6457         13748.51990
6458         13752.45670
6459         13756.39410
6460         13760.33210
6461         13764.27070
6462         13768.20990
6463         13772.14970
6464         13776.09010
6465         13780.03120
6466         13783.97280
6467         13787.91500
6468         13791.85790
6469         13795.80130
6470         13799.74540
6471         13803.69000
6472         13807.63530
6473         13811.58120
6474         13815.52760
6475         13819.47470
6476         13823.42240
6477         13827.37070
6478         13831.31960
6479         13835.26910
6480         13839.21920
6481         13843.16990
6482         13847.12120
6483         13851.07310
6484         13855.02560
6485         13858.97870
6486         13862.93250
6487         13866.88680
6488         13870.84170
6489         13874.79730
6490         13878.75340
6491         13882.71020
6492         13886.66750
6493         13890.62550
6494         13894.58410
6495         13898.54320
6496         13902.50300
6497         13906.46340
6498         13910.42440
6499         13914.38600
6500         13918.34820
6501         13922.31100
6502         13926.27440
6503         13930.23840
6504         13934.20300
6505         13938.16830
6506         13942.13410
6507         13946.10050
6508         13950.06760
6509         13954.03520
6510         13958.00350
6511         13961.97230
6512         13965.94180
6513         13969.91180
6514         13973.88250
6515         13977.85380
6516         13981.82570
6517         13985.79820
6518         13989.77130
6519         13993.74500
6520         13997.71930
6521         14001.69420
6522         14005.66970
6523         14009.64580
6524         14013.62250
6525         14017.59990
6526         14021.57780
6527         14025.55630
6528         14029.53550
6529         14033.51520
6530         14037.49560
6531         14041.47660
6532         14045.45810
6533         14049.44030
6534         14053.42310
6535         14057.40650
6536         14061.39050
6537         14065.37510
6538         14069.36030
6539         14073.34610
6540         14077.33250
6541         14081.31950
6542         14085.30710
6543         14089.29540
6544         14093.28420
6545         14097.27360
6546         14101.26370
6547         14105.25430
6548         14109.24560
6549         14113.23750
6550         14117.22990
6551         14121.22300
6552         14125.21670
6553         14129.21100
6554         14133.20590
6555         14137.20140
6556         14141.19750
6557         14145.19420
6558         14149.19150
6559         14153.18950
6560         14157.18800
6561         14161.18710
6562         14165.18690
6563         14169.18720
6564         14173.18820
6565         14177.18970
6566         14181.19190
6567         14185.19470
6568         14189.19800
6569         14193.20200
6570         14197.20660
6571         14201.21180
6572         14205.21760
6573         14209.22400
6574         14213.23100
6575         14217.23870
6576         14221.24690
6577         14225.25570
6578         14229.26520
6579         14233.27520
6580         14237.28590
6581         14241.29710
6582         14245.30900
6583         14249.32140
6584         14253.33450
6585         14257.34820
6586         14261.36250
6587         14265.37740
6588         14269.39290
6589         14273.40900
6590         14277.42570
6591         14281.44300
6592         14285.46100
6593         14289.47950
6594         14293.49860
6595         14297.51840
6596         14301.53870
6597         14305.55970
6598         14309.58130
6599         14313.60340
6600         14317.62620
6601         14321.64960
6602         14325.67360
6603         14329.69820
6604         14333.72340
6605         14337.74920
6606         14341.77560
6607         14345.80260
6608         14349.83030
6609         14353.85850
6610         14357.88740
6611         14361.91680
6612         14365.94690
6613         14369.97750
6614         14374.00880
6615         14378.04070
6616         14382.07320
6617         14386.10630
6618         14390.13990
6619         14394.17430
6620         14398.20920
6621         14402.24470
6622         14406.28080
6623         14410.31750
6624         14414.35490
6625         14418.39280
6626         14422.43140
6627         14426.47050
6628         14430.51030
6629         14434.55070
6630         14438.59160
6631         14442.63320
6632         14446.67540
6633         14450.71820
6634         14454.76160
6635         14458.80560
6636         14462.85030
6637         14466.89550
6638         14470.94130
6639         14474.98780
6640         14479.03480
6641         14483.08250
6642         14487.13070
6643         14491.17960
6644         14495.22910
6645         14499.27920
6646         14503.32980
6647         14507.38110
6648         14511.43300
6649         14515.48560
6650         14519.53870
6651         14523.59240
6652         14527.64670
6653         14531.70170
6654         14535.75720
6655         14539.81340
6656         14543.87010
6657         14547.92750
6658         14551.98550
6659         14556.04410
6660         14560.10330
6661         14564.16310
6662         14568.22350
6663         14572.28450
6664         14576.34610
6665         14580.40830
6666         14584.47120
6667         14588.53460
6668         14592.59860
6669         14596.66330
6670         14600.72860
6671         14604.79440
6672         14608.86090
6673         14612.92800
6674         14616.99570
6675         14621.06400
6676         14625.13290
6677         14629.20240
6678         14633.27250
6679         14637.34330
6680         14641.41460
6681         14645.48660
6682         14649.55910
6683         14653.63230
6684         14657.70600
6685         14661.78040
6686         14665.85540
6687         14669.93100
6688         14674.00720
6689         14678.08400
6690         14682.16140
6691         14686.23940
6692         14690.31810
6693         14694.39730
6694         14698.47720
6695         14702.55760
6696         14706.63870
6697         14710.72030
6698         14714.80260
6699         14718.88550
6700         14722.96900
6701         14727.05310
6702         14731.13780
6703         14735.22310
6704         14739.30900
6705         14743.39560
6706         14747.48270
6707         14751.57040
6708         14755.65880
6709         14759.74780
6710         14763.83730
6711         14767.92750
6712         14772.01830
6713         14776.10970
6714         14780.20170
6715         14784.29430
6716         14788.38750
6717         14792.48130
6718         14796.57580
6719         14800.67080
6720         14804.76650
6721         14808.86270
6722         14812.95960
6723         14817.05710
6724         14821.15520
6725         14825.25380
6726         14829.35310
6727         14833.45310
6728         14837.55360
6729         14841.65470
6730         14845.75640
6731         14849.85880
6732         14853.96170
6733         14858.06530
6734         14862.16940
6735         14866.27420
6736         14870.37960
6737         14874.48560
6738         14878.59220
6739         14882.69940
6740         14886.80720
6741         14890.91560
6742         14895.02460
6743         14899.13430
6744         14903.24450
6745         14907.35540
6746         14911.46680
6747         14915.57890
6748         14919.69160
6749         14923.80490
6750         14927.91880
6751         14932.03330
6752         14936.14840
6753         14940.26410
6754         14944.38040
6755         14948.49740
6756         14952.61490
6757         14956.73310
6758         14960.85190
6759         14964.97120
6760         14969.09120
6761         14973.21180
6762         14977.33300
6763         14981.45480
6764         14985.57720
6765         14989.70030
6766         14993.82390
6767         14997.94810
6768         15002.07300
6769         15006.19840
6770         15010.32450
6771         15014.45120
6772         15018.57850
6773         15022.70640
6774         15026.83490
6775         15030.96400
6776         15035.09370
6777         15039.22400
6778         15043.35500
6779         15047.48650
6780         15051.61870
6781         15055.75140
6782         15059.88480
6783         15064.01880
6784         15068.15340
6785         15072.28860
6786         15076.42440
6787         15080.56080
6788         15084.69780
6789         15088.83550
6790         15092.97370
6791         15097.11260
6792         15101.25200
6793         15105.39210
6794         15109.53280
6795         15113.67410
6796         15117.81600
6797         15121.95850
6798         15126.10160
6799         15130.24530
6800         15134.38960
6801         15138.53460
6802         15142.68010
6803         15146.82630
6804         15150.97310
6805         15155.12050
6806         15159.26840
6807         15163.41700
6808         15167.56620
6809         15171.71610
6810         15175.86650
6811         15180.01750
6812         15184.16920
6813         15188.32140
6814         15192.47430
6815         15196.62780
6816         15200.78180
6817         15204.93650
6818         15209.09180
6819         15213.24770
6820         15217.40430
6821         15221.56140
6822         15225.71910
6823         15229.87750
6824         15234.03640
6825         15238.19600
6826         15242.35620
6827         15246.51690
6828         15250.67830
6829         15254.84030
6830         15259.00290
6831         15263.16620
6832         15267.33000
6833         15271.49440
6834         15275.65950
6835         15279.82510
6836         15283.99140
6837         15288.15830
6838         15292.32580
6839         15296.49390
6840         15300.66260
6841         15304.83190
6842         15309.00180
6843         15313.17240
6844         15317.34350
6845         15321.51530
6846         15325.68760
6847         15329.86060
6848         15334.03420
6849         15338.20840
6850         15342.38320
6851         15346.55860
6852         15350.73460
6853         15354.91120
6854         15359.08850
6855         15363.26630
6856         15367.44480
6857         15371.62390
6858         15375.80350
6859         15379.98380
6860         15384.16470
6861         15388.34620
6862         15392.52840
6863         15396.71110
6864         15400.89440
6865         15405.07840
6866         15409.26290
6867         15413.44810
6868         15417.63390
6869         15421.82030
6870         15426.00730
6871         15430.19490
6872         15434.38310
6873         15438.57190
6874         15442.76140
6875         15446.95140
6876         15451.14210
6877         15455.33330
6878         15459.52520
6879         15463.71770
6880         15467.91080
6881         15472.10450
6882         15476.29880
6883         15480.49380
6884         15484.68930
6885         15488.88550
6886         15493.08220
6887         15497.27960
6888         15501.47760
6889         15505.67620
6890         15509.87540
6891         15514.07520
6892         15518.27560
6893         15522.47660
6894         15526.67820
6895         15530.88050
6896         15535.08340
6897         15539.28680
6898         15543.49090
6899         15547.69560
6900         15551.90090
6901         15556.10680
6902         15560.31330
6903         15564.52050
6904         15568.72820
6905         15572.93660
6906         15577.14550
6907         15581.35510
6908         15585.56530
6909         15589.77610
6910         15593.98750
6911         15598.19950
6912         15602.41210
6913         15606.62540
6914         15610.83920
6915         15615.05370
6916         15619.26870
6917         15623.48440
6918         15627.70070
6919         15631.91760
6920         15636.13510
6921         15640.35320
6922         15644.57200
6923         15648.79130
6924         15653.01130
6925         15657.23180
6926         15661.45300
6927         15665.67480
6928         15669.89720
6929         15674.12020
6930         15678.34380
6931         15682.56800
6932         15686.79290
6933         15691.01830
6934         15695.24440
6935         15699.47100
6936         15703.69830
6937         15707.92620
6938         15712.15470
6939         15716.38380
6940         15720.61350
6941         15724.84390
6942         15729.07480
6943         15733.30640
6944         15737.53850
6945         15741.77130
6946         15746.00470
6947         15750.23870
6948         15754.47330
6949         15758.70850
6950         15762.94430
6951         15767.18080
6952         15771.41780
6953         15775.65550
6954         15779.89380
6955         15784.13270
6956         15788.37220
6957         15792.61230
6958         15796.85300
6959         15801.09430
6960         15805.33630
6961         15809.57880
6962         15813.82200
6963         15818.06570
6964         15822.31010
6965         15826.55510
6966         15830.80070
6967         15835.04690
6968         15839.29380
6969         15843.54120
6970         15847.78930
6971         15852.03790
6972         15856.28720
6973         15860.53710
6974         15864.78760
6975         15869.03870
6976         15873.29040
6977         15877.54270
6978         15881.79570
6979         15886.04920
6980         15890.30340
6981         15894.55820
6982         15898.81350
6983         15903.06950
6984         15907.32610
6985         15911.58340
6986         15915.84120
6987         15920.09960
6988         15924.35870
6989         15928.61830
6990         15932.87860
6991         15937.13950
6992         15941.40100
6993         15945.66310
6994         15949.92580
6995         15954.18920
6996         15958.45310
6997         15962.71770
6998         15966.98280
6999         15971.24860
7000         15975.51500
7001         15979.78200
7002         15984.04960
7003         15988.31780
7004         15992.58670
7005         15996.85610
7006         16001.12620
7007         16005.39680
7008         16009.66810
7009         16013.94000
7010         16018.21250
7011         16022.48560
7012         16026.75940
7013         16031.03370
7014         16035.30860
7015         16039.58420
7016         16043.86040
7017         16048.13720
7018         16052.41460
7019         16056.69260
7020         16060.97120
7021         16065.25040
7022         16069.53030
7023         16073.81070
7024         16078.09180
7025         16082.37350
7026         16086.65580
7027         16090.93870
7028         16095.22220
7029         16099.50630
7030         16103.79100
7031         16108.07640
7032         16112.36240
7033         16116.64890
7034         16120.93610
7035         16125.22390
7036         16129.51230
7037         16133.80130
7038         16138.09100
7039         16142.38120
7040         16146.67210
7041         16150.96350
7042         16155.25560
7043         16159.54830
7044         16163.84160
7045         16168.13550
7046         16172.43010
7047         16176.72520
7048         16181.02100
7049         16185.31730
7050         16189.61430
7051         16193.91190
7052         16198.21010
7053         16202.50890
7054         16206.80830
7055         16211.10840
7056         16215.40900
7057         16219.71030
7058         16224.01210
7059         16228.31460
7060         16232.61770
7061         16236.92140
7062         16241.22580
7063         16245.53070
7064         16249.83620
7065         16254.14240
7066         16258.44920
7067         16262.75650
7068         16267.06450
7069         16271.37310
7070         16275.68240
7071         16279.99220
7072         16284.30260
7073         16288.61370
7074         16292.92540
7075         16297.23760
7076         16301.55050
7077         16305.86400
7078         16310.17820
7079         16314.49290
7080         16318.80820
7081         16323.12420
7082         16327.44070
7083         16331.75790
7084         16336.07570
7085         16340.39410
7086         16344.71310
7087         16349.03280
7088         16353.35300
7089         16357.67390
7090         16361.99530
7091         16366.31740
7092         16370.64010
7093         16374.96340
7094         16379.28730
7095         16383.61180
7096         16387.93700
7097         16392.26270
7098         16396.58910
7099         16400.91610
7100         16405.24370
7101         16409.57190
7102         16413.90070
7103         16418.23010
7104         16422.56020
7105         16426.89080
7106         16431.22210
7107         16435.55400
7108         16439.88650
7109         16444.21960
7110         16448.55330
7111         16452.88760
7112         16457.22260
7113         16461.55810
7114         16465.89430
7115         16470.23110
7116         16474.56850
7117         16478.90650
7118         16483.24510
7119         16487.58430
7120         16491.92420
7121         16496.26460
7122         16500.60570
7123         16504.94740
7124         16509.28970
7125         16513.63260
7126         16517.97610
7127         16522.32020
7128         16526.66500
7129         16531.01040
7130         16535.35630
7131         16539.70290
7132         16544.05010
7133         16548.39790
7134         16552.74640
7135         16557.09540
7136         16561.44500
7137         16565.79530
7138         16570.14620
7139         16574.49770
7140         16578.84980
7141         16583.20250
7142         16587.55580
7143         16591.90980
7144         16596.26430
7145         16600.61950
7146         16604.97530
7147         16609.33170
7148         16613.68870
7149         16618.04630
7150         16622.40450
7151         16626.76340
7152         16631.12280
7153         16635.48290
7154         16639.84360
7155         16644.20490
7156         16648.56680
7157         16652.92930
7158         16657.29250
7159         16661.65620
7160         16666.02060
7161         16670.38560
7162         16674.75120
7163         16679.11740
7164         16683.48420
7165         16687.85160
7166         16692.21970
7167         16696.58830
7168         16700.95760
7169         16705.32750
7170         16709.69800
7171         16714.06910
7172         16718.44080
7173         16722.81320
7174         16727.18610
7175         16731.55970
7176         16735.93390
7177         16740.30870
7178         16744.68410
7179         16749.06010
7180         16753.43670
7181         16757.81400
7182         16762.19180
7183         16766.57030
7184         16770.94940
7185         16775.32910
7186         16779.70940
7187         16784.09030
7188         16788.47190
7189         16792.85400
7190         16797.23680
7191         16801.62020
7192         16806.00420
7193         16810.38880
7194         16814.77400
7195         16819.15980
7196         16823.54630
7197         16827.93340
7198         16832.32100
7199         16836.70930
7200         16841.09820
7201         16845.48770
7202         16849.87790
7203         16854.26860
7204         16858.66000
7205         16863.05200
7206         16867.44450
7207         16871.83770
7208         16876.23160
7209         16880.62600
7210         16885.02100
7211         16889.41670
7212         16893.81290
7213         16898.20980
7214         16902.60730
7215         16907.00540
7216         16911.40420
7217         16915.80350
7218         16920.20350
7219         16924.60400
7220         16929.00520
7221         16933.40700
7222         16937.80940
7223         16942.21240
7224         16946.61610
7225         16951.02030
7226         16955.42520
7227         16959.83060
7228         16964.23670
7229         16968.64340
7230         16973.05080
7231         16977.45870
7232         16981.86720
7233         16986.27640
7234         16990.68620
7235         16995.09660
7236         16999.50760
7237         17003.91920
7238         17008.33140
7239         17012.74430
7240         17017.15770
7241         17021.57180
7242         17025.98650
7243         17030.40180
7244         17034.81770
7245         17039.23420
7246         17043.65140
7247         17048.06910
7248         17052.48750
7249         17056.90650
7250         17061.32610
7251         17065.74630
7252         17070.16710
7253         17074.58860
7254         17079.01060
7255         17083.43330
7256         17087.85660
7257         17092.28050
7258         17096.70500
7259         17101.13010
7260         17105.55590
7261         17109.98220
7262         17114.40920
7263         17118.83680
7264         17123.26500
7265         17127.69380
7266         17132.12320
7267         17136.55330
7268         17140.98390
7269         17145.41520
7270         17149.84710
7271         17154.27960
7272         17158.71270
7273         17163.14640
7274         17167.58080
7275         17172.01570
7276         17176.45130
7277         17180.88750
7278         17185.32430
7279         17189.76170
7280         17194.19970
7281         17198.63840
7282         17203.07770
7283         17207.51750
7284         17211.95800
7285         17216.39910
7286         17220.84080
7287         17225.28320
7288         17229.72610
7289         17234.16970
7290         17238.61390
7291         17243.05860
7292         17247.50400
7293         17251.95010
7294         17256.39670
7295         17260.84390
7296         17265.29180
7297         17269.74030
7298         17274.18940
7299         17278.63910
7300         17283.08940
7301         17287.54040
7302         17291.99190
7303         17296.44410
7304         17300.89690
7305         17305.35020
7306         17309.80430
7307         17314.25890
7308         17318.71410
7309         17323.17000
7310         17327.62640
7311         17332.08350
7312         17336.54120
7313         17340.99950
7314         17345.45850
7315         17349.91800
7316         17354.37820
7317         17358.83890
7318         17363.30030
7319         17367.76230
7320         17372.22500
7321         17376.68820
7322         17381.15200
7323         17385.61650
7324         17390.08160
7325         17394.54730
7326         17399.01360
7327         17403.48050
7328         17407.94800
7329         17412.41620
7330         17416.88500
7331         17421.35430
7332         17425.82430
7333         17430.29500
7334         17434.76620
7335         17439.23800
7336         17443.71050
7337         17448.18360
7338         17452.65720
7339         17457.13150
7340         17461.60650
7341         17466.08200
7342         17470.55810
7343         17475.03490
7344         17479.51230
7345         17483.99030
7346         17488.46890
7347         17492.94810
7348         17497.42790
7349         17501.90840
7350         17506.38950
7351         17510.87120
7352         17515.35350
7353         17519.83640
7354         17524.31990
7355         17528.80400
7356         17533.28880
7357         17537.77420
7358         17542.26020
7359         17546.74680
7360         17551.23400
7361         17555.72180
7362         17560.21030
7363         17564.69940
7364         17569.18900
7365         17573.67930
7366         17578.17020
7367         17582.66180
7368         17587.15390
7369         17591.64670
7370         17596.14010
7371         17600.63400
7372         17605.12860
7373         17609.62390
7374         17614.11970
7375         17618.61620
7376         17623.11320
7377         17627.61090
7378         17632.10920
7379         17636.60810
7380         17641.10760
7381         17645.60780
7382         17650.10860
7383         17654.60990
7384         17659.11190
7385         17663.61450
7386         17668.11770
7387         17672.62160
7388         17677.12600
7389         17681.63110
7390         17686.13680
7391         17690.64310
7392         17695.15000
7393         17699.65750
7394         17704.16570
7395         17708.67440
7396         17713.18380
7397         17717.69380
7398         17722.20440
7399         17726.71560
7400         17731.22750
7401         17735.73990
7402         17740.25300
7403         17744.76670
7404         17749.28100
7405         17753.79590
7406         17758.31150
7407         17762.82760
7408         17767.34440
7409         17771.86180
7410         17776.37980
7411         17780.89840
7412         17785.41760
7413         17789.93740
7414         17794.45790
7415         17798.97900
7416         17803.50070
7417         17808.02300
7418         17812.54590
7419         17817.06940
7420         17821.59360
7421         17826.11840
7422         17830.64370
7423         17835.16980
7424         17839.69640
7425         17844.22360
7426         17848.75150
7427         17853.27990
7428         17857.80900
7429         17862.33870
7430         17866.86900
7431         17871.39990
7432         17875.93150
7433         17880.46370
7434         17884.99640
7435         17889.52980
7436         17894.06380
7437         17898.59850
7438         17903.13370
7439         17907.66960
7440         17912.20600
7441         17916.74310
7442         17921.28080
7443         17925.81920
7444         17930.35810
7445         17934.89760
7446         17939.43780
7447         17943.97860
7448         17948.52000
7449         17953.06200
7450         17957.60470
7451         17962.14790
7452         17966.69180
7453         17971.23630
7454         17975.78140
7455         17980.32710
7456         17984.87340
7457         17989.42040
7458         17993.96790
7459         17998.51610
7460         18003.06490
7461         18007.61430
7462         18012.16430
7463         18016.71500
7464         18021.26630
7465         18025.81810
7466         18030.37060
7467         18034.92370
7468         18039.47750
7469         18044.03180
7470         18048.58680
7471         18053.14230
7472         18057.69850
7473         18062.25530
7474         18066.81280
7475         18071.37080
7476         18075.92950
7477         18080.48870
7478         18085.04860
7479         18089.60910
7480         18094.17030
7481         18098.73200
7482         18103.29440
7483         18107.85730
7484         18112.42090
7485         18116.98510
7486         18121.54990
7487         18126.11540
7488         18130.68140
7489         18135.24810
7490         18139.81540
7491         18144.38330
7492         18148.95180
7493         18153.52090
7494         18158.09070
7495         18162.66110
7496         18167.23210
7497         18171.80370
7498         18176.37590
7499         18180.94870
7500         18185.52220
7501         18190.09620
7502         18194.67090
7503         18199.24620
7504         18203.82210
7505         18208.39870
7506         18212.97580
7507         18217.55360
7508         18222.13200
7509         18226.71100
7510         18231.29060
7511         18235.87080
7512         18240.45170
7513         18245.03320
7514         18249.61530
7515         18254.19800
7516         18258.78130
7517         18263.36520
7518         18267.94980
7519         18272.53490
7520         18277.12070
7521         18281.70710
7522         18286.29410
7523         18290.88180
7524         18295.47000
7525         18300.05890
7526         18304.64840
7527         18309.23850
7528         18313.82920
7529         18318.42050
7530         18323.01250
7531         18327.60510
7532         18332.19830
7533         18336.79210
7534         18341.38650
7535         18345.98150
7536         18350.57720
7537         18355.17350
7538         18359.77030
7539         18364.36780
7540         18368.96600
7541         18373.56470
7542         18378.16410
7543         18382.76400
7544         18387.36460
7545         18391.96580
7546         18396.56770
7547         18401.17010
7548         18405.77320
7549         18410.37680
7550         18414.98110
7551         18419.58600
7552         18424.19160
7553         18428.79770
7554         18433.40450
7555         18438.01190
7556         18442.61980
7557         18447.22850
7558         18451.83770
7559         18456.44750
7560         18461.05800
7561         18465.66910
7562         18470.28080
7563         18474.89310
7564         18479.50600
7565         18484.11960
7566         18488.73370
7567         18493.34850
7568         18497.96390
7569         18502.57990
7570         18507.19660
7571         18511.81380
7572         18516.43170
7573         18521.05020
7574         18525.66930
7575         18530.28900
7576         18534.90930
7577         18539.53030
7578         18544.15190
7579         18548.77410
7580         18553.39690
7581         18558.02030
7582         18562.64430
7583         18567.26900
7584         18571.89430
7585         18576.52020
7586         18581.14670
7587         18585.77380
7588         18590.40160
7589         18595.02990
7590         18599.65890
7591         18604.28850
7592         18608.91870
7593         18613.54950
7594         18618.18100
7595         18622.81310
7596         18627.44570
7597         18632.07900
7598         18636.71300
7599         18641.34750
7600         18645.98270
7601         18650.61840
7602         18655.25480
7603         18659.89180
7604         18664.52940
7605         18669.16770
7606         18673.80660
7607         18678.44600
7608         18683.08610
7609         18687.72680
7610         18692.36820
7611         18697.01010
7612         18701.65270
7613         18706.29590
7614         18710.93970
7615         18715.58410
7616         18720.22910
7617         18724.87480
7618         18729.52100
7619         18734.16790
7620         18738.81540
7621         18743.46350
7622         18748.11230
7623         18752.76160
7624         18757.41160
7625         18762.06220
7626         18766.71340
7627         18771.36520
7628         18776.01770
7629         18780.67080
7630         18785.32440
7631         18789.97870
7632         18794.63370
7633         18799.28920
7634         18803.94530
7635         18808.60210
7636         18813.25950
7637         18817.91750
7638         18822.57610
7639         18827.23540
7640         18831.89520
7641         18836.55570
7642         18841.21680
7643         18845.87850
7644         18850.54080
7645         18855.20380
7646         18859.86740
7647         18864.53150
7648         18869.19630
7649         18873.86180
7650         18878.52780
7651         18883.19450
7652         18887.86170
7653         18892.52960
7654         18897.19810
7655         18901.86730
7656         18906.53700
7657         18911.20740
7658         18915.87830
7659         18920.54990
7660         18925.22220
7661         18929.89500
7662         18934.56840
7663         18939.24250
7664         18943.91720
7665         18948.59250
7666         18953.26840
7667         18957.94500
7668         18962.62210
7669         18967.29990
7670         18971.97830
7671         18976.65730
7672         18981.33690
7673         18986.01720
7674         18990.69810
7675         18995.37950
7676         19000.06170
7677         19004.74440
7678         19009.42770
7679         19014.11170
7680         19018.79620
7681         19023.48140
7682         19028.16730
7683         19032.85370
7684         19037.54070
7685         19042.22840
7686         19046.91670
7687         19051.60560
7688         19056.29510
7689         19060.98530
7690         19065.67600
7691         19070.36740
7692         19075.05940
7693         19079.75200
7694         19084.44520
7695         19089.13910
7696         19093.83350
7697         19098.52860
7698         19103.22430
7699         19107.92060
7700         19112.61760
7701         19117.31510
7702         19122.01330
7703         19126.71210
7704         19131.41150
7705         19136.11160
7706         19140.81220
7707         19145.51350
7708         19150.21540
7709         19154.91790
7710         19159.62100
7711         19164.32470
7712         19169.02910
7713         19173.73410
7714         19178.43970
7715         19183.14590
7716         19187.85270
7717         19192.56020
7718         19197.26820
7719         19201.97690
7720         19206.68620
7721         19211.39620
7722         19216.10670
7723         19220.81790
7724         19225.52960
7725         19230.24200
7726         19234.95510
7727         19239.66870
7728         19244.38290
7729         19249.09780
7730         19253.81330
7731         19258.52940
7732         19263.24610
7733         19267.96350
7734         19272.68150
7735         19277.40000
7736         19282.11920
7737         19286.83910
7738         19291.55950
7739         19296.28060
7740         19301.00220
7741         19305.72450
7742         19310.44740
7743         19315.17100
7744         19319.89510
7745         19324.61990
7746         19329.34530
7747         19334.07130
7748         19338.79790
7749         19343.52520
7750         19348.25300
7751         19352.98150
7752         19357.71060
7753         19362.44030
7754         19367.17070
7755         19371.90160
7756         19376.63320
7757         19381.36540
7758         19386.09820
7759         19390.83160
7760         19395.56570
7761         19400.30030
7762         19405.03560
7763         19409.77150
7764         19414.50810
7765         19419.24520
7766         19423.98300
7767         19428.72130
7768         19433.46030
7769         19438.20000
7770         19442.94020
7771         19447.68100
7772         19452.42250
7773         19457.16460
7774         19461.90730
7775         19466.65070
7776         19471.39460
7777         19476.13920
7778         19480.88440
7779         19485.63020
7780         19490.37660
7781         19495.12360
7782         19499.87130
7783         19504.61960
7784         19509.36850
7785         19514.11800
7786         19518.86810
7787         19523.61890
7788         19528.37030
7789         19533.12230
7790         19537.87490
7791         19542.62810
7792         19547.38200
7793         19552.13640
7794         19556.89150
7795         19561.64720
7796         19566.40360
7797         19571.16050
7798         19575.91810
7799         19580.67620
7800         19585.43510
7801         19590.19450
7802         19594.95450
7803         19599.71520
7804         19604.47650
7805         19609.23840
7806         19614.00090
7807         19618.76400
7808         19623.52780
7809         19628.29210
7810         19633.05710
7811         19637.82270
7812         19642.58900
7813         19647.35580
7814         19652.12330
7815         19656.89140
7816         19661.66010
7817         19666.42940
7818         19671.19940
7819         19675.96990
7820         19680.74110
7821         19685.51290
7822         19690.28530
7823         19695.05840
7824         19699.83200
7825         19704.60630
7826         19709.38120
7827         19714.15670
7828         19718.93290
7829         19723.70960
7830         19728.48700
7831         19733.26500
7832         19738.04360
7833         19742.82290
7834         19747.60270
7835         19752.38320
7836         19757.16430
7837         19761.94600
7838         19766.72830
7839         19771.51130
7840         19776.29480
7841         19781.07900
7842         19785.86380
7843         19790.64930
7844         19795.43530
7845         19800.22200
7846         19805.00930
7847         19809.79720
7848         19814.58570
7849         19819.37480
7850         19824.16460
7851         19828.95500
7852         19833.74600
7853         19838.53760
7854         19843.32980
7855         19848.12270
7856         19852.91620
7857         19857.71030
7858         19862.50500
7859         19867.30030
7860         19872.09630
7861         19876.89290
7862         19881.69010
7863         19886.48790
7864         19891.28630
7865         19896.08540
7866         19900.88500
7867         19905.68530
7868         19910.48620
7869         19915.28780
7870         19920.08990
7871         19924.89270
7872         19929.69610
7873         19934.50010
7874         19939.30470
7875         19944.11000
7876         19948.91580
7877         19953.72230
7878         19958.52940
7879         19963.33720
7880         19968.14550
7881         19972.95450
7882         19977.76410
7883         19982.57430
7884         19987.38510
7885         19992.19650
7886         19997.00860
7887         20001.82130
7888         20006.63460
7889         20011.44850
7890         20016.26310
7891         20021.07820
7892         20025.89400
7893         20030.71040
7894         20035.52740
7895         20040.34510
7896         20045.16330
7897         20049.98220
7898         20054.80170
7899         20059.62180
7900         20064.44260
7901         20069.26390
7902         20074.08590
7903         20078.90850
7904         20083.73170
7905         20088.55560
7906         20093.38000
7907         20098.20510
7908         20103.03080
7909         20107.85710
7910         20112.68400
7911         20117.51160
7912         20122.33980
7913         20127.16860
7914         20131.99800
7915         20136.82800
7916         20141.65870
7917         20146.49000
7918         20151.32180
7919         20156.15440
7920         20160.98750
7921         20165.82130
7922         20170.65560
7923         20175.49060
7924         20180.32620
7925         20185.16250
7926         20189.99930
7927         20194.83680
7928         20199.67490
7929         20204.51360
7930         20209.35290
7931         20214.19290
7932         20219.03350
7933         20223.87470
7934         20228.71650
7935         20233.55890
7936         20238.40200
7937         20243.24560
7938         20248.08990
7939         20252.93480
7940         20257.78040
7941         20262.62650
7942         20267.47330
7943         20272.32070
7944         20277.16870
7945         20282.01730
7946         20286.86660
7947         20291.71640
7948         20296.56690
7949         20301.41810
7950         20306.26980
7951         20311.12210
7952         20315.97510
7953         20320.82870
7954         20325.68290
7955         20330.53770
7956         20335.39320
7957         20340.24930
7958         20345.10600
7959         20349.96330
7960         20354.82120
7961         20359.67980
7962         20364.53890
7963         20369.39870
7964         20374.25910
7965         20379.12020
7966         20383.98180
7967         20388.84410
7968         20393.70700
7969         20398.57050
7970         20403.43470
7971         20408.29940
7972         20413.16480
7973         20418.03080
7974         20422.89740
7975         20427.76460
7976         20432.63250
7977         20437.50100
7978         20442.37010
7979         20447.23980
7980         20452.11010
7981         20456.98110
7982         20461.85260
7983         20466.72480
7984         20471.59770
7985         20476.47110
7986         20481.34510
7987         20486.21980
7988         20491.09510
7989         20495.97100
7990         20500.84760
7991         20505.72470
7992         20510.60250
7993         20515.48090
7994         20520.35990
7995         20525.23960
7996         20530.11980
7997         20535.00070
7998         20539.88220
7999         20544.76430
8000         20549.64710
8001         20554.53040
8002         20559.41440
8003         20564.29900
8004         20569.18430
8005         20574.07010
8006         20578.95660
8007         20583.84360
8008         20588.73130
8009         20593.61970
8010         20598.50860
8011         20603.39820
8012         20608.28840
8013         20613.17920
8014         20618.07060
8015         20622.96270
8016         20627.85530
8017         20632.74860
8018         20637.64250
8019         20642.53700
8020         20647.43220
8021         20652.32800
8022         20657.22440
8023         20662.12140
8024         20667.01900
8025         20671.91730
8026         20676.81610
8027         20681.71560
8028         20686.61570
8029         20691.51650
8030         20696.41780
8031         20701.31980
8032         20706.22240
8033         20711.12560
8034         20716.02940
8035         20720.93390
8036         20725.83900
8037         20730.74470
8038         20735.65100
8039         20740.55790
8040         20745.46550
8041         20750.37370
8042         20755.28250
8043         20760.19190
8044         20765.10190
8045         20770.01260
8046         20774.92390
8047         20779.83580
8048         20784.74830
8049         20789.66150
8050         20794.57520
8051         20799.48960
8052         20804.40460
8053         20809.32030
8054         20814.23650
8055         20819.15340
8056         20824.07090
8057         20828.98900
8058         20833.90770
8059         20838.82710
8060         20843.74700
8061         20848.66760
8062         20853.58880
8063         20858.51070
8064         20863.43310
8065         20868.35620
8066         20873.27990
8067         20878.20420
8068         20883.12920
8069         20888.05470
8070         20892.98090
8071         20897.90770
8072         20902.83510
8073         20907.76320
8074         20912.69180
8075         20917.62110
8076         20922.55100
8077         20927.48150
8078         20932.41270
8079         20937.34450
8080         20942.27680
8081         20947.20980
8082         20952.14350
8083         20957.07770
8084         20962.01260
8085         20966.94810
8086         20971.88420
8087         20976.82090
8088         20981.75830
8089         20986.69630
8090         20991.63490
8091         20996.57410
8092         21001.51390
8093         21006.45440
8094         21011.39550
8095         21016.33720
8096         21021.27950
8097         21026.22240
8098         21031.16600
8099         21036.11020
8100         21041.05500
8101         21046.00040
8102         21050.94640
8103         21055.89310
8104         21060.84040
8105         21065.78830
8106         21070.73680
8107         21075.68600
8108         21080.63580
8109         21085.58620
8110         21090.53720
8111         21095.48880
8112         21100.44110
8113         21105.39390
8114         21110.34740
8115         21115.30160
8116         21120.25630
8117         21125.21170
8118         21130.16760
8119         21135.12420
8120         21140.08150
8121         21145.03930
8122         21149.99780
8123         21154.95690
8124         21159.91660
8125         21164.87690
8126         21169.83790
8127         21174.79940
8128         21179.76160
8129         21184.72440
8130         21189.68790
8131         21194.65190
8132         21199.61660
8133         21204.58190
8134         21209.54780
8135         21214.51440
8136         21219.48150
8137         21224.44930
8138         21229.41770
8139         21234.38670
8140         21239.35640
8141         21244.32670
8142         21249.29750
8143         21254.26910
8144         21259.24120
8145         21264.21390
8146         21269.18730
8147         21274.16130
8148         21279.13590
8149         21284.11120
8150         21289.08700
8151         21294.06350
8152         21299.04060
8153         21304.01830
8154         21308.99670
8155         21313.97560
8156         21318.95520
8157         21323.93540
8158         21328.91620
8159         21333.89770
8160         21338.87980
8161         21343.86240
8162         21348.84580
8163         21353.82970
8164         21358.81420
8165         21363.79940
8166         21368.78520
8167         21373.77160
8168         21378.75870
8169         21383.74630
8170         21388.73460
8171         21393.72350
8172         21398.71300
8173         21403.70320
8174         21408.69400
8175         21413.68540
8176         21418.67740
8177         21423.67000
8178         21428.66320
8179         21433.65710
8180         21438.65160
8181         21443.64670
8182         21448.64250
8183         21453.63880
8184         21458.63580
8185         21463.63340
8186         21468.63160
8187         21473.63050
8188         21478.62990
8189         21483.63000
8190         21488.63070
8191         21493.63210
8192         21498.63400
8193         21503.63660
8194         21508.63980
8195         21513.64360
8196         21518.64810
8197         21523.65310
8198         21528.65880
8199         21533.66510
8200         21538.67200
8201         21543.67960
8202         21548.68770
8203         21553.69650
8204         21558.70590
8205         21563.71600
8206         21568.72660
8207         21573.73790
8208         21578.74980
8209         21583.76230
8210         21588.77540
8211         21593.78920
8212         21598.80360
8213         21603.81860
8214         21608.83420
8215         21613.85040
8216         21618.86730
8217         21623.88480
8218         21628.90290
8219         21633.92160
8220         21638.94100
8221         21643.96100
8222         21648.98160
8223         21654.00280
8224         21659.02460
8225         21664.04710
8226         21669.07020
8227         21674.09390
8228         21679.11820
8229         21684.14310
8230         21689.16870
8231         21694.19490
8232         21699.22170
8233         21704.24910
8234         21709.27720
8235         21714.30590
8236         21719.33520
8237         21724.36510
8238         21729.39560
8239         21734.42680
8240         21739.45860
8241         21744.49100
8242         21749.52400
8243         21754.55770
8244         21759.59190
8245         21764.62680
8246         21769.66230
8247         21774.69850
8248         21779.73520
8249         21784.77260
8250         21789.81060
8251         21794.84920
8252         21799.88850
8253         21804.92840
8254         21809.96880
8255         21815.00990
8256         21820.05170
8257         21825.09400
8258         21830.13700
8259         21835.18060
8260         21840.22480
8261         21845.26970
8262         21850.31510
8263         21855.36120
8264         21860.40790
8265         21865.45520
8266         21870.50320
8267         21875.55180
8268         21880.60100
8269         21885.65080
8270         21890.70120
8271         21895.75230
8272         21900.80390
8273         21905.85620
8274         21910.90920
8275         21915.96270
8276         21921.01690
8277         21926.07170
8278         21931.12710
8279         21936.18310
8280         21941.23980
8281         21946.29700
8282         21951.35490
8283         21956.41340
8284         21961.47260
8285         21966.53230
8286         21971.59270
8287         21976.65370
8288         21981.71540
8289         21986.77760
8290         21991.84050
8291         21996.90400
8292         22001.96810
8293         22007.03280
8294         22012.09820
8295         22017.16420
8296         22022.23080
8297         22027.29800
8298         22032.36580
8299         22037.43430
8300         22042.50340
8301         22047.57310
8302         22052.64350
8303         22057.71440
8304         22062.78600
8305         22067.85820
8306         22072.93100
8307         22078.00450
8308         22083.07850
8309         22088.15320
8310         22093.22850
8311         22098.30440
8312         22103.38100
8313         22108.45820
8314         22113.53600
8315         22118.61440
8316         22123.69340
8317         22128.77310
8318         22133.85340
8319         22138.93430
8320         22144.01580
8321         22149.09800
8322         22154.18070
8323         22159.26410
8324         22164.34820
8325         22169.43280
8326         22174.51810
8327         22179.60390
8328         22184.69040
8329         22189.77760
8330         22194.86530
8331         22199.95370
8332         22205.04270
8333         22210.13230
8334         22215.22250
8335         22220.31340
8336         22225.40490
8337         22230.49700
8338         22235.58970
8339         22240.68310
8340         22245.77700
8341         22250.87160
8342         22255.96680
8343         22261.06270
8344         22266.15910
8345         22271.25620
8346         22276.35390
8347         22281.45220
8348         22286.55120
8349         22291.65080
8350         22296.75090
8351         22301.85180
8352         22306.95320
8353         22312.05520
8354         22317.15790
8355         22322.26120
8356         22327.36520
8357         22332.46970
8358         22337.57490
8359         22342.68070
8360         22347.78710
8361         22352.89410
8362         22358.00180
8363         22363.11000
8364         22368.21890
8365         22373.32850
8366         22378.43860
8367         22383.54940
8368         22388.66080
8369         22393.77280
8370         22398.88540
8371         22403.99870
8372         22409.11250
8373         22414.22700
8374         22419.34220
8375         22424.45790
8376         22429.57430
8377         22434.69130
8378         22439.80890
8379         22444.92710
8380         22450.04600
8381         22455.16540
8382         22460.28550
8383         22465.40630
8384         22470.52760
8385         22475.64960
8386         22480.77220
8387         22485.89540
8388         22491.01920
8389         22496.14370
8390         22501.26870
8391         22506.39440
8392         22511.52080
8393         22516.64770
8394         22521.77530
8395         22526.90350
8396         22532.03230
8397         22537.16170
8398         22542.29180
8399         22547.42240
8400         22552.55370
8401         22557.68570
8402         22562.81820
8403         22567.95140
8404         22573.08520
8405         22578.21960
8406         22583.35460
8407         22588.49030
8408         22593.62650
8409         22598.76340
8410         22603.90100
8411         22609.03910
8412         22614.17790
8413         22619.31730
8414         22624.45730
8415         22629.59790
8416         22634.73920
8417         22639.88110
8418         22645.02360
8419         22650.16670
8420         22655.31040
8421         22660.45480
8422         22665.59980
8423         22670.74540
8424         22675.89170
8425         22681.03850
8426         22686.18600
8427         22691.33410
8428         22696.48280
8429         22701.63220
8430         22706.78210
8431         22711.93270
8432         22717.08400
8433         22722.23580
8434         22727.38830
8435         22732.54130
8436         22737.69500
8437         22742.84940
8438         22748.00430
8439         22753.15990
8440         22758.31610
8441         22763.47290
8442         22768.63030
8443         22773.78840
8444         22778.94710
8445         22784.10640
8446         22789.26630
8447         22794.42690
8448         22799.58810
8449         22804.74990
8450         22809.91230
8451         22815.07530
8452         22820.23900
8453         22825.40330
8454         22830.56820
8455         22835.73370
8456         22840.89990
8457         22846.06660
8458         22851.23400
8459         22856.40210
8460         22861.57070
8461         22866.74000
8462         22871.90990
8463         22877.08040
8464         22882.25150
8465         22887.42330
8466         22892.59570
8467         22897.76870
8468         22902.94230
8469         22908.11650
8470         22913.29140
8471         22918.46690
8472         22923.64300
8473         22928.81970
8474         22933.99710
8475         22939.17510
8476         22944.35370
8477         22949.53290
8478         22954.71280
8479         22959.89320
8480         22965.07430
8481         22970.25610
8482         22975.43840
8483         22980.62140
8484         22985.80500
8485         22990.98920
8486         22996.17400
8487         23001.35940
8488         23006.54550
8489         23011.73220
8490         23016.91950
8491         23022.10750
8492         23027.29610
8493         23032.48520
8494         23037.67510
8495         23042.86550
8496         23048.05650
8497         23053.24820
8498         23058.44050
8499         23063.63350
8500         23068.82700
8501         23074.02120
8502         23079.21600
8503         23084.41140
8504         23089.60740
8505         23094.80410
8506         23100.00140
8507         23105.19930
8508         23110.39780
8509         23115.59690
8510         23120.79670
8511         23125.99710
8512         23131.19810
8513         23136.39980
8514         23141.60200
8515         23146.80490
8516         23152.00840
8517         23157.21260
8518         23162.41730
8519         23167.62270
8520         23172.82870
8521         23178.03530
8522         23183.24260
8523         23188.45050
8524         23193.65890
8525         23198.86810
8526         23204.07780
8527         23209.28820
8528         23214.49910
8529         23219.71070
8530         23224.92300
8531         23230.13580
8532         23235.34930
8533         23240.56340
8534         23245.77810
8535         23250.99350
8536         23256.20940
8537         23261.42600
8538         23266.64320
8539         23271.86100
8540         23277.07950
8541         23282.29860
8542         23287.51830
8543         23292.73860
8544         23297.95960
8545         23303.18110
8546         23308.40330
8547         23313.62610
8548         23318.84960
8549         23324.07360
8550         23329.29830
8551         23334.52360
8552         23339.74950
8553         23344.97610
8554         23350.20330
8555         23355.43110
8556         23360.65950
8557         23365.88850
8558         23371.11820
8559         23376.34850
8560         23381.57940
8561         23386.81090
8562         23392.04310
8563         23397.27590
8564         23402.50930
8565         23407.74330
8566         23412.97790
8567         23418.21320
8568         23423.44910
8569         23428.68560
8570         23433.92280
8571         23439.16050
8572         23444.39890
8573         23449.63790
8574         23454.87750
8575         23460.11780
8576         23465.35870
8577         23470.60020
8578         23475.84230
8579         23481.08500
8580         23486.32840
8581         23491.57240
8582         23496.81700
8583         23502.06230
8584         23507.30810
8585         23512.55460
8586         23517.80170
8587         23523.04940
8588         23528.29780
8589         23533.54680
8590         23538.79630
8591         23544.04660
8592         23549.29740
8593         23554.54890
8594         23559.80100
8595         23565.05370
8596         23570.30700
8597         23575.56100
8598         23580.81550
8599         23586.07070
8600         23591.32660
8601         23596.58300
8602         23601.84010
8603         23607.09780
8604         23612.35610
8605         23617.61500
8606         23622.87460
8607         23628.13480
8608         23633.39560
8609         23638.65700
8610         23643.91910
8611         23649.18180
8612         23654.44510
8613         23659.70900
8614         23664.97350
8615         23670.23870
8616         23675.50450
8617         23680.77090
8618         23686.03800
8619         23691.30560
8620         23696.57390
8621         23701.84280
8622         23707.11230
8623         23712.38250
8624         23717.65330
8625         23722.92470
8626         23728.19670
8627         23733.46930
8628         23738.74260
8629         23744.01650
8630         23749.29100
8631         23754.56610
8632         23759.84190
8633         23765.11830
8634         23770.39530
8635         23775.67290
8636         23780.95120
8637         23786.23000
8638         23791.50950
8639         23796.78970
8640         23802.07040
8641         23807.35180
8642         23812.63380
8643         23817.91640
8644         23823.19960
8645         23828.48350
8646         23833.76800
8647         23839.05310
8648         23844.33880
8649         23849.62510
8650         23854.91210
8651         23860.19970
8652         23865.48790
8653         23870.77680
8654         23876.06620
8655         23881.35630
8656         23886.64700
8657         23891.93840
8658         23897.23030
8659         23902.52290
8660         23907.81610
8661         23913.11000
8662         23918.40440
8663         23923.69950
8664         23928.99520
8665         23934.29150
8666         23939.58840
8667         23944.88600
8668         23950.18420
8669         23955.48300
8670         23960.78240
8671         23966.08250
8672         23971.38320
8673         23976.68450
8674         23981.98640
8675         23987.28900
8676         23992.59210
8677         23997.89590
8678         24003.20030
8679         24008.50540
8680         24013.81110
8681         24019.11730
8682         24024.42430
8683         24029.73180
8684         24035.04000
8685         24040.34870
8686         24045.65810
8687         24050.96820
8688         24056.27880
8689         24061.59010
8690         24066.90200
8691         24072.21450
8692         24077.52760
8693         24082.84140
8694         24088.15580
8695         24093.47080
8696         24098.78650
8697         24104.10270
8698         24109.41960
8699         24114.73710
8700         24120.05520
8701         24125.37400
8702         24130.69340
8703         24136.01330
8704         24141.33400
8705         24146.65520
8706         24151.97710
8707         24157.29960
8708         24162.62270
8709         24167.94640
8710         24173.27080
8711         24178.59580
8712         24183.92140
8713         24189.24760
8714         24194.57440
8715         24199.90190
8716         24205.23000
8717         24210.55870
8718         24215.88810
8719         24221.21810
8720         24226.54860
8721         24231.87990
8722         24237.21170
8723         24242.54420
8724         24247.87720
8725         24253.21100
8726         24258.54530
8727         24263.88020
8728         24269.21580
8729         24274.55200
8730         24279.88880
8731         24285.22630
8732         24290.56430
8733         24295.90300
8734         24301.24240
8735         24306.58230
8736         24311.92290
8737         24317.26400
8738         24322.60580
8739         24327.94830
8740         24333.29130
8741         24338.63500
8742         24343.97930
8743         24349.32420
8744         24354.66980
8745         24360.01600
8746         24365.36270
8747         24370.71020
8748         24376.05820
8749         24381.40690
8750         24386.75620
8751         24392.10610
8752         24397.45660
8753         24402.80780
8754         24408.15950
8755         24413.51190
8756         24418.86500
8757         24424.21860
8758         24429.57290
8759         24434.92780
8760         24440.28330
8761         24445.63940
8762         24450.99620
8763         24456.35360
8764         24461.71160
8765         24467.07020
8766         24472.42950
8767         24477.78940
8768         24483.14990
8769         24488.51100
8770         24493.87280
8771         24499.23510
8772         24504.59810
8773         24509.96180
8774         24515.32600
8775         24520.69090
8776         24526.05640
8777         24531.42250
8778         24536.78920
8779         24542.15660
8780         24547.52460
8781         24552.89320
8782         24558.26240
8783         24563.63220
8784         24569.00270
8785         24574.37380
8786         24579.74550
8787         24585.11790
8788         24590.49090
8789         24595.86450
8790         24601.23870
8791         24606.61350
8792         24611.98900
8793         24617.36510
8794         24622.74180
8795         24628.11910
8796         24633.49710
8797         24638.87560
8798         24644.25480
8799         24649.63470
8800         24655.01510
8801         24660.39620
8802         24665.77790
8803         24671.16020
8804         24676.54310
8805         24681.92670
8806         24687.31090
8807         24692.69570
8808         24698.08110
8809         24703.46720
8810         24708.85390
8811         24714.24120
8812         24719.62910
8813         24725.01770
8814         24730.40680
8815         24735.79660
8816         24741.18710
8817         24746.57810
8818         24751.96980
8819         24757.36210
8820         24762.75500
8821         24768.14850
8822         24773.54270
8823         24778.93750
8824         24784.33290
8825         24789.72890
8826         24795.12560
8827         24800.52280
8828         24805.92080
8829         24811.31930
8830         24816.71840
8831         24822.11820
8832         24827.51860
8833         24832.91960
8834         24838.32120
8835         24843.72350
8836         24849.12640
8837         24854.52990
8838         24859.93400
8839         24865.33880
8840         24870.74420
8841         24876.15020
8842         24881.55680
8843         24886.96410
8844         24892.37190
8845         24897.78040
8846         24903.18960
8847         24908.59930
8848         24914.00970
8849         24919.42070
8850         24924.83230
8851         24930.24450
8852         24935.65740
8853         24941.07090
8854         24946.48500
8855         24951.89970
8856         24957.31510
8857         24962.73100
8858         24968.14760
8859         24973.56490
8860         24978.98270
8861         24984.40120
8862         24989.82030
8863         24995.24000
8864         25000.66030
8865         25006.08130
8866         25011.50290
8867         25016.92510
8868         25022.34790
8869         25027.77140
8870         25033.19550
8871         25038.62020
8872         25044.04550
8873         25049.47150
8874         25054.89800
8875         25060.32520
8876         25065.75310
8877         25071.18150
8878         25076.61060
8879         25082.04030
8880         25087.47060
8881         25092.90150
8882         25098.33310
8883         25103.76530
8884         25109.19810
8885         25114.63150
8886         25120.06560
8887         25125.50020
8888         25130.93550
8889         25136.37150
8890         25141.80800
8891         25147.24520
8892         25152.68300
8893         25158.12140
8894         25163.56040
8895         25169.00010
8896         25174.44040
8897         25179.88130
8898         25185.32280
8899         25190.76500
8900         25196.20780
8901         25201.65120
8902         25207.09520
8903         25212.53990
8904         25217.98510
8905         25223.43100
8906         25228.87760
8907         25234.32470
8908         25239.77250
8909         25245.22090
8910         25250.66990
8911         25256.11950
8912         25261.56980
8913         25267.02070
8914         25272.47220
8915         25277.92430
8916         25283.37710
8917         25288.83050
8918         25294.28450
8919         25299.73910
8920         25305.19430
8921         25310.65020
8922         25316.10670
8923         25321.56380
8924         25327.02160
8925         25332.47990
8926         25337.93890
8927         25343.39850
8928         25348.85880
8929         25354.31960
8930         25359.78110
8931         25365.24320
8932         25370.70600
8933         25376.16930
8934         25381.63330
8935         25387.09790
8936         25392.56310
8937         25398.02900
8938         25403.49540
8939         25408.96250
8940         25414.43030
8941         25419.89860
8942         25425.36760
8943         25430.83710
8944         25436.30740
8945         25441.77820
8946         25447.24970
8947         25452.72170
8948         25458.19440
8949         25463.66780
8950         25469.14170
8951         25474.61630
8952         25480.09150
8953         25485.56730
8954         25491.04380
8955         25496.52080
8956         25501.99850
8957         25507.47680
8958         25512.95580
8959         25518.43530
8960         25523.91550
8961         25529.39630
8962         25534.87780
8963         25540.35980
8964         25545.84250
8965         25551.32580
8966         25556.80970
8967         25562.29430
8968         25567.77940
8969         25573.26520
8970         25578.75170
8971         25584.23870
8972         25589.72640
8973         25595.21470
8974         25600.70360
8975         25606.19310
8976         25611.68330
8977         25617.17410
8978         25622.66550
8979         25628.15750
8980         25633.65010
8981         25639.14340
8982         25644.63730
8983         25650.13190
8984         25655.62700
8985         25661.12280
8986         25666.61920
8987         25672.11620
8988         25677.61380
8989         25683.11210
8990         25688.61100
8991         25694.11050
8992         25699.61060
8993         25705.11140
8994         25710.61280
8995         25716.11480
8996         25721.61740
8997         25727.12060
8998         25732.62450
8999         25738.12900
9000         25743.63410