   1             6.08192
   2             7.22350
   3             9.12031
   4            11.21381
   5            13.36844
   6            15.54939
   7            17.74420
   8            19.94726
   9            22.15562
  10            24.36760
  11            26.58216
  12            28.79864
  13            31.01656
  14            33.23561
  15            35.45556
  16            37.67623
  17            39.89750
  18            42.11927
  19            44.34145
  20            46.56398
  21            48.78681
  22            51.00991
  23            53.23324
  24            55.45676
  25            57.68046
  26            59.90433
  27            62.12833
  28            64.35246
  29            66.57670
  30            68.80105
  31            71.02549
  32            73.25001
  33            75.47462
  34            77.69930
  35            79.92405
  36            82.14886
  37            84.37373
  38            86.59865
  39            88.82363
  40            91.04865
  41            93.27372
  42            95.49883
  43            97.72398
  44            99.94917
  45           102.17440
  46           104.39966
  47           106.62496
  48           108.85028
  49           111.07564
  50           113.30103
  51           115.52644
  52           117.75188
  53           119.97735
  54           122.20284
  55           124.42836
  56           126.65390
  57           128.87947
  58           131.10505
  59           133.33066
  60           135.55629
  61           137.78194
  62           140.00760
  63           142.23329
  64           144.45900
  65           146.68473
  66           148.91047
  67           151.13623
  68           153.36201
  69           155.58781
  70           157.81363
  71           160.03946
  72           162.26530
  73           164.49117
  74           166.71705
  75           168.94294
  76           171.16885
  77           173.39478
  78           175.62072
  79           177.84668
  80           180.07264
  81           182.29863
  82           184.52463
  83           186.75064
  84           188.97667
  85           191.20271
  86           193.42877
  87           195.65484
  88           197.88092
  89           200.10702
  90           202.33313
  91           204.55925
  92           206.78539
  93           209.01154
  94           211.23770
  95           213.46388
  96           215.69006
  97           217.91626
  98           220.14248
  99           222.36870
 100           224.59494
 101           226.82119
 102           229.04746
 103           231.27373
 104           233.50002
 105           235.72632
 106           237.95263
 107           240.17896
 108           242.40529
 109           244.63164
 110           246.85800
 111           249.08438
 112           251.31076
 113           253.53716
 114           255.76356
 115           257.98998
 116           260.21641
 117           262.44286
 118           264.66931
 119           266.89578
 120           269.12226
 121           271.34875
 122           273.57525
 123           275.80176
 124           278.02828
 125           280.25482
 126           282.48136
 127           284.70792
 128           286.93449
 129           289.16107
 130           291.38766
 131           293.61427
 132           295.84088
 133           298.06751
 134           300.29414
 135           302.52079
 136           304.74745
 137           306.97412
 138           309.20080
 139           311.42750
 140           313.65420
 141           315.88091
 142           318.10764
 143           320.33438
 144           322.56112
 145           324.78788
 146           327.01465
 147           329.24143
 148           331.46822
 149           333.69503
 150           335.92184
 151           338.14866
 152           340.37550
 153           342.60235
 154           344.82920
 155           347.05607
 156           349.28295
 157           351.50984
 158           353.73674
 159           355.96365
 160           358.19058
 161           360.41751
 162           362.64445
 163           364.87141
 164           367.09837
 165           369.32535
 166           371.55234
 167           373.77933
 168           376.00634
 169           378.23336
 170           380.46039
 171           382.68743
 172           384.91449
 173           387.14155
 174           389.36862
 175           391.59571
 176           393.82280
 177           396.04991
 178           398.27702
 179           400.50415
 180           402.73129
 181           404.95844
 182           407.18560
 183           409.41277
 184           411.63995
 185           413.86714
 186           416.09435
 187           418.32156
 188           420.54879
 189           422.77602
 190           425.00327
 191           427.23053
 192           429.45780
 193           431.68508
 194           433.91237
 195           436.13967
 196           438.36698
 197           440.59431
 198           442.82164
 199           445.04899
 200           447.27634
 201           449.50371
 202           451.73109
 203           453.95848
 204           456.18589
 205           458.41330
 206           460.64072
 207           462.86816
 208           465.09561
 209           467.32307
 210           469.55054
 211           471.77802
 212           474.00552
 213           476.23302
 214           478.46054
 215           480.68807
 216           482.91561
 217           485.14317
 218           487.37073
 219           489.59831
 220           491.82590
 221           494.05350
 222           496.28112
 223           498.50875
 224           500.73639
 225           502.96404
 226           505.19171
 227           507.41939
 228           509.64708
 229           511.87479
 230           514.10251
 231           516.33024
 232           518.55799
 233           520.78575
 234           523.01352
 235           525.24131
 236           527.46911
 237           529.69693
 238           531.92476
 239           534.15261
 240           536.38047
 241           538.60835
 242           540.83624
 243           543.06415
 244           545.29207
 245           547.52001
 246           549.74796
 247           551.97594
 248           554.20392
 249           556.43193
 250           558.65995
 251           560.88799
 252           563.11605
 253           565.34412
 254           567.57221
 255           569.80032
 256           572.02845
 257           574.25660
 258           576.48477
 259           578.71296
 260           580.94116
 261           583.16939
 262           585.39764
 263           587.62591
 264           589.85420
 265           592.08251
 266           594.31084
 267           596.53920
 268           598.76758
 269           600.99598
 270           603.22440
 271           605.45285
 272           607.68132
 273           609.90982
 274           612.13834
 275           614.36689
 276           616.59546
 277           618.82407
 278           621.05269
 279           623.28135
 280           625.51003
 281           627.73874
 282           629.96748
 283           632.19625
 284           634.42505
 285           636.65388
 286           638.88274
 287           641.11163
 288           643.34056
 289           645.56952
 290           647.79851
 291           650.02753
 292           652.25659
 293           654.48569
 294           656.71482
 295           658.94399
 296           661.17319
 297           663.40243
 298           665.63171
 299           667.86104
 300           670.09039
 301           672.31979
 302           674.54924
 303           676.77872
 304           679.00825
 305           681.23782
 306           683.46743
 307           685.69709
 308           687.92680
 309           690.15655
 310           692.38635
 311           694.61620
 312           696.84610
 313           699.07605
 314           701.30605
 315           703.53610
 316           705.76620
 317           707.99636
 318           710.22657
 319           712.45684
 320           714.68716
 321           716.91754
 322           719.14798
 323           721.37848
 324           723.60904
 325           725.83966
 326           728.07034
 327           730.30108
 328           732.53190
 329           734.76277
 330           736.99371
 331           739.22472
 332           741.45580
 333           743.68695
 334           745.91817
 335           748.14946
 336           750.38082
 337           752.61226
 338           754.84377
 339           757.07536
 340           759.30703
 341           761.53878
 342           763.77061
 343           766.00251
 344           768.23451
 345           770.46658
 346           772.69874
 347           774.93098
 348           777.16332
 349           779.39574
 350           781.62825
 351           783.86086
 352           786.09356
 353           788.32635
 354           790.55924
 355           792.79222
 356           795.02530
 357           797.25849
 358           799.49177
 359           801.72516
 360           803.95865
 361           806.19224
 362           808.42594
 363           810.65976
 364           812.89368
 365           815.12771
 366           817.36185
 367           819.59611
 368           821.83048
 369           824.06498
 370           826.29959
 371           828.53432
 372           830.76917
 373           833.00415
 374           835.23925
 375           837.47448
 376           839.70984
 377           841.94532
 378           844.18094
 379           846.41669
 380           848.65258
 381           850.88860
 382           853.12477
 383           855.36107
 384           857.59751
 385           859.83410
 386           862.07083
 387           864.30771
 388           866.54473
 389           868.78191
 390           871.01924
 391           873.25672
 392           875.49436
 393           877.73215
 394           879.97011
 395           882.20822
 396           884.44650
 397           886.68494
 398           888.92355
 399           891.16233
 400           893.40128
 401           895.64040
 402           897.87969
 403           900.11916
 404           902.35881
 405           904.59863
 406           906.83864
 407           909.07883
 408           911.31921
 409           913.55977
 410           915.80052
 411           918.04147
 412           920.28260
 413           922.52394
 414           924.76547
 415           927.00720
 416           929.24912
 417           931.49126
 418           933.73359
 419           935.97614
 420           938.21889
 421           940.46186
 422           942.70503
 423           944.94843
 424           947.19204
 425           949.43587
 426           951.67992
 427           953.92419
 428           956.16869
 429           958.41342
 430           960.65838
 431           962.90357
 432           965.14899
 433           967.39465
 434           969.64055
 435           971.88669
 436           974.13307
 437           976.37970
 438           978.62657
 439           980.87369
 440           983.12107
 441           985.36869
 442           987.61658
 443           989.86472
 444           992.11312
 445           994.36178
 446           996.61071
 447           998.85990
 448          1001.10937
 449          1003.35910
 450          1005.60910
 451          1007.85939
 452          1010.10995
 453          1012.36079
 454          1014.61191
 455          1016.86332
 456          1019.11501
 457          1021.36700
 458          1023.61927
 459          1025.87184
 460          1028.12470
 461          1030.37787
 462          1032.63133
 463          1034.88509
 464          1037.13917
 465          1039.39354
 466          1041.64823
 467          1043.90323
 468          1046.15855
 469          1048.41418
 470          1050.67013
 471          1052.92640
 472          1055.18299
 473          1057.43991
 474          1059.69716
 475          1061.95474
 476          1064.21265
 477          1066.47090
 478          1068.72949
 479          1070.98841
 480          1073.24768
 481          1075.50729
 482          1077.76725
 483          1080.02756
 484          1082.28823
 485          1084.54924
 486          1086.81061
 487          1089.07234
 488          1091.33444
 489          1093.59689
 490          1095.85972
 491          1098.12291
 492          1100.38647
 493          1102.65040
 494          1104.91471
 495          1107.17940
 496          1109.44447
 497          1111.70993
 498          1113.97576
 499          1116.24199
 500          1118.50860
 501          1120.77561
 502          1123.04302
 503          1125.31082
 504          1127.57902
 505          1129.84762
 506          1132.11663
 507          1134.38604
 508          1136.65586
 509          1138.92610
 510          1141.19675
 511          1143.46781
 512          1145.73930
 513          1148.01120
 514          1150.28353
 515          1152.55629
 516          1154.82948
 517          1157.10309
 518          1159.37714
 519          1161.65163
 520          1163.92655
 521          1166.20192
 522          1168.47773
 523          1170.75398
 524          1173.03068
 525          1175.30784
 526          1177.58544
 527          1179.86350
 528          1182.14202
 529          1184.42100
 530          1186.70044
 531          1188.98035
 532          1191.26073
 533          1193.54157
 534          1195.82289
 535          1198.10468
 536          1200.38695
 537          1202.66970
 538          1204.95293
 539          1207.23664
 540          1209.52085
 541          1211.80554
 542          1214.09072
 543          1216.37640
 544          1218.66257
 545          1220.94924
 546          1223.23642
 547          1225.52410
 548          1227.81228
 549          1230.10097
 550          1232.39018
 551          1234.67989
 552          1236.97013
 553          1239.26088
 554          1241.55215
 555          1243.84394
 556          1246.13626
 557          1248.42911
 558          1250.72249
 559          1253.01640
 560          1255.31084
 561          1257.60583
 562          1259.90135
 563          1262.19742
 564          1264.49402
 565          1266.79118
 566          1269.08889
 567          1271.38714
 568          1273.68596
 569          1275.98532
 570          1278.28525
 571          1280.58574
 572          1282.88679
 573          1285.18841
 574          1287.49059
 575          1289.79335
 576          1292.09668
 577          1294.40058
 578          1296.70506
 579          1299.01013
 580          1301.31577
 581          1303.62200
 582          1305.92882
 583          1308.23622
 584          1310.54422
 585          1312.85281
 586          1315.16200
 587          1317.47179
 588          1319.78217
 589          1322.09316
 590          1324.40476
 591          1326.71697
 592          1329.02978
 593          1331.34321
 594          1333.65725
 595          1335.97191
 596          1338.28719
 597          1340.60309
 598          1342.91962
 599          1345.23677
 600          1347.55455
 601          1349.87297
 602          1352.19201
 603          1354.51169
 604          1356.83201
 605          1359.15297
 606          1361.47457
 607          1363.79682
 608          1366.11971
 609          1368.44326
 610          1370.76745
 611          1373.09230
 612          1375.41780
 613          1377.74396
 614          1380.07079
 615          1382.39827
 616          1384.72642
 617          1387.05524
 618          1389.38473
 619          1391.71489
 620          1394.04572
 621          1396.37723
 622          1398.70942
 623          1401.04228
 624          1403.37583
 625          1405.71007
 626          1408.04499
 627          1410.38060
 628          1412.71691
 629          1415.05390
 630          1417.39160
 631          1419.72999
 632          1422.06908
 633          1424.40887
 634          1426.74937
 635          1429.09057
 636          1431.43249
 637          1433.77511
 638          1436.11845
 639          1438.46251
 640          1440.80728
 641          1443.15277
 642          1445.49898
 643          1447.84592
 644          1450.19358
 645          1452.54197
 646          1454.89110
 647          1457.24095
 648          1459.59154
 649          1461.94286
 650          1464.29493
 651          1466.64773
 652          1469.00128
 653          1471.35557
 654          1473.71061
 655          1476.06640
 656          1478.42295
 657          1480.78024
 658          1483.13829
 659          1485.49710
 660          1487.85666
 661          1490.21699
 662          1492.57809
 663          1494.93994
 664          1497.30257
 665          1499.66596
 666          1502.03013
 667          1504.39507
 668          1506.76079
 669          1509.12729
 670          1511.49456
 671          1513.86262
 672          1516.23146
 673          1518.60109
 674          1520.97151
 675          1523.34271
 676          1525.71471
 677          1528.08750
 678          1530.46109
 679          1532.83548
 680          1535.21067
 681          1537.58666
 682          1539.96345
 683          1542.34105
 684          1544.71945
 685          1547.09867
 686          1549.47870
 687          1551.85954
 688          1554.24119
 689          1556.62367
 690          1559.00696
 691          1561.39108
 692          1563.77602
 693          1566.16178
 694          1568.54838
 695          1570.93580
 696          1573.32405
 697          1575.71313
 698          1578.10305
 699          1580.49381
 700          1582.88540
 701          1585.27784
 702          1587.67112
 703          1590.06524
 704          1592.46021
 705          1594.85603
 706          1597.25269
 707          1599.65021
 708          1602.04858
 709          1604.44781
 710          1606.84790
 711          1609.24884
 712          1611.65064
 713          1614.05331
 714          1616.45684
 715          1618.86124
 716          1621.26651
 717          1623.67265
 718          1626.07966
 719          1628.48754
 720          1630.89630
 721          1633.30593
 722          1635.71645
 723          1638.12784
 724          1640.54012
 725          1642.95328
 726          1645.36733
 727          1647.78227
 728          1650.19809
 729          1652.61481
 730          1655.03242
 731          1657.45093
 732          1659.87033
 733          1662.29064
 734          1664.71184
 735          1667.13394
 736          1669.55695
 737          1671.98086
 738          1674.40568
 739          1676.83141
 740          1679.25805
 741          1681.68560
 742          1684.11407
 743          1686.54345
 744          1688.97375
 745          1691.40497
 746          1693.83711
 747          1696.27017
 748          1698.70415
 749          1701.13906
 750          1703.57490
 751          1706.01167
 752          1708.44937
 753          1710.88800
 754          1713.32757
 755          1715.76807
 756          1718.20951
 757          1720.65188
 758          1723.09520
 759          1725.53946
 760          1727.98466
 761          1730.43081
 762          1732.87791
 763          1735.32596
 764          1737.77495
 765          1740.22490
 766          1742.67580
 767          1745.12766
 768          1747.58047
 769          1750.03425
 770          1752.48898
 771          1754.94467
 772          1757.40133
 773          1759.85895
 774          1762.31753
 775          1764.77709
 776          1767.23761
 777          1769.69911
 778          1772.16158
 779          1774.62502
 780          1777.08944
 781          1779.55483
 782          1782.02120
 783          1784.48855
 784          1786.95689
 785          1789.42621
 786          1791.89651
 787          1794.36780
 788          1796.84007
 789          1799.31334
 790          1801.78759
 791          1804.26284
 792          1806.73908
 793          1809.21632
 794          1811.69456
 795          1814.17379
 796          1816.65402
 797          1819.13525
 798          1821.61748
 799          1824.10072
 800          1826.58497
 801          1829.07022
 802          1831.55648
 803          1834.04375
 804          1836.53203
 805          1839.02132
 806          1841.51163
 807          1844.00295
 808          1846.49529
 809          1848.98865
 810          1851.48302
 811          1853.97842
 812          1856.47484
 813          1858.97229
 814          1861.47076
 815          1863.97026
 816          1866.47078
 817          1868.97234
 818          1871.47492
 819          1873.97854
 820          1876.48320
 821          1878.98888
 822          1881.49561
 823          1884.00337
 824          1886.51217
 825          1889.02201
 826          1891.53289
 827          1894.04482
 828          1896.55779
 829          1899.07181
 830          1901.58687
 831          1904.10299
 832          1906.62015
 833          1909.13836
 834          1911.65763
 835          1914.17795
 836          1916.69933
 837          1919.22176
 838          1921.74525
 839          1924.26980
 840          1926.79541
 841          1929.32208
 842          1931.84981
 843          1934.37861
 844          1936.90848
 845          1939.43941
 846          1941.97141
 847          1944.50448
 848          1947.03862
 849          1949.57383
 850          1952.11011
 851          1954.64747
 852          1957.18591
 853          1959.72542
 854          1962.26601
 855          1964.80768
 856          1967.35043
 857          1969.89426
 858          1972.43918
 859          1974.98518
 860          1977.53227
 861          1980.08044
 862          1982.62970
 863          1985.18005
 864          1987.73149
 865          1990.28402
 866          1992.83765
 867          1995.39237
 868          1997.94818
 869          2000.50509
 870          2003.06310
 871          2005.62221
 872          2008.18242
 873          2010.74373
 874          2013.30614
 875          2015.86966
 876          2018.43428
 877          2021.00000
 878          2023.56684
 879          2026.13478
 880          2028.70383
 881          2031.27399
 882          2033.84527
 883          2036.41765
 884          2038.99115
 885          2041.56577
 886          2044.14150
 887          2046.71835
 888          2049.29632
 889          2051.87541
 890          2054.45562
 891          2057.03695
 892          2059.61940
 893          2062.20298
 894          2064.78769
 895          2067.37352
 896          2069.96047
 897          2072.54856
 898          2075.13778
 899          2077.72812
 900          2080.31960
 901          2082.91221
 902          2085.50596
 903          2088.10084
 904          2090.69686
 905          2093.29401
 906          2095.89231
 907          2098.49174
 908          2101.09231
 909          2103.69403
 910          2106.29688
 911          2108.90088
 912          2111.50603
 913          2114.11232
 914          2116.71976
 915          2119.32834
 916          2121.93808
 917          2124.54897
 918          2127.16100
 919          2129.77419
 920          2132.38853
 921          2135.00403
 922          2137.62068
 923          2140.23848
 924          2142.85745
 925          2145.47757
 926          2148.09885
 927          2150.72129
 928          2153.34489
 929          2155.96966
 930          2158.59559
 931          2161.22268
 932          2163.85093
 933          2166.48036
 934          2169.11095
 935          2171.74271
 936          2174.37563
 937          2177.00973
 938          2179.64500
 939          2182.28144
 940          2184.91906
 941          2187.55784
 942          2190.19781
 943          2192.83894
 944          2195.48126
 945          2198.12475
 946          2200.76943
 947          2203.41528
 948          2206.06231
 949          2208.71052
 950          2211.35992
 951          2214.01050
 952          2216.66226
 953          2219.31521
 954          2221.96935
 955          2224.62467
 956          2227.28118
 957          2229.93889
 958          2232.59778
 959          2235.25786
 960          2237.91913
 961          2240.58160
 962          2243.24525
 963          2245.91011
 964          2248.57616
 965          2251.24340
 966          2253.91185
 967          2256.58149
 968          2259.25233
 969          2261.92437
 970          2264.59761
 971          2267.27205
 972          2269.94769
 973          2272.62454
 974          2275.30259
 975          2277.98185
 976          2280.66232
 977          2283.34399
 978          2286.02686
 979          2288.71095
 980          2291.39625
 981          2294.08275
 982          2296.77047
 983          2299.45940
 984          2302.14955
 985          2304.84090
 986          2307.53347
 987          2310.22726
 988          2312.92226
 989          2315.61848
 990          2318.31592
 991          2321.01458
 992          2323.71445
 993          2326.41555
 994          2329.11787
 995          2331.82141
 996          2334.52617
 997          2337.23216
 998          2339.93937
 999          2342.64781
1000          2345.35747
1001          2348.06836
1002          2350.78048
1003          2353.49383
1004          2356.20840
1005          2358.92421
1006          2361.64124
1007          2364.35951
1008          2367.07901
1009          2369.79975
1010          2372.52172
1011          2375.24492
1012          2377.96936
1013          2380.69504
1014          2383.42195
1015          2386.15010
1016          2388.87949
1017          2391.61012
1018          2394.34199
1019          2397.07510
1020          2399.80946
1021          2402.54505
1022          2405.28189
1023          2408.01997
1024          2410.75930
1025          2413.49987
1026          2416.24170
1027          2418.98476
1028          2421.72908
1029          2424.47464
1030          2427.22146
1031          2429.96952
1032          2432.71884
1033          2435.46940
1034          2438.22122
1035          2440.97429
1036          2443.72862
1037          2446.48420
1038          2449.24103
1039          2451.99912
1040          2454.75847
1041          2457.51908
1042          2460.28094
1043          2463.04406
1044          2465.80845
1045          2468.57409
1046          2471.34099
1047          2474.10916
1048          2476.87858
1049          2479.64927
1050          2482.42123
1051          2485.19445
1052          2487.96893
1053          2490.74468
1054          2493.52170
1055          2496.29998
1056          2499.07953
1057          2501.86035
1058          2504.64244
1059          2507.42580
1060          2510.21043
1061          2512.99634
1062          2515.78351
1063          2518.57196
1064          2521.36168
1065          2524.15267
1066          2526.94494
1067          2529.73848
1068          2532.53330
1069          2535.32940
1070          2538.12678
1071          2540.92543
1072          2543.72536
1073          2546.52657
1074          2549.32906
1075          2552.13283
1076          2554.93788
1077          2557.74422
1078          2560.55184
1079          2563.36074
1080          2566.17092
1081          2568.98239
1082          2571.79514
1083          2574.60918
1084          2577.42451
1085          2580.24112
1086          2583.05902
1087          2585.87821
1088          2588.69869
1089          2591.52046
1090          2594.34351
1091          2597.16786
1092          2599.99350
1093          2602.82043
1094          2605.64866
1095          2608.47818
1096          2611.30899
1097          2614.14109
1098          2616.97450
1099          2619.80919
1100          2622.64519
1101          2625.48248
1102          2628.32107
1103          2631.16095
1104          2634.00214
1105          2636.84462
1106          2639.68840
1107          2642.53349
1108          2645.37987
1109          2648.22756
1110          2651.07655
1111          2653.92684
1112          2656.77844
1113          2659.63134
1114          2662.48554
1115          2665.34105
1116          2668.19787
1117          2671.05599
1118          2673.91542
1119          2676.77616
1120          2679.63820
1121          2682.50155
1122          2685.36622
1123          2688.23219
1124          2691.09947
1125          2693.96806
1126          2696.83797
1127          2699.70919
1128          2702.58171
1129          2705.45556
1130          2708.33071
1131          2711.20718
1132          2714.08497
1133          2716.96407
1134          2719.84449
1135          2722.72622
1136          2725.60927
1137          2728.49363
1138          2731.37932
1139          2734.26632
1140          2737.15465
1141          2740.04429
1142          2742.93525
1143          2745.82754
1144          2748.72114
1145          2751.61607
1146          2754.51232
1147          2757.40989
1148          2760.30879
1149          2763.20901
1150          2766.11055
1151          2769.01342
1152          2771.91762
1153          2774.82314
1154          2777.72998
1155          2780.63816
1156          2783.54766
1157          2786.45849
1158          2789.37065
1159          2792.28414
1160          2795.19895
1161          2798.11510
1162          2801.03258
1163          2803.95139
1164          2806.87153
1165          2809.79300
1166          2812.71581
1167          2815.63995
1168          2818.56542
1169          2821.49223
1170          2824.42037
1171          2827.34985
1172          2830.28066
1173          2833.21281
1174          2836.14630
1175          2839.08112
1176          2842.01728
1177          2844.95478
1178          2847.89361
1179          2850.83379
1180          2853.77531
1181          2856.71816
1182          2859.66236
1183          2862.60790
1184          2865.55477
1185          2868.50299
1186          2871.45256
1187          2874.40346
1188          2877.35571
1189          2880.30931
1190          2883.26424
1191          2886.22053
1192          2889.17815
1193          2892.13713
1194          2895.09745
1195          2898.05911
1196          2901.02212
1197          2903.98649
1198          2906.95219
1199          2909.91925
1200          2912.88766
1201          2915.85741
1202          2918.82852
1203          2921.80098
1204          2924.77478
1205          2927.74994
1206          2930.72645
1207          2933.70431
1208          2936.68352
1209          2939.66409
1210          2942.64601
1211          2945.62929
1212          2948.61392
1213          2951.59990
1214          2954.58724
1215          2957.57593
1216          2960.56598
1217          2963.55739
1218          2966.55015
1219          2969.54428
1220          2972.53975
1221          2975.53659
1222          2978.53479
1223          2981.53434
1224          2984.53526
1225          2987.53753
1226          2990.54117
1227          2993.54617
1228          2996.55252
1229          2999.56024
1230          3002.56932
1231          3005.57977
1232          3008.59157
1233          3011.60474
1234          3014.61928
1235          3017.63517
1236          3020.65244
1237          3023.67106
1238          3026.69106
1239          3029.71241
1240          3032.73514
1241          3035.75923
1242          3038.78469
1243          3041.81152
1244          3044.83971
1245          3047.86927
1246          3050.90020
1247          3053.93250
1248          3056.96617
1249          3060.00121
1250          3063.03762
1251          3066.07540
1252          3069.11455
1253          3072.15508
1254          3075.19697
1255          3078.24024
1256          3081.28488
1257          3084.33089
1258          3087.37828
1259          3090.42704
1260          3093.47717
1261          3096.52868
1262          3099.58156
1263          3102.63582
1264          3105.69146
1265          3108.74847
1266          3111.80686
1267          3114.86662
1268          3117.92776
1269          3120.99028
1270          3124.05418
1271          3127.11946
1272          3130.18611
1273          3133.25415
1274          3136.32356
1275          3139.39435
1276          3142.46653
1277          3145.54008
1278          3148.61502
1279          3151.69133
1280          3154.76903
1281          3157.84811
1282          3160.92858
1283          3164.01042
1284          3167.09365
1285          3170.17827
1286          3173.26426
1287          3176.35165
1288          3179.44041
1289          3182.53056
1290          3185.62210
1291          3188.71502
1292          3191.80933
1293          3194.90503
1294          3198.00211
1295          3201.10058
1296          3204.20043
1297          3207.30168
1298          3210.40431
1299          3213.50833
1300          3216.61374
1301          3219.72054
1302          3222.82873
1303          3225.93831
1304          3229.04928
1305          3232.16164
1306          3235.27540
1307          3238.39054
1308          3241.50707
1309          3244.62500
1310          3247.74432
1311          3250.86503
1312          3253.98714
1313          3257.11064
1314          3260.23553
1315          3263.36182
1316          3266.48950
1317          3269.61857
1318          3272.74904
1319          3275.88091
1320          3279.01417
1321          3282.14883
1322          3285.28489
1323          3288.42234
1324          3291.56119
1325          3294.70143
1326          3297.84308
1327          3300.98612
1328          3304.13056
1329          3307.27640
1330          3310.42364
1331          3313.57227
1332          3316.72231
1333          3319.87375
1334          3323.02659
1335          3326.18083
1336          3329.33647
1337          3332.49351
1338          3335.65195
1339          3338.81180
1340          3341.97304
1341          3345.13569
1342          3348.29974
1343          3351.46520
1344          3354.63206
1345          3357.80032
1346          3360.96999
1347          3364.14106
1348          3367.31354
1349          3370.48742
1350          3373.66271
1351          3376.83940
1352          3380.01750
1353          3383.19700
1354          3386.37792
1355          3389.56023
1356          3392.74396
1357          3395.92909
1358          3399.11563
1359          3402.30358
1360          3405.49294
1361          3408.68371
1362          3411.87588
1363          3415.06947
1364          3418.26447
1365          3421.46087
1366          3424.65868
1367          3427.85791
1368          3431.05855
1369          3434.26060
1370          3437.46405
1371          3440.66892
1372          3443.87521
1373          3447.08290
1374          3450.29201
1375          3453.50253
1376          3456.71447
1377          3459.92781
1378          3463.14257
1379          3466.35875
1380          3469.57634
1381          3472.79534
1382          3476.01576
1383          3479.23760
1384          3482.46085
1385          3485.68551
1386          3488.91159
1387          3492.13909
1388          3495.36800
1389          3498.59834
1390          3501.83008
1391          3505.06325
1392          3508.29783
1393          3511.53384
1394          3514.77126
1395          3518.01009
1396          3521.25035
1397          3524.49203
1398          3527.73512
1399          3530.97964
1400          3534.22558
1401          3537.47293
1402          3540.72171
1403          3543.97190
1404          3547.22352
1405          3550.47656
1406          3553.73102
1407          3556.98691
1408          3560.24421
1409          3563.50294
1410          3566.76309
1411          3570.02466
1412          3573.28766
1413          3576.55208
1414          3579.81792
1415          3583.08519
1416          3586.35388
1417          3589.62399
1418          3592.89554
1419          3596.16850
1420          3599.44289
1421          3602.71871
1422          3605.99595
1423          3609.27462
1424          3612.55471
1425          3615.83624
1426          3619.11918
1427          3622.40356
1428          3625.68936
1429          3628.97659
1430          3632.26525
1431          3635.55534
1432          3638.84685
1433          3642.13980
1434          3645.43417
1435          3648.72997
1436          3652.02720
1437          3655.32586
1438          3658.62595
1439          3661.92747
1440          3665.23042
1441          3668.53480
1442          3671.84061
1443          3675.14786
1444          3678.45653
1445          3681.76664
1446          3685.07818
1447          3688.39115
1448          3691.70555
1449          3695.02139
1450          3698.33865
1451          3701.65735
1452          3704.97749
1453          3708.29906
1454          3711.62206
1455          3714.94650
1456          3718.27237
1457          3721.59967
1458          3724.92841
1459          3728.25859
1460          3731.59020
1461          3734.92324
1462          3738.25772
1463          3741.59364
1464          3744.93099
1465          3748.26978
1466          3751.61001
1467          3754.95167
1468          3758.29477
1469          3761.63931
1470          3764.98529
1471          3768.33270
1472          3771.68155
1473          3775.03184
1474          3778.38357
1475          3781.73674
1476          3785.09135
1477          3788.44739
1478          3791.80488
1479          3795.16380
1480          3798.52417
1481          3801.88597
1482          3805.24922
1483          3808.61390
1484          3811.98003
1485          3815.34760
1486          3818.71661
1487          3822.08705
1488          3825.45895
1489          3828.83228
1490          3832.20706
1491          3835.58328
1492          3838.96094
1493          3842.34004
1494          3845.72059
1495          3849.10258
1496          3852.48601
1497          3855.87089
1498          3859.25721
1499          3862.64498
1500          3866.03419
1501          3869.42484
1502          3872.81694
1503          3876.21049
1504          3879.60548
1505          3883.00191
1506          3886.39979
1507          3889.79912
1508          3893.19989
1509          3896.60211
1510          3900.00578
1511          3903.41089
1512          3906.81745
1513          3910.22546
1514          3913.63491
1515          3917.04581
1516          3920.45816
1517          3923.87196
1518          3927.28721
1519          3930.70390
1520          3934.12205
1521          3937.54164
1522          3940.96268
1523          3944.38517
1524          3947.80911
1525          3951.23450
1526          3954.66134
1527          3958.08963
1528          3961.51937
1529          3964.95055
1530          3968.38320
1531          3971.81729
1532          3975.25283
1533          3978.68982
1534          3982.12827
1535          3985.56817
1536          3989.00952
1537          3992.45232
1538          3995.89657
1539          3999.34228
1540          4002.78944
1541          4006.23805
1542          4009.68812
1543          4013.13963
1544          4016.59261
1545          4020.04703
1546          4023.50291
1547          4026.96025
1548          4030.41903
1549          4033.87928
1550          4037.34098
1551          4040.80413
1552          4044.26874
1553          4047.73480
1554          4051.20232
1555          4054.67129
1556          4058.14172
1557          4061.61361
1558          4065.08695
1559          4068.56175
1560          4072.03800
1561          4075.51572
1562          4078.99489
1563          4082.47551
1564          4085.95760
1565          4089.44114
1566          4092.92614
1567          4096.41260
1568          4099.90051
1569          4103.38989
1570          4106.88072
1571          4110.37301
1572          4113.86676
1573          4117.36197
1574          4120.85864
1575          4124.35677
1576          4127.85636
1577          4131.35740
1578          4134.85991
1579          4138.36388
1580          4141.86931
1581          4145.37620
1582          4148.88455
1583          4152.39436
1584          4155.90563
1585          4159.41837
1586          4162.93256
1587          4166.44822
1588          4169.96534
1589          4173.48392
1590          4177.00396
1591          4180.52547
1592          4184.04844
1593          4187.57287
1594          4191.09876
1595          4194.62612
1596          4198.15494
1597          4201.68523
1598          4205.21697
1599          4208.75018
1600          4212.28486
1601          4215.82100
1602          4219.35861
1603          4222.89768
1604          4226.43821
1605          4229.98021
1606          4233.52367
1607          4237.06860
1608          4240.61499
1609          4244.16286
1610          4247.71218
1611          4251.26297
1612          4254.81523
1613          4258.36896
1614          4261.92415
1615          4265.48081
1616          4269.03893
1617          4272.59852
1618          4276.15958
1619          4279.72211
1620          4283.28610
1621          4286.85156
1622          4290.41849
1623          4293.98689
1624          4297.55676
1625          4301.12809
1626          4304.70089
1627          4308.27517
1628          4311.85091
1629          4315.42812
1630          4319.00680
1631          4322.58694
1632          4326.16856
1633          4329.75165
1634          4333.33621
1635          4336.92223
1636          4340.50973
1637          4344.09870
1638          4347.68914
1639          4351.28105
1640          4354.87443
1641          4358.46928
1642          4362.06560
1643          4365.66340
1644          4369.26266
1645          4372.86340
1646          4376.46561
1647          4380.06929
1648          4383.67444
1649          4387.28107
1650          4390.88917
1651          4394.49874
1652          4398.10978
1653          4401.72230
1654          4405.33629
1655          4408.95175
1656          4412.56869
1657          4416.18710
1658          4419.80698
1659          4423.42834
1660          4427.05117
1661          4430.67548
1662          4434.30126
1663          4437.92852
1664          4441.55725
1665          4445.18746
1666          4448.81914
1667          4452.45229
1668          4456.08692
1669          4459.72303
1670          4463.36061
1671          4466.99967
1672          4470.64020
1673          4474.28222
1674          4477.92570
1675          4481.57067
1676          4485.21711
1677          4488.86502
1678          4492.51442
1679          4496.16529
1680          4499.81764
1681          4503.47146
1682          4507.12676
1683          4510.78355
1684          4514.44180
1685          4518.10154
1686          4521.76275
1687          4525.42545
1688          4529.08962
1689          4532.75527
1690          4536.42240
1691          4540.09101
1692          4543.76109
1693          4547.43266
1694          4551.10571
1695          4554.78023
1696          4558.45623
1697          4562.13372
1698          4565.81268
1699          4569.49313
1700          4573.17505
1701          4576.85846
1702          4580.54335
1703          4584.22971
1704          4587.91756
1705          4591.60689
1706          4595.29770
1707          4598.98999
1708          4602.68376
1709          4606.37901
1710          4610.07575
1711          4613.77397
1712          4617.47367
1713          4621.17485
1714          4624.87751
1715          4628.58166
1716          4632.28729
1717          4635.99440
1718          4639.70299
1719          4643.41307
1720          4647.12463
1721          4650.83767
1722          4654.55220
1723          4658.26821
1724          4661.98571
1725          4665.70469
1726          4669.42515
1727          4673.14710
1728          4676.87053
1729          4680.59544
1730          4684.32184
1731          4688.04973
1732          4691.77910
1733          4695.50995
1734          4699.24229
1735          4702.97612
1736          4706.71143
1737          4710.44822
1738          4714.18650
1739          4717.92627
1740          4721.66753
1741          4725.41027
1742          4729.15449
1743          4732.90020
1744          4736.64740
1745          4740.39609
1746          4744.14626
1747          4747.89792
1748          4751.65107
1749          4755.40570
1750          4759.16182
1751          4762.91943
1752          4766.67853
1753          4770.43911
1754          4774.20118
1755          4777.96474
1756          4781.72979
1757          4785.49632
1758          4789.26435
1759          4793.03386
1760          4796.80486
1761          4800.57735
1762          4804.35133
1763          4808.12680
1764          4811.90376
1765          4815.68221
1766          4819.46214
1767          4823.24357
1768          4827.02649
1769          4830.81089
1770          4834.59679
1771          4838.38417
1772          4842.17305
1773          4845.96342
1774          4849.75527
1775          4853.54862
1776          4857.34346
1777          4861.13979
1778          4864.93761
1779          4868.73692
1780          4872.53773
1781          4876.34002
1782          4880.14381
1783          4883.94908
1784          4887.75585
1785          4891.56412
1786          4895.37387
1787          4899.18512
1788          4902.99785
1789          4906.81208
1790          4910.62781
1791          4914.44502
1792          4918.26373
1793          4922.08393
1794          4925.90563
1795          4929.72882
1796          4933.55350
1797          4937.37968
1798          4941.20734
1799          4945.03651
1800          4948.86716
1801          4952.69931
1802          4956.53296
1803          4960.36810
1804          4964.20473
1805          4968.04286
1806          4971.88248
1807          4975.72360
1808          4979.56621
1809          4983.41032
1810          4987.25592
1811          4991.10302
1812          4994.95161
1813          4998.80170
1814          5002.65328
1815          5006.50636
1816          5010.36094
1817          5014.21701
1818          5018.07457
1819          5021.93364
1820          5025.79420
1821          5029.65625
1822          5033.51981
1823          5037.38486
1824          5041.25140
1825          5045.11945
1826          5048.98899
1827          5052.86003
1828          5056.73256
1829          5060.60659
1830          5064.48212
1831          5068.35915
1832          5072.23768
1833          5076.11770
1834          5079.99922
1835          5083.88224
1836          5087.76676
1837          5091.65278
1838          5095.54029
1839          5099.42930
1840          5103.31982
1841          5107.21183
1842          5111.10534
1843          5115.00035
1844          5118.89685
1845          5122.79486
1846          5126.69437
1847          5130.59538
1848          5134.49788
1849          5138.40189
1850          5142.30739
1851          5146.21440
1852          5150.12291
1853          5154.03291
1854          5157.94442
1855          5161.85743
1856          5165.77194
1857          5169.68794
1858          5173.60545
1859          5177.52447
1860          5181.44498
1861          5185.36699
1862          5189.29050
1863          5193.21552
1864          5197.14204
1865          5201.07006
1866          5204.99958
1867          5208.93060
1868          5212.86312
1869          5216.79715
1870          5220.73268
1871          5224.66971
1872          5228.60824
1873          5232.54828
1874          5236.48982
1875          5240.43286
1876          5244.37740
1877          5248.32345
1878          5252.27100
1879          5256.22005
1880          5260.17061
1881          5264.12267
1882          5268.07624
1883          5272.03131
1884          5275.98788
1885          5279.94595
1886          5283.90553
1887          5287.86661
1888          5291.82920
1889          5295.79330
1890          5299.75889
1891          5303.72599
1892          5307.69460
1893          5311.66471
1894          5315.63633
1895          5319.60945
1896          5323.58407
1897          5327.56020
1898          5331.53784
1899          5335.51698
1900          5339.49763
1901          5343.47978
1902          5347.46344
1903          5351.44860
1904          5355.43527
1905          5359.42345
1906          5363.41313
1907          5367.40432
1908          5371.39702
1909          5375.39122
1910          5379.38693
1911          5383.38414
1912          5387.38287
1913          5391.38310
1914          5395.38483
1915          5399.38808
1916          5403.39283
1917          5407.39909
1918          5411.40685
1919          5415.41612
1920          5419.42691
1921          5423.43919
1922          5427.45299
1923          5431.46830
1924          5435.48511
1925          5439.50343
1926          5443.52326
1927          5447.54460
1928          5451.56744
1929          5455.59180
1930          5459.61766
1931          5463.64503
1932          5467.67392
1933          5471.70431
1934          5475.73621
1935          5479.76962
1936          5483.80453
1937          5487.84096
1938          5491.87890
1939          5495.91835
1940          5499.95930
1941          5504.00177
1942          5508.04575
1943          5512.09123
1944          5516.13823
1945          5520.18674
1946          5524.23676
1947          5528.28829
1948          5532.34133
1949          5536.39588
1950          5540.45194
1951          5544.50951
1952          5548.56859
1953          5552.62918
1954          5556.69129
1955          5560.75490
1956          5564.82003
1957          5568.88667
1958          5572.95482
1959          5577.02449
1960          5581.09566
1961          5585.16835
1962          5589.24255
1963          5593.31826
1964          5597.39548
1965          5601.47421
1966          5605.55446
1967          5609.63622
1968          5613.71949
1969          5617.80428
1970          5621.89058
1971          5625.97839
1972          5630.06771
1973          5634.15855
1974          5638.25090
1975          5642.34477
1976          5646.44014
1977          5650.53704
1978          5654.63544
1979          5658.73536
1980          5662.83679
1981          5666.93974
1982          5671.04420
1983          5675.15017
1984          5679.25766
1985          5683.36666
1986          5687.47718
1987          5691.58921
1988          5695.70276
1989          5699.81782
1990          5703.93440
1991          5708.05249
1992          5712.17209
1993          5716.29321
1994          5720.41585
1995          5724.54000
1996          5728.66567
1997          5732.79285
1998          5736.92155
1999          5741.05176
2000          5745.18349
2001          5749.31674
2002          5753.45150
2003          5757.58777
2004          5761.72557
2005          5765.86488
2006          5770.00570
2007          5774.14804
2008          5778.29190
2009          5782.43728
2010          5786.58417
2011          5790.73258
2012          5794.88251
2013          5799.03395
2014          5803.18691
2015          5807.34139
2016          5811.49738
2017          5815.65490
2018          5819.81393
2019          5823.97447
2020          5828.13654
2021          5832.30012
2022          5836.46522
2023          5840.63184
2024          5844.79998
2025          5848.96963
2026          5853.14080
2027          5857.31350
2028          5861.48770
2029          5865.66343
2030          5869.84068
2031          5874.01945
2032          5878.19973
2033          5882.38153
2034          5886.56486
2035          5890.74970
2036          5894.93606
2037          5899.12394
2038          5903.31334
2039          5907.50426
2040          5911.69669
2041          5915.89065
2042          5920.08613
2043          5924.28313
2044          5928.48164
2045          5932.68168
2046          5936.88324
2047          5941.08632
2048          5945.29091
2049          5949.49703
2050          5953.70467
2051          5957.91383
2052          5962.12451
2053          5966.33671
2054          5970.55043
2055          5974.76567
2056          5978.98244
2057          5983.20072
2058          5987.42053
2059          5991.64185
2060          5995.86470
2061          6000.08907
2062          6004.31496
2063          6008.54238
2064          6012.77131
2065          6017.00177
2066          6021.23375
2067          6025.46725
2068          6029.70227
2069          6033.93881
2070          6038.17688
2071          6042.41647
2072          6046.65758
2073          6050.90021
2074          6055.14437
2075          6059.39005
2076          6063.63725
2077          6067.88598
2078          6072.13623
2079          6076.38800
2080          6080.64129
2081          6084.89611
2082          6089.15245
2083          6093.41032
2084          6097.66970
2085          6101.93062
2086          6106.19305
2087          6110.45701
2088          6114.72249
2089          6118.98950
2090          6123.25803
2091          6127.52808
2092          6131.79966
2093          6136.07276
2094          6140.34739
2095          6144.62355
2096          6148.90122
2097          6153.18042
2098          6157.46115
2099          6161.74340
2100          6166.02718
2101          6170.31248
2102          6174.59930
2103          6178.88765
2104          6183.17753
2105          6187.46893
2106          6191.76186
2107          6196.05631
2108          6200.35229
2109          6204.64979
2110          6208.94882
2111          6213.24938
2112          6217.55146
2113          6221.85506
2114          6226.16020
2115          6230.46686
2116          6234.77504
2117          6239.08476
2118          6243.39599
2119          6247.70876
2120          6252.02305
2121          6256.33887
2122          6260.65621
2123          6264.97509
2124          6269.29549
2125          6273.61741
2126          6277.94086
2127          6282.26585
2128          6286.59235
2129          6290.92039
2130          6295.24995
2131          6299.58104
2132          6303.91366
2133          6308.24780
2134          6312.58348
2135          6316.92068
2136          6321.25941
2137          6325.59966
2138          6329.94145
2139          6334.28476
2140          6338.62961
2141          6342.97598
2142          6347.32387
2143          6351.67330
2144          6356.02426
2145          6360.37674
2146          6364.73075
2147          6369.08630
2148          6373.44337
2149          6377.80197
2150          6382.16210
2151          6386.52376
2152          6390.88694
2153          6395.25166
2154          6399.61791
2155          6403.98568
2156          6408.35499
2157          6412.72582
2158          6417.09819
2159          6421.47208
2160          6425.84751
2161          6430.22446
2162          6434.60295
2163          6438.98296
2164          6443.36451
2165          6447.74759
2166          6452.13219
2167          6456.51833
2168          6460.90600
2169          6465.29519
2170          6469.68592
2171          6474.07818
2172          6478.47198
2173          6482.86730
2174          6487.26415
2175          6491.66253
2176          6496.06245
2177          6500.46389
2178          6504.86687
2179          6509.27138
2180          6513.67742
2181          6518.08500
2182          6522.49410
2183          6526.90474
2184          6531.31691
2185          6535.73061
2186          6540.14584
2187          6544.56260
2188          6548.98090
2189          6553.40073
2190          6557.82209
2191          6562.24498
2192          6566.66941
2193          6571.09537
2194          6575.52286
2195          6579.95188
2196          6584.38244
2197          6588.81453
2198          6593.24815
2199          6597.68331
2200          6602.12000
2201          6606.55822
2202          6610.99798
2203          6615.43927
2204          6619.88209
2205          6624.32645
2206          6628.77234
2207          6633.21976
2208          6637.66872
2209          6642.11921
2210          6646.57124
2211          6651.02480
2212          6655.47989
2213          6659.93652
2214          6664.39468
2215          6668.85437
2216          6673.31560
2217          6677.77837
2218          6682.24267
2219          6686.70850
2220          6691.17587
2221          6695.64478
2222          6700.11522
2223          6704.58719
2224          6709.06070
2225          6713.53575
2226          6718.01232
2227          6722.49044
2228          6726.97009
2229          6731.45127
2230          6735.93400
2231          6740.41825
2232          6744.90404
2233          6749.39137
2234          6753.88024
2235          6758.37064
2236          6762.86257
2237          6767.35604
2238          6771.85105
2239          6776.34760
2240          6780.84567
2241          6785.34529
2242          6789.84645
2243          6794.34914
2244          6798.85336
2245          6803.35912
2246          6807.86642
2247          6812.37526
2248          6816.88563
2249          6821.39754
2250          6825.91099
2251          6830.42598
2252          6834.94250
2253          6839.46056
2254          6843.98015
2255          6848.50129
2256          6853.02396
2257          6857.54817
2258          6862.07391
2259          6866.60120
2260          6871.13002
2261          6875.66038
2262          6880.19228
2263          6884.72571
2264          6889.26069
2265          6893.79720
2266          6898.33525
2267          6902.87484
2268          6907.41597
2269          6911.95863
2270          6916.50284
2271          6921.04858
2272          6925.59586
2273          6930.14468
2274          6934.69504
2275          6939.24694
2276          6943.80038
2277          6948.35535
2278          6952.91187
2279          6957.46992
2280          6962.02952
2281          6966.59065
2282          6971.15332
2283          6975.71754
2284          6980.28329
2285          6984.85058
2286          6989.41941
2287          6993.98978
2288          6998.56169
2289          7003.13515
2290          7007.71014
2291          7012.28667
2292          7016.86474
2293          7021.44435
2294          7026.02550
2295          7030.60820
2296          7035.19243
2297          7039.77820
2298          7044.36552
2299          7048.95437
2300          7053.54477
2301          7058.13670
2302          7062.73018
2303          7067.32520
2304          7071.92176
2305          7076.51986
2306          7081.11950
2307          7085.72069
2308          7090.32341
2309          7094.92768
2310          7099.53349
2311          7104.14084
2312          7108.74973
2313          7113.36016
2314          7117.97213
2315          7122.58565
2316          7127.20071
2317          7131.81731
2318          7136.43545
2319          7141.05513
2320          7145.67636
2321          7150.29913
2322          7154.92344
2323          7159.54930
2324          7164.17669
2325          7168.80563
2326          7173.43612
2327          7178.06814
2328          7182.70171
2329          7187.33682
2330          7191.97347
2331          7196.61167
2332          7201.25141
2333          7205.89269
2334          7210.53551
2335          7215.17988
2336          7219.82580
2337          7224.47325
2338          7229.12225
2339          7233.77280
2340          7238.42488
2341          7243.07851
2342          7247.73369
2343          7252.39041
2344          7257.04867
2345          7261.70848
2346          7266.36983
2347          7271.03272
2348          7275.69716
2349          7280.36314
2350          7285.03067
2351          7289.69974
2352          7294.37036
2353          7299.04252
2354          7303.71623
2355          7308.39148
2356          7313.06827
2357          7317.74661
2358          7322.42650
2359          7327.10793
2360          7331.79091
2361          7336.47543
2362          7341.16149
2363          7345.84910
2364          7350.53826
2365          7355.22896
2366          7359.92121
2367          7364.61500
2368          7369.31034
2369          7374.00723
2370          7378.70566
2371          7383.40564
2372          7388.10716
2373          7392.81023
2374          7397.51484
2375          7402.22100
2376          7406.92871
2377          7411.63796
2378          7416.34876
2379          7421.06111
2380          7425.77500
2381          7430.49044
2382          7435.20742
2383          7439.92596
2384          7444.64604
2385          7449.36766
2386          7454.09083
2387          7458.81556
2388          7463.54182
2389          7468.26964
2390          7472.99900
2391          7477.72991
2392          7482.46236
2393          7487.19637
2394          7491.93192
2395          7496.66902
2396          7501.40766
2397          7506.14786
2398          7510.88960
2399          7515.63289
2400          7520.37773
2401          7525.12411
2402          7529.87204
2403          7534.62152
2404          7539.37255
2405          7544.12513
2406          7548.87926
2407          7553.63493
2408          7558.39216
2409          7563.15093
2410          7567.91125
2411          7572.67312
2412          7577.43653
2413          7582.20150
2414          7586.96802
2415          7591.73608
2416          7596.50569
2417          7601.27686
2418          7606.04957
2419          7610.82383
2420          7615.59964
2421          7620.37699
2422          7625.15590
2423          7629.93636
2424          7634.71837
2425          7639.50193
2426          7644.28703
2427          7649.07369
2428          7653.86190
2429          7658.65165
2430          7663.44296
2431          7668.23582
2432          7673.03022
2433          7677.82618
2434          7682.62368
2435          7687.42274
2436          7692.22335
2437          7697.02551
2438          7701.82921
2439          7706.63447
2440          7711.44128
2441          7716.24964
2442          7721.05955
2443          7725.87101
2444          7730.68403
2445          7735.49859
2446          7740.31471
2447          7745.13237
2448          7749.95159
2449          7754.77236
2450          7759.59468
2451          7764.41855
2452          7769.24397
2453          7774.07094
2454          7778.89947
2455          7783.72955
2456          7788.56117
2457          7793.39435
2458          7798.22909
2459          7803.06537
2460          7807.90321
2461          7812.74259
2462          7817.58353
2463          7822.42603
2464          7827.27007
2465          7832.11567
2466          7836.96282
2467          7841.81152
2468          7846.66177
2469          7851.51358
2470          7856.36694
2471          7861.22185
2472          7866.07832
2473          7870.93634
2474          7875.79591
2475          7880.65703
2476          7885.51971
2477          7890.38394
2478          7895.24972
2479          7900.11705
2480          7904.98594
2481          7909.85639
2482          7914.72838
2483          7919.60193
2484          7924.47704
2485          7929.35369
2486          7934.23190
2487          7939.11167
2488          7943.99299
2489          7948.87586
2490          7953.76028
2491          7958.64626
2492          7963.53380
2493          7968.42289
2494          7973.31353
2495          7978.20573
2496          7983.09948
2497          7987.99478
2498          7992.89164
2499          7997.79006
2500          8002.69003
2501          8007.59155
2502          8012.49463
2503          8017.39926
2504          8022.30545
2505          8027.21319
2506          8032.12249
2507          8037.03335
2508          8041.94575
2509          8046.85972
2510          8051.77524
2511          8056.69231
2512          8061.61094
2513          8066.53113
2514          8071.45287
2515          8076.37616
2516          8081.30102
2517          8086.22742
2518          8091.15539
2519          8096.08491
2520          8101.01598
2521          8105.94861
2522          8110.88280
2523          8115.81854
2524          8120.75584
2525          8125.69470
2526          8130.63511
2527          8135.57708
2528          8140.52060
2529          8145.46569
2530          8150.41232
2531          8155.36052
2532          8160.31027
2533          8165.26158
2534          8170.21444
2535          8175.16886
2536          8180.12484
2537          8185.08238
2538          8190.04147
2539          8195.00212
2540          8199.96433
2541          8204.92809
2542          8209.89341
2543          8214.86029
2544          8219.82873
2545          8224.79872
2546          8229.77028
2547          8234.74338
2548          8239.71805
2549          8244.69428
2550          8249.67206
2551          8254.65140
2552          8259.63230
2553          8264.61476
2554          8269.59877
2555          8274.58434
2556          8279.57148
2557          8284.56017
2558          8289.55041
2559          8294.54222
2560          8299.53558
2561          8304.53051
2562          8309.52699
2563          8314.52503
2564          8319.52463
2565          8324.52579
2566          8329.52851
2567          8334.53278
2568          8339.53862
2569          8344.54601
2570          8349.55496
2571          8354.56548
2572          8359.57755
2573          8364.59118
2574          8369.60637
2575          8374.62312
2576          8379.64143
2577          8384.66130
2578          8389.68273
2579          8394.70571
2580          8399.73026
2581          8404.75637
2582          8409.78404
2583          8414.81327
2584          8419.84405
2585          8424.87640
2586          8429.91031
2587          8434.94578
2588          8439.98280
2589          8445.02139
2590          8450.06154
2591          8455.10325
2592          8460.14652
2593          8465.19135
2594          8470.23774
2595          8475.28570
2596          8480.33521
2597          8485.38628
2598          8490.43892
2599          8495.49311
2600          8500.54887
2601          8505.60619
2602          8510.66506
2603          8515.72551
2604          8520.78751
2605          8525.85107
2606          8530.91619
2607          8535.98288
2608          8541.05112
2609          8546.12093
2610          8551.19230
2611          8556.26524
2612          8561.33973
2613          8566.41578
2614          8571.49340
2615          8576.57258
2616          8581.65332
2617          8586.73562
2618          8591.81949
2619          8596.90492
2620          8601.99191
2621          8607.08046
2622          8612.17058
2623          8617.26225
2624          8622.35549
2625          8627.45030
2626          8632.54666
2627          8637.64459
2628          8642.74408
2629          8647.84513
2630          8652.94775
2631          8658.05193
2632          8663.15767
2633          8668.26497
2634          8673.37384
2635          8678.48427
2636          8683.59627
2637          8688.70983
2638          8693.82495
2639          8698.94163
2640          8704.05988
2641          8709.17969
2642          8714.30107
2643          8719.42401
2644          8724.54851
2645          8729.67458
2646          8734.80221
2647          8739.93140
2648          8745.06216
2649          8750.19449
2650          8755.32837
2651          8760.46383
2652          8765.60084
2653          8770.73942
2654          8775.87956
2655          8781.02127
2656          8786.16455
2657          8791.30938
2658          8796.45579
2659          8801.60375
2660          8806.75329
2661          8811.90438
2662          8817.05704
2663          8822.21127
2664          8827.36706
2665          8832.52442
2666          8837.68334
2667          8842.84382
2668          8848.00588
2669          8853.16949
2670          8858.33468
2671          8863.50142
2672          8868.66974
2673          8873.83962
2674          8879.01106
2675          8884.18407
2676          8889.35865
2677          8894.53479
2678          8899.71250
2679          8904.89177
2680          8910.07261
2681          8915.25502
2682          8920.43899
2683          8925.62452
2684          8930.81163
2685          8936.00030
2686          8941.19053
2687          8946.38234
2688          8951.57571
2689          8956.77064
2690          8961.96715
2691          8967.16522
2692          8972.36485
2693          8977.56605
2694          8982.76882
2695          8987.97316
2696          8993.17906
2697          8998.38653
2698          9003.59557
2699          9008.80617
2700          9014.01835
2701          9019.23209
2702          9024.44739
2703          9029.66427
2704          9034.88271
2705          9040.10272
2706          9045.32429
2707          9050.54744
2708          9055.77215
2709          9060.99842
2710          9066.22627
2711          9071.45569
2712          9076.68667
2713          9081.91922
2714          9087.15334
2715          9092.38903
2716          9097.62628
2717          9102.86510
2718          9108.10549
2719          9113.34745
2720          9118.59098
2721          9123.83608
2722          9129.08274
2723          9134.33098
2724          9139.58078
2725          9144.83215
2726          9150.08509
2727          9155.33960
2728          9160.59568
2729          9165.85332
2730          9171.11254
2731          9176.37332
2732          9181.63568
2733          9186.89960
2734          9192.16509
2735          9197.43215
2736          9202.70078
2737          9207.97098
2738          9213.24275
2739          9218.51609
2740          9223.79100
2741          9229.06748
2742          9234.34553
2743          9239.62514
2744          9244.90633
2745          9250.18909
2746          9255.47342
2747          9260.75931
2748          9266.04678
2749          9271.33582
2750          9276.62643
2751          9281.91861
2752          9287.21235
2753          9292.50767
2754          9297.80456
2755          9303.10302
2756          9308.40305
2757          9313.70465
2758          9319.00782
2759          9324.31257
2760          9329.61888
2761          9334.92676
2762          9340.23622
2763          9345.54724
2764          9350.85984
2765          9356.17401
2766          9361.48975
2767          9366.80706
2768          9372.12594
2769          9377.44639
2770          9382.76842
2771          9388.09201
2772          9393.41718
2773          9398.74392
2774          9404.07223
2775          9409.40211
2776          9414.73357
2777          9420.06659
2778          9425.40119
2779          9430.73736
2780          9436.07510
2781          9441.41441
2782          9446.75530
2783          9452.09776
2784          9457.44179
2785          9462.78739
2786          9468.13456
2787          9473.48331
2788          9478.83363
2789          9484.18552
2790          9489.53898
2791          9494.89402
2792          9500.25063
2793          9505.60881
2794          9510.96857
2795          9516.32990
2796          9521.69280
2797          9527.05727
2798          9532.42332
2799          9537.79094
2800          9543.16013
2801          9548.53090
2802          9553.90324
2803          9559.27715
2804          9564.65264
2805          9570.02970
2806          9575.40833
2807          9580.78854
2808          9586.17032
2809          9591.55368
2810          9596.93860
2811          9602.32511
2812          9607.71318
2813          9613.10283
2814          9618.49406
2815          9623.88685
2816          9629.28123
2817          9634.67717
2818          9640.07469
2819          9645.47379
2820          9650.87446
2821          9656.27670
2822          9661.68052
2823          9667.08591
2824          9672.49288
2825          9677.90142
2826          9683.31153
2827          9688.72322
2828          9694.13649
2829          9699.55133
2830          9704.96775
2831          9710.38574
2832          9715.80530
2833          9721.22644
2834          9726.64916
2835          9732.07345
2836          9737.49932
2837          9742.92676
2838          9748.35578
2839          9753.78637
2840          9759.21854
2841          9764.65228
2842          9770.08760
2843          9775.52449
2844          9780.96297
2845          9786.40301
2846          9791.84463
2847          9797.28783
2848          9802.73261
2849          9808.17896
2850          9813.62688
2851          9819.07639
2852          9824.52746
2853          9829.98012
2854          9835.43435
2855          9840.89016
2856          9846.34754
2857          9851.80650
2858          9857.26704
2859          9862.72915
2860          9868.19284
2861          9873.65811
2862          9879.12495
2863          9884.59338
2864          9890.06337
2865          9895.53495
2866          9901.00810
2867          9906.48283
2868          9911.95913
2869          9917.43702
2870          9922.91648
2871          9928.39752
2872          9933.88013
2873          9939.36432
2874          9944.85009
2875          9950.33744
2876          9955.82637
2877          9961.31687
2878          9966.80895
2879          9972.30261
2880          9977.79784
2881          9983.29466
2882          9988.79305
2883          9994.29302
2884          9999.79457
2885         10005.29770
2886         10010.80240
2887         10016.30870
2888         10021.81650
2889         10027.32600
2890         10032.83700
2891         10038.34960
2892         10043.86380
2893         10049.37950
2894         10054.89690
2895         10060.41580
2896         10065.93630
2897         10071.45830
2898         10076.98200
2899         10082.50720
2900         10088.03400
2901         10093.56240
2902         10099.09230
2903         10104.62390
2904         10110.15700
2905         10115.69170
2906         10121.22800
2907         10126.76590
2908         10132.30530
2909         10137.84630
2910         10143.38890
2911         10148.93310
2912         10154.47880
2913         10160.02620
2914         10165.57510
2915         10171.12560
2916         10176.67770
2917         10182.23130
2918         10187.78660
2919         10193.34340
2920         10198.90180
2921         10204.46180
2922         10210.02330
2923         10215.58640
2924         10221.15120
2925         10226.71750
2926         10232.28530
2927         10237.85480
2928         10243.42580
2929         10248.99850
2930         10254.57270
2931         10260.14840
2932         10265.72580
2933         10271.30480
2934         10276.88530
2935         10282.46740
2936         10288.05110
2937         10293.63630
2938         10299.22320
2939         10304.81160
2940         10310.40160
2941         10315.99320
2942         10321.58640
2943         10327.18120
2944         10332.77750
2945         10338.37540
2946         10343.97490
2947         10349.57600
2948         10355.17870
2949         10360.78290
2950         10366.38870
2951         10371.99610
2952         10377.60510
2953         10383.21570
2954         10388.82790
2955         10394.44160
2956         10400.05690
2957         10405.67380
2958         10411.29230
2959         10416.91240
2960         10422.53400
2961         10428.15720
2962         10433.78210
2963         10439.40850
2964         10445.03640
2965         10450.66600
2966         10456.29710
2967         10461.92990
2968         10467.56420
2969         10473.20010
2970         10478.83760
2971         10484.47660
2972         10490.11730
2973         10495.75950
2974         10501.40330
2975         10507.04870
2976         10512.69570
2977         10518.34420
2978         10523.99440
2979         10529.64610
2980         10535.29940
2981         10540.95430
2982         10546.61080
2983         10552.26880
2984         10557.92850
2985         10563.58970
2986         10569.25250
2987         10574.91690
2988         10580.58290
2989         10586.25050
2990         10591.91960
2991         10597.59030
2992         10603.26270
2993         10608.93660
2994         10614.61200
2995         10620.28910
2996         10625.96780
2997         10631.64800
2998         10637.32980
2999         10643.01320
3000         10648.69820
3001         10654.38480
3002         10660.07300
3003         10665.76270
3004         10671.45410
3005         10677.14700
3006         10682.84150
3007         10688.53760
3008         10694.23520
3009         10699.93450
3010         10705.63530
3011         10711.33780
3012         10717.04180
3013         10722.74740
3014         10728.45460
3015         10734.16330
3016         10739.87370
3017         10745.58560
3018         10751.29920
3019         10757.01430
3020         10762.73100
3021         10768.44930
3022         10774.16910
3023         10779.89060
3024         10785.61360
3025         10791.33830
3026         10797.06450
3027         10802.79230
3028         10808.52170
3029         10814.25260
3030         10819.98520
3031         10825.71930
3032         10831.45510
3033         10837.19240
3034         10842.93130
3035         10848.67180
3036         10854.41390
3037         10860.15750
3038         10865.90280
3039         10871.64960
3040         10877.39810
3041         10883.14810
3042         10888.89970
3043         10894.65290
3044         10900.40760
3045         10906.16400
3046         10911.92200
3047         10917.68150
3048         10923.44260
3049         10929.20530
3050         10934.96960
3051         10940.73550
3052         10946.50300
3053         10952.27210
3054         10958.04270
3055         10963.81490
3056         10969.58880
3057         10975.36420
3058         10981.14120
3059         10986.91980
3060         10992.70000
3061         10998.48170
3062         11004.26510
3063         11010.05000
3064         11015.83650
3065         11021.62470
3066         11027.41440
3067         11033.20570
3068         11038.99860
3069         11044.79300
3070         11050.58910
3071         11056.38670
3072         11062.18600
3073         11067.98680
3074         11073.78920
3075         11079.59320
3076         11085.39880
3077         11091.20600
3078         11097.01480
3079         11102.82520
3080         11108.63710
3081         11114.45060
3082         11120.26580
3083         11126.08250
3084         11131.90080
3085         11137.72070
3086         11143.54220
3087         11149.36530
3088         11155.18990
3089         11161.01620
3090         11166.84400
3091         11172.67350
3092         11178.50450
3093         11184.33710
3094         11190.17130
3095         11196.00710
3096         11201.84450
3097         11207.68350
3098         11213.52410
3099         11219.36620
3100         11225.21000
3101         11231.05530
3102         11236.90220
3103         11242.75070
3104         11248.60090
3105         11254.45260
3106         11260.30580
3107         11266.16070
3108         11272.01720
3109         11277.87530
3110         11283.73490
3111         11289.59620
3112         11295.45900
3113         11301.32340
3114         11307.18940
3115         11313.05710
3116         11318.92630
3117         11324.79700
3118         11330.66940
3119         11336.54340
3120         11342.41900
3121         11348.29610
3122         11354.17490
3123         11360.05520
3124         11365.93710
3125         11371.82070
3126         11377.70580
3127         11383.59250
3128         11389.48080
3129         11395.37070
3130         11401.26220
3131         11407.15520
3132         11413.04990
3133         11418.94620
3134         11424.84400
3135         11430.74350
3136         11436.64450
3137         11442.54710
3138         11448.45140
3139         11454.35720
3140         11460.26460
3141         11466.17360
3142         11472.08420
3143         11477.99630
3144         11483.91010
3145         11489.82550
3146         11495.74250
3147         11501.66100
3148         11507.58120
3149         11513.50290
3150         11519.42620
3151         11525.35120
3152         11531.27770
3153         11537.20580
3154         11543.13550
3155         11549.06680
3156         11554.99970
3157         11560.93420
3158         11566.87030
3159         11572.80800
3160         11578.74720
3161         11584.68810
3162         11590.63050
3163         11596.57460
3164         11602.52020
3165         11608.46750
3166         11614.41630
3167         11620.36670
3168         11626.31880
3169         11632.27240
3170         11638.22760
3171         11644.18440
3172         11650.14280
3173         11656.10280
3174         11662.06440
3175         11668.02750
3176         11673.99230
3177         11679.95870
3178         11685.92660
3179         11691.89620
3180         11697.86740
3181         11703.84010
3182         11709.81440
3183         11715.79040
3184         11721.76790
3185         11727.74700
3186         11733.72780
3187         11739.71010
3188         11745.69400
3189         11751.67950
3190         11757.66660
3191         11763.65530
3192         11769.64560
3193         11775.63750
3194         11781.63100
3195         11787.62610
3196         11793.62280
3197         11799.62100
3198         11805.62090
3199         11811.62240
3200         11817.62540
3201         11823.63010
3202         11829.63630
3203         11835.64420
3204         11841.65360
3205         11847.66470
3206         11853.67730
3207         11859.69150
3208         11865.70740
3209         11871.72480
3210         11877.74380
3211         11883.76440
3212         11889.78660
3213         11895.81050
3214         11901.83590
3215         11907.86290
3216         11913.89150
3217         11919.92170
3218         11925.95350
3219         11931.98690
3220         11938.02190
3221         11944.05840
3222         11950.09660
3223         11956.13640
3224         11962.17780
3225         11968.22080
3226         11974.26530
3227         11980.31150
3228         11986.35930
3229         11992.40860
3230         11998.45960
3231         12004.51220
3232         12010.56630
3233         12016.62210
3234         12022.67940
3235         12028.73840
3236         12034.79890
3237         12040.86110
3238         12046.92480
3239         12052.99020
3240         12059.05710
3241         12065.12560
3242         12071.19580
3243         12077.26750
3244         12083.34090
3245         12089.41580
3246         12095.49230
3247         12101.57040
3248         12107.65020
3249         12113.73150
3250         12119.81440
3251         12125.89900
3252         12131.98510
3253         12138.07280
3254         12144.16210
3255         12150.25300
3256         12156.34560
3257         12162.43970
3258         12168.53540
3259         12174.63270
3260         12180.73160
3261         12186.83210
3262         12192.93420
3263         12199.03800
3264         12205.14330
3265         12211.25020
3266         12217.35870
3267         12223.46880
3268         12229.58050
3269         12235.69380
3270         12241.80870
3271         12247.92520
3272         12254.04330
3273         12260.16310
3274         12266.28440
3275         12272.40730
3276         12278.53180
3277         12284.65790
3278         12290.78560
3279         12296.91490
3280         12303.04580
3281         12309.17830
3282         12315.31240
3283         12321.44810
3284         12327.58550
3285         12333.72440
3286         12339.86490
3287         12346.00700
3288         12352.15070
3289         12358.29600
3290         12364.44290
3291         12370.59150
3292         12376.74160
3293         12382.89330
3294         12389.04660
3295         12395.20150
3296         12401.35810
3297         12407.51620
3298         12413.67590
3299         12419.83720
3300         12426.00020
3301         12432.16470
3302         12438.33080
3303         12444.49850
3304         12450.66790
3305         12456.83880
3306         12463.01130
3307         12469.18550
3308         12475.36120
3309         12481.53860
3310         12487.71750
3311         12493.89810
3312         12500.08020
3313         12506.26400
3314         12512.44930
3315         12518.63630
3316         12524.82480
3317         12531.01500
3318         12537.20670
3319         12543.40010
3320         12549.59510
3321         12555.79160
3322         12561.98980
3323         12568.18960
3324         12574.39100
3325         12580.59390
3326         12586.79850
3327         12593.00470
3328         12599.21250
3329         12605.42190
3330         12611.63290
3331         12617.84550
3332         12624.05970
3333         12630.27550
3334         12636.49290
3335         12642.71190
3336         12648.93250
3337         12655.15470
3338         12661.37850
3339         12667.60400
3340         12673.83100
3341         12680.05960
3342         12686.28990
3343         12692.52170
3344         12698.75510
3345         12704.99020
3346         12711.22680
3347         12717.46510
3348         12723.70490
3349         12729.94640
3350         12736.18950
3351         12742.43410
3352         12748.68040
3353         12754.92830
3354         12761.17780
3355         12767.42890
3356         12773.68150
3357         12779.93580
3358         12786.19170
3359         12792.44920
3360         12798.70840
3361         12804.96910
3362         12811.23140
3363         12817.49530
3364         12823.76080
3365         12830.02800
3366         12836.29670
3367         12842.56710
3368         12848.83900
3369         12855.11260
3370         12861.38770
3371         12867.66450
3372         12873.94290
3373         12880.22280
3374         12886.50440
3375         12892.78760
3376         12899.07240
3377         12905.35880
3378         12911.64680
3379         12917.93640
3380         12924.22760
3381         12930.52040
3382         12936.81490
3383         12943.11090
3384         12949.40850
3385         12955.70780
3386         12962.00860
3387         12968.31110
3388         12974.61510
3389         12980.92080
3390         12987.22810
3391         12993.53700
3392         12999.84750
3393         13006.15960
3394         13012.47330
3395         13018.78860
3396         13025.10550
3397         13031.42400
3398         13037.74410
3399         13044.06590
3400         13050.38920
3401         13056.71410
3402         13063.04070
3403         13069.36890
3404         13075.69860
3405         13082.03000
3406         13088.36300
3407         13094.69760
3408         13101.03380
3409         13107.37160
3410         13113.71100
3411         13120.05200
3412         13126.39460
3413         13132.73890
3414         13139.08470
3415         13145.43220
3416         13151.78120
3417         13158.13190
3418         13164.48420
3419         13170.83800
3420         13177.19350
3421         13183.55060
3422         13189.90930
3423         13196.26970
3424         13202.63160
3425         13208.99510
3426         13215.36020
3427         13221.72700
3428         13228.09530
3429         13234.46530
3430         13240.83690
3431         13247.21010
3432         13253.58480
3433         13259.96120
3434         13266.33920
3435         13272.71890
3436         13279.10010
3437         13285.48290
3438         13291.86740
3439         13298.25340
3440         13304.64110
3441         13311.03030
3442         13317.42120
3443         13323.81370
3444         13330.20780
3445         13336.60350
3446         13343.00080
3447         13349.39970
3448         13355.80030
3449         13362.20240
3450         13368.60620
3451         13375.01150
3452         13381.41850
3453         13387.82710
3454         13394.23730
3455         13400.64910
3456         13407.06250
3457         13413.47750
3458         13419.89410
3459         13426.31240
3460         13432.73220
3461         13439.15370
3462         13445.57680
3463         13452.00140
3464         13458.42770
3465         13464.85560
3466         13471.28520
3467         13477.71630
3468         13484.14900
3469         13490.58340
3470         13497.01930
3471         13503.45690
3472         13509.89610
3473         13516.33680
3474         13522.77920
3475         13529.22320
3476         13535.66890
3477         13542.11610
3478         13548.56490
3479         13555.01540
3480         13561.46750
3481         13567.92110
3482         13574.37640
3483         13580.83330
3484         13587.29180
3485         13593.75200
3486         13600.21370
3487         13606.67700
3488         13613.14200
3489         13619.60860
3490         13626.07670
3491         13632.54650
3492         13639.01790
3493         13645.49090
3494         13651.96560
3495         13658.44180
3496         13664.91970
3497         13671.39910
3498         13677.88020
3499         13684.36290
3500         13690.84720
3501         13697.33310
3502         13703.82060
3503         13710.30980
3504         13716.80050
3505         13723.29290
3506         13729.78680
3507         13736.28240
3508         13742.77960
3509         13749.27840
3510         13755.77890
3511         13762.28090
3512         13768.78460
3513         13775.28980
3514         13781.79670
3515         13788.30520
3516         13794.81530
3517         13801.32700
3518         13807.84030
3519         13814.35530
3520         13820.87180
3521         13827.39000
3522         13833.90980
3523         13840.43120
3524         13846.95420
3525         13853.47880
3526         13860.00510
3527         13866.53290
3528         13873.06240
3529         13879.59350
3530         13886.12620
3531         13892.66050
3532         13899.19640
3533         13905.73390
3534         13912.27310
3535         13918.81380
3536         13925.35620
3537         13931.90020
3538         13938.44580
3539         13944.99300
3540         13951.54190
3541         13958.09230
3542         13964.64440
3543         13971.19810
3544         13977.75340
3545         13984.31030
3546         13990.86880
3547         13997.42890
3548         14003.99070
3549         14010.55410
3550         14017.11900
3551         14023.68560
3552         14030.25380
3553         14036.82370
3554         14043.39510
3555         14049.96820
3556         14056.54290
3557         14063.11910
3558         14069.69700
3559         14076.27660
3560         14082.85770
3561         14089.44050
3562         14096.02480
3563         14102.61080
3564         14109.19840
3565         14115.78760
3566         14122.37840
3567         14128.97090
3568         14135.56500
3569         14142.16060
3570         14148.75790
3571         14155.35680
3572         14161.95740
3573         14168.55950
3574         14175.16330
3575         14181.76860
3576         14188.37560
3577         14194.98420
3578         14201.59450
3579         14208.20630
3580         14214.81980
3581         14221.43480
3582         14228.05150
3583         14234.66980
3584         14241.28980
3585         14247.91130
3586         14254.53450
3587         14261.15920
3588         14267.78560
3589         14274.41360
3590         14281.04330
3591         14287.67450
3592         14294.30740
3593         14300.94190
3594         14307.57790
3595         14314.21570
3596         14320.85500
3597         14327.49590
3598         14334.13850
3599         14340.78270
3600         14347.42850
3601         14354.07590
3602         14360.72490
3603         14367.37560
3604         14374.02790
3605         14380.68180
3606         14387.33730
3607         14393.99440
3608         14400.65310
3609         14407.31350
3610         14413.97550
3611         14420.63910
3612         14427.30430
3613         14433.97110
3614         14440.63960
3615         14447.30970
3616         14453.98140
3617         14460.65470
3618         14467.32960
3619         14474.00620
3620         14480.68430
3621         14487.36410
3622         14494.04550
3623         14500.72850
3624         14507.41320
3625         14514.09940
3626         14520.78730
3627         14527.47680
3628         14534.16790
3629         14540.86070
3630         14547.55500
3631         14554.25100
3632         14560.94860
3633         14567.64780
3634         14574.34870
3635         14581.05110
3636         14587.75520
3637         14594.46090
3638         14601.16820
3639         14607.87710
3640         14614.58770
3641         14621.29990
3642         14628.01360
3643         14634.72910
3644         14641.44610
3645         14648.16470
3646         14654.88500
3647         14661.60690
3648         14668.33040
3649         14675.05560
3650         14681.78230
3651         14688.51070
3652         14695.24070
3653         14701.97230
3654         14708.70550
3655         14715.44040
3656         14722.17690
3657         14728.91500
3658         14735.65470
3659         14742.39600
3660         14749.13900
3661         14755.88360
3662         14762.62980
3663         14769.37760
3664         14776.12710
3665         14782.87810
3666         14789.63080
3667         14796.38510
3668         14803.14110
3669         14809.89860
3670         14816.65780
3671         14823.41860
3672         14830.18100
3673         14836.94500
3674         14843.71070
3675         14850.47800
3676         14857.24690
3677         14864.01740
3678         14870.78960
3679         14877.56330
3680         14884.33870
3681         14891.11570
3682         14897.89440
3683         14904.67460
3684         14911.45650
3685         14918.24000
3686         14925.02510
3687         14931.81190
3688         14938.60030
3689         14945.39030
3690         14952.18190
3691         14958.97510
3692         14965.77000
3693         14972.56650
3694         14979.36460
3695         14986.16430
3696         14992.96560
3697         14999.76860
3698         15006.57320
3699         15013.37940
3700         15020.18730
3701         15026.99670
3702         15033.80780
3703         15040.62060
3704         15047.43490
3705         15054.25090
3706         15061.06840
3707         15067.88760
3708         15074.70850
3709         15081.53090
3710         15088.35500
3711         15095.18070
3712         15102.00800
3713         15108.83700
3714         15115.66760
3715         15122.49980
3716         15129.33360
3717         15136.16900
3718         15143.00610
3719         15149.84480
3720         15156.68510
3721         15163.52700
3722         15170.37060
3723         15177.21580
3724         15184.06260
3725         15190.91100
3726         15197.76110
3727         15204.61280
3728         15211.46610
3729         15218.32100
3730         15225.17760
3731         15232.03580
3732         15238.89560
3733         15245.75700
3734         15252.62010
3735         15259.48480
3736         15266.35110
3737         15273.21900
3738         15280.08860
3739         15286.95980
3740         15293.83260
3741         15300.70700
3742         15307.58310
3743         15314.46080
3744         15321.34010
3745         15328.22100
3746         15335.10360
3747         15341.98780
3748         15348.87360
3749         15355.76110
3750         15362.65010
3751         15369.54080
3752         15376.43310
3753         15383.32710
3754         15390.22270
3755         15397.11990
3756         15404.01870
3757         15410.91910
3758         15417.82120
3759         15424.72490
3760         15431.63020
3761         15438.53720
3762         15445.44580
3763         15452.35600
3764         15459.26780
3765         15466.18130
3766         15473.09640
3767         15480.01310
3768         15486.93140
3769         15493.85140
3770         15500.77300
3771         15507.69620
3772         15514.62110
3773         15521.54750
3774         15528.47560
3775         15535.40540
3776         15542.33670
3777         15549.26970
3778         15556.20430
3779         15563.14060
3780         15570.07840
3781         15577.01790
3782         15583.95900
3783         15590.90180
3784         15597.84620
3785         15604.79220
3786         15611.73980
3787         15618.68910
3788         15625.63990
3789         15632.59250
3790         15639.54660
3791         15646.50240
3792         15653.45980
3793         15660.41880
3794         15667.37950
3795         15674.34170
3796         15681.30570
3797         15688.27120
3798         15695.23840
3799         15702.20720
3800         15709.17760
3801         15716.14970
3802         15723.12330
3803         15730.09860
3804         15737.07560
3805         15744.05420
3806         15751.03440
3807         15758.01620
3808         15764.99960
3809         15771.98470
3810         15778.97140
3811         15785.95980
3812         15792.94980
3813         15799.94140
3814         15806.93460
3815         15813.92950
3816         15820.92590
3817         15827.92410
3818         15834.92380
3819         15841.92520
3820         15848.92820
3821         15855.93280
3822         15862.93910
3823         15869.94700
3824         15876.95650
3825         15883.96770
3826         15890.98050
3827         15897.99490
3828         15905.01090
3829         15912.02860
3830         15919.04790
3831         15926.06880
3832         15933.09140
3833         15940.11560
3834         15947.14140
3835         15954.16890
3836         15961.19800
3837         15968.22870
3838         15975.26100
3839         15982.29500
3840         15989.33060
3841         15996.36790
3842         16003.40680
3843         16010.44730
3844         16017.48940
3845         16024.53320
3846         16031.57860
3847         16038.62560
3848         16045.67420
3849         16052.72450
3850         16059.77640
3851         16066.83000
3852         16073.88520
3853         16080.94200
3854         16088.00040
3855         16095.06050
3856         16102.12220
3857         16109.18560
3858         16116.25050
3859         16123.31710
3860         16130.38540
3861         16137.45520
3862         16144.52670
3863         16151.59990
3864         16158.67460
3865         16165.75100
3866         16172.82900
3867         16179.90870
3868         16186.99000
3869         16194.07290
3870         16201.15750
3871         16208.24370
3872         16215.33150
3873         16222.42090
3874         16229.51200
3875         16236.60470
3876         16243.69910
3877         16250.79510
3878         16257.89270
3879         16264.99190
3880         16272.09280
3881         16279.19530
3882         16286.29950
3883         16293.40530
3884         16300.51270
3885         16307.62170
3886         16314.73240
3887         16321.84470
3888         16328.95860
3889         16336.07420
3890         16343.19140
3891         16350.31030
3892         16357.43080
3893         16364.55290
3894         16371.67660
3895         16378.80200
3896         16385.92900
3897         16393.05770
3898         16400.18790
3899         16407.31990
3900         16414.45340
3901         16421.58860
3902         16428.72540
3903         16435.86390
3904         16443.00390
3905         16450.14570
3906         16457.28900
3907         16464.43400
3908         16471.58060
3909         16478.72890
3910         16485.87880
3911         16493.03030
3912         16500.18340
3913         16507.33820
3914         16514.49470
3915         16521.65270
3916         16528.81240
3917         16535.97380
3918         16543.13670
3919         16550.30130
3920         16557.46760
3921         16564.63540
3922         16571.80490
3923         16578.97610
3924         16586.14890
3925         16593.32330
3926         16600.49930
3927         16607.67700
3928         16614.85630
3929         16622.03730
3930         16629.21990
3931         16636.40410
3932         16643.59000
3933         16650.77750
3934         16657.96660
3935         16665.15740
3936         16672.34980
3937         16679.54380
3938         16686.73950
3939         16693.93680
3940         16701.13570
3941         16708.33630
3942         16715.53850
3943         16722.74240
3944         16729.94790
3945         16737.15500
3946         16744.36380
3947         16751.57420
3948         16758.78620
3949         16765.99990
3950         16773.21520
3951         16780.43220
3952         16787.65070
3953         16794.87100
3954         16802.09280
3955         16809.31630
3956         16816.54140
3957         16823.76820
3958         16830.99660
3959         16838.22670
3960         16845.45830
3961         16852.69170
3962         16859.92660
3963         16867.16320
3964         16874.40140
3965         16881.64130
3966         16888.88280
3967         16896.12600
3968         16903.37070
3969         16910.61710
3970         16917.86520
3971         16925.11490
3972         16932.36620
3973         16939.61920
3974         16946.87380
3975         16954.13000
3976         16961.38790
3977         16968.64740
3978         16975.90860
3979         16983.17140
3980         16990.43580
3981         16997.70190
3982         17004.96960
3983         17012.23900
3984         17019.50990
3985         17026.78260
3986         17034.05680
3987         17041.33270
3988         17048.61030
3989         17055.88950
3990         17063.17030
3991         17070.45270
3992         17077.73680
3993         17085.02260
3994         17092.30990
3995         17099.59900
3996         17106.88960
3997         17114.18190
3998         17121.47580
3999         17128.77140
4000         17136.06860
4001         17143.36750
4002         17150.66790
4003         17157.97010
4004         17165.27380
4005         17172.57920
4006         17179.88630
4007         17187.19500
4008         17194.50530
4009         17201.81730
4010         17209.13090
4011         17216.44610
4012         17223.76300
4013         17231.08150
4014         17238.40170
4015         17245.72350
4016         17253.04690
4017         17260.37200
4018         17267.69870
4019         17275.02710
4020         17282.35710
4021         17289.68880
4022         17297.02210
4023         17304.35700
4024         17311.69350
4025         17319.03180
4026         17326.37160
4027         17333.71310
4028         17341.05620
4029         17348.40100
4030         17355.74740
4031         17363.09550
4032         17370.44520
4033         17377.79650
4034         17385.14950
4035         17392.50410
4036         17399.86030
4037         17407.21820
4038         17414.57780
4039         17421.93900
4040         17429.30180
4041         17436.66630
4042         17444.03240
4043         17451.40010
4044         17458.76950
4045         17466.14050
4046         17473.51320
4047         17480.88750
4048         17488.26350
4049         17495.64110
4050         17503.02030
4051         17510.40120
4052         17517.78370
4053         17525.16790
4054         17532.55370
4055         17539.94120
4056         17547.33030
4057         17554.72100
4058         17562.11340
4059         17569.50740
4060         17576.90310
4061         17584.30040
4062         17591.69930
4063         17599.09990
4064         17606.50210
4065         17613.90600
4066         17621.31150
4067         17628.71870
4068         17636.12750
4069         17643.53800
4070         17650.95010
4071         17658.36380
4072         17665.77920
4073         17673.19620
4074         17680.61490
4075         17688.03520
4076         17695.45710
4077         17702.88070
4078         17710.30590
4079         17717.73280
4080         17725.16140
4081         17732.59150
4082         17740.02330
4083         17747.45680
4084         17754.89190
4085         17762.32860
4086         17769.76700
4087         17777.20710
4088         17784.64870
4089         17792.09210
4090         17799.53700
4091         17806.98360
4092         17814.43190
4093         17821.88180
4094         17829.33330
4095         17836.78650
4096         17844.24130
4097         17851.69780
4098         17859.15590
4099         17866.61570
4100         17874.07710
4101         17881.54020
4102         17889.00490
4103         17896.47120
4104         17903.93920
4105         17911.40880
4106         17918.88010
4107         17926.35300
4108         17933.82760
4109         17941.30380
4110         17948.78170
4111         17956.26120
4112         17963.74230
4113         17971.22510
4114         17978.70950
4115         17986.19560
4116         17993.68340
4117         18001.17270
4118         18008.66380
4119         18016.15640
4120         18023.65070
4121         18031.14670
4122         18038.64430
4123         18046.14360
4124         18053.64450
4125         18061.14700
4126         18068.65120
4127         18076.15700
4128         18083.66450
4129         18091.17360
4130         18098.68440
4131         18106.19680
4132         18113.71090
4133         18121.22660
4134         18128.74400
4135         18136.26300
4136         18143.78360
4137         18151.30590
4138         18158.82990
4139         18166.35550
4140         18173.88270
4141         18181.41160
4142         18188.94210
4143         18196.47430
4144         18204.00810
4145         18211.54360
4146         18219.08070
4147         18226.61950
4148         18234.15990
4149         18241.70200
4150         18249.24570
4151         18256.79100
4152         18264.33800
4153         18271.88670
4154         18279.43700
4155         18286.98890
4156         18294.54250
4157         18302.09780
4158         18309.65470
4159         18317.21320
4160         18324.77340
4161         18332.33520
4162         18339.89870
4163         18347.46380
4164         18355.03060
4165         18362.59910
4166         18370.16910
4167         18377.74090
4168         18385.31420
4169         18392.88920
4170         18400.46590
4171         18408.04420
4172         18415.62420
4173         18423.20580
4174         18430.78910
4175         18438.37400
4176         18445.96050
4177         18453.54880
4178         18461.13860
4179         18468.73010
4180         18476.32330
4181         18483.91810
4182         18491.51450
4183         18499.11260
4184         18506.71240
4185         18514.31380
4186         18521.91690
4187         18529.52160
4188         18537.12790
4189         18544.73590
4190         18552.34550
4191         18559.95680
4192         18567.56980
4193         18575.18440
4194         18582.80060
4195         18590.41850
4196         18598.03810
4197         18605.65930
4198         18613.28210
4199         18620.90660
4200         18628.53280
4201         18636.16060
4202         18643.79000
4203         18651.42110
4204         18659.05390
4205         18666.68830
4206         18674.32430
4207         18681.96200
4208         18689.60140
4209         18697.24240
4210         18704.88500
4211         18712.52930
4212         18720.17530
4213         18727.82290
4214         18735.47210
4215         18743.12300
4216         18750.77560
4217         18758.42980
4218         18766.08560
4219         18773.74320
4220         18781.40230
4221         18789.06310
4222         18796.72560
4223         18804.38970
4224         18812.05550
4225         18819.72290
4226         18827.39190
4227         18835.06270
4228         18842.73500
4229         18850.40910
4230         18858.08470
4231         18865.76210
4232         18873.44100
4233         18881.12170
4234         18888.80390
4235         18896.48790
4236         18904.17350
4237         18911.86070
4238         18919.54960
4239         18927.24010
4240         18934.93230
4241         18942.62620
4242         18950.32170
4243         18958.01880
4244         18965.71760
4245         18973.41810
4246         18981.12020
4247         18988.82390
4248         18996.52940
4249         19004.23640
4250         19011.94510
4251         19019.65550
4252         19027.36750
4253         19035.08120
4254         19042.79650
4255         19050.51350
4256         19058.23220
4257         19065.95240
4258         19073.67440
4259         19081.39800
4260         19089.12320
4261         19096.85010
4262         19104.57870
4263         19112.30890
4264         19120.04080
4265         19127.77430
4266         19135.50940
4267         19143.24630
4268         19150.98470
4269         19158.72490
4270         19166.46670
4271         19174.21010
4272         19181.95520
4273         19189.70190
4274         19197.45030
4275         19205.20040
4276         19212.95210
4277         19220.70550
4278         19228.46050
4279         19236.21720
4280         19243.97550
4281         19251.73550
4282         19259.49710
4283         19267.26040
4284         19275.02530
4285         19282.79190
4286         19290.56020
4287         19298.33010
4288         19306.10160
4289         19313.87490
4290         19321.64970
4291         19329.42630
4292         19337.20440
4293         19344.98430
4294         19352.76580
4295         19360.54890
4296         19368.33370
4297         19376.12020
4298         19383.90830
4299         19391.69810
4300         19399.48950
4301         19407.28260
4302         19415.07730
4303         19422.87370
4304         19430.67170
4305         19438.47140
4306         19446.27280
4307         19454.07580
4308         19461.88050
4309         19469.68680
4310         19477.49480
4311         19485.30440
4312         19493.11570
4313         19500.92870
4314         19508.74330
4315         19516.55950
4316         19524.37750
4317         19532.19700
4318         19540.01830
4319         19547.84120
4320         19555.66570
4321         19563.49190
4322         19571.31980
4323         19579.14930
4324         19586.98040
4325         19594.81330
4326         19602.64780
4327         19610.48390
4328         19618.32170
4329         19626.16110
4330         19634.00230
4331         19641.84500
4332         19649.68950
4333         19657.53550
4334         19665.38330
4335         19673.23270
4336         19681.08370
4337         19688.93640
4338         19696.79080
4339         19704.64680
4340         19712.50450
4341         19720.36390
4342         19728.22490
4343         19736.08750
4344         19743.95190
4345         19751.81780
4346         19759.68550
4347         19767.55470
4348         19775.42570
4349         19783.29830
4350         19791.17260
4351         19799.04850
4352         19806.92610
4353         19814.80530
4354         19822.68620
4355         19830.56880
4356         19838.45300
4357         19846.33890
4358         19854.22640
4359         19862.11560
4360         19870.00640
4361         19877.89890
4362         19885.79310
4363         19893.68890
4364         19901.58640
4365         19909.48560
4366         19917.38640
4367         19925.28880
4368         19933.19290
4369         19941.09870
4370         19949.00620
4371         19956.91520
4372         19964.82600
4373         19972.73840
4374         19980.65250
4375         19988.56820
4376         19996.48560
4377         20004.40470
4378         20012.32540
4379         20020.24780
4380         20028.17180
4381         20036.09750
4382         20044.02490
4383         20051.95390
4384         20059.88450
4385         20067.81690
4386         20075.75090
4387         20083.68650
4388         20091.62380
4389         20099.56280
4390         20107.50340
4391         20115.44570
4392         20123.38970
4393         20131.33530
4394         20139.28260
4395         20147.23150
4396         20155.18210
4397         20163.13440
4398         20171.08830
4399         20179.04390
4400         20187.00110
4401         20194.96000
4402         20202.92060
4403         20210.88280
4404         20218.84670
4405         20226.81220
4406         20234.77940
4407         20242.74830
4408         20250.71880
4409         20258.69100
4410         20266.66490
4411         20274.64040
4412         20282.61750
4413         20290.59640
4414         20298.57690
4415         20306.55900
4416         20314.54290
4417         20322.52830
4418         20330.51550
4419         20338.50430
4420         20346.49480
4421         20354.48690
4422         20362.48070
4423         20370.47610
4424         20378.47320
4425         20386.47200
4426         20394.47250
4427         20402.47460
4428         20410.47830
4429         20418.48380
4430         20426.49080
4431         20434.49960
4432         20442.51000
4433         20450.52210
4434         20458.53580
4435         20466.55120
4436         20474.56830
4437         20482.58700
4438         20490.60740
4439         20498.62950
4440         20506.65320
4441         20514.67860
4442         20522.70560
4443         20530.73430
4444         20538.76470
4445         20546.79670
4446         20554.83040
4447         20562.86580
4448         20570.90280
4449         20578.94150
4450         20586.98180
4451         20595.02380
4452         20603.06750
4453         20611.11290
4454         20619.15990
4455         20627.20850
4456         20635.25890
4457         20643.31090
4458         20651.36450
4459         20659.41980
4460         20667.47680
4461         20675.53550
4462         20683.59580
4463         20691.65780
4464         20699.72140
4465         20707.78670
4466         20715.85370
4467         20723.92230
4468         20731.99260
4469         20740.06460
4470         20748.13820
4471         20756.21350
4472         20764.29050
4473         20772.36910
4474         20780.44940
4475         20788.53140
4476         20796.61500
4477         20804.70030
4478         20812.78720
4479         20820.87580
4480         20828.96610
4481         20837.05800
4482         20845.15170
4483         20853.24690
4484         20861.34390
4485         20869.44250
4486         20877.54270
4487         20885.64470
4488         20893.74830
4489         20901.85360
4490         20909.96050
4491         20918.06910
4492         20926.17940
4493         20934.29130
4494         20942.40490
4495         20950.52010
4496         20958.63710
4497         20966.75570
4498         20974.87590
4499         20982.99790
4500         20991.12140
4501         20999.24670
4502         21007.37360
4503         21015.50220
4504         21023.63250
4505         21031.76440
4506         21039.89800
4507         21048.03330
4508         21056.17020
4509         21064.30880
4510         21072.44900
4511         21080.59100
4512         21088.73450
4513         21096.87980
4514         21105.02670
4515         21113.17530
4516         21121.32560
4517         21129.47750
4518         21137.63110
4519         21145.78640
4520         21153.94330
4521         21162.10190
4522         21170.26220
4523         21178.42410
4524         21186.58770
4525         21194.75290
4526         21202.91990
4527         21211.08850
4528         21219.25880
4529         21227.43070
4530         21235.60430
4531         21243.77960
4532         21251.95650
4533         21260.13510
4534         21268.31540
4535         21276.49730
4536         21284.68090
4537         21292.86620
4538         21301.05320
4539         21309.24180
4540         21317.43210
4541         21325.62400
4542         21333.81770
4543         21342.01290
4544         21350.20990
4545         21358.40850
4546         21366.60880
4547         21374.81080
4548         21383.01440
4549         21391.21970
4550         21399.42670
4551         21407.63530
4552         21415.84560
4553         21424.05760
4554         21432.27130
4555         21440.48660
4556         21448.70360
4557         21456.92220
4558         21465.14260
4559         21473.36460
4560         21481.58820
4561         21489.81350
4562         21498.04060
4563         21506.26920
4564         21514.49960
4565         21522.73160
4566         21530.96530
4567         21539.20060
4568         21547.43760
4569         21555.67630
4570         21563.91670
4571         21572.15870
4572         21580.40240
4573         21588.64780
4574         21596.89480
4575         21605.14350
4576         21613.39390
4577         21621.64600
4578         21629.89970
4579         21638.15510
4580         21646.41210
4581         21654.67090
4582         21662.93130
4583         21671.19340
4584         21679.45710
4585         21687.72250
4586         21695.98960
4587         21704.25840
4588         21712.52880
4589         21720.80090
4590         21729.07470
4591         21737.35010
4592         21745.62720
4593         21753.90600
4594         21762.18650
4595         21770.46860
4596         21778.75240
4597         21787.03790
4598         21795.32500
4599         21803.61380
4600         21811.90430
4601         21820.19640
4602         21828.49030
4603         21836.78580
4604         21845.08290
4605         21853.38180
4606         21861.68230
4607         21869.98450
4608         21878.28840
4609         21886.59390
4610         21894.90110
4611         21903.21000
4612         21911.52050
4613         21919.83270
4614         21928.14660
4615         21936.46220
4616         21944.77940
4617         21953.09830
4618         21961.41890
4619         21969.74120
4620         21978.06510
4621         21986.39070
4622         21994.71800
4623         22003.04690
4624         22011.37750
4625         22019.70980
4626         22028.04380
4627         22036.37940
4628         22044.71670
4629         22053.05570
4630         22061.39640
4631         22069.73870
4632         22078.08270
4633         22086.42840
4634         22094.77570
4635         22103.12470
4636         22111.47540
4637         22119.82780
4638         22128.18190
4639         22136.53760
4640         22144.89500
4641         22153.25400
4642         22161.61480
4643         22169.97720
4644         22178.34130
4645         22186.70700
4646         22195.07450
4647         22203.44360
4648         22211.81440
4649         22220.18680
4650         22228.56090
4651         22236.93670
4652         22245.31420
4653         22253.69340
4654         22262.07420
4655         22270.45670
4656         22278.84090
4657         22287.22670
4658         22295.61430
4659         22304.00350
4660         22312.39430
4661         22320.78690
4662         22329.18110
4663         22337.57700
4664         22345.97460
4665         22354.37390
4666         22362.77480
4667         22371.17740
4668         22379.58170
4669         22387.98760
4670         22396.39520
4671         22404.80450
4672         22413.21550
4673         22421.62820
4674         22430.04250
4675         22438.45850
4676         22446.87620
4677         22455.29550
4678         22463.71660
4679         22472.13930
4680         22480.56370
4681         22488.98970
4682         22497.41750
4683         22505.84690
4684         22514.27800
4685         22522.71070
4686         22531.14520
4687         22539.58130
4688         22548.01910
4689         22556.45850
4690         22564.89970
4691         22573.34250
4692         22581.78700
4693         22590.23320
4694         22598.68100
4695         22607.13060
4696         22615.58180
4697         22624.03460
4698         22632.48920
4699         22640.94540
4700         22649.40330
4701         22657.86290
4702         22666.32420
4703         22674.78710
4704         22683.25180
4705         22691.71810
4706         22700.18600
4707         22708.65570
4708         22717.12700
4709         22725.60000
4710         22734.07470
4711         22742.55110
4712         22751.02910
4713         22759.50880
4714         22767.99020
4715         22776.47330
4716         22784.95800
4717         22793.44450
4718         22801.93260
4719         22810.42240
4720         22818.91380
4721         22827.40700
4722         22835.90180
4723         22844.39830
4724         22852.89640
4725         22861.39630
4726         22869.89780
4727         22878.40100
4728         22886.90590
4729         22895.41250
4730         22903.92070
4731         22912.43070
4732         22920.94230
4733         22929.45550
4734         22937.97050
4735         22946.48710
4736         22955.00550
4737         22963.52550
4738         22972.04710
4739         22980.57050
4740         22989.09550
4741         22997.62220
4742         23006.15060
4743         23014.68070
4744         23023.21240
4745         23031.74590
4746         23040.28100
4747         23048.81780
4748         23057.35620
4749         23065.89640
4750         23074.43820
4751         23082.98170
4752         23091.52690
4753         23100.07380
4754         23108.62230
4755         23117.17250
4756         23125.72440
4757         23134.27800
4758         23142.83330
4759         23151.39020
4760         23159.94890
4761         23168.50920
4762         23177.07110
4763         23185.63480
4764         23194.20020
4765         23202.76720
4766         23211.33590
4767         23219.90630
4768         23228.47840
4769         23237.05210
4770         23245.62750
4771         23254.20460
4772         23262.78340
4773         23271.36390
4774         23279.94610
4775         23288.52990
4776         23297.11540
4777         23305.70260
4778         23314.29150
4779         23322.88200
4780         23331.47430
4781         23340.06820
4782         23348.66380
4783         23357.26110
4784         23365.86000
4785         23374.46070
4786         23383.06300
4787         23391.66700
4788         23400.27270
4789         23408.88010
4790         23417.48910
4791         23426.09990
4792         23434.71230
4793         23443.32640
4794         23451.94220
4795         23460.55960
4796         23469.17880
4797         23477.79960
4798         23486.42210
4799         23495.04630
4800         23503.67220
4801         23512.29980
4802         23520.92900
4803         23529.55990
4804         23538.19250
4805         23546.82680
4806         23555.46280
4807         23564.10040
4808         23572.73980
4809         23581.38080
4810         23590.02350
4811         23598.66790
4812         23607.31390
4813         23615.96170
4814         23624.61110
4815         23633.26220
4816         23641.91500
4817         23650.56950
4818         23659.22570
4819         23667.88350
4820         23676.54310
4821         23685.20430
4822         23693.86720
4823         23702.53170
4824         23711.19800
4825         23719.86600
4826         23728.53560
4827         23737.20690
4828         23745.87990
4829         23754.55460
4830         23763.23100
4831         23771.90900
4832         23780.58870
4833         23789.27020
4834         23797.95330
4835         23806.63810
4836         23815.32450
4837         23824.01270
4838         23832.70250
4839         23841.39410
4840         23850.08730
4841         23858.78220
4842         23867.47870
4843         23876.17700
4844         23884.87690
4845         23893.57860
4846         23902.28190
4847         23910.98690
4848         23919.69360
4849         23928.40200
4850         23937.11200
4851         23945.82370
4852         23954.53720
4853         23963.25230
4854         23971.96910
4855         23980.68760
4856         23989.40770
4857         23998.12960
4858         24006.85310
4859         24015.57830
4860         24024.30530
4861         24033.03380
4862         24041.76410
4863         24050.49610
4864         24059.22970
4865         24067.96510
4866         24076.70210
4867         24085.44080
4868         24094.18120
4869         24102.92330
4870         24111.66710
4871         24120.41250
4872         24129.15960
4873         24137.90850
4874         24146.65900
4875         24155.41120
4876         24164.16510
4877         24172.92060
4878         24181.67790
4879         24190.43680
4880         24199.19750
4881         24207.95980
4882         24216.72380
4883         24225.48950
4884         24234.25680
4885         24243.02590
4886         24251.79670
4887         24260.56910
4888         24269.34320
4889         24278.11900
4890         24286.89650
4891         24295.67570
4892         24304.45660
4893         24313.23910
4894         24322.02340
4895         24330.80930
4896         24339.59690
4897         24348.38620
4898         24357.17720
4899         24365.96990
4900         24374.76430
4901         24383.56040
4902         24392.35810
4903         24401.15750
4904         24409.95870
4905         24418.76150
4906         24427.56600
4907         24436.37210
4908         24445.18000
4909         24453.98960
4910         24462.80080
4911         24471.61380
4912         24480.42840
4913         24489.24470
4914         24498.06270
4915         24506.88240
4916         24515.70380
4917         24524.52690
4918         24533.35160
4919         24542.17810
4920         24551.00620
4921         24559.83600
4922         24568.66750
4923         24577.50070
4924         24586.33560
4925         24595.17220
4926         24604.01050
4927         24612.85040
4928         24621.69210
4929         24630.53540
4930         24639.38040
4931         24648.22710
4932         24657.07550
4933         24665.92560
4934         24674.77740
4935         24683.63090
4936         24692.48600
4937         24701.34290
4938         24710.20140
4939         24719.06170
4940         24727.92360
4941         24736.78720
4942         24745.65250
4943         24754.51950
4944         24763.38820
4945         24772.25850
4946         24781.13060
4947         24790.00430
4948         24798.87980
4949         24807.75690
4950         24816.63570
4951         24825.51620
4952         24834.39840
4953         24843.28230
4954         24852.16790
4955         24861.05520
4956         24869.94410
4957         24878.83480
4958         24887.72710
4959         24896.62110
4960         24905.51690
4961         24914.41430
4962         24923.31340
4963         24932.21420
4964         24941.11670
4965         24950.02090
4966         24958.92670
4967         24967.83430
4968         24976.74350
4969         24985.65450
4970         24994.56710
4971         25003.48140
4972         25012.39750
4973         25021.31520
4974         25030.23460
4975         25039.15570
4976         25048.07850
4977         25057.00290
4978         25065.92910
4979         25074.85700
4980         25083.78650
4981         25092.71770
4982         25101.65070
4983         25110.58530
4984         25119.52160
4985         25128.45960
4986         25137.39930
4987         25146.34070
4988         25155.28380
4989         25164.22860
4990         25173.17510
4991         25182.12320
4992         25191.07310
4993         25200.02460
4994         25208.97790
4995         25217.93280
4996         25226.88950
4997         25235.84780
4998         25244.80780
4999         25253.76950
5000         25262.73290
5001         25271.69800
5002         25280.66480
5003         25289.63320
5004         25298.60340
5005         25307.57530
5006         25316.54880
5007         25325.52410
5008         25334.50100
5009         25343.47970
5010         25352.46000
5011         25361.44200
5012         25370.42570
5013         25379.41120
5014         25388.39830
5015         25397.38710
5016         25406.37760
5017         25415.36970
5018         25424.36360
5019         25433.35920
5020         25442.35650
5021         25451.35540
5022         25460.35610
5023         25469.35840
5024         25478.36250
5025         25487.36820
5026         25496.37560
5027         25505.38480
5028         25514.39560
5029         25523.40810
5030         25532.42230
5031         25541.43820
5032         25550.45580
5033         25559.47510
5034         25568.49610
5035         25577.51880
5036         25586.54320
5037         25595.56930
5038         25604.59700
5039         25613.62650
5040         25622.65760
5041         25631.69050
5042         25640.72500
5043         25649.76130
5044         25658.79920
5045         25667.83890
5046         25676.88020
5047         25685.92320
5048         25694.96790
5049         25704.01440
5050         25713.06250
5051         25722.11230
5052         25731.16380
5053         25740.21700
5054         25749.27190
5055         25758.32850
5056         25767.38670
5057         25776.44670
5058         25785.50840
5059         25794.57180
5060         25803.63680
5061         25812.70360
5062         25821.77210
5063         25830.84220
5064         25839.91410
5065         25848.98760
5066         25858.06290
5067         25867.13980
5068         25876.21850
5069         25885.29880
5070         25894.38080
5071         25903.46460
5072         25912.55000
5073         25921.63710
5074         25930.72590
5075         25939.81650
5076         25948.90870
5077         25958.00260
5078         25967.09820
5079         25976.19550
5080         25985.29450
5081         25994.39520
5082         26003.49760
5083         26012.60170
5084         26021.70750
5085         26030.81500
5086         26039.92420
5087         26049.03500
5088         26058.14760
5089         26067.26190
5090         26076.37790
5091         26085.49550
5092         26094.61490
5093         26103.73600
5094         26112.85880
5095         26121.98320
5096         26131.10940
5097         26140.23720
5098         26149.36680
5099         26158.49810
5100         26167.63100
5101         26176.76570
5102         26185.90200
5103         26195.04010
5104         26204.17980
5105         26213.32130
5106         26222.46440
5107         26231.60930
5108         26240.75580
5109         26249.90400
5110         26259.05400
5111         26268.20560
5112         26277.35900
5113         26286.51400
5114         26295.67070
5115         26304.82920
5116         26313.98930
5117         26323.15110
5118         26332.31470
5119         26341.47990
5120         26350.64680
5121         26359.81550
5122         26368.98580
5123         26378.15780
5124         26387.33150
5125         26396.50700
5126         26405.68410
5127         26414.86290
5128         26424.04350
5129         26433.22570
5130         26442.40960
5131         26451.59520
5132         26460.78260
5133         26469.97160
5134         26479.16230
5135         26488.35470
5136         26497.54890
5137         26506.74470
5138         26515.94220
5139         26525.14140
5140         26534.34240
5141         26543.54500
5142         26552.74930
5143         26561.95530
5144         26571.16310
5145         26580.37250
5146         26589.58360
5147         26598.79650
5148         26608.01100
5149         26617.22720
5150         26626.44510
5151         26635.66480
5152         26644.88610
5153         26654.10910
5154         26663.33390
5155         26672.56030
5156         26681.78850
5157         26691.01830
5158         26700.24980
5159         26709.48310
5160         26718.71800
5161         26727.95470
5162         26737.19300
5163         26746.43310
5164         26755.67480
5165         26764.91830
5166         26774.16340
5167         26783.41030
5168         26792.65880
5169         26801.90910
5170         26811.16100
5171         26820.41470
5172         26829.67010
5173         26838.92710
5174         26848.18590
5175         26857.44640
5176         26866.70850
5177         26875.97240
5178         26885.23800
5179         26894.50530
5180         26903.77420
5181         26913.04490
5182         26922.31730
5183         26931.59140
5184         26940.86720
5185         26950.14470
5186         26959.42390
5187         26968.70480
5188         26977.98740
5189         26987.27170
5190         26996.55770
5191         27005.84540
5192         27015.13480
5193         27024.42590
5194         27033.71870
5195         27043.01330
5196         27052.30950
5197         27061.60740
5198         27070.90700
5199         27080.20840
5200         27089.51140
5201         27098.81620
5202         27108.12260
5203         27117.43080
5204         27126.74060
5205         27136.05220
5206         27145.36540
5207         27154.68040
5208         27163.99710
5209         27173.31540
5210         27182.63550
5211         27191.95730
5212         27201.28080
5213         27210.60600
5214         27219.93280
5215         27229.26140
5216         27238.59170
5217         27247.92370
5218         27257.25750
5219         27266.59290
5220         27275.93000
5221         27285.26880
5222         27294.60930
5223         27303.95160
5224         27313.29550
5225         27322.64110
5226         27331.98850
5227         27341.33750
5228         27350.68830
5229         27360.04080
5230         27369.39490
5231         27378.75080
5232         27388.10840
5233         27397.46760
5234         27406.82860
5235         27416.19130
5236         27425.55570
5237         27434.92180
5238         27444.28960
5239         27453.65910
5240         27463.03040
5241         27472.40330
5242         27481.77790
5243         27491.15420
5244         27500.53230
5245         27509.91200
5246         27519.29350
5247         27528.67660
5248         27538.06150
5249         27547.44810
5250         27556.83640
5251         27566.22630
5252         27575.61800
5253         27585.01140
5254         27594.40650
5255         27603.80330
5256         27613.20180
5257         27622.60210
5258         27632.00400
5259         27641.40760
5260         27650.81300
5261         27660.22000
5262         27669.62880
5263         27679.03920
5264         27688.45140
5265         27697.86530
5266         27707.28080
5267         27716.69810
5268         27726.11710
5269         27735.53780
5270         27744.96020
5271         27754.38430
5272         27763.81020
5273         27773.23770
5274         27782.66690
5275         27792.09790
5276         27801.53050
5277         27810.96490
5278         27820.40090
5279         27829.83870
5280         27839.27820
5281         27848.71940
5282         27858.16230
5283         27867.60690
5284         27877.05320
5285         27886.50120
5286         27895.95090
5287         27905.40240
5288         27914.85550
5289         27924.31040
5290         27933.76690
5291         27943.22520
5292         27952.68520
5293         27962.14690
5294         27971.61030
5295         27981.07540
5296         27990.54220
5297         28000.01070
5298         28009.48090
5299         28018.95280
5300         28028.42650
5301         28037.90180
5302         28047.37890
5303         28056.85770
5304         28066.33820
5305         28075.82030
5306         28085.30420
5307         28094.78980
5308         28104.27720
5309         28113.76620
5310         28123.25690
5311         28132.74940
5312         28142.24350
5313         28151.73940
5314         28161.23690
5315         28170.73620
5316         28180.23720
5317         28189.73990
5318         28199.24430
5319         28208.75040
5320         28218.25830
5321         28227.76780
5322         28237.27900
5323         28246.79200
5324         28256.30670
5325         28265.82300
5326         28275.34110
5327         28284.86090
5328         28294.38240
5329         28303.90560
5330         28313.43060
5331         28322.95720
5332         28332.48550
5333         28342.01560
5334         28351.54740
5335         28361.08080
5336         28370.61600
5337         28380.15290
5338         28389.69150
5339         28399.23190
5340         28408.77390
5341         28418.31760
5342         28427.86310
5343         28437.41030
5344         28446.95910
5345         28456.50970
5346         28466.06200
5347         28475.61600
5348         28485.17170
5349         28494.72920
5350         28504.28830
5351         28513.84920
5352         28523.41170
5353         28532.97600
5354         28542.54200
5355         28552.10970
5356         28561.67910
5357         28571.25020
5358         28580.82300
5359         28590.39760
5360         28599.97380
5361         28609.55180
5362         28619.13150
5363         28628.71290
5364         28638.29600
5365         28647.88080
5366         28657.46730
5367         28667.05560
5368         28676.64550
5369         28686.23720
5370         28695.83060
5371         28705.42560
5372         28715.02240
5373         28724.62100
5374         28734.22120
5375         28743.82310
5376         28753.42680
5377         28763.03210
5378         28772.63920
5379         28782.24800
5380         28791.85850
5381         28801.47070
5382         28811.08460
5383         28820.70030
5384         28830.31760
5385         28839.93670
5386         28849.55750
5387         28859.18000
5388         28868.80420
5389         28878.43010
5390         28888.05770
5391         28897.68710
5392         28907.31810
5393         28916.95090
5394         28926.58540
5395         28936.22160
5396         28945.85950
5397         28955.49910
5398         28965.14040
5399         28974.78350
5400         28984.42830
5401         28994.07470
5402         29003.72290
5403         29013.37290
5404         29023.02450
5405         29032.67780
5406         29042.33290
5407         29051.98960
5408         29061.64810
5409         29071.30830
5410         29080.97020
5411         29090.63380
5412         29100.29920
5413         29109.96620
5414         29119.63500
5415         29129.30550
5416         29138.97770
5417         29148.65160
5418         29158.32720
5419         29168.00450
5420         29177.68360
5421         29187.36430
5422         29197.04680
5423         29206.73100
5424         29216.41690
5425         29226.10460
5426         29235.79390
5427         29245.48500
5428         29255.17770
5429         29264.87220
5430         29274.56840
5431         29284.26640
5432         29293.96600
5433         29303.66730
5434         29313.37040
5435         29323.07520
5436         29332.78170
5437         29342.48990
5438         29352.19980
5439         29361.91150
5440         29371.62480
5441         29381.33990
5442         29391.05670
5443         29400.77520
5444         29410.49540
5445         29420.21740
5446         29429.94100
5447         29439.66640
5448         29449.39350
5449         29459.12230
5450         29468.85280
5451         29478.58500
5452         29488.31900
5453         29498.05470
5454         29507.79210
5455         29517.53120
5456         29527.27200
5457         29537.01450
5458         29546.75880
5459         29556.50470
5460         29566.25240
5461         29576.00180
5462         29585.75300
5463         29595.50580
5464         29605.26040
5465         29615.01660
5466         29624.77460
5467         29634.53430
5468         29644.29570
5469         29654.05890
5470         29663.82370
5471         29673.59030
5472         29683.35860
5473         29693.12860
5474         29702.90040
5475         29712.67380
5476         29722.44900
5477         29732.22580
5478         29742.00440
5479         29751.78480
5480         29761.56680
5481         29771.35060
5482         29781.13600
5483         29790.92320
5484         29800.71210
5485         29810.50270
5486         29820.29510
5487         29830.08910
5488         29839.88490
5489         29849.68240
5490         29859.48160
5491         29869.28260
5492         29879.08520
5493         29888.88960
5494         29898.69570
5495         29908.50350
5496         29918.31300
5497         29928.12430
5498         29937.93720
5499         29947.75190
5500         29957.56830
5501         29967.38650
5502         29977.20630
5503         29987.02790
5504         29996.85110
5505         30006.67610
5506         30016.50290
5507         30026.33130
5508         30036.16140
5509         30045.99330
5510         30055.82690
5511         30065.66220
5512         30075.49930
5513         30085.33800
5514         30095.17850
5515         30105.02070
5516         30114.86460
5517         30124.71020
5518         30134.55760
5519         30144.40670
5520         30154.25740
5521         30164.11000
5522         30173.96420
5523         30183.82010
5524         30193.67780
5525         30203.53720
5526         30213.39830
5527         30223.26110
5528         30233.12570
5529         30242.99200
5530         30252.86000
5531         30262.72970
5532         30272.60110
5533         30282.47430
5534         30292.34910
5535         30302.22570
5536         30312.10410
5537         30321.98410
5538         30331.86590
5539         30341.74930
5540         30351.63450
5541         30361.52150
5542         30371.41010
5543         30381.30050
5544         30391.19260
5545         30401.08640
5546         30410.98190
5547         30420.87910
5548         30430.77810
5549         30440.67880
5550         30450.58120
5551         30460.48530
5552         30470.39120
5553         30480.29880
5554         30490.20810
5555         30500.11910
5556         30510.03180
5557         30519.94630
5558         30529.86250
5559         30539.78040
5560         30549.70000
5561         30559.62140
5562         30569.54440
5563         30579.46920
5564         30589.39580
5565         30599.32400
5566         30609.25400
5567         30619.18560
5568         30629.11910
5569         30639.05420
5570         30648.99100
5571         30658.92960
5572         30668.86990
5573         30678.81190
5574         30688.75570
5575         30698.70110
5576         30708.64830
5577         30718.59720
5578         30728.54790
5579         30738.50020
5580         30748.45430
5581         30758.41010
5582         30768.36760
5583         30778.32690
5584         30788.28780
5585         30798.25050
5586         30808.21500
5587         30818.18110
5588         30828.14900
5589         30838.11850
5590         30848.08990
5591         30858.06290
5592         30868.03760
5593         30878.01410
5594         30887.99230
5595         30897.97230
5596         30907.95390
5597         30917.93730
5598         30927.92240
5599         30937.90920
5600         30947.89780
5601         30957.88800
5602         30967.88000
5603         30977.87380
5604         30987.86920
5605         30997.86640
5606         31007.86530
5607         31017.86590
5608         31027.86820
5609         31037.87230
5610         31047.87810
5611         31057.88560
5612         31067.89480
5613         31077.90580
5614         31087.91850
5615         31097.93290
5616         31107.94900
5617         31117.96690
5618         31127.98650
5619         31138.00780
5620         31148.03080
5621         31158.05560
5622         31168.08210
5623         31178.11030
5624         31188.14020
5625         31198.17190
5626         31208.20530
5627         31218.24040
5628         31228.27720
5629         31238.31580
5630         31248.35610
5631         31258.39810
5632         31268.44180
5633         31278.48730
5634         31288.53450
5635         31298.58340
5636         31308.63410
5637         31318.68640
5638         31328.74050
5639         31338.79640
5640         31348.85390
5641         31358.91320
5642         31368.97420
5643         31379.03690
5644         31389.10130
5645         31399.16750
5646         31409.23540
5647         31419.30510
5648         31429.37640
5649         31439.44950
5650         31449.52430
5651         31459.60080
5652         31469.67910
5653         31479.75910
5654         31489.84080
5655         31499.92430
5656         31510.00940
5657         31520.09630
5658         31530.18490
5659         31540.27530
5660         31550.36740
5661         31560.46120
5662         31570.55670
5663         31580.65400
5664         31590.75290
5665         31600.85370
5666         31610.95610
5667         31621.06030
5668         31631.16620
5669         31641.27380
5670         31651.38310
5671         31661.49420
5672         31671.60700
5673         31681.72150
5674         31691.83780
5675         31701.95580
5676         31712.07550
5677         31722.19690
5678         31732.32010
5679         31742.44500
5680         31752.57160
5681         31762.70000
5682         31772.83010
5683         31782.96190
5684         31793.09540
5685         31803.23070
5686         31813.36770
5687         31823.50640
5688         31833.64690
5689         31843.78900
5690         31853.93290
5691         31864.07860
5692         31874.22590
5693         31884.37500
5694         31894.52590
5695         31904.67840
5696         31914.83270
5697         31924.98870
5698         31935.14640
5699         31945.30590
5700         31955.46710
5701         31965.63000
5702         31975.79470
5703         31985.96110
5704         31996.12920
5705         32006.29900
5706         32016.47060
5707         32026.64390
5708         32036.81890
5709         32046.99570
5710         32057.17410
5711         32067.35440
5712         32077.53630
5713         32087.72000
5714         32097.90540
5715         32108.09250
5716         32118.28140
5717         32128.47200
5718         32138.66430
5719         32148.85840
5720         32159.05410
5721         32169.25170
5722         32179.45090
5723         32189.65190
5724         32199.85460
5725         32210.05900
5726         32220.26520
5727         32230.47310
5728         32240.68270
5729         32250.89410
5730         32261.10710
5731         32271.32200
5732         32281.53850
5733         32291.75680
5734         32301.97680
5735         32312.19850
5736         32322.42200
5737         32332.64720
5738         32342.87410
5739         32353.10280
5740         32363.33320
5741         32373.56530
5742         32383.79920
5743         32394.03480
5744         32404.27210
5745         32414.51110
5746         32424.75190
5747         32434.99440
5748         32445.23870
5749         32455.48460
5750         32465.73230
5751         32475.98180
5752         32486.23290
5753         32496.48580
5754         32506.74050
5755         32516.99680
5756         32527.25490
5757         32537.51480
5758         32547.77630
5759         32558.03960
5760         32568.30460
5761         32578.57140
5762         32588.83990
5763         32599.11010
5764         32609.38200
5765         32619.65570
5766         32629.93110
5767         32640.20830
5768         32650.48720
5769         32660.76780
5770         32671.05010
5771         32681.33420
5772         32691.62000
5773         32701.90750
5774         32712.19680
5775         32722.48780
5776         32732.78060
5777         32743.07500
5778         32753.37120
5779         32763.66920
5780         32773.96880
5781         32784.27020
5782         32794.57340
5783         32804.87830
5784         32815.18490
5785         32825.49320
5786         32835.80330
5787         32846.11510
5788         32856.42860
5789         32866.74390
5790         32877.06090
5791         32887.37960
5792         32897.70010
5793         32908.02230
5794         32918.34620
5795         32928.67190
5796         32938.99930
5797         32949.32840
5798         32959.65930
5799         32969.99190
5800         32980.32620
5801         32990.66230
5802         33001.00010
5803         33011.33960
5804         33021.68090
5805         33032.02390
5806         33042.36870
5807         33052.71510
5808         33063.06340
5809         33073.41330
5810         33083.76500
5811         33094.11840
5812         33104.47350
5813         33114.83040
5814         33125.18900
5815         33135.54940
5816         33145.91150
5817         33156.27530
5818         33166.64090
5819         33177.00820
5820         33187.37720
5821         33197.74790
5822         33208.12040
5823         33218.49470
5824         33228.87060
5825         33239.24830
5826         33249.62780
5827         33260.00890
5828         33270.39180
5829         33280.77650
5830         33291.16290
5831         33301.55100
5832         33311.94080
5833         33322.33240
5834         33332.72570
5835         33343.12080
5836         33353.51760
5837         33363.91610
5838         33374.31640
5839         33384.71840
5840         33395.12210
5841         33405.52760
5842         33415.93480
5843         33426.34370
5844         33436.75440
5845         33447.16680
5846         33457.58090
5847         33467.99680
5848         33478.41440
5849         33488.83380
5850         33499.25490
5851         33509.67770
5852         33520.10230
5853         33530.52860
5854         33540.95660
5855         33551.38640
5856         33561.81790
5857         33572.25120
5858         33582.68620
5859         33593.12290
5860         33603.56130
5861         33614.00150
5862         33624.44350
5863         33634.88710
5864         33645.33250
5865         33655.77970
5866         33666.22860
5867         33676.67920
5868         33687.13150
5869         33697.58560
5870         33708.04150
5871         33718.49900
5872         33728.95830
5873         33739.41940
5874         33749.88210
5875         33760.34670
5876         33770.81290
5877         33781.28090
5878         33791.75060
5879         33802.22210
5880         33812.69530
5881         33823.17030
5882         33833.64690
5883         33844.12540
5884         33854.60550
5885         33865.08740
5886         33875.57100
5887         33886.05640
5888         33896.54350
5889         33907.03240
5890         33917.52300
5891         33928.01530
5892         33938.50930
5893         33949.00510
5894         33959.50270
5895         33970.00200
5896         33980.50300
5897         33991.00570
5898         34001.51020
5899         34012.01640
5900         34022.52440
5901         34033.03410
5902         34043.54560
5903         34054.05880
5904         34064.57370
5905         34075.09030
5906         34085.60880
5907         34096.12890
5908         34106.65080
5909         34117.17440
5910         34127.69980
5911         34138.22690
5912         34148.75570
5913         34159.28630
5914         34169.81860
5915         34180.35260
5916         34190.88840
5917         34201.42600
5918         34211.96530
5919         34222.50630
5920         34233.04900
5921         34243.59350
5922         34254.13970
5923         34264.68770
5924         34275.23740
5925         34285.78890
5926         34296.34210
5927         34306.89700
5928         34317.45370
5929         34328.01210
5930         34338.57230
5931         34349.13420
5932         34359.69780
5933         34370.26320
5934         34380.83030
5935         34391.39910
5936         34401.96970
5937         34412.54210
5938         34423.11610
5939         34433.69200
5940         34444.26950
5941         34454.84880
5942         34465.42990
5943         34476.01260
5944         34486.59720
5945         34497.18340
5946         34507.77140
5947         34518.36120
5948         34528.95260
5949         34539.54590
5950         34550.14080
5951         34560.73750
5952         34571.33600
5953         34581.93620
5954         34592.53810
5955         34603.14180
5956         34613.74720
5957         34624.35440
5958         34634.96330
5959         34645.57390
5960         34656.18630
5961         34666.80040
5962         34677.41630
5963         34688.03390
5964         34698.65320
5965         34709.27430
5966         34719.89710
5967         34730.52170
5968         34741.14800
5969         34751.77610
5970         34762.40590
5971         34773.03740
5972         34783.67070
5973         34794.30570
5974         34804.94250
5975         34815.58100
5976         34826.22130
5977         34836.86330
5978         34847.50700
5979         34858.15250
5980         34868.79970
5981         34879.44870
5982         34890.09940
5983         34900.75180
5984         34911.40600
5985         34922.06200
5986         34932.71960
5987         34943.37910
5988         34954.04020
5989         34964.70310
5990         34975.36780
5991         34986.03420
5992         34996.70230
5993         35007.37220
5994         35018.04380
5995         35028.71720
5996         35039.39230
5997         35050.06910
5998         35060.74770
5999         35071.42810
6000         35082.11020
6001         35092.79400
6002         35103.47960
6003         35114.16690
6004         35124.85590
6005         35135.54670
6006         35146.23930
6007         35156.93360
6008         35167.62960
6009         35178.32740
6010         35189.02690
6011         35199.72820
6012         35210.43120
6013         35221.13590
6014         35231.84240
6015         35242.55070
6016         35253.26060
6017         35263.97240
6018         35274.68590
6019         35285.40110
6020         35296.11800
6021         35306.83670
6022         35317.55720
6023         35328.27940
6024         35339.00330
6025         35349.72900
6026         35360.45640
6027         35371.18560
6028         35381.91650
6029         35392.64920
6030         35403.38360
6031         35414.11980
6032         35424.85770
6033         35435.59730
6034         35446.33870
6035         35457.08180
6036         35467.82670
6037         35478.57330
6038         35489.32170
6039         35500.07180
6040         35510.82370
6041         35521.57730
6042         35532.33270
6043         35543.08980
6044         35553.84860
6045         35564.60920
6046         35575.37150
6047         35586.13560
6048         35596.90140
6049         35607.66900
6050         35618.43830
6051         35629.20940
6052         35639.98220
6053         35650.75670
6054         35661.53300
6055         35672.31110
6056         35683.09090
6057         35693.87240
6058         35704.65570
6059         35715.44070
6060         35726.22750
6061         35737.01610
6062         35747.80630
6063         35758.59830
6064         35769.39210
6065         35780.18760
6066         35790.98490
6067         35801.78390
6068         35812.58460
6069         35823.38710
6070         35834.19140
6071         35844.99740
6072         35855.80510
6073         35866.61460
6074         35877.42580
6075         35888.23880
6076         35899.05350
6077         35909.87000
6078         35920.68820
6079         35931.50820
6080         35942.32990
6081         35953.15340
6082         35963.97860
6083         35974.80550
6084         35985.63420
6085         35996.46470
6086         36007.29690
6087         36018.13080
6088         36028.96650
6089         36039.80400
6090         36050.64320
6091         36061.48410
6092         36072.32680
6093         36083.17120
6094         36094.01740
6095         36104.86530
6096         36115.71500
6097         36126.56640
6098         36137.41960
6099         36148.27450
6100         36159.13120
6101         36169.98960
6102         36180.84980
6103         36191.71170
6104         36202.57540
6105         36213.44080
6106         36224.30790
6107         36235.17680
6108         36246.04750
6109         36256.91990
6110         36267.79410
6111         36278.67000
6112         36289.54760
6113         36300.42700
6114         36311.30820
6115         36322.19110
6116         36333.07570
6117         36343.96210
6118         36354.85020
6119         36365.74010
6120         36376.63180
6121         36387.52520
6122         36398.42030
6123         36409.31720
6124         36420.21580
6125         36431.11620
6126         36442.01840
6127         36452.92230
6128         36463.82790
6129         36474.73530
6130         36485.64440
6131         36496.55530
6132         36507.46790
6133         36518.38230
6134         36529.29850
6135         36540.21630
6136         36551.13600
6137         36562.05740
6138         36572.98050
6139         36583.90540
6140         36594.83200
6141         36605.76040
6142         36616.69050
6143         36627.62240
6144         36638.55610
6145         36649.49140
6146         36660.42860
6147         36671.36750
6148         36682.30810
6149         36693.25050
6150         36704.19460
6151         36715.14050
6152         36726.08820
6153         36737.03750
6154         36747.98870
6155         36758.94160
6156         36769.89620
6157         36780.85260
6158         36791.81080
6159         36802.77060
6160         36813.73230
6161         36824.69570
6162         36835.66080
6163         36846.62770
6164         36857.59640
6165         36868.56680
6166         36879.53890
6167         36890.51280
6168         36901.48850
6169         36912.46590
6170         36923.44510
6171         36934.42600
6172         36945.40860
6173         36956.39300
6174         36967.37920
6175         36978.36710
6176         36989.35680
6177         37000.34820
6178         37011.34140
6179         37022.33630
6180         37033.33300
6181         37044.33140
6182         37055.33160
6183         37066.33350
6184         37077.33720
6185         37088.34260
6186         37099.34980
6187         37110.35870
6188         37121.36940
6189         37132.38190
6190         37143.39610
6191         37154.41200
6192         37165.42970
6193         37176.44920
6194         37187.47040
6195         37198.49330
6196         37209.51800
6197         37220.54450
6198         37231.57270
6199         37242.60270
6200         37253.63440
6201         37264.66790
6202         37275.70310
6203         37286.74010
6204         37297.77880
6205         37308.81930
6206         37319.86150
6207         37330.90550
6208         37341.95130
6209         37352.99880
6210         37364.04800
6211         37375.09900
6212         37386.15180
6213         37397.20630
6214         37408.26250
6215         37419.32060
6216         37430.38030
6217         37441.44190
6218         37452.50510
6219         37463.57020
6220         37474.63700
6221         37485.70550
6222         37496.77580
6223         37507.84780
6224         37518.92160
6225         37529.99720
6226         37541.07450
6227         37552.15360
6228         37563.23440
6229         37574.31690
6230         37585.40130
6231         37596.48740
6232         37607.57520
6233         37618.66480
6234         37629.75610
6235         37640.84920
6236         37651.94410
6237         37663.04070
6238         37674.13900
6239         37685.23910
6240         37696.34100
6241         37707.44460
6242         37718.55000
6243         37729.65710
6244         37740.76600
6245         37751.87670
6246         37762.98910
6247         37774.10320
6248         37785.21910
6249         37796.33680
6250         37807.45620
6251         37818.57740
6252         37829.70030
6253         37840.82500
6254         37851.95140
6255         37863.07960
6256         37874.20960
6257         37885.34130
6258         37896.47470
6259         37907.60990
6260         37918.74690
6261         37929.88560
6262         37941.02610
6263         37952.16840
6264         37963.31240
6265         37974.45810
6266         37985.60560
6267         37996.75490
6268         38007.90590
6269         38019.05870
6270         38030.21320
6271         38041.36950
6272         38052.52750
6273         38063.68730
6274         38074.84890
6275         38086.01220
6276         38097.17720
6277         38108.34400
6278         38119.51260
6279         38130.68300
6280         38141.85500
6281         38153.02890
6282         38164.20450
6283         38175.38180
6284         38186.56100
6285         38197.74180
6286         38208.92450
6287         38220.10880
6288         38231.29500
6289         38242.48290
6290         38253.67250
6291         38264.86400
6292         38276.05710
6293         38287.25210
6294         38298.44870
6295         38309.64720
6296         38320.84740
6297         38332.04930
6298         38343.25300
6299         38354.45850
6300         38365.66570
6301         38376.87470
6302         38388.08550
6303         38399.29800
6304         38410.51220
6305         38421.72820
6306         38432.94600
6307         38444.16550
6308         38455.38680
6309         38466.60990
6310         38477.83470
6311         38489.06120
6312         38500.28950
6313         38511.51960
6314         38522.75140
6315         38533.98500
6316         38545.22040
6317         38556.45750
6318         38567.69640
6319         38578.93700
6320         38590.17940
6321         38601.42350
6322         38612.66940
6323         38623.91710
6324         38635.16650
6325         38646.41760
6326         38657.67060
6327         38668.92530
6328         38680.18170
6329         38691.43990
6330         38702.69990
6331         38713.96160
6332         38725.22510
6333         38736.49030
6334         38747.75730
6335         38759.02610
6336         38770.29660
6337         38781.56890
6338         38792.84290
6339         38804.11870
6340         38815.39630
6341         38826.67560
6342         38837.95670
6343         38849.23950
6344         38860.52410
6345         38871.81040
6346         38883.09850
6347         38894.38840
6348         38905.68000
6349         38916.97340
6350         38928.26860
6351         38939.56550
6352         38950.86410
6353         38962.16460
6354         38973.46680
6355         38984.77070
6356         38996.07640
6357         39007.38390
6358         39018.69310
6359         39030.00410
6360         39041.31680
6361         39052.63130
6362         39063.94760
6363         39075.26560
6364         39086.58540
6365         39097.90690
6366         39109.23030
6367         39120.55530
6368         39131.88210
6369         39143.21070
6370         39154.54110
6371         39165.87320
6372         39177.20710
6373         39188.54270
6374         39199.88010
6375         39211.21920
6376         39222.56010
6377         39233.90280
6378         39245.24720
6379         39256.59340
6380         39267.94140
6381         39279.29110
6382         39290.64260
6383         39301.99580
6384         39313.35080
6385         39324.70750
6386         39336.06610
6387         39347.42630
6388         39358.78840
6389         39370.15220
6390         39381.51770
6391         39392.88510
6392         39404.25420
6393         39415.62500
6394         39426.99760
6395         39438.37200
6396         39449.74810
6397         39461.12600
6398         39472.50570
6399         39483.88710
6400         39495.27030
6401         39506.65520
6402         39518.04190
6403         39529.43040
6404         39540.82060
6405         39552.21260
6406         39563.60630
6407         39575.00180
6408         39586.39910
6409         39597.79810
6410         39609.19890
6411         39620.60150
6412         39632.00580
6413         39643.41190
6414         39654.81970
6415         39666.22940
6416         39677.64070
6417         39689.05390
6418         39700.46880
6419         39711.88540
6420         39723.30380
6421         39734.72400
6422         39746.14600
6423         39757.56970
6424         39768.99510
6425         39780.42240
6426         39791.85140
6427         39803.28210
6428         39814.71470
6429         39826.14890
6430         39837.58500
6431         39849.02280
6432         39860.46240
6433         39871.90370
6434         39883.34680
6435         39894.79170
6436         39906.23830
6437         39917.68670
6438         39929.13680
6439         39940.58880
6440         39952.04240
6441         39963.49790
6442         39974.95510
6443         39986.41410
6444         39997.87480
6445         40009.33730
6446         40020.80160
6447         40032.26760
6448         40043.73540
6449         40055.20490
6450         40066.67620
6451         40078.14930
6452         40089.62420
6453         40101.10080
6454         40112.57920
6455         40124.05930
6456         40135.54120
6457         40147.02490
6458         40158.51030
6459         40169.99750
6460         40181.48640
6461         40192.97720
6462         40204.46970
6463         40215.96390
6464         40227.45990
6465         40238.95770
6466         40250.45720
6467         40261.95860
6468         40273.46160
6469         40284.96650
6470         40296.47310
6471         40307.98140
6472         40319.49160
6473         40331.00350
6474         40342.51710
6475         40354.03260
6476         40365.54970
6477         40377.06870
6478         40388.58940
6479         40400.11190
6480         40411.63620
6481         40423.16220
6482         40434.69000
6483         40446.21950
6484         40457.75080
6485         40469.28390
6486         40480.81880
6487         40492.35540
6488         40503.89370
6489         40515.43390
6490         40526.97580
6491         40538.51950
6492         40550.06490
6493         40561.61210
6494         40573.16110
6495         40584.71180
6496         40596.26430
6497         40607.81860
6498         40619.37460
6499         40630.93240
6500         40642.49200
6501         40654.05330
6502         40665.61640
6503         40677.18120
6504         40688.74790
6505         40700.31630
6506         40711.88640
6507         40723.45840
6508         40735.03210
6509         40746.60750
6510         40758.18470
6511         40769.76370
6512         40781.34450
6513         40792.92700
6514         40804.51130
6515         40816.09740
6516         40827.68520
6517         40839.27480
6518         40850.86610
6519         40862.45930
6520         40874.05420
6521         40885.65080
6522         40897.24930
6523         40908.84940
6524         40920.45140
6525         40932.05510
6526         40943.66060
6527         40955.26790
6528         40966.87690
6529         40978.48770
6530         40990.10030
6531         41001.71460
6532         41013.33070
6533         41024.94860
6534         41036.56820
6535         41048.18960
6536         41059.81280
6537         41071.43770
6538         41083.06440
6539         41094.69290
6540         41106.32310
6541         41117.95510
6542         41129.58890
6543         41141.22440
6544         41152.86170
6545         41164.50080
6546         41176.14170
6547         41187.78430
6548         41199.42870
6549         41211.07480
6550         41222.72270
6551         41234.37240
6552         41246.02390
6553         41257.67710
6554         41269.33210
6555         41280.98880
6556         41292.64740
6557         41304.30770
6558         41315.96970
6559         41327.63360
6560         41339.29920
6561         41350.96650
6562         41362.63570
6563         41374.30660
6564         41385.97920
6565         41397.65370
6566         41409.32990
6567         41421.00790
6568         41432.68760
6569         41444.36910
6570         41456.05240
6571         41467.73750
6572         41479.42430
6573         41491.11290
6574         41502.80330
6575         41514.49540
6576         41526.18930
6577         41537.88500
6578         41549.58240
6579         41561.28160
6580         41572.98260
6581         41584.68540
6582         41596.38990
6583         41608.09620
6584         41619.80420
6585         41631.51400
6586         41643.22560
6587         41654.93900
6588         41666.65410
6589         41678.37100
6590         41690.08970
6591         41701.81020
6592         41713.53240
6593         41725.25640
6594         41736.98210
6595         41748.70960
6596         41760.43890
6597         41772.17000
6598         41783.90280
6599         41795.63740
6600         41807.37380
6601         41819.11200
6602         41830.85190
6603         41842.59360
6604         41854.33700
6605         41866.08220
6606         41877.82920
6607         41889.57800
6608         41901.32850
6609         41913.08090
6610         41924.83490
6611         41936.59080
6612         41948.34840
6613         41960.10780
6614         41971.86890
6615         41983.63190
6616         41995.39660
6617         42007.16310
6618         42018.93130
6619         42030.70130
6620         42042.47310
6621         42054.24670
6622         42066.02200
6623         42077.79910
6624         42089.57800
6625         42101.35860
6626         42113.14100
6627         42124.92520
6628         42136.71120
6629         42148.49890
6630         42160.28840
6631         42172.07970
6632         42183.87270
6633         42195.66750
6634         42207.46410
6635         42219.26250
6636         42231.06260
6637         42242.86450
6638         42254.66820
6639         42266.47360
6640         42278.28080
6641         42290.08980
6642         42301.90060
6643         42313.71310
6644         42325.52740
6645         42337.34350
6646         42349.16130
6647         42360.98090
6648         42372.80230
6649         42384.62550
6650         42396.45040
6651         42408.27710
6652         42420.10560
6653         42431.93590
6654         42443.76790
6655         42455.60170
6656         42467.43730
6657         42479.27460
6658         42491.11370
6659         42502.95460
6660         42514.79730
6661         42526.64170
6662         42538.48790
6663         42550.33590
6664         42562.18560
6665         42574.03710
6666         42585.89040
6667         42597.74550
6668         42609.60240
6669         42621.46100
6670         42633.32140
6671         42645.18350
6672         42657.04750
6673         42668.91320
6674         42680.78060
6675         42692.64990
6676         42704.52090
6677         42716.39370
6678         42728.26830
6679         42740.14460
6680         42752.02280
6681         42763.90270
6682         42775.78430
6683         42787.66780
6684         42799.55300
6685         42811.44000
6686         42823.32870
6687         42835.21930
6688         42847.11160
6689         42859.00570
6690         42870.90150
6691         42882.79920
6692         42894.69860
6693         42906.59970
6694         42918.50270
6695         42930.40740
6696         42942.31390
6697         42954.22220
6698         42966.13220
6699         42978.04410
6700         42989.95770
6701         43001.87300
6702         43013.79020
6703         43025.70910
6704         43037.62980
6705         43049.55230
6706         43061.47650
6707         43073.40250
6708         43085.33030
6709         43097.25990
6710         43109.19120
6711         43121.12440
6712         43133.05920
6713         43144.99590
6714         43156.93440
6715         43168.87460
6716         43180.81660
6717         43192.76030
6718         43204.70590
6719         43216.65320
6720         43228.60230
6721         43240.55310
6722         43252.50580
6723         43264.46020
6724         43276.41640
6725         43288.37440
6726         43300.33410
6727         43312.29560
6728         43324.25890
6729         43336.22400
6730         43348.19080
6731         43360.15940
6732         43372.12980
6733         43384.10200
6734         43396.07600
6735         43408.05170
6736         43420.02920
6737         43432.00840
6738         43443.98950
6739         43455.97230
6740         43467.95690
6741         43479.94330
6742         43491.93140
6743         43503.92140
6744         43515.91310
6745         43527.90660
6746         43539.90180
6747         43551.89880
6748         43563.89770
6749         43575.89820
6750         43587.90060
6751         43599.90470
6752         43611.91070
6753         43623.91830
6754         43635.92780
6755         43647.93910
6756         43659.95210
6757         43671.96690
6758         43683.98340
6759         43696.00180
6760         43708.02190
6761         43720.04380
6762         43732.06750
6763         43744.09290
6764         43756.12020
6765         43768.14920
6766         43780.18000
6767         43792.21250
6768         43804.24690
6769         43816.28300
6770         43828.32090
6771         43840.36060
6772         43852.40200
6773         43864.44520
6774         43876.49020
6775         43888.53700
6776         43900.58560
6777         43912.63590
6778         43924.68800
6779         43936.74190
6780         43948.79760
6781         43960.85500
6782         43972.91420
6783         43984.97520
6784         43997.03800
6785         44009.10260
6786         44021.16890
6787         44033.23700
6788         44045.30690
6789         44057.37860
6790         44069.45200
6791         44081.52720
6792         44093.60420
6793         44105.68300
6794         44117.76350
6795         44129.84590
6796         44141.93000
6797         44154.01590
6798         44166.10350
6799         44178.19300
6800         44190.28420
6801         44202.37720
6802         44214.47200
6803         44226.56850
6804         44238.66690
6805         44250.76700
6806         44262.86890
6807         44274.97260
6808         44287.07800
6809         44299.18520
6810         44311.29420
6811         44323.40500
6812         44335.51760
6813         44347.63190
6814         44359.74800
6815         44371.86590
6816         44383.98560
6817         44396.10710
6818         44408.23030
6819         44420.35530
6820         44432.48210
6821         44444.61070
6822         44456.74110
6823         44468.87320
6824         44481.00710
6825         44493.14280
6826         44505.28030
6827         44517.41950
6828         44529.56050
6829         44541.70330
6830         44553.84790
6831         44565.99430
6832         44578.14240
6833         44590.29240
6834         44602.44410
6835         44614.59750
6836         44626.75280
6837         44638.90980
6838         44651.06870
6839         44663.22930
6840         44675.39170
6841         44687.55580
6842         44699.72180
6843         44711.88950
6844         44724.05900
6845         44736.23030
6846         44748.40330
6847         44760.57820
6848         44772.75480
6849         44784.93320
6850         44797.11340
6851         44809.29530
6852         44821.47910
6853         44833.66460
6854         44845.85190
6855         44858.04100
6856         44870.23180
6857         44882.42450
6858         44894.61890
6859         44906.81510
6860         44919.01310
6861         44931.21290
6862         44943.41440
6863         44955.61770
6864         44967.82280
6865         44980.02970
6866         44992.23840
6867         45004.44880
6868         45016.66110
6869         45028.87510
6870         45041.09090
6871         45053.30840
6872         45065.52780
6873         45077.74890
6874         45089.97180
6875         45102.19650
6876         45114.42300
6877         45126.65130
6878         45138.88130
6879         45151.11310
6880         45163.34670
6881         45175.58210
6882         45187.81930
6883         45200.05820
6884         45212.29900
6885         45224.54150
6886         45236.78580
6887         45249.03180
6888         45261.27970
6889         45273.52930
6890         45285.78070
6891         45298.03390
6892         45310.28890
6893         45322.54570
6894         45334.80420
6895         45347.06460
6896         45359.32670
6897         45371.59060
6898         45383.85620
6899         45396.12370
6900         45408.39290
6901         45420.66390
6902         45432.93670
6903         45445.21130
6904         45457.48770
6905         45469.76580
6906         45482.04570
6907         45494.32750
6908         45506.61100
6909         45518.89620
6910         45531.18330
6911         45543.47210
6912         45555.76270
6913         45568.05520
6914         45580.34930
6915         45592.64530
6916         45604.94310
6917         45617.24260
6918         45629.54390
6919         45641.84700
6920         45654.15190
6921         45666.45860
6922         45678.76700
6923         45691.07720
6924         45703.38930
6925         45715.70310
6926         45728.01860
6927         45740.33600
6928         45752.65520
6929         45764.97610
6930         45777.29880
6931         45789.62330
6932         45801.94960
6933         45814.27760
6934         45826.60750
6935         45838.93910
6936         45851.27250
6937         45863.60770
6938         45875.94470
6939         45888.28350
6940         45900.62400
6941         45912.96630
6942         45925.31050
6943         45937.65630
6944         45950.00400
6945         45962.35350
6946         45974.70470
6947         45987.05780
6948         45999.41260
6949         46011.76920
6950         46024.12760
6951         46036.48770
6952         46048.84970
6953         46061.21340
6954         46073.57900
6955         46085.94630
6956         46098.31530
6957         46110.68620
6958         46123.05890
6959         46135.43330
6960         46147.80950
6961         46160.18750
6962         46172.56730
6963         46184.94890
6964         46197.33230
6965         46209.71740
6966         46222.10440
6967         46234.49310
6968         46246.88360
6969         46259.27590
6970         46271.66990
6971         46284.06580
6972         46296.46340
6973         46308.86280
6974         46321.26400
6975         46333.66700
6976         46346.07180
6977         46358.47840
6978         46370.88670
6979         46383.29690
6980         46395.70880
6981         46408.12250
6982         46420.53800
6983         46432.95520
6984         46445.37430
6985         46457.79510
6986         46470.21780
6987         46482.64220
6988         46495.06840
6989         46507.49640
6990         46519.92610
6991         46532.35770
6992         46544.79100
6993         46557.22620
6994         46569.66310
6995         46582.10180
6996         46594.54220
6997         46606.98450
6998         46619.42860
6999         46631.87440
7000         46644.32200
7001         46656.77140
7002         46669.22260
7003         46681.67560
7004         46694.13040
7005         46706.58690
7006         46719.04530
7007         46731.50540
7008         46743.96730
7009         46756.43100
7010         46768.89650
7011         46781.36380
7012         46793.83280
7013         46806.30370
7014         46818.77630
7015         46831.25070
7016         46843.72690
7017         46856.20490
7018         46868.68470
7019         46881.16620
7020         46893.64960
7021         46906.13470
7022         46918.62160
7023         46931.11030
7024         46943.60080
7025         46956.09310
7026         46968.58720
7027         46981.08300
7028         46993.58070
7029         47006.08010
7030         47018.58130
7031         47031.08430
7032         47043.58910
7033         47056.09570
7034         47068.60400
7035         47081.11420
7036         47093.62610
7037         47106.13980
7038         47118.65530
7039         47131.17260
7040         47143.69170
7041         47156.21260
7042         47168.73520
7043         47181.25970
7044         47193.78590
7045         47206.31390
7046         47218.84370
7047         47231.37530
7048         47243.90870
7049         47256.44390
7050         47268.98080
7051         47281.51960
7052         47294.06010
7053         47306.60240
7054         47319.14650
7055         47331.69240
7056         47344.24010
7057         47356.78960
7058         47369.34080
7059         47381.89390
7060         47394.44870
7061         47407.00530
7062         47419.56370
7063         47432.12390
7064         47444.68590
7065         47457.24970
7066         47469.81530
7067         47482.38260
7068         47494.95170
7069         47507.52270
7070         47520.09540
7071         47532.66990
7072         47545.24620
7073         47557.82430
7074         47570.40410
7075         47582.98580
7076         47595.56920
7077         47608.15450
7078         47620.74150
7079         47633.33030
7080         47645.92090
7081         47658.51330
7082         47671.10740
7083         47683.70340
7084         47696.30120
7085         47708.90070
7086         47721.50200
7087         47734.10510
7088         47746.71010
7089         47759.31670
7090         47771.92520
7091         47784.53550
7092         47797.14760
7093         47809.76140
7094         47822.37710
7095         47834.99450
7096         47847.61370
7097         47860.23470
7098         47872.85750
7099         47885.48210
7100         47898.10850
7101         47910.73670
7102         47923.36660
7103         47935.99840
7104         47948.63190
7105         47961.26720
7106         47973.90430
7107         47986.54320
7108         47999.18390
7109         48011.82640
7110         48024.47070
7111         48037.11670
7112         48049.76460
7113         48062.41420
7114         48075.06570
7115         48087.71890
7116         48100.37390
7117         48113.03070
7118         48125.68930
7119         48138.34960
7120         48151.01180
7121         48163.67580
7122         48176.34150
7123         48189.00910
7124         48201.67840
7125         48214.34950
7126         48227.02240
7127         48239.69710
7128         48252.37360
7129         48265.05190
7130         48277.73200
7131         48290.41380
7132         48303.09750
7133         48315.78290
7134         48328.47020
7135         48341.15920
7136         48353.85000
7137         48366.54260
7138         48379.23700
7139         48391.93320
7140         48404.63120
7141         48417.33090
7142         48430.03250
7143         48442.73580
7144         48455.44100
7145         48468.14790
7146         48480.85660
7147         48493.56710
7148         48506.27940
7149         48518.99350
7150         48531.70940
7151         48544.42710
7152         48557.14650
7153         48569.86780
7154         48582.59090
7155         48595.31570
7156         48608.04230
7157         48620.77070
7158         48633.50100
7159         48646.23300
7160         48658.96680
7161         48671.70230
7162         48684.43970
7163         48697.17890
7164         48709.91990
7165         48722.66260
7166         48735.40720
7167         48748.15350
7168         48760.90160
7169         48773.65150
7170         48786.40330
7171         48799.15680
7172         48811.91210
7173         48824.66910
7174         48837.42800
7175         48850.18870
7176         48862.95120
7177         48875.71540
7178         48888.48150
7179         48901.24930
7180         48914.01890
7181         48926.79030
7182         48939.56360
7183         48952.33860
7184         48965.11540
7185         48977.89400
7186         48990.67430
7187         49003.45650
7188         49016.24050
7189         49029.02620
7190         49041.81380
7191         49054.60310
7192         49067.39430
7193         49080.18720
7194         49092.98190
7195         49105.77840
7196         49118.57680
7197         49131.37690
7198         49144.17870
7199         49156.98240
7200         49169.78790
7201         49182.59520
7202         49195.40420
7203         49208.21510
7204         49221.02770
7205         49233.84220
7206         49246.65840
7207         49259.47640
7208         49272.29630
7209         49285.11790
7210         49297.94130
7211         49310.76650
7212         49323.59350
7213         49336.42230
7214         49349.25280
7215         49362.08520
7216         49374.91940
7217         49387.75530
7218         49400.59310
7219         49413.43260
7220         49426.27400
7221         49439.11710
7222         49451.96200
7223         49464.80880
7224         49477.65730
7225         49490.50760
7226         49503.35970
7227         49516.21360
7228         49529.06930
7229         49541.92670
7230         49554.78600
7231         49567.64710
7232         49580.50990
7233         49593.37460
7234         49606.24100
7235         49619.10930
7236         49631.97930
7237         49644.85120
7238         49657.72480
7239         49670.60020
7240         49683.47740
7241         49696.35640
7242         49709.23720
7243         49722.11980
7244         49735.00420
7245         49747.89040
7246         49760.77840
7247         49773.66810
7248         49786.55970
7249         49799.45310
7250         49812.34820
7251         49825.24520
7252         49838.14390
7253         49851.04450
7254         49863.94680
7255         49876.85090
7256         49889.75680
7257         49902.66460
7258         49915.57410
7259         49928.48540
7260         49941.39850
7261         49954.31340
7262         49967.23010
7263         49980.14850
7264         49993.06880
7265         50005.99090
7266         50018.91480
7267         50031.84040
7268         50044.76790
7269         50057.69710
7270         50070.62820
7271         50083.56100
7272         50096.49570
7273         50109.43210
7274         50122.37030
7275         50135.31040
7276         50148.25220
7277         50161.19580
7278         50174.14120
7279         50187.08840
7280         50200.03740
7281         50212.98820
7282         50225.94080
7283         50238.89520
7284         50251.85140
7285         50264.80940
7286         50277.76910
7287         50290.73070
7288         50303.69410
7289         50316.65920
7290         50329.62620
7291         50342.59490
7292         50355.56550
7293         50368.53780
7294         50381.51200
7295         50394.48790
7296         50407.46560
7297         50420.44520
7298         50433.42650
7299         50446.40960
7300         50459.39450
7301         50472.38120
7302         50485.36970
7303         50498.36000
7304         50511.35210
7305         50524.34600
7306         50537.34170
7307         50550.33920
7308         50563.33850
7309         50576.33960
7310         50589.34240
7311         50602.34710
7312         50615.35360
7313         50628.36190
7314         50641.37190
7315         50654.38380
7316         50667.39740
7317         50680.41290
7318         50693.43010
7319         50706.44920
7320         50719.47000
7321         50732.49270
7322         50745.51710
7323         50758.54330
7324         50771.57130
7325         50784.60120
7326         50797.63280
7327         50810.66620
7328         50823.70140
7329         50836.73840
7330         50849.77720
7331         50862.81790
7332         50875.86030
7333         50888.90450
7334         50901.95050
7335         50914.99820
7336         50928.04780
7337         50941.09920
7338         50954.15240
7339         50967.20740
7340         50980.26420
7341         50993.32280
7342         51006.38310
7343         51019.44530
7344         51032.50930
7345         51045.57500
7346         51058.64260
7347         51071.71200
7348         51084.78310
7349         51097.85610
7350         51110.93080
7351         51124.00740
7352         51137.08570
7353         51150.16590
7354         51163.24780
7355         51176.33160
7356         51189.41710
7357         51202.50440
7358         51215.59360
7359         51228.68450
7360         51241.77720
7361         51254.87180
7362         51267.96810
7363         51281.06620
7364         51294.16620
7365         51307.26790
7366         51320.37140
7367         51333.47670
7368         51346.58380
7369         51359.69270
7370         51372.80350
7371         51385.91600
7372         51399.03030
7373         51412.14640
7374         51425.26430
7375         51438.38400
7376         51451.50550
7377         51464.62880
7378         51477.75390
7379         51490.88080
7380         51504.00950
7381         51517.14000
7382         51530.27230
7383         51543.40640
7384         51556.54230
7385         51569.67990
7386         51582.81940
7387         51595.96070
7388         51609.10380
7389         51622.24870
7390         51635.39540
7391         51648.54390
7392         51661.69410
7393         51674.84620
7394         51688.00010
7395         51701.15580
7396         51714.31320
7397         51727.47250
7398         51740.63360
7399         51753.79650
7400         51766.96110
7401         51780.12760
7402         51793.29590
7403         51806.46600
7404         51819.63780
7405         51832.81150
7406         51845.98700
7407         51859.16420
7408         51872.34330
7409         51885.52420
7410         51898.70680
7411         51911.89130
7412         51925.07760
7413         51938.26560
7414         51951.45550
7415         51964.64710
7416         51977.84060
7417         51991.03590
7418         52004.23290
7419         52017.43180
7420         52030.63250
7421         52043.83490
7422         52057.03920
7423         52070.24520
7424         52083.45310
7425         52096.66280
7426         52109.87420
7427         52123.08750
7428         52136.30250
7429         52149.51940
7430         52162.73810
7431         52175.95850
7432         52189.18080
7433         52202.40480
7434         52215.63070
7435         52228.85840
7436         52242.08780
7437         52255.31910
7438         52268.55220
7439         52281.78700
7440         52295.02370
7441         52308.26210
7442         52321.50240
7443         52334.74450
7444         52347.98830
7445         52361.23400
7446         52374.48150
7447         52387.73070
7448         52400.98180
7449         52414.23470
7450         52427.48930
7451         52440.74580
7452         52454.00410
7453         52467.26410
7454         52480.52600
7455         52493.78970
7456         52507.05510
7457         52520.32240
7458         52533.59150
7459         52546.86240
7460         52560.13500
7461         52573.40950
7462         52586.68580
7463         52599.96390
7464         52613.24380
7465         52626.52540
7466         52639.80890
7467         52653.09420
7468         52666.38130
7469         52679.67020
7470         52692.96090
7471         52706.25330
7472         52719.54760
7473         52732.84370
7474         52746.14160
7475         52759.44130
7476         52772.74280
7477         52786.04610
7478         52799.35120
7479         52812.65810
7480         52825.96680
7481         52839.27730
7482         52852.58960
7483         52865.90370
7484         52879.21960
7485         52892.53730
7486         52905.85680
7487         52919.17810
7488         52932.50130
7489         52945.82620
7490         52959.15290
7491         52972.48140
7492         52985.81170
7493         52999.14380
7494         53012.47780
7495         53025.81350
7496         53039.15100
7497         53052.49040
7498         53065.83150
7499         53079.17440
7500         53092.51920
7501         53105.86570
7502         53119.21400
7503         53132.56420
7504         53145.91610
7505         53159.26990
7506         53172.62540
7507         53185.98280
7508         53199.34190
7509         53212.70290
7510         53226.06570
7511         53239.43020
7512         53252.79660
7513         53266.16480
7514         53279.53470
7515         53292.90650
7516         53306.28010
7517         53319.65540
7518         53333.03260
7519         53346.41160
7520         53359.79240
7521         53373.17500
7522         53386.55940
7523         53399.94560
7524         53413.33360
7525         53426.72340
7526         53440.11500
7527         53453.50840
7528         53466.90360
7529         53480.30060
7530         53493.69940
7531         53507.10000
7532         53520.50240
7533         53533.90670
7534         53547.31270
7535         53560.72050
7536         53574.13010
7537         53587.54160
7538         53600.95480
7539         53614.36990
7540         53627.78670
7541         53641.20540
7542         53654.62580
7543         53668.04810
7544         53681.47210
7545         53694.89800
7546         53708.32570
7547         53721.75510
7548         53735.18640
7549         53748.61950
7550         53762.05430
7551         53775.49100
7552         53788.92950
7553         53802.36980
7554         53815.81190
7555         53829.25580
7556         53842.70150
7557         53856.14900
7558         53869.59830
7559         53883.04940
7560         53896.50230
7561         53909.95710
7562         53923.41360
7563         53936.87190
7564         53950.33210
7565         53963.79400
7566         53977.25770
7567         53990.72330
7568         54004.19060
7569         54017.65980
7570         54031.13070
7571         54044.60350
7572         54058.07810
7573         54071.55440
7574         54085.03260
7575         54098.51260
7576         54111.99440
7577         54125.47790
7578         54138.96330
7579         54152.45050
7580         54165.93950
7581         54179.43030
7582         54192.92290
7583         54206.41740
7584         54219.91360
7585         54233.41160
7586         54246.91140
7587         54260.41300
7588         54273.91650
7589         54287.42170
7590         54300.92880
7591         54314.43760
7592         54327.94830
7593         54341.46070
7594         54354.97500
7595         54368.49110
7596         54382.00890
7597         54395.52860
7598         54409.05010
7599         54422.57340
7600         54436.09850
7601         54449.62540
7602         54463.15410
7603         54476.68460
7604         54490.21690
7605         54503.75100
7606         54517.28690
7607         54530.82470
7608         54544.36420
7609         54557.90550
7610         54571.44870
7611         54584.99360
7612         54598.54040
7613         54612.08900
7614         54625.63930
7615         54639.19150
7616         54652.74550
7617         54666.30120
7618         54679.85880
7619         54693.41820
7620         54706.97940
7621         54720.54240
7622         54734.10720
7623         54747.67380
7624         54761.24230
7625         54774.81250
7626         54788.38450
7627         54801.95840
7628         54815.53400
7629         54829.11150
7630         54842.69070
7631         54856.27180
7632         54869.85460
7633         54883.43930
7634         54897.02580
7635         54910.61410
7636         54924.20420
7637         54937.79610
7638         54951.38980
7639         54964.98530
7640         54978.58260
7641         54992.18170
7642         55005.78260
7643         55019.38540
7644         55032.98990
7645         55046.59620
7646         55060.20440
7647         55073.81430
7648         55087.42610
7649         55101.03970
7650         55114.65510
7651         55128.27220
7652         55141.89120
7653         55155.51200
7654         55169.13460
7655         55182.75900
7656         55196.38520
7657         55210.01330
7658         55223.64310
7659         55237.27470
7660         55250.90820
7661         55264.54340
7662         55278.18050
7663         55291.81930
7664         55305.46000
7665         55319.10250
7666         55332.74670
7667         55346.39280
7668         55360.04070
7669         55373.69040
7670         55387.34190
7671         55400.99520
7672         55414.65040
7673         55428.30730
7674         55441.96600
7675         55455.62660
7676         55469.28890
7677         55482.95310
7678         55496.61900
7679         55510.28680
7680         55523.95640
7681         55537.62780
7682         55551.30100
7683         55564.97600
7684         55578.65280
7685         55592.33140
7686         55606.01180
7687         55619.69400
7688         55633.37810
7689         55647.06390
7690         55660.75160
7691         55674.44100
7692         55688.13230
7693         55701.82540
7694         55715.52020
7695         55729.21690
7696         55742.91540
7697         55756.61570
7698         55770.31780
7699         55784.02180
7700         55797.72750
7701         55811.43500
7702         55825.14440
7703         55838.85550
7704         55852.56850
7705         55866.28320
7706         55879.99980
7707         55893.71820
7708         55907.43840
7709         55921.16040
7710         55934.88420
7711         55948.60980
7712         55962.33720
7713         55976.06640
7714         55989.79750
7715         56003.53030
7716         56017.26490
7717         56031.00140
7718         56044.73970
7719         56058.47970
7720         56072.22160
7721         56085.96530
7722         56099.71080
7723         56113.45810
7724         56127.20720
7725         56140.95820
7726         56154.71090
7727         56168.46540
7728         56182.22180
7729         56195.98000
7730         56209.73990
7731         56223.50170
7732         56237.26530
7733         56251.03070
7734         56264.79790
7735         56278.56690
7736         56292.33770
7737         56306.11030
7738         56319.88480
7739         56333.66100
7740         56347.43910
7741         56361.21890
7742         56375.00060
7743         56388.78410
7744         56402.56940
7745         56416.35650
7746         56430.14540
7747         56443.93610
7748         56457.72860
7749         56471.52290
7750         56485.31910
7751         56499.11700
7752         56512.91680
7753         56526.71830
7754         56540.52170
7755         56554.32690
7756         56568.13390
7757         56581.94270
7758         56595.75330
7759         56609.56570
7760         56623.38000
7761         56637.19600
7762         56651.01390
7763         56664.83350
7764         56678.65500
7765         56692.47830
7766         56706.30330
7767         56720.13020
7768         56733.95890
7769         56747.78950
7770         56761.62180
7771         56775.45590
7772         56789.29190
7773         56803.12960
7774         56816.96920
7775         56830.81050
7776         56844.65370
7777         56858.49870
7778         56872.34550
7779         56886.19410
7780         56900.04450
7781         56913.89680
7782         56927.75080
7783         56941.60670
7784         56955.46430
7785         56969.32380
7786         56983.18510
7787         56997.04820
7788         57010.91310
7789         57024.77980
7790         57038.64830
7791         57052.51860
7792         57066.39080
7793         57080.26470
7794         57094.14050
7795         57108.01800
7796         57121.89740
7797         57135.77860
7798         57149.66160
7799         57163.54640
7800         57177.43300
7801         57191.32140
7802         57205.21170
7803         57219.10370
7804         57232.99760
7805         57246.89330
7806         57260.79070
7807         57274.69000
7808         57288.59110
7809         57302.49400
7810         57316.39880
7811         57330.30530
7812         57344.21360
7813         57358.12380
7814         57372.03580
7815         57385.94950
7816         57399.86510
7817         57413.78250
7818         57427.70170
7819         57441.62270
7820         57455.54560
7821         57469.47020
7822         57483.39660
7823         57497.32490
7824         57511.25500
7825         57525.18690
7826         57539.12050
7827         57553.05600
7828         57566.99340
7829         57580.93250
7830         57594.87340
7831         57608.81620
7832         57622.76070
7833         57636.70710
7834         57650.65530
7835         57664.60530
7836         57678.55710
7837         57692.51070
7838         57706.46610
7839         57720.42330
7840         57734.38240
7841         57748.34320
7842         57762.30590
7843         57776.27040
7844         57790.23670
7845         57804.20480
7846         57818.17470
7847         57832.14640
7848         57846.11990
7849         57860.09530
7850         57874.07240
7851         57888.05140
7852         57902.03220
7853         57916.01480
7854         57929.99920
7855         57943.98540
7856         57957.97340
7857         57971.96330
7858         57985.95490
7859         57999.94840
7860         58013.94370
7861         58027.94070
7862         58041.93960
7863         58055.94030
7864         58069.94290
7865         58083.94720
7866         58097.95330
7867         58111.96130
7868         58125.97110
7869         58139.98260
7870         58153.99600
7871         58168.01120
7872         58182.02820
7873         58196.04710
7874         58210.06770
7875         58224.09020
7876         58238.11440
7877         58252.14050
7878         58266.16840
7879         58280.19810
7880         58294.22960
7881         58308.26290
7882         58322.29800
7883         58336.33500
7884         58350.37380
7885         58364.41430
7886         58378.45670
7887         58392.50090
7888         58406.54690
7889         58420.59470
7890         58434.64440
7891         58448.69580
7892         58462.74910
7893         58476.80410
7894         58490.86100
7895         58504.91970
7896         58518.98020
7897         58533.04250
7898         58547.10670
7899         58561.17260
7900         58575.24040
7901         58589.30990
7902         58603.38130
7903         58617.45450
7904         58631.52950
7905         58645.60630
7906         58659.68500
7907         58673.76540
7908         58687.84770
7909         58701.93170
7910         58716.01760
7911         58730.10530
7912         58744.19480
7913         58758.28620
7914         58772.37930
7915         58786.47420
7916         58800.57100
7917         58814.66960
7918         58828.77000
7919         58842.87220
7920         58856.97620
7921         58871.08200
7922         58885.18960
7923         58899.29910
7924         58913.41030
7925         58927.52340
7926         58941.63830
7927         58955.75500
7928         58969.87350
7929         58983.99390
7930         58998.11600
7931         59012.24000
7932         59026.36570
7933         59040.49330
7934         59054.62270
7935         59068.75390
7936         59082.88700
7937         59097.02180
7938         59111.15840
7939         59125.29690
7940         59139.43720
7941         59153.57930
7942         59167.72320
7943         59181.86890
7944         59196.01640
7945         59210.16580
7946         59224.31690
7947         59238.46990
7948         59252.62470
7949         59266.78130
7950         59280.93970
7951         59295.09990
7952         59309.26200
7953         59323.42580
7954         59337.59150
7955         59351.75900
7956         59365.92830
7957         59380.09940
7958         59394.27230
7959         59408.44700
7960         59422.62360
7961         59436.80190
7962         59450.98210
7963         59465.16410
7964         59479.34790
7965         59493.53350
7966         59507.72100
7967         59521.91020
7968         59536.10130
7969         59550.29420
7970         59564.48880
7971         59578.68530
7972         59592.88370
7973         59607.08380
7974         59621.28570
7975         59635.48950
7976         59649.69510
7977         59663.90250
7978         59678.11170
7979         59692.32270
7980         59706.53550
7981         59720.75020
7982         59734.96660
7983         59749.18490
7984         59763.40500
7985         59777.62690
7986         59791.85060
7987         59806.07620
7988         59820.30350
7989         59834.53270
7990         59848.76360
7991         59862.99640
7992         59877.23100
7993         59891.46750
7994         59905.70570
7995         59919.94580
7996         59934.18760
7997         59948.43130
7998         59962.67680
7999         59976.92410
8000         59991.17320
8001         60005.42420
8002         60019.67690
8003         60033.93150
8004         60048.18790
8005         60062.44610
8006         60076.70610
8007         60090.96790
8008         60105.23150
8009         60119.49700
8010         60133.76430
8011         60148.03340
8012         60162.30430
8013         60176.57700
8014         60190.85150
8015         60205.12790
8016         60219.40600
8017         60233.68600
8018         60247.96780
8019         60262.25140
8020         60276.53680
8021         60290.82410
8022         60305.11310
8023         60319.40400
8024         60333.69670
8025         60347.99120
8026         60362.28750
8027         60376.58560
8028         60390.88560
8029         60405.18730
8030         60419.49090
8031         60433.79630
8032         60448.10350
8033         60462.41250
8034         60476.72340
8035         60491.03600
8036         60505.35050
8037         60519.66680
8038         60533.98490
8039         60548.30480
8040         60562.62650
8041         60576.95010
8042         60591.27540
8043         60605.60260
8044         60619.93160
8045         60634.26240
8046         60648.59500
8047         60662.92950
8048         60677.26570
8049         60691.60380
8050         60705.94370
8051         60720.28540
8052         60734.62890
8053         60748.97420
8054         60763.32140
8055         60777.67040
8056         60792.02110
8057         60806.37370
8058         60820.72810
8059         60835.08440
8060         60849.44240
8061         60863.80230
8062         60878.16400
8063         60892.52750
8064         60906.89280
8065         60921.25990
8066         60935.62880
8067         60949.99960
8068         60964.37220
8069         60978.74660
8070         60993.12280
8071         61007.50080
8072         61021.88060
8073         61036.26230
8074         61050.64580
8075         61065.03110
8076         61079.41820
8077         61093.80710
8078         61108.19780
8079         61122.59040
8080         61136.98480
8081         61151.38090
8082         61165.77890
8083         61180.17880
8084         61194.58040
8085         61208.98390
8086         61223.38910
8087         61237.79620
8088         61252.20510
8089         61266.61580
8090         61281.02840
8091         61295.44270
8092         61309.85890
8093         61324.27690
8094         61338.69670
8095         61353.11830
8096         61367.54170
8097         61381.96700
8098         61396.39410
8099         61410.82290
8100         61425.25370
8101         61439.68620
8102         61454.12050
8103         61468.55670
8104         61482.99460
8105         61497.43440
8106         61511.87600
8107         61526.31940
8108         61540.76470
8109         61555.21170
8110         61569.66060
8111         61584.11130
8112         61598.56380
8113         61613.01810
8114         61627.47430
8115         61641.93220
8116         61656.39200
8117         61670.85360
8118         61685.31700
8119         61699.78220
8120         61714.24930
8121         61728.71810
8122         61743.18880
8123         61757.66130
8124         61772.13560
8125         61786.61170
8126         61801.08970
8127         61815.56950
8128         61830.05100
8129         61844.53440
8130         61859.01970
8131         61873.50670
8132         61887.99550
8133         61902.48620
8134         61916.97870
8135         61931.47300
8136         61945.96910
8137         61960.46710
8138         61974.96680
8139         61989.46840
8140         62003.97180
8141         62018.47700
8142         62032.98400
8143         62047.49290
8144         62062.00350
8145         62076.51600
8146         62091.03030
8147         62105.54640
8148         62120.06430
8149         62134.58410
8150         62149.10570
8151         62163.62900
8152         62178.15420
8153         62192.68130
8154         62207.21010
8155         62221.74080
8156         62236.27320
8157         62250.80750
8158         62265.34360
8159         62279.88160
8160         62294.42130
8161         62308.96290
8162         62323.50630
8163         62338.05150
8164         62352.59850
8165         62367.14730
8166         62381.69800
8167         62396.25040
8168         62410.80470
8169         62425.36080
8170         62439.91880
8171         62454.47850
8172         62469.04010
8173         62483.60350
8174         62498.16860
8175         62512.73570
8176         62527.30450
8177         62541.87520
8178         62556.44760
8179         62571.02190
8180         62585.59800
8181         62600.17600
8182         62614.75570
8183         62629.33730
8184         62643.92060
8185         62658.50580
8186         62673.09290
8187         62687.68170
8188         62702.27240
8189         62716.86480
8190         62731.45910
8191         62746.05520
8192         62760.65320
8193         62775.25290
8194         62789.85450
8195         62804.45790
8196         62819.06310
8197         62833.67010
8198         62848.27890
8199         62862.88960
8200         62877.50210
8201         62892.11640
8202         62906.73250
8203         62921.35040
8204         62935.97020
8205         62950.59180
8206         62965.21510
8207         62979.84040
8208         62994.46740
8209         63009.09620
8210         63023.72690
8211         63038.35940
8212         63052.99370
8213         63067.62980
8214         63082.26780
8215         63096.90750
8216         63111.54910
8217         63126.19250
8218         63140.83770
8219         63155.48470
8220         63170.13360
8221         63184.78430
8222         63199.43680
8223         63214.09110
8224         63228.74720
8225         63243.40520
8226         63258.06490
8227         63272.72650
8228         63287.38990
8229         63302.05520
8230         63316.72220
8231         63331.39110
8232         63346.06180
8233         63360.73430
8234         63375.40860
8235         63390.08470
8236         63404.76270
8237         63419.44250
8238         63434.12410
8239         63448.80750
8240         63463.49270
8241         63478.17980
8242         63492.86870
8243         63507.55940
8244         63522.25190
8245         63536.94620
8246         63551.64240
8247         63566.34040
8248         63581.04020
8249         63595.74180
8250         63610.44520
8251         63625.15050
8252         63639.85760
8253         63654.56640
8254         63669.27720
8255         63683.98970
8256         63698.70400
8257         63713.42020
8258         63728.13820
8259         63742.85800
8260         63757.57970
8261         63772.30310
8262         63787.02840
8263         63801.75550
8264         63816.48440
8265         63831.21510
8266         63845.94770
8267         63860.68200
8268         63875.41820
8269         63890.15620
8270         63904.89610
8271         63919.63770
8272         63934.38120
8273         63949.12650
8274         63963.87360
8275         63978.62250
8276         63993.37330
8277         64008.12580
8278         64022.88020
8279         64037.63640
8280         64052.39440
8281         64067.15430
8282         64081.91600
8283         64096.67950
8284         64111.44480
8285         64126.21190
8286         64140.98080
8287         64155.75160
8288         64170.52420
8289         64185.29860
8290         64200.07480
8291         64214.85290
8292         64229.63280
8293         64244.41450
8294         64259.19800
8295         64273.98330
8296         64288.77050
8297         64303.55940
8298         64318.35020
8299         64333.14280
8300         64347.93730
8301         64362.73350
8302         64377.53160
8303         64392.33150
8304         64407.13320
8305         64421.93670
8306         64436.74210
8307         64451.54930
8308         64466.35830
8309         64481.16910
8310         64495.98170
8311         64510.79620
8312         64525.61250
8313         64540.43060
8314         64555.25050
8315         64570.07220
8316         64584.89580
8317         64599.72120
8318         64614.54840
8319         64629.37740
8320         64644.20830
8321         64659.04090
8322         64673.87540
8323         64688.71170
8324         64703.54980
8325         64718.38980
8326         64733.23160
8327         64748.07520
8328         64762.92060
8329         64777.76780
8330         64792.61680
8331         64807.46770
8332         64822.32040
8333         64837.17490
8334         64852.03130
8335         64866.88940
8336         64881.74940
8337         64896.61120
8338         64911.47480
8339         64926.34030
8340         64941.20750
8341         64956.07660
8342         64970.94750
8343         64985.82020
8344         65000.69480
8345         65015.57120
8346         65030.44930
8347         65045.32940
8348         65060.21120
8349         65075.09480
8350         65089.98030
8351         65104.86760
8352         65119.75670
8353         65134.64770
8354         65149.54040
8355         65164.43500
8356         65179.33140
8357         65194.22960
8358         65209.12970
8359         65224.03150
8360         65238.93520
8361         65253.84070
8362         65268.74800
8363         65283.65720
8364         65298.56820
8365         65313.48100
8366         65328.39560
8367         65343.31200
8368         65358.23030
8369         65373.15040
8370         65388.07220
8371         65402.99600
8372         65417.92150
8373         65432.84890
8374         65447.77810
8375         65462.70910
8376         65477.64190
8377         65492.57660
8378         65507.51300
8379         65522.45130
8380         65537.39140
8381         65552.33340
8382         65567.27710
8383         65582.22270
8384         65597.17010
8385         65612.11930
8386         65627.07040
8387         65642.02330
8388         65656.97790
8389         65671.93450
8390         65686.89280
8391         65701.85290
8392         65716.81490
8393         65731.77870
8394         65746.74430
8395         65761.71180
8396         65776.68100
8397         65791.65210
8398         65806.62500
8399         65821.59980
8400         65836.57630
8401         65851.55470
8402         65866.53490
8403         65881.51690
8404         65896.50070
8405         65911.48640
8406         65926.47390
8407         65941.46320
8408         65956.45430
8409         65971.44730
8410         65986.44200
8411         66001.43860
8412         66016.43700
8413         66031.43730
8414         66046.43930
8415         66061.44320
8416         66076.44890
8417         66091.45650
8418         66106.46580
8419         66121.47700
8420         66136.49000
8421         66151.50480
8422         66166.52140
8423         66181.53990
8424         66196.56020
8425         66211.58230
8426         66226.60620
8427         66241.63190
8428         66256.65950
8429         66271.68890
8430         66286.72010
8431         66301.75320
8432         66316.78800
8433         66331.82470
8434         66346.86320
8435         66361.90350
8436         66376.94570
8437         66391.98970
8438         66407.03550
8439         66422.08310
8440         66437.13250
8441         66452.18380
8442         66467.23690
8443         66482.29180
8444         66497.34850
8445         66512.40710
8446         66527.46740
8447         66542.52960
8448         66557.59360
8449         66572.65950
8450         66587.72720
8451         66602.79660
8452         66617.86800
8453         66632.94110
8454         66648.01600
8455         66663.09280
8456         66678.17140
8457         66693.25180
8458         66708.33410
8459         66723.41820
8460         66738.50410
8461         66753.59180
8462         66768.68130
8463         66783.77270
8464         66798.86590
8465         66813.96090
8466         66829.05770
8467         66844.15630
8468         66859.25680
8469         66874.35910
8470         66889.46320
8471         66904.56920
8472         66919.67700
8473         66934.78650
8474         66949.89800
8475         66965.01120
8476         66980.12630
8477         66995.24310
8478         67010.36180
8479         67025.48240
8480         67040.60470
8481         67055.72890
8482         67070.85490
8483         67085.98270
8484         67101.11230
8485         67116.24380
8486         67131.37710
8487         67146.51220
8488         67161.64920
8489         67176.78790
8490         67191.92850
8491         67207.07090
8492         67222.21510
8493         67237.36120
8494         67252.50910
8495         67267.65880
8496         67282.81030
8497         67297.96360
8498         67313.11880
8499         67328.27580
8500         67343.43460
8501         67358.59520
8502         67373.75770
8503         67388.92200
8504         67404.08810
8505         67419.25600
8506         67434.42580
8507         67449.59730
8508         67464.77070
8509         67479.94600
8510         67495.12300
8511         67510.30190
8512         67525.48260
8513         67540.66510
8514         67555.84940
8515         67571.03560
8516         67586.22360
8517         67601.41340
8518         67616.60500
8519         67631.79850
8520         67646.99380
8521         67662.19090
8522         67677.38980
8523         67692.59060
8524         67707.79320
8525         67722.99760
8526         67738.20380
8527         67753.41180
8528         67768.62170
8529         67783.83340
8530         67799.04690
8531         67814.26230
8532         67829.47940
8533         67844.69840
8534         67859.91920
8535         67875.14190
8536         67890.36630
8537         67905.59260
8538         67920.82070
8539         67936.05060
8540         67951.28240
8541         67966.51600
8542         67981.75140
8543         67996.98860
8544         68012.22770
8545         68027.46850
8546         68042.71120
8547         68057.95580
8548         68073.20210
8549         68088.45030
8550         68103.70030
8551         68118.95210
8552         68134.20570
8553         68149.46120
8554         68164.71850
8555         68179.97760
8556         68195.23850
8557         68210.50130
8558         68225.76590
8559         68241.03230
8560         68256.30050
8561         68271.57060
8562         68286.84250
8563         68302.11620
8564         68317.39170
8565         68332.66910
8566         68347.94830
8567         68363.22930
8568         68378.51210
8569         68393.79670
8570         68409.08320
8571         68424.37150
8572         68439.66160
8573         68454.95360
8574         68470.24740
8575         68485.54300
8576         68500.84040
8577         68516.13960
8578         68531.44070
8579         68546.74360
8580         68562.04830
8581         68577.35480
8582         68592.66320
8583         68607.97340
8584         68623.28540
8585         68638.59930
8586         68653.91490
8587         68669.23240
8588         68684.55170
8589         68699.87290
8590         68715.19580
8591         68730.52060
8592         68745.84720
8593         68761.17560
8594         68776.50590
8595         68791.83800
8596         68807.17190
8597         68822.50760
8598         68837.84520
8599         68853.18460
8600         68868.52580
8601         68883.86880
8602         68899.21360
8603         68914.56030
8604         68929.90880
8605         68945.25920
8606         68960.61130
8607         68975.96530
8608         68991.32110
8609         69006.67870
8610         69022.03820
8611         69037.39940
8612         69052.76250
8613         69068.12750
8614         69083.49420
8615         69098.86280
8616         69114.23320
8617         69129.60540
8618         69144.97950
8619         69160.35530
8620         69175.73300
8621         69191.11260
8622         69206.49390
8623         69221.87710
8624         69237.26210
8625         69252.64890
8626         69268.03750
8627         69283.42800
8628         69298.82030
8629         69314.21440
8630         69329.61040
8631         69345.00810
8632         69360.40770
8633         69375.80910
8634         69391.21240
8635         69406.61750
8636         69422.02440
8637         69437.43310
8638         69452.84360
8639         69468.25600
8640         69483.67020
8641         69499.08620
8642         69514.50400
8643         69529.92370
8644         69545.34520
8645         69560.76850
8646         69576.19370
8647         69591.62060
8648         69607.04940
8649         69622.48000
8650         69637.91250
8651         69653.34680
8652         69668.78280
8653         69684.22080
8654         69699.66050
8655         69715.10210
8656         69730.54550
8657         69745.99070
8658         69761.43770
8659         69776.88660
8660         69792.33730
8661         69807.78980
8662         69823.24420
8663         69838.70030
8664         69854.15830
8665         69869.61810
8666         69885.07980
8667         69900.54330
8668         69916.00860
8669         69931.47570
8670         69946.94460
8671         69962.41540
8672         69977.88800
8673         69993.36240
8674         70008.83870
8675         70024.31670
8676         70039.79660
8677         70055.27830
8678         70070.76190
8679         70086.24730
8680         70101.73450
8681         70117.22350
8682         70132.71430
8683         70148.20700
8684         70163.70150
8685         70179.19780
8686         70194.69600
8687         70210.19600
8688         70225.69780
8689         70241.20140
8690         70256.70690
8691         70272.21410
8692         70287.72320
8693         70303.23420
8694         70318.74690
8695         70334.26150
8696         70349.77790
8697         70365.29610
8698         70380.81620
8699         70396.33810
8700         70411.86180
8701         70427.38730
8702         70442.91470
8703         70458.44380
8704         70473.97490
8705         70489.50770
8706         70505.04240
8707         70520.57880
8708         70536.11710
8709         70551.65730
8710         70567.19920
8711         70582.74300
8712         70598.28860
8713         70613.83610
8714         70629.38540
8715         70644.93640
8716         70660.48940
8717         70676.04410
8718         70691.60070
8719         70707.15910
8720         70722.71930
8721         70738.28130
8722         70753.84520
8723         70769.41090
8724         70784.97840
8725         70800.54780
8726         70816.11890
8727         70831.69190
8728         70847.26680
8729         70862.84340
8730         70878.42190
8731         70894.00220
8732         70909.58430
8733         70925.16830
8734         70940.75410
8735         70956.34170
8736         70971.93110
8737         70987.52230
8738         71003.11540
8739         71018.71030
8740         71034.30710
8741         71049.90560
8742         71065.50600
8743         71081.10820
8744         71096.71230
8745         71112.31810
8746         71127.92580
8747         71143.53530
8748         71159.14670
8749         71174.75980
8750         71190.37480
8751         71205.99170
8752         71221.61030
8753         71237.23080
8754         71252.85310
8755         71268.47720
8756         71284.10310
8757         71299.73090
8758         71315.36050
8759         71330.99200
8760         71346.62520
8761         71362.26030
8762         71377.89720
8763         71393.53590
8764         71409.17650
8765         71424.81890
8766         71440.46310
8767         71456.10910
8768         71471.75700
8769         71487.40670
8770         71503.05820
8771         71518.71150
8772         71534.36670
8773         71550.02370
8774         71565.68250
8775         71581.34310
8776         71597.00560
8777         71612.66990
8778         71628.33600
8779         71644.00400
8780         71659.67380
8781         71675.34540
8782         71691.01880
8783         71706.69410
8784         71722.37110
8785         71738.05000
8786         71753.73080
8787         71769.41330
8788         71785.09770
8789         71800.78390
8790         71816.47200
8791         71832.16180
8792         71847.85350
8793         71863.54700
8794         71879.24240
8795         71894.93960
8796         71910.63860
8797         71926.33940
8798         71942.04200
8799         71957.74650
8800         71973.45280
8801         71989.16090
8802         72004.87090
8803         72020.58270
8804         72036.29630
8805         72052.01170
8806         72067.72900
8807         72083.44810
8808         72099.16900
8809         72114.89170
8810         72130.61630
8811         72146.34270
8812         72162.07090
8813         72177.80090
8814         72193.53280
8815         72209.26650
8816         72225.00200
8817         72240.73940
8818         72256.47860
8819         72272.21960
8820         72287.96240
8821         72303.70700
8822         72319.45350
8823         72335.20180
8824         72350.95200
8825         72366.70390
8826         72382.45770
8827         72398.21330
8828         72413.97080
8829         72429.73010
8830         72445.49110
8831         72461.25410
8832         72477.01880
8833         72492.78540
8834         72508.55380
8835         72524.32400
8836         72540.09610
8837         72555.87000
8838         72571.64570
8839         72587.42320
8840         72603.20260
8841         72618.98380
8842         72634.76680
8843         72650.55160
8844         72666.33830
8845         72682.12680
8846         72697.91710
8847         72713.70930
8848         72729.50320
8849         72745.29900
8850         72761.09670
8851         72776.89610
8852         72792.69740
8853         72808.50050
8854         72824.30540
8855         72840.11220
8856         72855.92080
8857         72871.73120
8858         72887.54340
8859         72903.35750
8860         72919.17340
8861         72934.99110
8862         72950.81070
8863         72966.63210
8864         72982.45530
8865         72998.28030
8866         73014.10720
8867         73029.93580
8868         73045.76630
8869         73061.59870
8870         73077.43290
8871         73093.26880
8872         73109.10670
8873         73124.94630
8874         73140.78780
8875         73156.63110
8876         73172.47620
8877         73188.32320
8878         73204.17190
8879         73220.02250
8880         73235.87500
8881         73251.72920
8882         73267.58530
8883         73283.44320
8884         73299.30300
8885         73315.16450
8886         73331.02790
8887         73346.89320
8888         73362.76020
8889         73378.62910
8890         73394.49980
8891         73410.37230
8892         73426.24670
8893         73442.12290
8894         73458.00090
8895         73473.88070
8896         73489.76240
8897         73505.64590
8898         73521.53120
8899         73537.41830
8900         73553.30730
8901         73569.19810
8902         73585.09070
8903         73600.98520
8904         73616.88140
8905         73632.77960
8906         73648.67950
8907         73664.58130
8908         73680.48480
8909         73696.39030
8910         73712.29750
8911         73728.20660
8912         73744.11750
8913         73760.03020
8914         73775.94470
8915         73791.86110
8916         73807.77930
8917         73823.69940
8918         73839.62120
8919         73855.54490
8920         73871.47040
8921         73887.39780
8922         73903.32690
8923         73919.25790
8924         73935.19070
8925         73951.12540
8926         73967.06190
8927         73983.00020
8928         73998.94030
8929         74014.88230
8930         74030.82610
8931         74046.77170
8932         74062.71910
8933         74078.66840
8934         74094.61950
8935         74110.57240
8936         74126.52710
8937         74142.48370
8938         74158.44210
8939         74174.40230
8940         74190.36440
8941         74206.32830
8942         74222.29400
8943         74238.26150
8944         74254.23090
8945         74270.20210
8946         74286.17510
8947         74302.15000
8948         74318.12660
8949         74334.10510
8950         74350.08550
8951         74366.06760
8952         74382.05160
8953         74398.03740
8954         74414.02510
8955         74430.01450
8956         74446.00580
8957         74461.99900
8958         74477.99390
8959         74493.99070
8960         74509.98930
8961         74525.98970
8962         74541.99200
8963         74557.99610
8964         74574.00200
8965         74590.00970
8966         74606.01930
8967         74622.03070
8968         74638.04390
8969         74654.05890
8970         74670.07580
8971         74686.09450
8972         74702.11510
8973         74718.13740
8974         74734.16160
8975         74750.18760
8976         74766.21550
8977         74782.24510
8978         74798.27660
8979         74814.31000
8980         74830.34510
8981         74846.38210
8982         74862.42090
8983         74878.46150
8984         74894.50400
8985         74910.54830
8986         74926.59440
8987         74942.64230
8988         74958.69210
8989         74974.74370
8990         74990.79710
8991         75006.85240
8992         75022.90950
8993         75038.96840
8994         75055.02910
8995         75071.09170
8996         75087.15610
8997         75103.22230
8998         75119.29030
8999         75135.36020
9000         75151.43190