   1             2.03942
   2             2.49163
   3             3.19001
   4             3.94643
   5             4.72091
   6             5.50331
   7             6.28991
   8             7.07903
   9             7.86976
  10             8.66161
  11             9.45425
  12            10.24748
  13            11.04115
  14            11.83517
  15            12.62947
  16            13.42399
  17            14.21870
  18            15.01356
  19            15.80855
  20            16.60365
  21            17.39884
  22            18.19412
  23            18.98946
  24            19.78487
  25            20.58033
  26            21.37584
  27            22.17140
  28            22.96700
  29            23.76263
  30            24.55829
  31            25.35399
  32            26.14971
  33            26.94545
  34            27.74122
  35            28.53701
  36            29.33282
  37            30.12865
  38            30.92450
  39            31.72037
  40            32.51624
  41            33.31214
  42            34.10804
  43            34.90396
  44            35.69990
  45            36.49584
  46            37.29180
  47            38.08776
  48            38.88374
  49            39.67973
  50            40.47572
  51            41.27173
  52            42.06774
  53            42.86377
  54            43.65980
  55            44.45584
  56            45.25188
  57            46.04794
  58            46.84400
  59            47.64007
  60            48.43614
  61            49.23223
  62            50.02832
  63            50.82441
  64            51.62051
  65            52.41662
  66            53.21274
  67            54.00886
  68            54.80499
  69            55.60112
  70            56.39726
  71            57.19340
  72            57.98955
  73            58.78571
  74            59.58187
  75            60.37803
  76            61.17421
  77            61.97038
  78            62.76656
  79            63.56275
  80            64.35894
  81            65.15514
  82            65.95134
  83            66.74755
  84            67.54376
  85            68.33998
  86            69.13620
  87            69.93242
  88            70.72866
  89            71.52489
  90            72.32113
  91            73.11738
  92            73.91362
  93            74.70988
  94            75.50614
  95            76.30240
  96            77.09867
  97            77.89494
  98            78.69121
  99            79.48749
 100            80.28378
 101            81.08007
 102            81.87636
 103            82.67266
 104            83.46896
 105            84.26527
 106            85.06158
 107            85.85789
 108            86.65421
 109            87.45054
 110            88.24686
 111            89.04320
 112            89.83953
 113            90.63587
 114            91.43222
 115            92.22856
 116            93.02492
 117            93.82127
 118            94.61763
 119            95.41400
 120            96.21037
 121            97.00674
 122            97.80312
 123            98.59950
 124            99.39588
 125           100.19227
 126           100.98866
 127           101.78506
 128           102.58146
 129           103.37787
 130           104.17428
 131           104.97069
 132           105.76711
 133           106.56353
 134           107.35995
 135           108.15638
 136           108.95281
 137           109.74925
 138           110.54569
 139           111.34214
 140           112.13858
 141           112.93504
 142           113.73149
 143           114.52795
 144           115.32442
 145           116.12089
 146           116.91736
 147           117.71383
 148           118.51031
 149           119.30680
 150           120.10328
 151           120.89978
 152           121.69627
 153           122.49277
 154           123.28927
 155           124.08578
 156           124.88229
 157           125.67880
 158           126.47532
 159           127.27185
 160           128.06837
 161           128.86490
 162           129.66144
 163           130.45797
 164           131.25452
 165           132.05106
 166           132.84761
 167           133.64416
 168           134.44072
 169           135.23728
 170           136.03385
 171           136.83041
 172           137.62699
 173           138.42356
 174           139.22014
 175           140.01673
 176           140.81332
 177           141.60991
 178           142.40650
 179           143.20310
 180           143.99971
 181           144.79631
 182           145.59292
 183           146.38954
 184           147.18616
 185           147.98278
 186           148.77941
 187           149.57604
 188           150.37267
 189           151.16931
 190           151.96596
 191           152.76260
 192           153.55925
 193           154.35591
 194           155.15257
 195           155.94923
 196           156.74589
 197           157.54256
 198           158.33924
 199           159.13592
 200           159.93260
 201           160.72929
 202           161.52598
 203           162.32267
 204           163.11937
 205           163.91608
 206           164.71278
 207           165.50950
 208           166.30621
 209           167.10294
 210           167.89966
 211           168.69639
 212           169.49312
 213           170.28986
 214           171.08660
 215           171.88335
 216           172.68010
 217           173.47686
 218           174.27362
 219           175.07039
 220           175.86716
 221           176.66393
 222           177.46071
 223           178.25750
 224           179.05429
 225           179.85108
 226           180.64788
 227           181.44469
 228           182.24150
 229           183.03831
 230           183.83513
 231           184.63196
 232           185.42879
 233           186.22563
 234           187.02247
 235           187.81932
 236           188.61617
 237           189.41303
 238           190.20989
 239           191.00677
 240           191.80364
 241           192.60053
 242           193.39742
 243           194.19431
 244           194.99122
 245           195.78813
 246           196.58504
 247           197.38196
 248           198.17889
 249           198.97583
 250           199.77277
 251           200.56972
 252           201.36668
 253           202.16365
 254           202.96062
 255           203.75760
 256           204.55459
 257           205.35158
 258           206.14859
 259           206.94560
 260           207.74262
 261           208.53965
 262           209.33669
 263           210.13374
 264           210.93079
 265           211.72786
 266           212.52493
 267           213.32202
 268           214.11911
 269           214.91622
 270           215.71333
 271           216.51046
 272           217.30759
 273           218.10474
 274           218.90189
 275           219.69906
 276           220.49624
 277           221.29343
 278           222.09063
 279           222.88785
 280           223.68508
 281           224.48231
 282           225.27957
 283           226.07683
 284           226.87411
 285           227.67140
 286           228.46870
 287           229.26602
 288           230.06336
 289           230.86070
 290           231.65807
 291           232.45544
 292           233.25284
 293           234.05024
 294           234.84767
 295           235.64511
 296           236.44257
 297           237.24004
 298           238.03753
 299           238.83504
 300           239.63256
 301           240.43010
 302           241.22767
 303           242.02525
 304           242.82285
 305           243.62046
 306           244.41810
 307           245.21576
 308           246.01344
 309           246.81114
 310           247.60886
 311           248.40660
 312           249.20436
 313           250.00215
 314           250.79996
 315           251.59779
 316           252.39565
 317           253.19352
 318           253.99143
 319           254.78935
 320           255.58731
 321           256.38528
 322           257.18329
 323           257.98132
 324           258.77937
 325           259.57746
 326           260.37557
 327           261.17371
 328           261.97188
 329           262.77007
 330           263.56830
 331           264.36656
 332           265.16484
 333           265.96316
 334           266.76151
 335           267.55989
 336           268.35830
 337           269.15675
 338           269.95523
 339           270.75374
 340           271.55229
 341           272.35087
 342           273.14948
 343           273.94814
 344           274.74683
 345           275.54555
 346           276.34432
 347           277.14312
 348           277.94196
 349           278.74084
 350           279.53976
 351           280.33871
 352           281.13771
 353           281.93676
 354           282.73584
 355           283.53496
 356           284.33413
 357           285.13334
 358           285.93260
 359           286.73190
 360           287.53125
 361           288.33064
 362           289.13008
 363           289.92957
 364           290.72910
 365           291.52869
 366           292.32832
 367           293.12800
 368           293.92773
 369           294.72752
 370           295.52735
 371           296.32724
 372           297.12718
 373           297.92718
 374           298.72723
 375           299.52733
 376           300.32749
 377           301.12771
 378           301.92798
 379           302.72831
 380           303.52870
 381           304.32915
 382           305.12966
 383           305.93023
 384           306.73086
 385           307.53155
 386           308.33230
 387           309.13312
 388           309.93400
 389           310.73495
 390           311.53596
 391           312.33704
 392           313.13819
 393           313.93940
 394           314.74068
 395           315.54203
 396           316.34345
 397           317.14494
 398           317.94651
 399           318.74814
 400           319.54985
 401           320.35163
 402           321.15349
 403           321.95542
 404           322.75743
 405           323.55951
 406           324.36167
 407           325.16391
 408           325.96623
 409           326.76863
 410           327.57111
 411           328.37367
 412           329.17631
 413           329.97904
 414           330.78185
 415           331.58475
 416           332.38773
 417           333.19080
 418           333.99395
 419           334.79719
 420           335.60053
 421           336.40395
 422           337.20746
 423           338.01106
 424           338.81476
 425           339.61854
 426           340.42243
 427           341.22640
 428           342.03047
 429           342.83464
 430           343.63891
 431           344.44327
 432           345.24773
 433           346.05229
 434           346.85696
 435           347.66172
 436           348.46659
 437           349.27155
 438           350.07663
 439           350.88181
 440           351.68709
 441           352.49248
 442           353.29798
 443           354.10358
 444           354.90930
 445           355.71512
 446           356.52106
 447           357.32711
 448           358.13327
 449           358.93954
 450           359.74593
 451           360.55244
 452           361.35906
 453           362.16579
 454           362.97265
 455           363.77962
 456           364.58672
 457           365.39393
 458           366.20127
 459           367.00873
 460           367.81631
 461           368.62402
 462           369.43185
 463           370.23981
 464           371.04789
 465           371.85611
 466           372.66445
 467           373.47292
 468           374.28152
 469           375.09026
 470           375.89913
 471           376.70813
 472           377.51726
 473           378.32653
 474           379.13594
 475           379.94548
 476           380.75516
 477           381.56498
 478           382.37494
 479           383.18504
 480           383.99528
 481           384.80566
 482           385.61619
 483           386.42686
 484           387.23768
 485           388.04864
 486           388.85976
 487           389.67101
 488           390.48242
 489           391.29398
 490           392.10569
 491           392.91755
 492           393.72956
 493           394.54173
 494           395.35405
 495           396.16653
 496           396.97916
 497           397.79195
 498           398.60490
 499           399.41801
 500           400.23128
 501           401.04471
 502           401.85830
 503           402.67206
 504           403.48597
 505           404.30006
 506           405.11431
 507           405.92872
 508           406.74330
 509           407.55806
 510           408.37298
 511           409.18807
 512           410.00333
 513           410.81877
 514           411.63437
 515           412.45016
 516           413.26611
 517           414.08225
 518           414.89856
 519           415.71504
 520           416.53171
 521           417.34856
 522           418.16558
 523           418.98279
 524           419.80018
 525           420.61776
 526           421.43552
 527           422.25346
 528           423.07159
 529           423.88990
 530           424.70841
 531           425.52710
 532           426.34599
 533           427.16506
 534           427.98433
 535           428.80379
 536           429.62344
 537           430.44328
 538           431.26333
 539           432.08356
 540           432.90400
 541           433.72463
 542           434.54546
 543           435.36649
 544           436.18773
 545           437.00916
 546           437.83080
 547           438.65264
 548           439.47469
 549           440.29694
 550           441.11939
 551           441.94206
 552           442.76493
 553           443.58801
 554           444.41130
 555           445.23480
 556           446.05852
 557           446.88245
 558           447.70659
 559           448.53094
 560           449.35551
 561           450.18030
 562           451.00530
 563           451.83052
 564           452.65596
 565           453.48162
 566           454.30750
 567           455.13361
 568           455.95993
 569           456.78648
 570           457.61325
 571           458.44025
 572           459.26747
 573           460.09492
 574           460.92260
 575           461.75051
 576           462.57865
 577           463.40702
 578           464.23561
 579           465.06445
 580           465.89351
 581           466.72281
 582           467.55234
 583           468.38211
 584           469.21212
 585           470.04236
 586           470.87284
 587           471.70356
 588           472.53452
 589           473.36572
 590           474.19717
 591           475.02886
 592           475.86079
 593           476.69296
 594           477.52538
 595           478.35805
 596           479.19096
 597           480.02412
 598           480.85753
 599           481.69119
 600           482.52510
 601           483.35926
 602           484.19367
 603           485.02833
 604           485.86325
 605           486.69843
 606           487.53386
 607           488.36954
 608           489.20549
 609           490.04168
 610           490.87815
 611           491.71486
 612           492.55184
 613           493.38909
 614           494.22659
 615           495.06435
 616           495.90238
 617           496.74068
 618           497.57924
 619           498.41807
 620           499.25716
 621           500.09652
 622           500.93615
 623           501.77605
 624           502.61622
 625           503.45666
 626           504.29737
 627           505.13836
 628           505.97962
 629           506.82115
 630           507.66296
 631           508.50505
 632           509.34741
 633           510.19005
 634           511.03296
 635           511.87616
 636           512.71964
 637           513.56340
 638           514.40743
 639           515.25176
 640           516.09636
 641           516.94125
 642           517.78642
 643           518.63188
 644           519.47763
 645           520.32366
 646           521.16998
 647           522.01659
 648           522.86348
 649           523.71067
 650           524.55815
 651           525.40592
 652           526.25399
 653           527.10234
 654           527.95099
 655           528.79994
 656           529.64918
 657           530.49871
 658           531.34855
 659           532.19868
 660           533.04911
 661           533.89984
 662           534.75087
 663           535.60220
 664           536.45383
 665           537.30576
 666           538.15800
 667           539.01054
 668           539.86339
 669           540.71654
 670           541.56999
 671           542.42376
 672           543.27783
 673           544.13220
 674           544.98689
 675           545.84189
 676           546.69719
 677           547.55281
 678           548.40874
 679           549.26499
 680           550.12154
 681           550.97841
 682           551.83559
 683           552.69309
 684           553.55091
 685           554.40904
 686           555.26749
 687           556.12626
 688           556.98535
 689           557.84475
 690           558.70448
 691           559.56453
 692           560.42489
 693           561.28558
 694           562.14660
 695           563.00794
 696           563.86960
 697           564.73159
 698           565.59390
 699           566.45654
 700           567.31951
 701           568.18281
 702           569.04643
 703           569.91038
 704           570.77466
 705           571.63928
 706           572.50422
 707           573.36950
 708           574.23511
 709           575.10105
 710           575.96732
 711           576.83393
 712           577.70088
 713           578.56816
 714           579.43578
 715           580.30374
 716           581.17203
 717           582.04066
 718           582.90963
 719           583.77894
 720           584.64859
 721           585.51859
 722           586.38892
 723           587.25959
 724           588.13062
 725           589.00198
 726           589.87369
 727           590.74574
 728           591.61813
 729           592.49088
 730           593.36397
 731           594.23741
 732           595.11119
 733           595.98533
 734           596.85981
 735           597.73465
 736           598.60983
 737           599.48537
 738           600.36125
 739           601.23749
 740           602.11409
 741           602.99103
 742           603.86833
 743           604.74599
 744           605.62400
 745           606.50237
 746           607.38109
 747           608.26017
 748           609.13961
 749           610.01941
 750           610.89956
 751           611.78008
 752           612.66095
 753           613.54219
 754           614.42379
 755           615.30575
 756           616.18807
 757           617.07076
 758           617.95381
 759           618.83722
 760           619.72100
 761           620.60514
 762           621.48965
 763           622.37453
 764           623.25978
 765           624.14539
 766           625.03137
 767           625.91772
 768           626.80444
 769           627.69152
 770           628.57898
 771           629.46681
 772           630.35502
 773           631.24359
 774           632.13254
 775           633.02186
 776           633.91155
 777           634.80162
 778           635.69207
 779           636.58289
 780           637.47408
 781           638.36565
 782           639.25761
 783           640.14993
 784           641.04264
 785           641.93572
 786           642.82919
 787           643.72303
 788           644.61725
 789           645.51186
 790           646.40685
 791           647.30222
 792           648.19797
 793           649.09410
 794           649.99062
 795           650.88752
 796           651.78481
 797           652.68248
 798           653.58054
 799           654.47898
 800           655.37781
 801           656.27703
 802           657.17664
 803           658.07663
 804           658.97701
 805           659.87778
 806           660.77895
 807           661.68050
 808           662.58244
 809           663.48477
 810           664.38750
 811           665.29062
 812           666.19413
 813           667.09803
 814           668.00233
 815           668.90702
 816           669.81211
 817           670.71759
 818           671.62347
 819           672.52975
 820           673.43642
 821           674.34348
 822           675.25095
 823           676.15881
 824           677.06708
 825           677.97574
 826           678.88480
 827           679.79426
 828           680.70412
 829           681.61438
 830           682.52505
 831           683.43611
 832           684.34758
 833           685.25946
 834           686.17173
 835           687.08441
 836           687.99749
 837           688.91098
 838           689.82487
 839           690.73917
 840           691.65387
 841           692.56899
 842           693.48451
 843           694.40043
 844           695.31676
 845           696.23351
 846           697.15066
 847           698.06822
 848           698.98619
 849           699.90457
 850           700.82336
 851           701.74256
 852           702.66217
 853           703.58220
 854           704.50263
 855           705.42348
 856           706.34475
 857           707.26643
 858           708.18852
 859           709.11102
 860           710.03394
 861           710.95728
 862           711.88103
 863           712.80520
 864           713.72978
 865           714.65478
 866           715.58020
 867           716.50604
 868           717.43230
 869           718.35897
 870           719.28606
 871           720.21358
 872           721.14151
 873           722.06986
 874           722.99864
 875           723.92783
 876           724.85745
 877           725.78749
 878           726.71795
 879           727.64884
 880           728.58015
 881           729.51188
 882           730.44403
 883           731.37661
 884           732.30962
 885           733.24305
 886           734.17690
 887           735.11119
 888           736.04589
 889           736.98103
 890           737.91659
 891           738.85258
 892           739.78900
 893           740.72585
 894           741.66312
 895           742.60083
 896           743.53896
 897           744.47753
 898           745.41652
 899           746.35595
 900           747.29580
 901           748.23609
 902           749.17681
 903           750.11796
 904           751.05955
 905           752.00157
 906           752.94402
 907           753.88690
 908           754.83022
 909           755.77397
 910           756.71816
 911           757.66279
 912           758.60785
 913           759.55334
 914           760.49927
 915           761.44564
 916           762.39244
 917           763.33969
 918           764.28737
 919           765.23549
 920           766.18404
 921           767.13304
 922           768.08247
 923           769.03235
 924           769.98266
 925           770.93341
 926           771.88461
 927           772.83625
 928           773.78832
 929           774.74084
 930           775.69380
 931           776.64721
 932           777.60105
 933           778.55534
 934           779.51007
 935           780.46525
 936           781.42087
 937           782.37693
 938           783.33344
 939           784.29039
 940           785.24779
 941           786.20564
 942           787.16393
 943           788.12267
 944           789.08185
 945           790.04148
 946           791.00156
 947           791.96209
 948           792.92306
 949           793.88449
 950           794.84636
 951           795.80868
 952           796.77145
 953           797.73467
 954           798.69834
 955           799.66246
 956           800.62703
 957           801.59205
 958           802.55752
 959           803.52345
 960           804.48982
 961           805.45665
 962           806.42393
 963           807.39166
 964           808.35985
 965           809.32849
 966           810.29759
 967           811.26713
 968           812.23714
 969           813.20759
 970           814.17850
 971           815.14987
 972           816.12170
 973           817.09398
 974           818.06671
 975           819.03990
 976           820.01355
 977           820.98766
 978           821.96222
 979           822.93724
 980           823.91272
 981           824.88865
 982           825.86505
 983           826.84191
 984           827.81922
 985           828.79699
 986           829.77523
 987           830.75392
 988           831.73307
 989           832.71269
 990           833.69276
 991           834.67330
 992           835.65430
 993           836.63576
 994           837.61768
 995           838.60006
 996           839.58291
 997           840.56622
 998           841.54999
 999           842.53422
1000           843.51892
1001           844.50409
1002           845.48972
1003           846.47581
1004           847.46237
1005           848.44939
1006           849.43688
1007           850.42483
1008           851.41325
1009           852.40214
1010           853.39149
1011           854.38131
1012           855.37160
1013           856.36235
1014           857.35357
1015           858.34526
1016           859.33742
1017           860.33005
1018           861.32314
1019           862.31670
1020           863.31074
1021           864.30524
1022           865.30021
1023           866.29565
1024           867.29156
1025           868.28795
1026           869.28480
1027           870.28212
1028           871.27992
1029           872.27819
1030           873.27693
1031           874.27614
1032           875.27582
1033           876.27598
1034           877.27660
1035           878.27770
1036           879.27928
1037           880.28133
1038           881.28385
1039           882.28685
1040           883.29032
1041           884.29426
1042           885.29868
1043           886.30357
1044           887.30894
1045           888.31479
1046           889.32111
1047           890.32791
1048           891.33518
1049           892.34293
1050           893.35116
1051           894.35986
1052           895.36904
1053           896.37870
1054           897.38883
1055           898.39945
1056           899.41054
1057           900.42211
1058           901.43416
1059           902.44669
1060           903.45969
1061           904.47318
1062           905.48714
1063           906.50159
1064           907.51651
1065           908.53192
1066           909.54780
1067           910.56417
1068           911.58102
1069           912.59835
1070           913.61616
1071           914.63445
1072           915.65322
1073           916.67248
1074           917.69221
1075           918.71243
1076           919.73314
1077           920.75432
1078           921.77599
1079           922.79814
1080           923.82078
1081           924.84390
1082           925.86750
1083           926.89159
1084           927.91616
1085           928.94122
1086           929.96676
1087           930.99279
1088           932.01930
1089           933.04630
1090           934.07378
1091           935.10175
1092           936.13021
1093           937.15915
1094           938.18858
1095           939.21849
1096           940.24890
1097           941.27979
1098           942.31116
1099           943.34303
1100           944.37538
1101           945.40822
1102           946.44155
1103           947.47537
1104           948.50968
1105           949.54447
1106           950.57975
1107           951.61553
1108           952.65179
1109           953.68854
1110           954.72578
1111           955.76352
1112           956.80174
1113           957.84045
1114           958.87966
1115           959.91935
1116           960.95954
1117           962.00022
1118           963.04138
1119           964.08304
1120           965.12520
1121           966.16784
1122           967.21098
1123           968.25461
1124           969.29873
1125           970.34334
1126           971.38845
1127           972.43405
1128           973.48014
1129           974.52673
1130           975.57381
1131           976.62139
1132           977.66946
1133           978.71802
1134           979.76708
1135           980.81664
1136           981.86668
1137           982.91723
1138           983.96826
1139           985.01980
1140           986.07183
1141           987.12435
1142           988.17737
1143           989.23089
1144           990.28491
1145           991.33942
1146           992.39442
1147           993.44993
1148           994.50593
1149           995.56243
1150           996.61943
1151           997.67692
1152           998.73491
1153           999.79340
1154          1000.85239
1155          1001.91188
1156          1002.97186
1157          1004.03234
1158          1005.09333
1159          1006.15481
1160          1007.21679
1161          1008.27927
1162          1009.34225
1163          1010.40573
1164          1011.46970
1165          1012.53418
1166          1013.59916
1167          1014.66464
1168          1015.73063
1169          1016.79711
1170          1017.86409
1171          1018.93157
1172          1019.99956
1173          1021.06804
1174          1022.13703
1175          1023.20652
1176          1024.27651
1177          1025.34701
1178          1026.41800
1179          1027.48950
1180          1028.56150
1181          1029.63400
1182          1030.70701
1183          1031.78052
1184          1032.85453
1185          1033.92905
1186          1035.00407
1187          1036.07959
1188          1037.15562
1189          1038.23215
1190          1039.30919
1191          1040.38673
1192          1041.46478
1193          1042.54333
1194          1043.62238
1195          1044.70194
1196          1045.78200
1197          1046.86257
1198          1047.94365
1199          1049.02523
1200          1050.10732
1201          1051.18991
1202          1052.27301
1203          1053.35662
1204          1054.44073
1205          1055.52535
1206          1056.61047
1207          1057.69610
1208          1058.78224
1209          1059.86889
1210          1060.95604
1211          1062.04370
1212          1063.13187
1213          1064.22055
1214          1065.30973
1215          1066.39943
1216          1067.48963
1217          1068.58034
1218          1069.67155
1219          1070.76328
1220          1071.85551
1221          1072.94826
1222          1074.04151
1223          1075.13527
1224          1076.22955
1225          1077.32433
1226          1078.41962
1227          1079.51542
1228          1080.61173
1229          1081.70855
1230          1082.80588
1231          1083.90372
1232          1085.00208
1233          1086.10094
1234          1087.20031
1235          1088.30020
1236          1089.40060
1237          1090.50150
1238          1091.60292
1239          1092.70485
1240          1093.80729
1241          1094.91025
1242          1096.01371
1243          1097.11769
1244          1098.22218
1245          1099.32718
1246          1100.43270
1247          1101.53873
1248          1102.64527
1249          1103.75232
1250          1104.85989
1251          1105.96797
1252          1107.07656
1253          1108.18567
1254          1109.29529
1255          1110.40542
1256          1111.51607
1257          1112.62723
1258          1113.73891
1259          1114.85110
1260          1115.96380
1261          1117.07702
1262          1118.19075
1263          1119.30500
1264          1120.41977
1265          1121.53504
1266          1122.65084
1267          1123.76715
1268          1124.88397
1269          1126.00131
1270          1127.11917
1271          1128.23754
1272          1129.35643
1273          1130.47583
1274          1131.59575
1275          1132.71619
1276          1133.83714
1277          1134.95861
1278          1136.08059
1279          1137.20310
1280          1138.32612
1281          1139.44965
1282          1140.57371
1283          1141.69828
1284          1142.82337
1285          1143.94897
1286          1145.07510
1287          1146.20174
1288          1147.32890
1289          1148.45658
1290          1149.58478
1291          1150.71349
1292          1151.84272
1293          1152.97248
1294          1154.10274
1295          1155.23353
1296          1156.36484
1297          1157.49667
1298          1158.62902
1299          1159.76188
1300          1160.89527
1301          1162.02917
1302          1163.16360
1303          1164.29854
1304          1165.43400
1305          1166.56999
1306          1167.70649
1307          1168.84352
1308          1169.98106
1309          1171.11913
1310          1172.25771
1311          1173.39682
1312          1174.53644
1313          1175.67659
1314          1176.81726
1315          1177.95845
1316          1179.10016
1317          1180.24240
1318          1181.38515
1319          1182.52843
1320          1183.67223
1321          1184.81655
1322          1185.96139
1323          1187.10675
1324          1188.25264
1325          1189.39904
1326          1190.54598
1327          1191.69343
1328          1192.84140
1329          1193.98990
1330          1195.13892
1331          1196.28847
1332          1197.43854
1333          1198.58913
1334          1199.74024
1335          1200.89188
1336          1202.04404
1337          1203.19672
1338          1204.34993
1339          1205.50366
1340          1206.65792
1341          1207.81270
1342          1208.96800
1343          1210.12383
1344          1211.28018
1345          1212.43706
1346          1213.59446
1347          1214.75239
1348          1215.91084
1349          1217.06982
1350          1218.22932
1351          1219.38934
1352          1220.54989
1353          1221.71097
1354          1222.87257
1355          1224.03470
1356          1225.19735
1357          1226.36053
1358          1227.52424
1359          1228.68847
1360          1229.85323
1361          1231.01851
1362          1232.18432
1363          1233.35065
1364          1234.51751
1365          1235.68490
1366          1236.85282
1367          1238.02126
1368          1239.19023
1369          1240.35972
1370          1241.52975
1371          1242.70030
1372          1243.87137
1373          1245.04298
1374          1246.21511
1375          1247.38777
1376          1248.56095
1377          1249.73467
1378          1250.90891
1379          1252.08368
1380          1253.25898
1381          1254.43481
1382          1255.61116
1383          1256.78804
1384          1257.96546
1385          1259.14340
1386          1260.32186
1387          1261.50086
1388          1262.68039
1389          1263.86044
1390          1265.04103
1391          1266.22214
1392          1267.40378
1393          1268.58595
1394          1269.76865
1395          1270.95188
1396          1272.13564
1397          1273.31993
1398          1274.50475
1399          1275.69010
1400          1276.87598
1401          1278.06239
1402          1279.24933
1403          1280.43680
1404          1281.62480
1405          1282.81333
1406          1284.00239
1407          1285.19198
1408          1286.38210
1409          1287.57275
1410          1288.76394
1411          1289.95565
1412          1291.14790
1413          1292.34067
1414          1293.53398
1415          1294.72782
1416          1295.92219
1417          1297.11709
1418          1298.31253
1419          1299.50849
1420          1300.70499
1421          1301.90202
1422          1303.09958
1423          1304.29767
1424          1305.49629
1425          1306.69545
1426          1307.89514
1427          1309.09536
1428          1310.29612
1429          1311.49740
1430          1312.69922
1431          1313.90157
1432          1315.10446
1433          1316.30787
1434          1317.51182
1435          1318.71631
1436          1319.92132
1437          1321.12687
1438          1322.33296
1439          1323.53957
1440          1324.74672
1441          1325.95441
1442          1327.16262
1443          1328.37137
1444          1329.58066
1445          1330.79048
1446          1332.00083
1447          1333.21172
1448          1334.42314
1449          1335.63509
1450          1336.84758
1451          1338.06060
1452          1339.27416
1453          1340.48826
1454          1341.70288
1455          1342.91805
1456          1344.13374
1457          1345.34997
1458          1346.56674
1459          1347.78404
1460          1349.00188
1461          1350.22025
1462          1351.43916
1463          1352.65860
1464          1353.87858
1465          1355.09909
1466          1356.32014
1467          1357.54173
1468          1358.76385
1469          1359.98651
1470          1361.20970
1471          1362.43343
1472          1363.65769
1473          1364.88249
1474          1366.10783
1475          1367.33370
1476          1368.56011
1477          1369.78706
1478          1371.01454
1479          1372.24256
1480          1373.47112
1481          1374.70021
1482          1375.92984
1483          1377.16001
1484          1378.39071
1485          1379.62195
1486          1380.85373
1487          1382.08604
1488          1383.31890
1489          1384.55229
1490          1385.78622
1491          1387.02068
1492          1388.25568
1493          1389.49122
1494          1390.72730
1495          1391.96392
1496          1393.20107
1497          1394.43876
1498          1395.67699
1499          1396.91576
1500          1398.15507
1501          1399.39491
1502          1400.63530
1503          1401.87622
1504          1403.11768
1505          1404.35967
1506          1405.60221
1507          1406.84529
1508          1408.08890
1509          1409.33306
1510          1410.57775
1511          1411.82298
1512          1413.06875
1513          1414.31506
1514          1415.56191
1515          1416.80930
1516          1418.05723
1517          1419.30570
1518          1420.55470
1519          1421.80425
1520          1423.05434
1521          1424.30496
1522          1425.55613
1523          1426.80783
1524          1428.06008
1525          1429.31287
1526          1430.56619
1527          1431.82006
1528          1433.07446
1529          1434.32941
1530          1435.58490
1531          1436.84092
1532          1438.09749
1533          1439.35460
1534          1440.61225
1535          1441.87044
1536          1443.12917
1537          1444.38844
1538          1445.64825
1539          1446.90861
1540          1448.16950
1541          1449.43094
1542          1450.69291
1543          1451.95543
1544          1453.21849
1545          1454.48209
1546          1455.74624
1547          1457.01092
1548          1458.27614
1549          1459.54191
1550          1460.80822
1551          1462.07507
1552          1463.34246
1553          1464.61040
1554          1465.87888
1555          1467.14789
1556          1468.41745
1557          1469.68756
1558          1470.95820
1559          1472.22939
1560          1473.50112
1561          1474.77339
1562          1476.04621
1563          1477.31957
1564          1478.59347
1565          1479.86791
1566          1481.14289
1567          1482.41842
1568          1483.69449
1569          1484.97111
1570          1486.24827
1571          1487.52597
1572          1488.80421
1573          1490.08300
1574          1491.36233
1575          1492.64220
1576          1493.92262
1577          1495.20358
1578          1496.48509
1579          1497.76713
1580          1499.04973
1581          1500.33286
1582          1501.61654
1583          1502.90076
1584          1504.18553
1585          1505.47084
1586          1506.75670
1587          1508.04310
1588          1509.33004
1589          1510.61753
1590          1511.90556
1591          1513.19414
1592          1514.48326
1593          1515.77292
1594          1517.06313
1595          1518.35389
1596          1519.64519
1597          1520.93703
1598          1522.22942
1599          1523.52235
1600          1524.81583
1601          1526.10985
1602          1527.40442
1603          1528.69954
1604          1529.99519
1605          1531.29140
1606          1532.58815
1607          1533.88544
1608          1535.18328
1609          1536.48167
1610          1537.78060
1611          1539.08008
1612          1540.38010
1613          1541.68067
1614          1542.98178
1615          1544.28344
1616          1545.58565
1617          1546.88840
1618          1548.19169
1619          1549.49554
1620          1550.79993
1621          1552.10486
1622          1553.41035
1623          1554.71637
1624          1556.02295
1625          1557.33007
1626          1558.63774
1627          1559.94595
1628          1561.25471
1629          1562.56402
1630          1563.87387
1631          1565.18427
1632          1566.49522
1633          1567.80671
1634          1569.11875
1635          1570.43134
1636          1571.74448
1637          1573.05816
1638          1574.37239
1639          1575.68717
1640          1577.00249
1641          1578.31836
1642          1579.63478
1643          1580.95175
1644          1582.26926
1645          1583.58732
1646          1584.90593
1647          1586.22509
1648          1587.54479
1649          1588.86504
1650          1590.18584
1651          1591.50719
1652          1592.82908
1653          1594.15153
1654          1595.47452
1655          1596.79806
1656          1598.12215
1657          1599.44678
1658          1600.77196
1659          1602.09770
1660          1603.42398
1661          1604.75081
1662          1606.07818
1663          1607.40611
1664          1608.73458
1665          1610.06361
1666          1611.39318
1667          1612.72330
1668          1614.05397
1669          1615.38519
1670          1616.71696
1671          1618.04927
1672          1619.38214
1673          1620.71555
1674          1622.04951
1675          1623.38403
1676          1624.71909
1677          1626.05470
1678          1627.39086
1679          1628.72757
1680          1630.06483
1681          1631.40264
1682          1632.74100
1683          1634.07990
1684          1635.41936
1685          1636.75937
1686          1638.09992
1687          1639.44103
1688          1640.78269
1689          1642.12489
1690          1643.46765
1691          1644.81095
1692          1646.15481
1693          1647.49922
1694          1648.84417
1695          1650.18968
1696          1651.53574
1697          1652.88234
1698          1654.22950
1699          1655.57721
1700          1656.92547
1701          1658.27428
1702          1659.62364
1703          1660.97355
1704          1662.32401
1705          1663.67502
1706          1665.02658
1707          1666.37870
1708          1667.73136
1709          1669.08457
1710          1670.43834
1711          1671.79266
1712          1673.14752
1713          1674.50294
1714          1675.85891
1715          1677.21544
1716          1678.57251
1717          1679.93013
1718          1681.28831
1719          1682.64703
1720          1684.00631
1721          1685.36614
1722          1686.72652
1723          1688.08745
1724          1689.44894
1725          1690.81097
1726          1692.17356
1727          1693.53670
1728          1694.90039
1729          1696.26464
1730          1697.62943
1731          1698.99478
1732          1700.36068
1733          1701.72713
1734          1703.09413
1735          1704.46169
1736          1705.82980
1737          1707.19846
1738          1708.56767
1739          1709.93743
1740          1711.30775
1741          1712.67862
1742          1714.05004
1743          1715.42202
1744          1716.79454
1745          1718.16762
1746          1719.54126
1747          1720.91544
1748          1722.29018
1749          1723.66547
1750          1725.04131
1751          1726.41771
1752          1727.79466
1753          1729.17216
1754          1730.55022
1755          1731.92883
1756          1733.30799
1757          1734.68771
1758          1736.06797
1759          1737.44880
1760          1738.83017
1761          1740.21210
1762          1741.59458
1763          1742.97762
1764          1744.36121
1765          1745.74535
1766          1747.13005
1767          1748.51529
1768          1749.90110
1769          1751.28746
1770          1752.67437
1771          1754.06183
1772          1755.44985
1773          1756.83842
1774          1758.22755
1775          1759.61723
1776          1761.00747
1777          1762.39826
1778          1763.78960
1779          1765.18150
1780          1766.57395
1781          1767.96695
1782          1769.36051
1783          1770.75463
1784          1772.14930
1785          1773.54452
1786          1774.94030
1787          1776.33663
1788          1777.73352
1789          1779.13096
1790          1780.52896
1791          1781.92751
1792          1783.32661
1793          1784.72627
1794          1786.12649
1795          1787.52726
1796          1788.92859
1797          1790.33047
1798          1791.73290
1799          1793.13589
1800          1794.53944
1801          1795.94354
1802          1797.34820
1803          1798.75341
1804          1800.15917
1805          1801.56550
1806          1802.97237
1807          1804.37981
1808          1805.78779
1809          1807.19634
1810          1808.60544
1811          1810.01509
1812          1811.42530
1813          1812.83607
1814          1814.24739
1815          1815.65927
1816          1817.07170
1817          1818.48469
1818          1819.89824
1819          1821.31234
1820          1822.72699
1821          1824.14221
1822          1825.55798
1823          1826.97430
1824          1828.39118
1825          1829.80862
1826          1831.22662
1827          1832.64516
1828          1834.06427
1829          1835.48393
1830          1836.90415
1831          1838.32493
1832          1839.74626
1833          1841.16815
1834          1842.59060
1835          1844.01360
1836          1845.43716
1837          1846.86127
1838          1848.28594
1839          1849.71117
1840          1851.13696
1841          1852.56330
1842          1853.99020
1843          1855.41765
1844          1856.84567
1845          1858.27424
1846          1859.70336
1847          1861.13305
1848          1862.56329
1849          1863.99409
1850          1865.42544
1851          1866.85736
1852          1868.28983
1853          1869.72285
1854          1871.15644
1855          1872.59058
1856          1874.02528
1857          1875.46054
1858          1876.89635
1859          1878.33272
1860          1879.76966
1861          1881.20714
1862          1882.64519
1863          1884.08379
1864          1885.52295
1865          1886.96267
1866          1888.40295
1867          1889.84378
1868          1891.28517
1869          1892.72712
1870          1894.16963
1871          1895.61270
1872          1897.05632
1873          1898.50050
1874          1899.94524
1875          1901.39054
1876          1902.83640
1877          1904.28282
1878          1905.72979
1879          1907.17732
1880          1908.62541
1881          1910.07406
1882          1911.52327
1883          1912.97303
1884          1914.42336
1885          1915.87424
1886          1917.32568
1887          1918.77768
1888          1920.23024
1889          1921.68336
1890          1923.13703
1891          1924.59127
1892          1926.04606
1893          1927.50141
1894          1928.95733
1895          1930.41380
1896          1931.87083
1897          1933.32842
1898          1934.78656
1899          1936.24527
1900          1937.70454
1901          1939.16436
1902          1940.62475
1903          1942.08569
1904          1943.54719
1905          1945.00926
1906          1946.47188
1907          1947.93506
1908          1949.39880
1909          1950.86310
1910          1952.32796
1911          1953.79338
1912          1955.25936
1913          1956.72590
1914          1958.19299
1915          1959.66065
1916          1961.12887
1917          1962.59765
1918          1964.06698
1919          1965.53688
1920          1967.00734
1921          1968.47835
1922          1969.94993
1923          1971.42207
1924          1972.89477
1925          1974.36802
1926          1975.84184
1927          1977.31622
1928          1978.79115
1929          1980.26665
1930          1981.74271
1931          1983.21933
1932          1984.69651
1933          1986.17424
1934          1987.65254
1935          1989.13140
1936          1990.61082
1937          1992.09081
1938          1993.57135
1939          1995.05245
1940          1996.53411
1941          1998.01633
1942          1999.49912
1943          2000.98246
1944          2002.46637
1945          2003.95083
1946          2005.43586
1947          2006.92145
1948          2008.40760
1949          2009.89431
1950          2011.38158
1951          2012.86941
1952          2014.35780
1953          2015.84676
1954          2017.33627
1955          2018.82635
1956          2020.31698
1957          2021.80818
1958          2023.29994
1959          2024.79226
1960          2026.28515
1961          2027.77859
1962          2029.27259
1963          2030.76716
1964          2032.26229
1965          2033.75798
1966          2035.25423
1967          2036.75104
1968          2038.24842
1969          2039.74635
1970          2041.24485
1971          2042.74391
1972          2044.24353
1973          2045.74371
1974          2047.24446
1975          2048.74577
1976          2050.24763
1977          2051.75006
1978          2053.25306
1979          2054.75661
1980          2056.26073
1981          2057.76541
1982          2059.27065
1983          2060.77645
1984          2062.28281
1985          2063.78974
1986          2065.29723
1987          2066.80528
1988          2068.31389
1989          2069.82307
1990          2071.33281
1991          2072.84311
1992          2074.35397
1993          2075.86540
1994          2077.37739
1995          2078.88994
1996          2080.40305
1997          2081.91673
1998          2083.43097
1999          2084.94577
2000          2086.46113
2001          2087.97706
2002          2089.49355
2003          2091.01060
2004          2092.52821
2005          2094.04639
2006          2095.56513
2007          2097.08444
2008          2098.60430
2009          2100.12473
2010          2101.64572
2011          2103.16728
2012          2104.68940
2013          2106.21208
2014          2107.73533
2015          2109.25913
2016          2110.78351
2017          2112.30844
2018          2113.83394
2019          2115.36000
2020          2116.88663
2021          2118.41381
2022          2119.94157
2023          2121.46988
2024          2122.99876
2025          2124.52820
2026          2126.05821
2027          2127.58878
2028          2129.11991
2029          2130.65161
2030          2132.18387
2031          2133.71669
2032          2135.25008
2033          2136.78403
2034          2138.31854
2035          2139.85362
2036          2141.38927
2037          2142.92547
2038          2144.46225
2039          2145.99958
2040          2147.53748
2041          2149.07594
2042          2150.61497
2043          2152.15456
2044          2153.69472
2045          2155.23543
2046          2156.77672
2047          2158.31857
2048          2159.86098
2049          2161.40395
2050          2162.94749
2051          2164.49160
2052          2166.03627
2053          2167.58150
2054          2169.12730
2055          2170.67366
2056          2172.22059
2057          2173.76809
2058          2175.31614
2059          2176.86476
2060          2178.41395
2061          2179.96370
2062          2181.51401
2063          2183.06489
2064          2184.61634
2065          2186.16835
2066          2187.72092
2067          2189.27406
2068          2190.82777
2069          2192.38204
2070          2193.93687
2071          2195.49227
2072          2197.04823
2073          2198.60476
2074          2200.16185
2075          2201.71951
2076          2203.27774
2077          2204.83653
2078          2206.39588
2079          2207.95580
2080          2209.51629
2081          2211.07734
2082          2212.63895
2083          2214.20114
2084          2215.76388
2085          2217.32720
2086          2218.89107
2087          2220.45552
2088          2222.02052
2089          2223.58610
2090          2225.15224
2091          2226.71894
2092          2228.28622
2093          2229.85405
2094          2231.42245
2095          2232.99142
2096          2234.56096
2097          2236.13106
2098          2237.70172
2099          2239.27295
2100          2240.84475
2101          2242.41711
2102          2243.99004
2103          2245.56354
2104          2247.13760
2105          2248.71223
2106          2250.28742
2107          2251.86318
2108          2253.43950
2109          2255.01639
2110          2256.59385
2111          2258.17188
2112          2259.75047
2113          2261.32962
2114          2262.90935
2115          2264.48963
2116          2266.07049
2117          2267.65191
2118          2269.23390
2119          2270.81645
2120          2272.39957
2121          2273.98326
2122          2275.56752
2123          2277.15234
2124          2278.73772
2125          2280.32368
2126          2281.91020
2127          2283.49729
2128          2285.08494
2129          2286.67316
2130          2288.26195
2131          2289.85130
2132          2291.44123
2133          2293.03171
2134          2294.62277
2135          2296.21439
2136          2297.80658
2137          2299.39934
2138          2300.99266
2139          2302.58655
2140          2304.18101
2141          2305.77603
2142          2307.37162
2143          2308.96778
2144          2310.56450
2145          2312.16180
2146          2313.75966
2147          2315.35808
2148          2316.95708
2149          2318.55664
2150          2320.15677
2151          2321.75747
2152          2323.35873
2153          2324.96056
2154          2326.56296
2155          2328.16593
2156          2329.76946
2157          2331.37357
2158          2332.97824
2159          2334.58347
2160          2336.18928
2161          2337.79565
2162          2339.40259
2163          2341.01010
2164          2342.61817
2165          2344.22682
2166          2345.83603
2167          2347.44581
2168          2349.05615
2169          2350.66707
2170          2352.27855
2171          2353.89060
2172          2355.50322
2173          2357.11641
2174          2358.73016
2175          2360.34449
2176          2361.95938
2177          2363.57483
2178          2365.19086
2179          2366.80746
2180          2368.42462
2181          2370.04235
2182          2371.66065
2183          2373.27952
2184          2374.89896
2185          2376.51896
2186          2378.13954
2187          2379.76068
2188          2381.38239
2189          2383.00467
2190          2384.62752
2191          2386.25093
2192          2387.87492
2193          2389.49947
2194          2391.12459
2195          2392.75028
2196          2394.37654
2197          2396.00337
2198          2397.63077
2199          2399.25873
2200          2400.88727
2201          2402.51637
2202          2404.14604
2203          2405.77628
2204          2407.40709
2205          2409.03847
2206          2410.67042
2207          2412.30293
2208          2413.93602
2209          2415.56967
2210          2417.20390
2211          2418.83869
2212          2420.47405
2213          2422.10998
2214          2423.74648
2215          2425.38355
2216          2427.02119
2217          2428.65940
2218          2430.29818
2219          2431.93752
2220          2433.57744
2221          2435.21792
2222          2436.85898
2223          2438.50060
2224          2440.14280
2225          2441.78556
2226          2443.42889
2227          2445.07279
2228          2446.71726
2229          2448.36231
2230          2450.00792
2231          2451.65409
2232          2453.30085
2233          2454.94816
2234          2456.59605
2235          2458.24451
2236          2459.89354
2237          2461.54314
2238          2463.19331
2239          2464.84405
2240          2466.49536
2241          2468.14723
2242          2469.79968
2243          2471.45270
2244          2473.10629
2245          2474.76045
2246          2476.41518
2247          2478.07047
2248          2479.72634
2249          2481.38278
2250          2483.03979
2251          2484.69737
2252          2486.35552
2253          2488.01424
2254          2489.67353
2255          2491.33339
2256          2492.99382
2257          2494.65482
2258          2496.31639
2259          2497.97853
2260          2499.64124
2261          2501.30452
2262          2502.96837
2263          2504.63280
2264          2506.29779
2265          2507.96336
2266          2509.62949
2267          2511.29620
2268          2512.96347
2269          2514.63132
2270          2516.29974
2271          2517.96872
2272          2519.63828
2273          2521.30841
2274          2522.97911
2275          2524.65038
2276          2526.32223
2277          2527.99464
2278          2529.66762
2279          2531.34118
2280          2533.01530
2281          2534.69000
2282          2536.36527
2283          2538.04111
2284          2539.71752
2285          2541.39450
2286          2543.07205
2287          2544.75017
2288          2546.42887
2289          2548.10813
2290          2549.78797
2291          2551.46838
2292          2553.14936
2293          2554.83091
2294          2556.51303
2295          2558.19572
2296          2559.87899
2297          2561.56282
2298          2563.24723
2299          2564.93221
2300          2566.61776
2301          2568.30388
2302          2569.99057
2303          2571.67784
2304          2573.36568
2305          2575.05409
2306          2576.74306
2307          2578.43262
2308          2580.12274
2309          2581.81343
2310          2583.50470
2311          2585.19654
2312          2586.88895
2313          2588.58193
2314          2590.27549
2315          2591.96961
2316          2593.66431
2317          2595.35958
2318          2597.05542
2319          2598.75183
2320          2600.44882
2321          2602.14637
2322          2603.84450
2323          2605.54321
2324          2607.24248
2325          2608.94232
2326          2610.64274
2327          2612.34373
2328          2614.04529
2329          2615.74743
2330          2617.45014
2331          2619.15342
2332          2620.85727
2333          2622.56169
2334          2624.26669
2335          2625.97226
2336          2627.67840
2337          2629.38511
2338          2631.09239
2339          2632.80025
2340          2634.50868
2341          2636.21769
2342          2637.92726
2343          2639.63741
2344          2641.34813
2345          2643.05942
2346          2644.77129
2347          2646.48373
2348          2648.19674
2349          2649.91033
2350          2651.62448
2351          2653.33921
2352          2655.05452
2353          2656.77039
2354          2658.48684
2355          2660.20386
2356          2661.92146
2357          2663.63962
2358          2665.35836
2359          2667.07768
2360          2668.79756
2361          2670.51802
2362          2672.23905
2363          2673.96066
2364          2675.68284
2365          2677.40559
2366          2679.12891
2367          2680.85281
2368          2682.57728
2369          2684.30233
2370          2686.02794
2371          2687.75414
2372          2689.48090
2373          2691.20824
2374          2692.93615
2375          2694.66463
2376          2696.39369
2377          2698.12332
2378          2699.85352
2379          2701.58430
2380          2703.31565
2381          2705.04758
2382          2706.78008
2383          2708.51315
2384          2710.24680
2385          2711.98102
2386          2713.71581
2387          2715.45118
2388          2717.18712
2389          2718.92363
2390          2720.66072
2391          2722.39838
2392          2724.13662
2393          2725.87543
2394          2727.61481
2395          2729.35477
2396          2731.09530
2397          2732.83640
2398          2734.57808
2399          2736.32033
2400          2738.06316
2401          2739.80656
2402          2741.55054
2403          2743.29509
2404          2745.04021
2405          2746.78591
2406          2748.53218
2407          2750.27902
2408          2752.02644
2409          2753.77444
2410          2755.52301
2411          2757.27215
2412          2759.02187
2413          2760.77216
2414          2762.52302
2415          2764.27446
2416          2766.02648
2417          2767.77907
2418          2769.53223
2419          2771.28597
2420          2773.04028
2421          2774.79517
2422          2776.55063
2423          2778.30666
2424          2780.06327
2425          2781.82046
2426          2783.57822
2427          2785.33655
2428          2787.09546
2429          2788.85495
2430          2790.61500
2431          2792.37564
2432          2794.13684
2433          2795.89863
2434          2797.66098
2435          2799.42392
2436          2801.18743
2437          2802.95151
2438          2804.71616
2439          2806.48140
2440          2808.24720
2441          2810.01359
2442          2811.78054
2443          2813.54808
2444          2815.31618
2445          2817.08486
2446          2818.85412
2447          2820.62396
2448          2822.39436
2449          2824.16535
2450          2825.93691
2451          2827.70904
2452          2829.48175
2453          2831.25503
2454          2833.02889
2455          2834.80332
2456          2836.57834
2457          2838.35392
2458          2840.13008
2459          2841.90682
2460          2843.68413
2461          2845.46202
2462          2847.24048
2463          2849.01952
2464          2850.79913
2465          2852.57932
2466          2854.36009
2467          2856.14143
2468          2857.92334
2469          2859.70583
2470          2861.48890
2471          2863.27254
2472          2865.05676
2473          2866.84156
2474          2868.62693
2475          2870.41288
2476          2872.19940
2477          2873.98650
2478          2875.77417
2479          2877.56242
2480          2879.35125
2481          2881.14065
2482          2882.93063
2483          2884.72118
2484          2886.51231
2485          2888.30402
2486          2890.09630
2487          2891.88915
2488          2893.68259
2489          2895.47660
2490          2897.27119
2491          2899.06635
2492          2900.86209
2493          2902.65840
2494          2904.45529
2495          2906.25276
2496          2908.05081
2497          2909.84943
2498          2911.64862
2499          2913.44840
2500          2915.24874
2501          2917.04967
2502          2918.85117
2503          2920.65325
2504          2922.45591
2505          2924.25914
2506          2926.06295
2507          2927.86733
2508          2929.67229
2509          2931.47783
2510          2933.28395
2511          2935.09064
2512          2936.89791
2513          2938.70575
2514          2940.51417
2515          2942.32317
2516          2944.13275
2517          2945.94290
2518          2947.75363
2519          2949.56493
2520          2951.37681
2521          2953.18927
2522          2955.00231
2523          2956.81592
2524          2958.63011
2525          2960.44488
2526          2962.26022
2527          2964.07614
2528          2965.89264
2529          2967.70972
2530          2969.52737
2531          2971.34560
2532          2973.16441
2533          2974.98379
2534          2976.80375
2535          2978.62429
2536          2980.44540
2537          2982.26710
2538          2984.08937
2539          2985.91221
2540          2987.73564
2541          2989.55964
2542          2991.38422
2543          2993.20938
2544          2995.03511
2545          2996.86142
2546          2998.68831
2547          3000.51578
2548          3002.34382
2549          3004.17245
2550          3006.00164
2551          3007.83142
2552          3009.66178
2553          3011.49271
2554          3013.32422
2555          3015.15630
2556          3016.98897
2557          3018.82221
2558          3020.65603
2559          3022.49043
2560          3024.32541
2561          3026.16096
2562          3027.99709
2563          3029.83380
2564          3031.67109
2565          3033.50895
2566          3035.34740
2567          3037.18642
2568          3039.02602
2569          3040.86620
2570          3042.70695
2571          3044.54828
2572          3046.39020
2573          3048.23268
2574          3050.07575
2575          3051.91940
2576          3053.76362
2577          3055.60842
2578          3057.45381
2579          3059.29976
2580          3061.14630
2581          3062.99341
2582          3064.84111
2583          3066.68938
2584          3068.53823
2585          3070.38766
2586          3072.23766
2587          3074.08825
2588          3075.93941
2589          3077.79115
2590          3079.64347
2591          3081.49637
2592          3083.34985
2593          3085.20391
2594          3087.05854
2595          3088.91376
2596          3090.76955
2597          3092.62592
2598          3094.48287
2599          3096.34039
2600          3098.19850
2601          3100.05719
2602          3101.91645
2603          3103.77629
2604          3105.63671
2605          3107.49771
2606          3109.35929
2607          3111.22145
2608          3113.08419
2609          3114.94750
2610          3116.81140
2611          3118.67587
2612          3120.54092
2613          3122.40656
2614          3124.27277
2615          3126.13956
2616          3128.00692
2617          3129.87487
2618          3131.74340
2619          3133.61251
2620          3135.48219
2621          3137.35245
2622          3139.22330
2623          3141.09472
2624          3142.96672
2625          3144.83930
2626          3146.71246
2627          3148.58620
2628          3150.46052
2629          3152.33542
2630          3154.21090
2631          3156.08696
2632          3157.96359
2633          3159.84081
2634          3161.71860
2635          3163.59698
2636          3165.47593
2637          3167.35547
2638          3169.23558
2639          3171.11627
2640          3172.99755
2641          3174.87940
2642          3176.76183
2643          3178.64484
2644          3180.52844
2645          3182.41261
2646          3184.29736
2647          3186.18269
2648          3188.06860
2649          3189.95509
2650          3191.84216
2651          3193.72981
2652          3195.61804
2653          3197.50685
2654          3199.39624
2655          3201.28621
2656          3203.17676
2657          3205.06788
2658          3206.95959
2659          3208.85188
2660          3210.74475
2661          3212.63820
2662          3214.53223
2663          3216.42684
2664          3218.32203
2665          3220.21780
2666          3222.11415
2667          3224.01108
2668          3225.90859
2669          3227.80668
2670          3229.70535
2671          3231.60460
2672          3233.50444
2673          3235.40485
2674          3237.30584
2675          3239.20741
2676          3241.10957
2677          3243.01230
2678          3244.91561
2679          3246.81951
2680          3248.72398
2681          3250.62904
2682          3252.53467
2683          3254.44089
2684          3256.34769
2685          3258.25506
2686          3260.16302
2687          3262.07156
2688          3263.98068
2689          3265.89038
2690          3267.80066
2691          3269.71152
2692          3271.62297
2693          3273.53499
2694          3275.44759
2695          3277.36078
2696          3279.27454
2697          3281.18889
2698          3283.10382
2699          3285.01933
2700          3286.93541
2701          3288.85208
2702          3290.76933
2703          3292.68717
2704          3294.60558
2705          3296.52457
2706          3298.44415
2707          3300.36431
2708          3302.28504
2709          3304.20636
2710          3306.12826
2711          3308.05074
2712          3309.97380
2713          3311.89745
2714          3313.82167
2715          3315.74647
2716          3317.67186
2717          3319.59783
2718          3321.52438
2719          3323.45151
2720          3325.37922
2721          3327.30751
2722          3329.23639
2723          3331.16585
2724          3333.09588
2725          3335.02650
2726          3336.95770
2727          3338.88949
2728          3340.82185
2729          3342.75479
2730          3344.68832
2731          3346.62243
2732          3348.55712
2733          3350.49239
2734          3352.42824
2735          3354.36468
2736          3356.30170
2737          3358.23929
2738          3360.17747
2739          3362.11624
2740          3364.05558
2741          3365.99551
2742          3367.93601
2743          3369.87710
2744          3371.81877
2745          3373.76103
2746          3375.70386
2747          3377.64728
2748          3379.59128
2749          3381.53586
2750          3383.48102
2751          3385.42677
2752          3387.37309
2753          3389.32000
2754          3391.26749
2755          3393.21556
2756          3395.16422
2757          3397.11346
2758          3399.06328
2759          3401.01368
2760          3402.96466
2761          3404.91623
2762          3406.86838
2763          3408.82111
2764          3410.77442
2765          3412.72832
2766          3414.68280
2767          3416.63785
2768          3418.59350
2769          3420.54972
2770          3422.50653
2771          3424.46392
2772          3426.42189
2773          3428.38045
2774          3430.33959
2775          3432.29931
2776          3434.25961
2777          3436.22049
2778          3438.18196
2779          3440.14401
2780          3442.10664
2781          3444.06986
2782          3446.03366
2783          3447.99804
2784          3449.96300
2785          3451.92855
2786          3453.89468
2787          3455.86139
2788          3457.82868
2789          3459.79656
2790          3461.76502
2791          3463.73407
2792          3465.70369
2793          3467.67390
2794          3469.64470
2795          3471.61607
2796          3473.58803
2797          3475.56057
2798          3477.53370
2799          3479.50740
2800          3481.48169
2801          3483.45657
2802          3485.43202
2803          3487.40806
2804          3489.38469
2805          3491.36189
2806          3493.33968
2807          3495.31806
2808          3497.29701
2809          3499.27655
2810          3501.25667
2811          3503.23738
2812          3505.21867
2813          3507.20054
2814          3509.18300
2815          3511.16604
2816          3513.14966
2817          3515.13386
2818          3517.11865
2819          3519.10403
2820          3521.08998
2821          3523.07652
2822          3525.06365
2823          3527.05135
2824          3529.03964
2825          3531.02852
2826          3533.01798
2827          3535.00802
2828          3536.99864
2829          3538.98985
2830          3540.98165
2831          3542.97402
2832          3544.96698
2833          3546.96053
2834          3548.95465
2835          3550.94937
2836          3552.94466
2837          3554.94054
2838          3556.93700
2839          3558.93405
2840          3560.93168
2841          3562.92990
2842          3564.92870
2843          3566.92808
2844          3568.92805
2845          3570.92860
2846          3572.92973
2847          3574.93145
2848          3576.93376
2849          3578.93664
2850          3580.94011
2851          3582.94417
2852          3584.94881
2853          3586.95403
2854          3588.95984
2855          3590.96623
2856          3592.97321
2857          3594.98077
2858          3596.98892
2859          3598.99765
2860          3601.00696
2861          3603.01686
2862          3605.02734
2863          3607.03841
2864          3609.05006
2865          3611.06230
2866          3613.07512
2867          3615.08853
2868          3617.10252
2869          3619.11709
2870          3621.13225
2871          3623.14799
2872          3625.16432
2873          3627.18123
2874          3629.19873
2875          3631.21681
2876          3633.23548
2877          3635.25473
2878          3637.27457
2879          3639.29499
2880          3641.31599
2881          3643.33758
2882          3645.35976
2883          3647.38252
2884          3649.40586
2885          3651.42979
2886          3653.45431
2887          3655.47941
2888          3657.50509
2889          3659.53136
2890          3661.55821
2891          3663.58565
2892          3665.61368
2893          3667.64229
2894          3669.67148
2895          3671.70126
2896          3673.73163
2897          3675.76258
2898          3677.79411
2899          3679.82623
2900          3681.85894
2901          3683.89223
2902          3685.92610
2903          3687.96056
2904          3689.99561
2905          3692.03124
2906          3694.06746
2907          3696.10426
2908          3698.14165
2909          3700.17962
2910          3702.21818
2911          3704.25733
2912          3706.29706
2913          3708.33737
2914          3710.37827
2915          3712.41976
2916          3714.46183
2917          3716.50448
2918          3718.54773
2919          3720.59155
2920          3722.63597
2921          3724.68097
2922          3726.72655
2923          3728.77272
2924          3730.81948
2925          3732.86682
2926          3734.91475
2927          3736.96326
2928          3739.01236
2929          3741.06205
2930          3743.11232
2931          3745.16317
2932          3747.21462
2933          3749.26665
2934          3751.31926
2935          3753.37246
2936          3755.42625
2937          3757.48062
2938          3759.53558
2939          3761.59112
2940          3763.64725
2941          3765.70397
2942          3767.76127
2943          3769.81916
2944          3771.87763
2945          3773.93669
2946          3775.99634
2947          3778.05657
2948          3780.11739
2949          3782.17880
2950          3784.24079
2951          3786.30337
2952          3788.36653
2953          3790.43028
2954          3792.49462
2955          3794.55954
2956          3796.62505
2957          3798.69115
2958          3800.75783
2959          3802.82510
2960          3804.89295
2961          3806.96139
2962          3809.03042
2963          3811.10004
2964          3813.17024
2965          3815.24102
2966          3817.31240
2967          3819.38436
2968          3821.45691
2969          3823.53004
2970          3825.60376
2971          3827.67807
2972          3829.75296
2973          3831.82844
2974          3833.90451
2975          3835.98117
2976          3838.05841
2977          3840.13623
2978          3842.21465
2979          3844.29365
2980          3846.37324
2981          3848.45341
2982          3850.53417
2983          3852.61552
2984          3854.69746
2985          3856.77998
2986          3858.86309
2987          3860.94679
2988          3863.03107
2989          3865.11594
2990          3867.20140
2991          3869.28745
2992          3871.37408
2993          3873.46130
2994          3875.54910
2995          3877.63750
2996          3879.72648
2997          3881.81605
2998          3883.90620
2999          3885.99694
3000          3888.08827
3001          3890.18019
3002          3892.27269
3003          3894.36578
3004          3896.45946
3005          3898.55373
3006          3900.64858
3007          3902.74402
3008          3904.84005
3009          3906.93667
3010          3909.03387
3011          3911.13166
3012          3913.23004
3013          3915.32901
3014          3917.42856
3015          3919.52870
3016          3921.62943
3017          3923.73075
3018          3925.83265
3019          3927.93514
3020          3930.03822
3021          3932.14189
3022          3934.24615
3023          3936.35099
3024          3938.45642
3025          3940.56244
3026          3942.66904
3027          3944.77623
3028          3946.88402
3029          3948.99239
3030          3951.10134
3031          3953.21089
3032          3955.32102
3033          3957.43174
3034          3959.54305
3035          3961.65495
3036          3963.76743
3037          3965.88051
3038          3967.99417
3039          3970.10842
3040          3972.22325
3041          3974.33868
3042          3976.45469
3043          3978.57129
3044          3980.68848
3045          3982.80626
3046          3984.92463
3047          3987.04358
3048          3989.16312
3049          3991.28325
3050          3993.40397
3051          3995.52528
3052          3997.64718
3053          3999.76966
3054          4001.89273
3055          4004.01640
3056          4006.14064
3057          4008.26548
3058          4010.39091
3059          4012.51692
3060          4014.64353
3061          4016.77072
3062          4018.89850
3063          4021.02687
3064          4023.15582
3065          4025.28537
3066          4027.41551
3067          4029.54623
3068          4031.67754
3069          4033.80944
3070          4035.94193
3071          4038.07501
3072          4040.20868
3073          4042.34293
3074          4044.47778
3075          4046.61321
3076          4048.74923
3077          4050.88584
3078          4053.02304
3079          4055.16083
3080          4057.29921
3081          4059.43817
3082          4061.57773
3083          4063.71787
3084          4065.85861
3085          4067.99993
3086          4070.14184
3087          4072.28434
3088          4074.42743
3089          4076.57111
3090          4078.71538
3091          4080.86023
3092          4083.00568
3093          4085.15172
3094          4087.29834
3095          4089.44555
3096          4091.59336
3097          4093.74175
3098          4095.89073
3099          4098.04030
3100          4100.19046
3101          4102.34121
3102          4104.49255
3103          4106.64448
3104          4108.79699
3105          4110.95010
3106          4113.10380
3107          4115.25808
3108          4117.41296
3109          4119.56842
3110          4121.72448
3111          4123.88112
3112          4126.03835
3113          4128.19618
3114          4130.35459
3115          4132.51359
3116          4134.67318
3117          4136.83336
3118          4138.99413
3119          4141.15550
3120          4143.31745
3121          4145.47999
3122          4147.64312
3123          4149.80684
3124          4151.97115
3125          4154.13605
3126          4156.30153
3127          4158.46761
3128          4160.63428
3129          4162.80154
3130          4164.96939
3131          4167.13783
3132          4169.30686
3133          4171.47648
3134          4173.64668
3135          4175.81748
3136          4177.98887
3137          4180.16085
3138          4182.33342
3139          4184.50658
3140          4186.68033
3141          4188.85467
3142          4191.02960
3143          4193.20512
3144          4195.38123
3145          4197.55793
3146          4199.73522
3147          4201.91310
3148          4204.09157
3149          4206.27063
3150          4208.45028
3151          4210.63052
3152          4212.81136
3153          4214.99278
3154          4217.17479
3155          4219.35739
3156          4221.54059
3157          4223.72437
3158          4225.90875
3159          4228.09371
3160          4230.27927
3161          4232.46542
3162          4234.65215
3163          4236.83948
3164          4239.02740
3165          4241.21591
3166          4243.40501
3167          4245.59470
3168          4247.78498
3169          4249.97585
3170          4252.16731
3171          4254.35937
3172          4256.55201
3173          4258.74525
3174          4260.93907
3175          4263.13349
3176          4265.32849
3177          4267.52409
3178          4269.72028
3179          4271.91706
3180          4274.11443
3181          4276.31239
3182          4278.51095
3183          4280.71009
3184          4282.90983
3185          4285.11015
3186          4287.31107
3187          4289.51258
3188          4291.71468
3189          4293.91737
3190          4296.12065
3191          4298.32452
3192          4300.52898
3193          4302.73404
3194          4304.93968
3195          4307.14592
3196          4309.35275
3197          4311.56017
3198          4313.76818
3199          4315.97678
3200          4318.18598
3201          4320.39576
3202          4322.60614
3203          4324.81711
3204          4327.02867
3205          4329.24082
3206          4331.45356
3207          4333.66689
3208          4335.88082
3209          4338.09534
3210          4340.31044
3211          4342.52614
3212          4344.74244
3213          4346.95932
3214          4349.17679
3215          4351.39486
3216          4353.61352
3217          4355.83277
3218          4358.05261
3219          4360.27304
3220          4362.49407
3221          4364.71568
3222          4366.93789
3223          4369.16069
3224          4371.38408
3225          4373.60807
3226          4375.83264
3227          4378.05781
3228          4380.28357
3229          4382.50992
3230          4384.73687
3231          4386.96440
3232          4389.19253
3233          4391.42125
3234          4393.65056
3235          4395.88046
3236          4398.11096
3237          4400.34205
3238          4402.57373
3239          4404.80600
3240          4407.03886
3241          4409.27232
3242          4411.50637
3243          4413.74101
3244          4415.97624
3245          4418.21206
3246          4420.44848
3247          4422.68549
3248          4424.92309
3249          4427.16129
3250          4429.40007
3251          4431.63945
3252          4433.87942
3253          4436.11999
3254          4438.36114
3255          4440.60289
3256          4442.84523
3257          4445.08817
3258          4447.33169
3259          4449.57581
3260          4451.82052
3261          4454.06583
3262          4456.31172
3263          4458.55821
3264          4460.80529
3265          4463.05297
3266          4465.30123
3267          4467.55009
3268          4469.79955
3269          4472.04959
3270          4474.30023
3271          4476.55146
3272          4478.80328
3273          4481.05570
3274          4483.30871
3275          4485.56231
3276          4487.81650
3277          4490.07129
3278          4492.32667
3279          4494.58264
3280          4496.83921
3281          4499.09637
3282          4501.35412
3283          4503.61247
3284          4505.87141
3285          4508.13094
3286          4510.39106
3287          4512.65178
3288          4514.91309
3289          4517.17499
3290          4519.43749
3291          4521.70058
3292          4523.96426
3293          4526.22854
3294          4528.49341
3295          4530.75887
3296          4533.02493
3297          4535.29158
3298          4537.55882
3299          4539.82666
3300          4542.09509
3301          4544.36411
3302          4546.63373
3303          4548.90394
3304          4551.17474
3305          4553.44614
3306          4555.71813
3307          4557.99071
3308          4560.26389
3309          4562.53766
3310          4564.81202
3311          4567.08698
3312          4569.36253
3313          4571.63867
3314          4573.91541
3315          4576.19274
3316          4578.47067
3317          4580.74919
3318          4583.02830
3319          4585.30801
3320          4587.58831
3321          4589.86920
3322          4592.15069
3323          4594.43278
3324          4596.71545
3325          4598.99872
3326          4601.28258
3327          4603.56704
3328          4605.85209
3329          4608.13774
3330          4610.42398
3331          4612.71081
3332          4614.99824
3333          4617.28626
3334          4619.57488
3335          4621.86408
3336          4624.15389
3337          4626.44428
3338          4628.73528
3339          4631.02686
3340          4633.31904
3341          4635.61182
3342          4637.90518
3343          4640.19915
3344          4642.49370
3345          4644.78885
3346          4647.08460
3347          4649.38094
3348          4651.67787
3349          4653.97540
3350          4656.27352
3351          4658.57224
3352          4660.87155
3353          4663.17146
3354          4665.47196
3355          4667.77305
3356          4670.07474
3357          4672.37702
3358          4674.67990
3359          4676.98337
3360          4679.28744
3361          4681.59210
3362          4683.89736
3363          4686.20321
3364          4688.50966
3365          4690.81670
3366          4693.12433
3367          4695.43256
3368          4697.74139
3369          4700.05080
3370          4702.36082
3371          4704.67143
3372          4706.98263
3373          4709.29443
3374          4711.60682
3375          4713.91981
3376          4716.23339
3377          4718.54757
3378          4720.86234
3379          4723.17771
3380          4725.49367
3381          4727.81023
3382          4730.12738
3383          4732.44513
3384          4734.76347
3385          4737.08241
3386          4739.40194
3387          4741.72207
3388          4744.04279
3389          4746.36411
3390          4748.68602
3391          4751.00853
3392          4753.33163
3393          4755.65533
3394          4757.97962
3395          4760.30451
3396          4762.63000
3397          4764.95608
3398          4767.28275
3399          4769.61002
3400          4771.93789
3401          4774.26635
3402          4776.59540
3403          4778.92505
3404          4781.25530
3405          4783.58614
3406          4785.91758
3407          4788.24961
3408          4790.58224
3409          4792.91547
3410          4795.24929
3411          4797.58370
3412          4799.91871
3413          4802.25432
3414          4804.59052
3415          4806.92732
3416          4809.26472
3417          4811.60271
3418          4813.94129
3419          4816.28047
3420          4818.62025
3421          4820.96062
3422          4823.30159
3423          4825.64315
3424          4827.98531
3425          4830.32807
3426          4832.67142
3427          4835.01537
3428          4837.35991
3429          4839.70505
3430          4842.05078
3431          4844.39711
3432          4846.74404
3433          4849.09156
3434          4851.43968
3435          4853.78840
3436          4856.13771
3437          4858.48762
3438          4860.83812
3439          4863.18922
3440          4865.54091
3441          4867.89321
3442          4870.24610
3443          4872.59958
3444          4874.95366
3445          4877.30834
3446          4879.66361
3447          4882.01948
3448          4884.37594
3449          4886.73301
3450          4889.09066
3451          4891.44892
3452          4893.80777
3453          4896.16722
3454          4898.52726
3455          4900.88790
3456          4903.24914
3457          4905.61097
3458          4907.97340
3459          4910.33643
3460          4912.70005
3461          4915.06427
3462          4917.42908
3463          4919.79450
3464          4922.16050
3465          4924.52711
3466          4926.89431
3467          4929.26211
3468          4931.63051
3469          4933.99950
3470          4936.36909
3471          4938.73927
3472          4941.11006
3473          4943.48144
3474          4945.85341
3475          4948.22599
3476          4950.59916
3477          4952.97292
3478          4955.34729
3479          4957.72225
3480          4960.09781
3481          4962.47396
3482          4964.85071
3483          4967.22806
3484          4969.60601
3485          4971.98455
3486          4974.36369
3487          4976.74343
3488          4979.12376
3489          4981.50469
3490          4983.88622
3491          4986.26834
3492          4988.65107
3493          4991.03439
3494          4993.41830
3495          4995.80282
3496          4998.18793
3497          5000.57364
3498          5002.95994
3499          5005.34685
3500          5007.73435
3501          5010.12244
3502          5012.51114
3503          5014.90043
3504          5017.29032
3505          5019.68081
3506          5022.07190
3507          5024.46358
3508          5026.85586
3509          5029.24874
3510          5031.64221
3511          5034.03628
3512          5036.43095
3513          5038.82622
3514          5041.22209
3515          5043.61855
3516          5046.01561
3517          5048.41327
3518          5050.81153
3519          5053.21038
3520          5055.60983
3521          5058.00988
3522          5060.41053
3523          5062.81177
3524          5065.21361
3525          5067.61605
3526          5070.01909
3527          5072.42273
3528          5074.82696
3529          5077.23179
3530          5079.63723
3531          5082.04325
3532          5084.44988
3533          5086.85710
3534          5089.26492
3535          5091.67334
3536          5094.08236
3537          5096.49198
3538          5098.90219
3539          5101.31300
3540          5103.72441
3541          5106.13642
3542          5108.54903
3543          5110.96223
3544          5113.37604
3545          5115.79044
3546          5118.20544
3547          5120.62104
3548          5123.03723
3549          5125.45403
3550          5127.87142
3551          5130.28941
3552          5132.70800
3553          5135.12719
3554          5137.54697
3555          5139.96736
3556          5142.38834
3557          5144.80992
3558          5147.23210
3559          5149.65488
3560          5152.07826
3561          5154.50223
3562          5156.92681
3563          5159.35198
3564          5161.77775
3565          5164.20412
3566          5166.63109
3567          5169.05866
3568          5171.48682
3569          5173.91559
3570          5176.34495
3571          5178.77491
3572          5181.20547
3573          5183.63663
3574          5186.06839
3575          5188.50075
3576          5190.93370
3577          5193.36726
3578          5195.80141
3579          5198.23617
3580          5200.67152
3581          5203.10747
3582          5205.54402
3583          5207.98117
3584          5210.41891
3585          5212.85726
3586          5215.29621
3587          5217.73575
3588          5220.17589
3589          5222.61664
3590          5225.05798
3591          5227.49992
3592          5229.94246
3593          5232.38560
3594          5234.82934
3595          5237.27368
3596          5239.71861
3597          5242.16415
3598          5244.61028
3599          5247.05702
3600          5249.50435
3601          5251.95229
3602          5254.40082
3603          5256.84995
3604          5259.29968
3605          5261.75002
3606          5264.20095
3607          5266.65248
3608          5269.10461
3609          5271.55734
3610          5274.01066
3611          5276.46459
3612          5278.91912
3613          5281.37425
3614          5283.82997
3615          5286.28630
3616          5288.74323
3617          5291.20075
3618          5293.65888
3619          5296.11760
3620          5298.57693
3621          5301.03685
3622          5303.49737
3623          5305.95850
3624          5308.42022
3625          5310.88255
3626          5313.34547
3627          5315.80899
3628          5318.27311
3629          5320.73784
3630          5323.20316
3631          5325.66908
3632          5328.13561
3633          5330.60273
3634          5333.07045
3635          5335.53877
3636          5338.00770
3637          5340.47722
3638          5342.94734
3639          5345.41807
3640          5347.88939
3641          5350.36131
3642          5352.83384
3643          5355.30696
3644          5357.78068
3645          5360.25501
3646          5362.72993
3647          5365.20546
3648          5367.68158
3649          5370.15830
3650          5372.63563
3651          5375.11356
3652          5377.59208
3653          5380.07121
3654          5382.55094
3655          5385.03126
3656          5387.51219
3657          5389.99372
3658          5392.47585
3659          5394.95857
3660          5397.44190
3661          5399.92583
3662          5402.41036
3663          5404.89549
3664          5407.38123
3665          5409.86756
3666          5412.35449
3667          5414.84202
3668          5417.33016
3669          5419.81889
3670          5422.30823
3671          5424.79817
3672          5427.28870
3673          5429.77984
3674          5432.27158
3675          5434.76392
3676          5437.25686
3677          5439.75040
3678          5442.24454
3679          5444.73928
3680          5447.23463
3681          5449.73057
3682          5452.22712
3683          5454.72426
3684          5457.22201
3685          5459.72036
3686          5462.21931
3687          5464.71886
3688          5467.21901
3689          5469.71976
3690          5472.22112
3691          5474.72307
3692          5477.22563
3693          5479.72878
3694          5482.23254
3695          5484.73690
3696          5487.24186
3697          5489.74742
3698          5492.25359
3699          5494.76035
3700          5497.26772
3701          5499.77568
3702          5502.28425
3703          5504.79342
3704          5507.30319
3705          5509.81357
3706          5512.32454
3707          5514.83612
3708          5517.34829
3709          5519.86107
3710          5522.37445
3711          5524.88843
3712          5527.40301
3713          5529.91820
3714          5532.43398
3715          5534.95037
3716          5537.46736
3717          5539.98495
3718          5542.50314
3719          5545.02194
3720          5547.54133
3721          5550.06133
3722          5552.58193
3723          5555.10313
3724          5557.62493
3725          5560.14734
3726          5562.67034
3727          5565.19395
3728          5567.71816
3729          5570.24297
3730          5572.76839
3731          5575.29440
3732          5577.82102
3733          5580.34824
3734          5582.87606
3735          5585.40448
3736          5587.93351
3737          5590.46313
3738          5592.99337
3739          5595.52420
3740          5598.05563
3741          5600.58767
3742          5603.12030
3743          5605.65354
3744          5608.18739
3745          5610.72183
3746          5613.25688
3747          5615.79252
3748          5618.32877
3749          5620.86563
3750          5623.40308
3751          5625.94114
3752          5628.47980
3753          5631.01906
3754          5633.55893
3755          5636.09940
3756          5638.64047
3757          5641.18214
3758          5643.72441
3759          5646.26729
3760          5648.81077
3761          5651.35485
3762          5653.89953
3763          5656.44482
3764          5658.99071
3765          5661.53720
3766          5664.08430
3767          5666.63199
3768          5669.18029
3769          5671.72919
3770          5674.27870
3771          5676.82881
3772          5679.37952
3773          5681.93083
3774          5684.48275
3775          5687.03527
3776          5689.58839
3777          5692.14211
3778          5694.69644
3779          5697.25137
3780          5699.80690
3781          5702.36304
3782          5704.91978
3783          5707.47712
3784          5710.03506
3785          5712.59361
3786          5715.15276
3787          5717.71252
3788          5720.27287
3789          5722.83383
3790          5725.39539
3791          5727.95756
3792          5730.52033
3793          5733.08370
3794          5735.64768
3795          5738.21225
3796          5740.77743
3797          5743.34322
3798          5745.90961
3799          5748.47660
3800          5751.04419
3801          5753.61239
3802          5756.18119
3803          5758.75060
3804          5761.32060
3805          5763.89121
3806          5766.46243
3807          5769.03425
3808          5771.60667
3809          5774.17969
3810          5776.75332
3811          5779.32755
3812          5781.90239
3813          5784.47783
3814          5787.05387
3815          5789.63051
3816          5792.20776
3817          5794.78562
3818          5797.36407
3819          5799.94313
3820          5802.52280
3821          5805.10307
3822          5807.68394
3823          5810.26541
3824          5812.84749
3825          5815.43017
3826          5818.01346
3827          5820.59735
3828          5823.18184
3829          5825.76694
3830          5828.35264
3831          5830.93895
3832          5833.52586
3833          5836.11337
3834          5838.70149
3835          5841.29021
3836          5843.87953
3837          5846.46946
3838          5849.05999
3839          5851.65113
3840          5854.24287
3841          5856.83522
3842          5859.42817
3843          5862.02172
3844          5864.61588
3845          5867.21064
3846          5869.80601
3847          5872.40197
3848          5874.99855
3849          5877.59573
3850          5880.19351
3851          5882.79190
3852          5885.39089
3853          5887.99048
3854          5890.59068
3855          5893.19149
3856          5895.79290
3857          5898.39491
3858          5900.99753
3859          5903.60075
3860          5906.20457
3861          5908.80901
3862          5911.41404
3863          5914.01968
3864          5916.62593
3865          5919.23277
3866          5921.84023
3867          5924.44829
3868          5927.05695
3869          5929.66621
3870          5932.27609
3871          5934.88656
3872          5937.49764
3873          5940.10933
3874          5942.72162
3875          5945.33451
3876          5947.94801
3877          5950.56212
3878          5953.17683
3879          5955.79214
3880          5958.40806
3881          5961.02459
3882          5963.64172
3883          5966.25945
3884          5968.87779
3885          5971.49673
3886          5974.11628
3887          5976.73643
3888          5979.35719
3889          5981.97856
3890          5984.60053
3891          5987.22310
3892          5989.84628
3893          5992.47006
3894          5995.09445
3895          5997.71945
3896          6000.34505
3897          6002.97125
3898          6005.59806
3899          6008.22547
3900          6010.85349
3901          6013.48212
3902          6016.11135
3903          6018.74119
3904          6021.37163
3905          6024.00267
3906          6026.63433
3907          6029.26658
3908          6031.89945
3909          6034.53291
3910          6037.16699
3911          6039.80167
3912          6042.43695
3913          6045.07284
3914          6047.70934
3915          6050.34644
3916          6052.98414
3917          6055.62245
3918          6058.26137
3919          6060.90090
3920          6063.54103
3921          6066.18176
3922          6068.82310
3923          6071.46504
3924          6074.10760
3925          6076.75075
3926          6079.39452
3927          6082.03889
3928          6084.68386
3929          6087.32944
3930          6089.97563
3931          6092.62242
3932          6095.26982
3933          6097.91782
3934          6100.56643
3935          6103.21565
3936          6105.86547
3937          6108.51589
3938          6111.16693
3939          6113.81857
3940          6116.47081
3941          6119.12367
3942          6121.77712
3943          6124.43119
3944          6127.08586
3945          6129.74113
3946          6132.39701
3947          6135.05350
3948          6137.71060
3949          6140.36830
3950          6143.02660
3951          6145.68552
3952          6148.34504
3953          6151.00516
3954          6153.66589
3955          6156.32723
3956          6158.98917
3957          6161.65172
3958          6164.31488
3959          6166.97865
3960          6169.64301
3961          6172.30799
3962          6174.97357
3963          6177.63976
3964          6180.30656
3965          6182.97396
3966          6185.64197
3967          6188.31059
3968          6190.97981
3969          6193.64964
3970          6196.32007
3971          6198.99111
3972          6201.66276
3973          6204.33502
3974          6207.00788
3975          6209.68135
3976          6212.35542
3977          6215.03010
3978          6217.70539
3979          6220.38129
3980          6223.05779
3981          6225.73490
3982          6228.41261
3983          6231.09094
3984          6233.76987
3985          6236.44940
3986          6239.12955
3987          6241.81030
3988          6244.49165
3989          6247.17362
3990          6249.85619
3991          6252.53937
3992          6255.22315
3993          6257.90755
3994          6260.59255
3995          6263.27815
3996          6265.96436
3997          6268.65119
3998          6271.33861
3999          6274.02665
4000          6276.71529
4001          6279.40454
4002          6282.09440
4003          6284.78486
4004          6287.47593
4005          6290.16761
4006          6292.85990
4007          6295.55279
4008          6298.24629
4009          6300.94040
4010          6303.63512
4011          6306.33044
4012          6309.02637
4013          6311.72290
4014          6314.42005
4015          6317.11780
4016          6319.81616
4017          6322.51513
4018          6325.21471
4019          6327.91489
4020          6330.61568
4021          6333.31708
4022          6336.01908
4023          6338.72170
4024          6341.42492
4025          6344.12874
4026          6346.83318
4027          6349.53823
4028          6352.24388
4029          6354.95014
4030          6357.65700
4031          6360.36448
4032          6363.07256
4033          6365.78125
4034          6368.49055
4035          6371.20046
4036          6373.91097
4037          6376.62209
4038          6379.33382
4039          6382.04616
4040          6384.75911
4041          6387.47266
4042          6390.18682
4043          6392.90160
4044          6395.61697
4045          6398.33296
4046          6401.04955
4047          6403.76676
4048          6406.48457
4049          6409.20299
4050          6411.92201
4051          6414.64165
4052          6417.36189
4053          6420.08274
4054          6422.80420
4055          6425.52627
4056          6428.24895
4057          6430.97223
4058          6433.69613
4059          6436.42063
4060          6439.14574
4061          6441.87146
4062          6444.59778
4063          6447.32472
4064          6450.05226
4065          6452.78041
4066          6455.50917
4067          6458.23854
4068          6460.96852
4069          6463.69910
4070          6466.43030
4071          6469.16210
4072          6471.89451
4073          6474.62753
4074          6477.36116
4075          6480.09540
4076          6482.83025
4077          6485.56570
4078          6488.30177
4079          6491.03844
4080          6493.77572
4081          6496.51361
4082          6499.25211
4083          6501.99122
4084          6504.73093
4085          6507.47126
4086          6510.21219
4087          6512.95374
4088          6515.69589
4089          6518.43865
4090          6521.18202
4091          6523.92600
4092          6526.67059
4093          6529.41579
4094          6532.16159
4095          6534.90801
4096          6537.65503
4097          6540.40266
4098          6543.15091
4099          6545.89976
4100          6548.64922
4101          6551.39929
4102          6554.14997
4103          6556.90125
4104          6559.65315
4105          6562.40566
4106          6565.15877
4107          6567.91250
4108          6570.66683
4109          6573.42178
4110          6576.17733
4111          6578.93349
4112          6581.69027
4113          6584.44765
4114          6587.20564
4115          6589.96424
4116          6592.72345
4117          6595.48327
4118          6598.24370
4119          6601.00474
4120          6603.76638
4121          6606.52864
4122          6609.29151
4123          6612.05498
4124          6614.81907
4125          6617.58377
4126          6620.34907
4127          6623.11499
4128          6625.88151
4129          6628.64865
4130          6631.41639
4131          6634.18474
4132          6636.95371
4133          6639.72328
4134          6642.49346
4135          6645.26426
4136          6648.03566
4137          6650.80768
4138          6653.58030
4139          6656.35353
4140          6659.12737
4141          6661.90183
4142          6664.67689
4143          6667.45256
4144          6670.22884
4145          6673.00574
4146          6675.78324
4147          6678.56135
4148          6681.34008
4149          6684.11941
4150          6686.89935
4151          6689.67991
4152          6692.46107
4153          6695.24284
4154          6698.02523
4155          6700.80822
4156          6703.59183
4157          6706.37604
4158          6709.16086
4159          6711.94630
4160          6714.73235
4161          6717.51900
4162          6720.30627
4163          6723.09415
4164          6725.88263
4165          6728.67173
4166          6731.46144
4167          6734.25176
4168          6737.04269
4169          6739.83422
4170          6742.62637
4171          6745.41914
4172          6748.21251
4173          6751.00649
4174          6753.80108
4175          6756.59628
4176          6759.39210
4177          6762.18852
4178          6764.98556
4179          6767.78320
4180          6770.58146
4181          6773.38032
4182          6776.17980
4183          6778.97989
4184          6781.78059
4185          6784.58190
4186          6787.38382
4187          6790.18635
4188          6792.98949
4189          6795.79325
4190          6798.59761
4191          6801.40259
4192          6804.20817
4193          6807.01437
4194          6809.82118
4195          6812.62860
4196          6815.43663
4197          6818.24527
4198          6821.05452
4199          6823.86439
4200          6826.67486
4201          6829.48595
4202          6832.29764
4203          6835.10995
4204          6837.92287
4205          6840.73640
4206          6843.55054
4207          6846.36530
4208          6849.18066
4209          6851.99664
4210          6854.81322
4211          6857.63042
4212          6860.44823
4213          6863.26665
4214          6866.08568
4215          6868.90533
4216          6871.72558
4217          6874.54645
4218          6877.36793
4219          6880.19002
4220          6883.01272
4221          6885.83603
4222          6888.65995
4223          6891.48449
4224          6894.30963
4225          6897.13539
4226          6899.96176
4227          6902.78875
4228          6905.61634
4229          6908.44454
4230          6911.27336
4231          6914.10279
4232          6916.93283
4233          6919.76348
4234          6922.59475
4235          6925.42662
4236          6928.25911
4237          6931.09221
4238          6933.92592
4239          6936.76024
4240          6939.59518
4241          6942.43072
4242          6945.26688
4243          6948.10365
4244          6950.94104
4245          6953.77903
4246          6956.61764
4247          6959.45686
4248          6962.29669
4249          6965.13713
4250          6967.97818
4251          6970.81985
4252          6973.66213
4253          6976.50502
4254          6979.34853
4255          6982.19264
4256          6985.03737
4257          6987.88271
4258          6990.72866
4259          6993.57522
4260          6996.42240
4261          6999.27019
4262          7002.11859
4263          7004.96760
4264          7007.81723
4265          7010.66747
4266          7013.51832
4267          7016.36978
4268          7019.22186
4269          7022.07455
4270          7024.92785
4271          7027.78176
4272          7030.63629
4273          7033.49142
4274          7036.34717
4275          7039.20354
4276          7042.06051
4277          7044.91810
4278          7047.77630
4279          7050.63512
4280          7053.49454
4281          7056.35458
4282          7059.21523
4283          7062.07650
4284          7064.93837
4285          7067.80087
4286          7070.66397
4287          7073.52768
4288          7076.39201
4289          7079.25695
4290          7082.12251
4291          7084.98867
4292          7087.85545
4293          7090.72285
4294          7093.59085
4295          7096.45947
4296          7099.32870
4297          7102.19855
4298          7105.06900
4299          7107.94008
4300          7110.81176
4301          7113.68406
4302          7116.55696
4303          7119.43049
4304          7122.30462
4305          7125.17937
4306          7128.05474
4307          7130.93071
4308          7133.80730
4309          7136.68450
4310          7139.56232
4311          7142.44075
4312          7145.31979
4313          7148.19944
4314          7151.07971
4315          7153.96059
4316          7156.84209
4317          7159.72420
4318          7162.60692
4319          7165.49025
4320          7168.37420
4321          7171.25877
4322          7174.14394
4323          7177.02973
4324          7179.91613
4325          7182.80315
4326          7185.69078
4327          7188.57902
4328          7191.46788
4329          7194.35735
4330          7197.24744
4331          7200.13813
4332          7203.02945
4333          7205.92137
4334          7208.81391
4335          7211.70706
4336          7214.60083
4337          7217.49521
4338          7220.39020
4339          7223.28581
4340          7226.18203
4341          7229.07887
4342          7231.97632
4343          7234.87438
4344          7237.77306
4345          7240.67235
4346          7243.57226
4347          7246.47278
4348          7249.37391
4349          7252.27566
4350          7255.17802
4351          7258.08099
4352          7260.98458
4353          7263.88879
4354          7266.79360
4355          7269.69903
4356          7272.60508
4357          7275.51174
4358          7278.41901
4359          7281.32690
4360          7284.23540
4361          7287.14452
4362          7290.05425
4363          7292.96460
4364          7295.87556
4365          7298.78713
4366          7301.69932
4367          7304.61212
4368          7307.52554
4369          7310.43957
4370          7313.35422
4371          7316.26948
4372          7319.18535
4373          7322.10184
4374          7325.01894
4375          7327.93666
4376          7330.85499
4377          7333.77394
4378          7336.69350
4379          7339.61368
4380          7342.53447
4381          7345.45587
4382          7348.37790
4383          7351.30053
4384          7354.22378
4385          7357.14764
4386          7360.07212
4387          7362.99722
4388          7365.92292
4389          7368.84925
4390          7371.77619
4391          7374.70374
4392          7377.63191
4393          7380.56069
4394          7383.49009
4395          7386.42010
4396          7389.35073
4397          7392.28197
4398          7395.21383
4399          7398.14630
4400          7401.07939
4401          7404.01309
4402          7406.94740
4403          7409.88234
4404          7412.81789
4405          7415.75405
4406          7418.69082
4407          7421.62822
4408          7424.56622
4409          7427.50485
4410          7430.44409
4411          7433.38394
4412          7436.32441
4413          7439.26549
4414          7442.20719
4415          7445.14951
4416          7448.09243
4417          7451.03598
4418          7453.98014
4419          7456.92492
4420          7459.87031
4421          7462.81631
4422          7465.76294
4423          7468.71017
4424          7471.65803
4425          7474.60649
4426          7477.55558
4427          7480.50528
4428          7483.45559
4429          7486.40652
4430          7489.35807
4431          7492.31023
4432          7495.26301
4433          7498.21640
4434          7501.17041
4435          7504.12503
4436          7507.08027
4437          7510.03613
4438          7512.99260
4439          7515.94969
4440          7518.90739
4441          7521.86571
4442          7524.82464
4443          7527.78419
4444          7530.74436
4445          7533.70514
4446          7536.66654
4447          7539.62855
4448          7542.59118
4449          7545.55443
4450          7548.51829
4451          7551.48277
4452          7554.44786
4453          7557.41357
4454          7560.37990
4455          7563.34684
4456          7566.31439
4457          7569.28257
4458          7572.25136
4459          7575.22076
4460          7578.19079
4461          7581.16142
4462          7584.13268
4463          7587.10455
4464          7590.07704
4465          7593.05014
4466          7596.02386
4467          7598.99820
4468          7601.97315
4469          7604.94872
4470          7607.92490
4471          7610.90170
4472          7613.87912
4473          7616.85715
4474          7619.83580
4475          7622.81507
4476          7625.79495
4477          7628.77545
4478          7631.75657
4479          7634.73830
4480          7637.72065
4481          7640.70362
4482          7643.68720
4483          7646.67140
4484          7649.65621
4485          7652.64165
4486          7655.62770
4487          7658.61436
4488          7661.60164
4489          7664.58954
4490          7667.57806
4491          7670.56719
4492          7673.55694
4493          7676.54731
4494          7679.53829
4495          7682.52989
4496          7685.52211
4497          7688.51494
4498          7691.50839
4499          7694.50246
4500          7697.49714
4501          7700.49244
4502          7703.48836
4503          7706.48490
4504          7709.48205
4505          7712.47982
4506          7715.47820
4507          7718.47721
4508          7721.47683
4509          7724.47706
4510          7727.47792
4511          7730.47939
4512          7733.48148
4513          7736.48419
4514          7739.48751
4515          7742.49145
4516          7745.49601
4517          7748.50118
4518          7751.50697
4519          7754.51338
4520          7757.52041
4521          7760.52805
4522          7763.53632
4523          7766.54519
4524          7769.55469
4525          7772.56480
4526          7775.57553
4527          7778.58688
4528          7781.59885
4529          7784.61143
4530          7787.62463
4531          7790.63845
4532          7793.65289
4533          7796.66794
4534          7799.68361
4535          7802.69990
4536          7805.71681
4537          7808.73433
4538          7811.75247
4539          7814.77123
4540          7817.79061
4541          7820.81060
4542          7823.83122
4543          7826.85245
4544          7829.87429
4545          7832.89676
4546          7835.91984
4547          7838.94355
4548          7841.96786
4549          7844.99280
4550          7848.01836
4551          7851.04453
4552          7854.07132
4553          7857.09873
4554          7860.12676
4555          7863.15540
4556          7866.18466
4557          7869.21454
4558          7872.24504
4559          7875.27616
4560          7878.30789
4561          7881.34025
4562          7884.37322
4563          7887.40681
4564          7890.44102
4565          7893.47584
4566          7896.51128
4567          7899.54735
4568          7902.58403
4569          7905.62133
4570          7908.65924
4571          7911.69778
4572          7914.73693
4573          7917.77670
4574          7920.81709
4575          7923.85810
4576          7926.89973
4577          7929.94197
4578          7932.98484
4579          7936.02832
4580          7939.07242
4581          7942.11714
4582          7945.16248
4583          7948.20843
4584          7951.25500
4585          7954.30220
4586          7957.35001
4587          7960.39844
4588          7963.44749
4589          7966.49716
4590          7969.54744
4591          7972.59835
4592          7975.64987
4593          7978.70201
4594          7981.75478
4595          7984.80815
4596          7987.86215
4597          7990.91677
4598          7993.97201
4599          7997.02786
4600          8000.08433
4601          8003.14143
4602          8006.19914
4603          8009.25747
4604          8012.31642
4605          8015.37599
4606          8018.43617
4607          8021.49698
4608          8024.55841
4609          8027.62045
4610          8030.68311
4611          8033.74640
4612          8036.81030
4613          8039.87482
4614          8042.93996
4615          8046.00572
4616          8049.07209
4617          8052.13909
4618          8055.20671
4619          8058.27494
4620          8061.34380
4621          8064.41327
4622          8067.48337
4623          8070.55408
4624          8073.62541
4625          8076.69736
4626          8079.76993
4627          8082.84312
4628          8085.91693
4629          8088.99136
4630          8092.06641
4631          8095.14207
4632          8098.21836
4633          8101.29527
4634          8104.37279
4635          8107.45094
4636          8110.52970
4637          8113.60909
4638          8116.68909
4639          8119.76972
4640          8122.85096
4641          8125.93282
4642          8129.01530
4643          8132.09841
4644          8135.18213
4645          8138.26647
4646          8141.35143
4647          8144.43701
4648          8147.52321
4649          8150.61003
4650          8153.69747
4651          8156.78554
4652          8159.87422
4653          8162.96352
4654          8166.05344
4655          8169.14397
4656          8172.23513
4657          8175.32691
4658          8178.41931
4659          8181.51233
4660          8184.60597
4661          8187.70023
4662          8190.79511
4663          8193.89061
4664          8196.98673
4665          8200.08347
4666          8203.18083
4667          8206.27881
4668          8209.37741
4669          8212.47663
4670          8215.57647
4671          8218.67693
4672          8221.77801
4673          8224.87971
4674          8227.98204
4675          8231.08498
4676          8234.18854
4677          8237.29272
4678          8240.39752
4679          8243.50295
4680          8246.60899
4681          8249.71565
4682          8252.82294
4683          8255.93084
4684          8259.03937
4685          8262.14851
4686          8265.25828
4687          8268.36867
4688          8271.47967
4689          8274.59130
4690          8277.70355
4691          8280.81642
4692          8283.92991
4693          8287.04402
4694          8290.15875
4695          8293.27410
4696          8296.39007
4697          8299.50666
4698          8302.62388
4699          8305.74171
4700          8308.86017
4701          8311.97924
4702          8315.09894
4703          8318.21925
4704          8321.34019
4705          8324.46175
4706          8327.58393
4707          8330.70673
4708          8333.83015
4709          8336.95420
4710          8340.07886
4711          8343.20414
4712          8346.33005
4713          8349.45657
4714          8352.58372
4715          8355.71149
4716          8358.83988
4717          8361.96889
4718          8365.09852
4719          8368.22877
4720          8371.35965
4721          8374.49114
4722          8377.62326
4723          8380.75600
4724          8383.88935
4725          8387.02333
4726          8390.15794
4727          8393.29316
4728          8396.42900
4729          8399.56547
4730          8402.70255
4731          8405.84026
4732          8408.97859
4733          8412.11754
4734          8415.25711
4735          8418.39730
4736          8421.53812
4737          8424.67956
4738          8427.82161
4739          8430.96429
4740          8434.10759
4741          8437.25151
4742          8440.39606
4743          8443.54122
4744          8446.68701
4745          8449.83342
4746          8452.98045
4747          8456.12810
4748          8459.27637
4749          8462.42527
4750          8465.57478
4751          8468.72492
4752          8471.87568
4753          8475.02706
4754          8478.17907
4755          8481.33169
4756          8484.48494
4757          8487.63881
4758          8490.79330
4759          8493.94841
4760          8497.10415
4761          8500.26050
4762          8503.41748
4763          8506.57508
4764          8509.73330
4765          8512.89215
4766          8516.05162
4767          8519.21170
4768          8522.37241
4769          8525.53375
4770          8528.69570
4771          8531.85828
4772          8535.02148
4773          8538.18530
4774          8541.34974
4775          8544.51481
4776          8547.68049
4777          8550.84680
4778          8554.01374
4779          8557.18129
4780          8560.34947
4781          8563.51827
4782          8566.68769
4783          8569.85773
4784          8573.02840
4785          8576.19968
4786          8579.37159
4787          8582.54413
4788          8585.71728
4789          8588.89106
4790          8592.06546
4791          8595.24048
4792          8598.41613
4793          8601.59239
4794          8604.76929
4795          8607.94680
4796          8611.12493
4797          8614.30369
4798          8617.48307
4799          8620.66308
4800          8623.84370
4801          8627.02495
4802          8630.20682
4803          8633.38931
4804          8636.57243
4805          8639.75617
4806          8642.94053
4807          8646.12552
4808          8649.31112
4809          8652.49735
4810          8655.68421
4811          8658.87168
4812          8662.05978
4813          8665.24850
4814          8668.43785
4815          8671.62782
4816          8674.81841
4817          8678.00962
4818          8681.20146
4819          8684.39392
4820          8687.58700
4821          8690.78071
4822          8693.97503
4823          8697.16999
4824          8700.36556
4825          8703.56176
4826          8706.75858
4827          8709.95602
4828          8713.15409
4829          8716.35278
4830          8719.55210
4831          8722.75203
4832          8725.95260
4833          8729.15378
4834          8732.35558
4835          8735.55802
4836          8738.76107
4837          8741.96475
4838          8745.16905
4839          8748.37397
4840          8751.57952
4841          8754.78569
4842          8757.99248
4843          8761.19990
4844          8764.40794
4845          8767.61660
4846          8770.82589
4847          8774.03580
4848          8777.24634
4849          8780.45750
4850          8783.66928
4851          8786.88168
4852          8790.09471
4853          8793.30837
4854          8796.52264
4855          8799.73754
4856          8802.95307
4857          8806.16921
4858          8809.38599
4859          8812.60338
4860          8815.82140
4861          8819.04004
4862          8822.25931
4863          8825.47920
4864          8828.69971
4865          8831.92085
4866          8835.14261
4867          8838.36500
4868          8841.58801
4869          8844.81164
4870          8848.03590
4871          8851.26078
4872          8854.48629
4873          8857.71242
4874          8860.93917
4875          8864.16655
4876          8867.39455
4877          8870.62318
4878          8873.85242
4879          8877.08230
4880          8880.31280
4881          8883.54392
4882          8886.77567
4883          8890.00804
4884          8893.24103
4885          8896.47465
4886          8899.70890
4887          8902.94376
4888          8906.17925
4889          8909.41537
4890          8912.65211
4891          8915.88948
4892          8919.12747
4893          8922.36608
4894          8925.60532
4895          8928.84518
4896          8932.08567
4897          8935.32678
4898          8938.56852
4899          8941.81088
4900          8945.05386
4901          8948.29747
4902          8951.54171
4903          8954.78657
4904          8958.03205
4905          8961.27816
4906          8964.52489
4907          8967.77225
4908          8971.02023
4909          8974.26884
4910          8977.51807
4911          8980.76792
4912          8984.01840
4913          8987.26951
4914          8990.52124
4915          8993.77360
4916          8997.02657
4917          9000.28018
4918          9003.53441
4919          9006.78926
4920          9010.04474
4921          9013.30085
4922          9016.55758
4923          9019.81493
4924          9023.07291
4925          9026.33151
4926          9029.59074
4927          9032.85060
4928          9036.11108
4929          9039.37218
4930          9042.63391
4931          9045.89626
4932          9049.15925
4933          9052.42285
4934          9055.68708
4935          9058.95193
4936          9062.21741
4937          9065.48352
4938          9068.75025
4939          9072.01761
4940          9075.28559
4941          9078.55420
4942          9081.82343
4943          9085.09328
4944          9088.36377
4945          9091.63487
4946          9094.90661
4947          9098.17897
4948          9101.45195
4949          9104.72556
4950          9107.99979
4951          9111.27465
4952          9114.55014
4953          9117.82625
4954          9121.10299
4955          9124.38035
4956          9127.65834
4957          9130.93695
4958          9134.21619
4959          9137.49606
4960          9140.77655
4961          9144.05766
4962          9147.33941
4963          9150.62177
4964          9153.90476
4965          9157.18838
4966          9160.47263
4967          9163.75750
4968          9167.04299
4969          9170.32912
4970          9173.61586
4971          9176.90324
4972          9180.19124
4973          9183.47986
4974          9186.76911
4975          9190.05899
4976          9193.34950
4977          9196.64062
4978          9199.93238
4979          9203.22476
4980          9206.51777
4981          9209.81140
4982          9213.10566
4983          9216.40055
4984          9219.69606
4985          9222.99219
4986          9226.28896
4987          9229.58635
4988          9232.88436
4989          9236.18300
4990          9239.48227
4991          9242.78217
4992          9246.08269
4993          9249.38383
4994          9252.68561
4995          9255.98801
4996          9259.29103
4997          9262.59468
4998          9265.89896
4999          9269.20387
5000          9272.50940
5001          9275.81555
5002          9279.12234
5003          9282.42975
5004          9285.73779
5005          9289.04645
5006          9292.35574
5007          9295.66566
5008          9298.97620
5009          9302.28737
5010          9305.59916
5011          9308.91158
5012          9312.22463
5013          9315.53831
5014          9318.85261
5015          9322.16754
5016          9325.48310
5017          9328.79928
5018          9332.11609
5019          9335.43352
5020          9338.75158
5021          9342.07027
5022          9345.38959
5023          9348.70953
5024          9352.03010
5025          9355.35130
5026          9358.67312
5027          9361.99557
5028          9365.31865
5029          9368.64235
5030          9371.96668
5031          9375.29164
5032          9378.61723
5033          9381.94344
5034          9385.27028
5035          9388.59774
5036          9391.92584
5037          9395.25456
5038          9398.58390
5039          9401.91388
5040          9405.24448
5041          9408.57571
5042          9411.90756
5043          9415.24005
5044          9418.57315
5045          9421.90689
5046          9425.24126
5047          9428.57625
5048          9431.91187
5049          9435.24811
5050          9438.58498
5051          9441.92249
5052          9445.26061
5053          9448.59937
5054          9451.93875
5055          9455.27876
5056          9458.61940
5057          9461.96066
5058          9465.30256
5059          9468.64508
5060          9471.98822
5061          9475.33200
5062          9478.67640
5063          9482.02143
5064          9485.36709
5065          9488.71337
5066          9492.06028
5067          9495.40783
5068          9498.75599
5069          9502.10479
5070          9505.45421
5071          9508.80426
5072          9512.15494
5073          9515.50625
5074          9518.85818
5075          9522.21074
5076          9525.56393
5077          9528.91775
5078          9532.27219
5079          9535.62727
5080          9538.98297
5081          9542.33929
5082          9545.69625
5083          9549.05384
5084          9552.41205
5085          9555.77089
5086          9559.13036
5087          9562.49045
5088          9565.85118
5089          9569.21253
5090          9572.57451
5091          9575.93712
5092          9579.30035
5093          9582.66422
5094          9586.02871
5095          9589.39383
5096          9592.75958
5097          9596.12596
5098          9599.49296
5099          9602.86059
5100          9606.22885
5101          9609.59774
5102          9612.96726
5103          9616.33741
5104          9619.70818
5105          9623.07959
5106          9626.45162
5107          9629.82428
5108          9633.19756
5109          9636.57148
5110          9639.94602
5111          9643.32120
5112          9646.69700
5113          9650.07343
5114          9653.45049
5115          9656.82817
5116          9660.20649
5117          9663.58543
5118          9666.96501
5119          9670.34521
5120          9673.72603
5121          9677.10749
5122          9680.48958
5123          9683.87229
5124          9687.25564
5125          9690.63961
5126          9694.02421
5127          9697.40944
5128          9700.79530
5129          9704.18179
5130          9707.56890
5131          9710.95665
5132          9714.34502
5133          9717.73403
5134          9721.12366
5135          9724.51392
5136          9727.90481
5137          9731.29632
5138          9734.68847
5139          9738.08125
5140          9741.47465
5141          9744.86868
5142          9748.26335
5143          9751.65864
5144          9755.05456
5145          9758.45111
5146          9761.84829
5147          9765.24610
5148          9768.64453
5149          9772.04360
5150          9775.44329
5151          9778.84362
5152          9782.24457
5153          9785.64615
5154          9789.04837
5155          9792.45121
5156          9795.85468
5157          9799.25878
5158          9802.66350
5159          9806.06886
5160          9809.47485
5161          9812.88147
5162          9816.28871
5163          9819.69659
5164          9823.10509
5165          9826.51423
5166          9829.92399
5167          9833.33438
5168          9836.74540
5169          9840.15705
5170          9843.56934
5171          9846.98225
5172          9850.39579
5173          9853.80996
5174          9857.22476
5175          9860.64018
5176          9864.05624
5177          9867.47293
5178          9870.89025
5179          9874.30820
5180          9877.72677
5181          9881.14598
5182          9884.56581
5183          9887.98628
5184          9891.40738
5185          9894.82910
5186          9898.25146
5187          9901.67444
5188          9905.09806
5189          9908.52230
5190          9911.94718
5191          9915.37268
5192          9918.79882
5193          9922.22558
5194          9925.65297
5195          9929.08100
5196          9932.50965
5197          9935.93894
5198          9939.36885
5199          9942.79939
5200          9946.23057
5201          9949.66237
5202          9953.09481
5203          9956.52787
5204          9959.96156
5205          9963.39589
5206          9966.83084
5207          9970.26643
5208          9973.70264
5209          9977.13949
5210          9980.57696
5211          9984.01507
5212          9987.45380
5213          9990.89317
5214          9994.33316
5215          9997.77379
5216         10001.21500
5217         10004.65690
5218         10008.09940
5219         10011.54260
5220         10014.98640
5221         10018.43080
5222         10021.87580
5223         10025.32150
5224         10028.76780
5225         10032.21470
5226         10035.66230
5227         10039.11050
5228         10042.55930
5229         10046.00870
5230         10049.45880
5231         10052.90950
5232         10056.36090
5233         10059.81290
5234         10063.26550
5235         10066.71870
5236         10070.17260
5237         10073.62710
5238         10077.08220
5239         10080.53800
5240         10083.99430
5241         10087.45140
5242         10090.90900
5243         10094.36730
5244         10097.82620
5245         10101.28570
5246         10104.74590
5247         10108.20670
5248         10111.66820
5249         10115.13020
5250         10118.59290
5251         10122.05630
5252         10125.52020
5253         10128.98480
5254         10132.45000
5255         10135.91590
5256         10139.38240
5257         10142.84950
5258         10146.31720
5259         10149.78560
5260         10153.25460
5261         10156.72420
5262         10160.19450
5263         10163.66540
5264         10167.13700
5265         10170.60910
5266         10174.08190
5267         10177.55530
5268         10181.02940
5269         10184.50410
5270         10187.97940
5271         10191.45540
5272         10194.93190
5273         10198.40910
5274         10201.88700
5275         10205.36550
5276         10208.84460
5277         10212.32430
5278         10215.80470
5279         10219.28570
5280         10222.76730
5281         10226.24960
5282         10229.73250
5283         10233.21600
5284         10236.70020
5285         10240.18500
5286         10243.67040
5287         10247.15640
5288         10250.64310
5289         10254.13040
5290         10257.61840
5291         10261.10700
5292         10264.59620
5293         10268.08600
5294         10271.57650
5295         10275.06760
5296         10278.55930
5297         10282.05170
5298         10285.54470
5299         10289.03840
5300         10292.53260
5301         10296.02750
5302         10299.52300
5303         10303.01920
5304         10306.51600
5305         10310.01340
5306         10313.51150
5307         10317.01020
5308         10320.50950
5309         10324.00940
5310         10327.51000
5311         10331.01120
5312         10334.51310
5313         10338.01560
5314         10341.51870
5315         10345.02240
5316         10348.52680
5317         10352.03180
5318         10355.53750
5319         10359.04370
5320         10362.55060
5321         10366.05820
5322         10369.56630
5323         10373.07520
5324         10376.58460
5325         10380.09470
5326         10383.60530
5327         10387.11670
5328         10390.62860
5329         10394.14120
5330         10397.65450
5331         10401.16830
5332         10404.68280
5333         10408.19790
5334         10411.71370
5335         10415.23010
5336         10418.74710
5337         10422.26480
5338         10425.78310
5339         10429.30200
5340         10432.82150
5341         10436.34170
5342         10439.86250
5343         10443.38400
5344         10446.90610
5345         10450.42880
5346         10453.95210
5347         10457.47610
5348         10461.00070
5349         10464.52600
5350         10468.05180
5351         10471.57840
5352         10475.10550
5353         10478.63330
5354         10482.16170
5355         10485.69070
5356         10489.22040
5357         10492.75070
5358         10496.28170
5359         10499.81320
5360         10503.34540
5361         10506.87830
5362         10510.41170
5363         10513.94580
5364         10517.48060
5365         10521.01600
5366         10524.55200
5367         10528.08860
5368         10531.62590
5369         10535.16380
5370         10538.70230
5371         10542.24150
5372         10545.78130
5373         10549.32170
5374         10552.86280
5375         10556.40450
5376         10559.94680
5377         10563.48980
5378         10567.03340
5379         10570.57760
5380         10574.12250
5381         10577.66800
5382         10581.21410
5383         10584.76090
5384         10588.30830
5385         10591.85630
5386         10595.40500
5387         10598.95430
5388         10602.50420
5389         10606.05480
5390         10609.60600
5391         10613.15780
5392         10616.71030
5393         10620.26340
5394         10623.81710
5395         10627.37150
5396         10630.92650
5397         10634.48210
5398         10638.03840
5399         10641.59530
5400         10645.15280
5401         10648.71100
5402         10652.26980
5403         10655.82920
5404         10659.38930
5405         10662.95000
5406         10666.51130
5407         10670.07330
5408         10673.63590
5409         10677.19910
5410         10680.76300
5411         10684.32750
5412         10687.89270
5413         10691.45840
5414         10695.02480
5415         10698.59190
5416         10702.15960
5417         10705.72790
5418         10709.29680
5419         10712.86640
5420         10716.43660
5421         10720.00740
5422         10723.57890
5423         10727.15100
5424         10730.72380
5425         10734.29710
5426         10737.87120
5427         10741.44580
5428         10745.02110
5429         10748.59700
5430         10752.17350
5431         10755.75070
5432         10759.32850
5433         10762.90700
5434         10766.48610
5435         10770.06580
5436         10773.64620
5437         10777.22710
5438         10780.80880
5439         10784.39100
5440         10787.97390
5441         10791.55740
5442         10795.14160
5443         10798.72640
5444         10802.31180
5445         10805.89790
5446         10809.48460
5447         10813.07190
5448         10816.65990
5449         10820.24850
5450         10823.83770
5451         10827.42760
5452         10831.01810
5453         10834.60920
5454         10838.20100
5455         10841.79340
5456         10845.38640
5457         10848.98010
5458         10852.57440
5459         10856.16940
5460         10859.76500
5461         10863.36120
5462         10866.95800
5463         10870.55550
5464         10874.15360
5465         10877.75240
5466         10881.35180
5467         10884.95180
5468         10888.55240
5469         10892.15370
5470         10895.75570
5471         10899.35820
5472         10902.96140
5473         10906.56520
5474         10910.16970
5475         10913.77480
5476         10917.38050
5477         10920.98690
5478         10924.59390
5479         10928.20160
5480         10931.80980
5481         10935.41870
5482         10939.02830
5483         10942.63850
5484         10946.24930
5485         10949.86070
5486         10953.47280
5487         10957.08550
5488         10960.69890
5489         10964.31290
5490         10967.92750
5491         10971.54280
5492         10975.15870
5493         10978.77520
5494         10982.39240
5495         10986.01020
5496         10989.62860
5497         10993.24770
5498         10996.86740
5499         11000.48770
5500         11004.10870
5501         11007.73030
5502         11011.35260
5503         11014.97540
5504         11018.59900
5505         11022.22310
5506         11025.84790
5507         11029.47330
5508         11033.09940
5509         11036.72610
5510         11040.35340
5511         11043.98140
5512         11047.61000
5513         11051.23920
5514         11054.86910
5515         11058.49960
5516         11062.13070
5517         11065.76250
5518         11069.39490
5519         11073.02800
5520         11076.66170
5521         11080.29600
5522         11083.93100
5523         11087.56650
5524         11091.20280
5525         11094.83960
5526         11098.47710
5527         11102.11530
5528         11105.75400
5529         11109.39350
5530         11113.03350
5531         11116.67420
5532         11120.31550
5533         11123.95740
5534         11127.60000
5535         11131.24320
5536         11134.88710
5537         11138.53160
5538         11142.17670
5539         11145.82250
5540         11149.46890
5541         11153.11590
5542         11156.76360
5543         11160.41190
5544         11164.06090
5545         11167.71040
5546         11171.36070
5547         11175.01150
5548         11178.66300
5549         11182.31510
5550         11185.96790
5551         11189.62130
5552         11193.27530
5553         11196.93000
5554         11200.58530
5555         11204.24130
5556         11207.89780
5557         11211.55500
5558         11215.21290
5559         11218.87140
5560         11222.53050
5561         11226.19030
5562         11229.85070
5563         11233.51170
5564         11237.17340
5565         11240.83570
5566         11244.49860
5567         11248.16220
5568         11251.82640
5569         11255.49130
5570         11259.15680
5571         11262.82290
5572         11266.48960
5573         11270.15700
5574         11273.82510
5575         11277.49370
5576         11281.16310
5577         11284.83300
5578         11288.50360
5579         11292.17480
5580         11295.84670
5581         11299.51910
5582         11303.19230
5583         11306.86600
5584         11310.54040
5585         11314.21550
5586         11317.89110
5587         11321.56750
5588         11325.24440
5589         11328.92200
5590         11332.60020
5591         11336.27910
5592         11339.95860
5593         11343.63870
5594         11347.31950
5595         11351.00090
5596         11354.68290
5597         11358.36560
5598         11362.04890
5599         11365.73290
5600         11369.41740
5601         11373.10270
5602         11376.78850
5603         11380.47500
5604         11384.16220
5605         11387.84990
5606         11391.53840
5607         11395.22740
5608         11398.91710
5609         11402.60740
5610         11406.29840
5611         11409.99000
5612         11413.68220
5613         11417.37510
5614         11421.06860
5615         11424.76270
5616         11428.45750
5617         11432.15290
5618         11435.84900
5619         11439.54570
5620         11443.24300
5621         11446.94100
5622         11450.63960
5623         11454.33890
5624         11458.03870
5625         11461.73930
5626         11465.44040
5627         11469.14220
5628         11472.84460
5629         11476.54770
5630         11480.25140
5631         11483.95580
5632         11487.66070
5633         11491.36640
5634         11495.07260
5635         11498.77950
5636         11502.48700
5637         11506.19520
5638         11509.90400
5639         11513.61350
5640         11517.32350
5641         11521.03430
5642         11524.74560
5643         11528.45760
5644         11532.17020
5645         11535.88350
5646         11539.59740
5647         11543.31200
5648         11547.02710
5649         11550.74300
5650         11554.45940
5651         11558.17650
5652         11561.89430
5653         11565.61260
5654         11569.33160
5655         11573.05130
5656         11576.77160
5657         11580.49250
5658         11584.21410
5659         11587.93630
5660         11591.65910
5661         11595.38260
5662         11599.10670
5663         11602.83140
5664         11606.55680
5665         11610.28290
5666         11614.00950
5667         11617.73680
5668         11621.46480
5669         11625.19340
5670         11628.92260
5671         11632.65240
5672         11636.38290
5673         11640.11410
5674         11643.84580
5675         11647.57820
5676         11651.31130
5677         11655.04500
5678         11658.77930
5679         11662.51430
5680         11666.24990
5681         11669.98610
5682         11673.72300
5683         11677.46050
5684         11681.19860
5685         11684.93740
5686         11688.67690
5687         11692.41690
5688         11696.15760
5689         11699.89900
5690         11703.64100
5691         11707.38360
5692         11711.12680
5693         11714.87070
5694         11718.61530
5695         11722.36050
5696         11726.10630
5697         11729.85270
5698         11733.59980
5699         11737.34760
5700         11741.09590
5701         11744.84490
5702         11748.59460
5703         11752.34490
5704         11756.09580
5705         11759.84730
5706         11763.59960
5707         11767.35240
5708         11771.10590
5709         11774.86000
5710         11778.61470
5711         11782.37010
5712         11786.12620
5713         11789.88280
5714         11793.64020
5715         11797.39810
5716         11801.15670
5717         11804.91590
5718         11808.67580
5719         11812.43630
5720         11816.19740
5721         11819.95920
5722         11823.72160
5723         11827.48470
5724         11831.24840
5725         11835.01280
5726         11838.77770
5727         11842.54330
5728         11846.30960
5729         11850.07650
5730         11853.84400
5731         11857.61220
5732         11861.38100
5733         11865.15050
5734         11868.92060
5735         11872.69130
5736         11876.46270
5737         11880.23470
5738         11884.00730
5739         11887.78060
5740         11891.55450
5741         11895.32910
5742         11899.10430
5743         11902.88020
5744         11906.65660
5745         11910.43380
5746         11914.21150
5747         11917.98990
5748         11921.76900
5749         11925.54870
5750         11929.32900
5751         11933.10990
5752         11936.89150
5753         11940.67380
5754         11944.45670
5755         11948.24020
5756         11952.02430
5757         11955.80910
5758         11959.59460
5759         11963.38060
5760         11967.16740
5761         11970.95470
5762         11974.74270
5763         11978.53130
5764         11982.32060
5765         11986.11050
5766         11989.90110
5767         11993.69230
5768         11997.48410
5769         12001.27660
5770         12005.06970
5771         12008.86340
5772         12012.65780
5773         12016.45290
5774         12020.24850
5775         12024.04480
5776         12027.84180
5777         12031.63940
5778         12035.43760
5779         12039.23650
5780         12043.03600
5781         12046.83610
5782         12050.63690
5783         12054.43840
5784         12058.24040
5785         12062.04320
5786         12065.84650
5787         12069.65050
5788         12073.45510
5789         12077.26040
5790         12081.06630
5791         12084.87290
5792         12088.68000
5793         12092.48790
5794         12096.29630
5795         12100.10550
5796         12103.91520
5797         12107.72560
5798         12111.53660
5799         12115.34830
5800         12119.16060
5801         12122.97360
5802         12126.78720
5803         12130.60140
5804         12134.41630
5805         12138.23180
5806         12142.04790
5807         12145.86470
5808         12149.68220
5809         12153.50020
5810         12157.31890
5811         12161.13830
5812         12164.95830
5813         12168.77890
5814         12172.60020
5815         12176.42210
5816         12180.24470
5817         12184.06790
5818         12187.89170
5819         12191.71620
5820         12195.54130
5821         12199.36710
5822         12203.19350
5823         12207.02050
5824         12210.84820
5825         12214.67650
5826         12218.50550
5827         12222.33510
5828         12226.16530
5829         12229.99620
5830         12233.82780
5831         12237.65990
5832         12241.49270
5833         12245.32620
5834         12249.16030
5835         12252.99500
5836         12256.83040
5837         12260.66640
5838         12264.50300
5839         12268.34030
5840         12272.17820
5841         12276.01680
5842         12279.85600
5843         12283.69590
5844         12287.53640
5845         12291.37750
5846         12295.21930
5847         12299.06170
5848         12302.90480
5849         12306.74850
5850         12310.59280
5851         12314.43780
5852         12318.28340
5853         12322.12970
5854         12325.97660
5855         12329.82420
5856         12333.67240
5857         12337.52120
5858         12341.37070
5859         12345.22080
5860         12349.07150
5861         12352.92290
5862         12356.77500
5863         12360.62760
5864         12364.48100
5865         12368.33490
5866         12372.18950
5867         12376.04480
5868         12379.90060
5869         12383.75720
5870         12387.61430
5871         12391.47210
5872         12395.33060
5873         12399.18970
5874         12403.04940
5875         12406.90980
5876         12410.77080
5877         12414.63250
5878         12418.49480
5879         12422.35770
5880         12426.22130
5881         12430.08550
5882         12433.95040
5883         12437.81590
5884         12441.68200
5885         12445.54880
5886         12449.41620
5887         12453.28430
5888         12457.15300
5889         12461.02240
5890         12464.89240
5891         12468.76300
5892         12472.63430
5893         12476.50620
5894         12480.37880
5895         12484.25200
5896         12488.12580
5897         12492.00030
5898         12495.87540
5899         12499.75120
5900         12503.62760
5901         12507.50470
5902         12511.38240
5903         12515.26070
5904         12519.13970
5905         12523.01930
5906         12526.89960
5907         12530.78050
5908         12534.66200
5909         12538.54420
5910         12542.42700
5911         12546.31050
5912         12550.19460
5913         12554.07940
5914         12557.96480
5915         12561.85080
5916         12565.73750
5917         12569.62480
5918         12573.51280
5919         12577.40140
5920         12581.29070
5921         12585.18060
5922         12589.07110
5923         12592.96230
5924         12596.85410
5925         12600.74660
5926         12604.63970
5927         12608.53340
5928         12612.42780
5929         12616.32280
5930         12620.21850
5931         12624.11480
5932         12628.01180
5933         12631.90940
5934         12635.80760
5935         12639.70650
5936         12643.60610
5937         12647.50620
5938         12651.40700
5939         12655.30850
5940         12659.21060
5941         12663.11330
5942         12667.01670
5943         12670.92070
5944         12674.82540
5945         12678.73070
5946         12682.63670
5947         12686.54330
5948         12690.45050
5949         12694.35840
5950         12698.26690
5951         12702.17610
5952         12706.08590
5953         12709.99630
5954         12713.90740
5955         12717.81910
5956         12721.73150
5957         12725.64450
5958         12729.55820
5959         12733.47250
5960         12737.38750
5961         12741.30310
5962         12745.21930
5963         12749.13620
5964         12753.05370
5965         12756.97180
5966         12760.89070
5967         12764.81010
5968         12768.73020
5969         12772.65090
5970         12776.57230
5971         12780.49430
5972         12784.41700
5973         12788.34030
5974         12792.26420
5975         12796.18880
5976         12800.11410
5977         12804.03990
5978         12807.96650
5979         12811.89360
5980         12815.82140
5981         12819.74990
5982         12823.67900
5983         12827.60870
5984         12831.53910
5985         12835.47010
5986         12839.40180
5987         12843.33410
5988         12847.26700
5989         12851.20060
5990         12855.13490
5991         12859.06970
5992         12863.00530
5993         12866.94140
5994         12870.87820
5995         12874.81570
5996         12878.75380
5997         12882.69250
5998         12886.63190
5999         12890.57190
6000         12894.51260
6001         12898.45390
6002         12902.39590
6003         12906.33850
6004         12910.28170
6005         12914.22560
6006         12918.17010
6007         12922.11530
6008         12926.06110
6009         12930.00760
6010         12933.95470
6011         12937.90240
6012         12941.85080
6013         12945.79980
6014         12949.74950
6015         12953.69980
6016         12957.65080
6017         12961.60240
6018         12965.55470
6019         12969.50760
6020         12973.46110
6021         12977.41530
6022         12981.37010
6023         12985.32560
6024         12989.28170
6025         12993.23850
6026         12997.19590
6027         13001.15390
6028         13005.11260
6029         13009.07190
6030         13013.03190
6031         13016.99250
6032         13020.95380
6033         13024.91570
6034         13028.87820
6035         13032.84140
6036         13036.80530
6037         13040.76970
6038         13044.73490
6039         13048.70060
6040         13052.66710
6041         13056.63410
6042         13060.60180
6043         13064.57020
6044         13068.53920
6045         13072.50880
6046         13076.47910
6047         13080.45000
6048         13084.42160
6049         13088.39380
6050         13092.36660
6051         13096.34010
6052         13100.31430
6053         13104.28900
6054         13108.26450
6055         13112.24060
6056         13116.21730
6057         13120.19460
6058         13124.17260
6059         13128.15130
6060         13132.13060
6061         13136.11050
6062         13140.09110
6063         13144.07230
6064         13148.05420
6065         13152.03670
6066         13156.01990
6067         13160.00370
6068         13163.98810
6069         13167.97320
6070         13171.95900
6071         13175.94540
6072         13179.93240
6073         13183.92010
6074         13187.90840
6075         13191.89730
6076         13195.88690
6077         13199.87720
6078         13203.86810
6079         13207.85960
6080         13211.85180
6081         13215.84460
6082         13219.83810
6083         13223.83220
6084         13227.82700
6085         13231.82240
6086         13235.81840
6087         13239.81510
6088         13243.81250
6089         13247.81040
6090         13251.80910
6091         13255.80830
6092         13259.80830
6093         13263.80880
6094         13267.81000
6095         13271.81190
6096         13275.81440
6097         13279.81750
6098         13283.82130
6099         13287.82570
6100         13291.83080
6101         13295.83650
6102         13299.84290
6103         13303.84990
6104         13307.85760
6105         13311.86590
6106         13315.87480
6107         13319.88440
6108         13323.89460
6109         13327.90550
6110         13331.91700
6111         13335.92920
6112         13339.94200
6113         13343.95550
6114         13347.96960
6115         13351.98430
6116         13355.99970
6117         13360.01580
6118         13364.03250
6119         13368.04980
6120         13372.06780
6121         13376.08640
6122         13380.10560
6123         13384.12550
6124         13388.14610
6125         13392.16730
6126         13396.18910
6127         13400.21160
6128         13404.23480
6129         13408.25860
6130         13412.28300
6131         13416.30810
6132         13420.33380
6133         13424.36010
6134         13428.38710
6135         13432.41480
6136         13436.44310
6137         13440.47200
6138         13444.50160
6139         13448.53190
6140         13452.56270
6141         13456.59430
6142         13460.62640
6143         13464.65920
6144         13468.69270
6145         13472.72680
6146         13476.76160
6147         13480.79700
6148         13484.83300
6149         13488.86970
6150         13492.90700
6151         13496.94500
6152         13500.98360
6153         13505.02290
6154         13509.06280
6155         13513.10340
6156         13517.14460
6157         13521.18640
6158         13525.22890
6159         13529.27210
6160         13533.31590
6161         13537.36030
6162         13541.40540
6163         13545.45110
6164         13549.49750
6165         13553.54450
6166         13557.59220
6167         13561.64050
6168         13565.68940
6169         13569.73900
6170         13573.78930
6171         13577.84020
6172         13581.89170
6173         13585.94390
6174         13589.99670
6175         13594.05020
6176         13598.10430
6177         13602.15910
6178         13606.21450
6179         13610.27060
6180         13614.32730
6181         13618.38460
6182         13622.44260
6183         13626.50130
6184         13630.56050
6185         13634.62050
6186         13638.68110
6187         13642.74230
6188         13646.80420
6189         13650.86670
6190         13654.92980
6191         13658.99370
6192         13663.05810
6193         13667.12320
6194         13671.18900
6195         13675.25540
6196         13679.32240
6197         13683.39010
6198         13687.45840
6199         13691.52740
6200         13695.59700
6201         13699.66730
6202         13703.73820
6203         13707.80980
6204         13711.88200
6205         13715.95490
6206         13720.02840
6207         13724.10250
6208         13728.17730
6209         13732.25280
6210         13736.32890
6211         13740.40560
6212         13744.48300
6213         13748.56100
6214         13752.63970
6215         13756.71900
6216         13760.79900
6217         13764.87960
6218         13768.96080
6219         13773.04280
6220         13777.12530
6221         13781.20850
6222         13785.29240
6223         13789.37690
6224         13793.46200
6225         13797.54780
6226         13801.63420
6227         13805.72130
6228         13809.80900
6229         13813.89740
6230         13817.98640
6231         13822.07610
6232         13826.16640
6233         13830.25740
6234         13834.34900
6235         13838.44120
6236         13842.53410
6237         13846.62770
6238         13850.72190
6239         13854.81670
6240         13858.91220
6241         13863.00830
6242         13867.10510
6243         13871.20250
6244         13875.30060
6245         13879.39930
6246         13883.49870
6247         13887.59870
6248         13891.69940
6249         13895.80070
6250         13899.90260
6251         13904.00520
6252         13908.10850
6253         13912.21240
6254         13916.31690
6255         13920.42210
6256         13924.52800
6257         13928.63440
6258         13932.74160
6259         13936.84940
6260         13940.95780
6261         13945.06690
6262         13949.17660
6263         13953.28690
6264         13957.39800
6265         13961.50960
6266         13965.62190
6267         13969.73490
6268         13973.84850
6269         13977.96270
6270         13982.07760
6271         13986.19320
6272         13990.30940
6273         13994.42620
6274         13998.54370
6275         14002.66180
6276         14006.78060
6277         14010.90000
6278         14015.02010
6279         14019.14080
6280         14023.26220
6281         14027.38420
6282         14031.50690
6283         14035.63020
6284         14039.75420
6285         14043.87880
6286         14048.00400
6287         14052.12990
6288         14056.25650
6289         14060.38370
6290         14064.51150
6291         14068.64000
6292         14072.76910
6293         14076.89890
6294         14081.02940
6295         14085.16040
6296         14089.29220
6297         14093.42460
6298         14097.55760
6299         14101.69120
6300         14105.82560
6301         14109.96050
6302         14114.09620
6303         14118.23240
6304         14122.36930
6305         14126.50690
6306         14130.64510
6307         14134.78390
6308         14138.92340
6309         14143.06360
6310         14147.20440
6311         14151.34580
6312         14155.48790
6313         14159.63070
6314         14163.77400
6315         14167.91810
6316         14172.06280
6317         14176.20810
6318         14180.35410
6319         14184.50070
6320         14188.64800
6321         14192.79590
6322         14196.94450
6323         14201.09370
6324         14205.24360
6325         14209.39410
6326         14213.54520
6327         14217.69700
6328         14221.84950
6329         14226.00260
6330         14230.15640
6331         14234.31080
6332         14238.46580
6333         14242.62150
6334         14246.77790
6335         14250.93480
6336         14255.09250
6337         14259.25080
6338         14263.40970
6339         14267.56930
6340         14271.72950
6341         14275.89040
6342         14280.05200
6343         14284.21410
6344         14288.37700
6345         14292.54040
6346         14296.70460
6347         14300.86930
6348         14305.03480
6349         14309.20080
6350         14313.36750
6351         14317.53490
6352         14321.70290
6353         14325.87160
6354         14330.04090
6355         14334.21080
6356         14338.38150
6357         14342.55270
6358         14346.72460
6359         14350.89720
6360         14355.07040
6361         14359.24420
6362         14363.41870
6363         14367.59390
6364         14371.76960
6365         14375.94610
6366         14380.12320
6367         14384.30090
6368         14388.47930
6369         14392.65830
6370         14396.83800
6371         14401.01840
6372         14405.19930
6373         14409.38100
6374         14413.56330
6375         14417.74620
6376         14421.92980
6377         14426.11400
6378         14430.29890
6379         14434.48440
6380         14438.67060
6381         14442.85740
6382         14447.04480
6383         14451.23300
6384         14455.42170
6385         14459.61110
6386         14463.80120
6387         14467.99190
6388         14472.18330
6389         14476.37530
6390         14480.56790
6391         14484.76120
6392         14488.95520
6393         14493.14980
6394         14497.34510
6395         14501.54100
6396         14505.73750
6397         14509.93470
6398         14514.13260
6399         14518.33110
6400         14522.53020
6401         14526.73000
6402         14530.93050
6403         14535.13160
6404         14539.33330
6405         14543.53570
6406         14547.73870
6407         14551.94240
6408         14556.14680
6409         14560.35170
6410         14564.55740
6411         14568.76370
6412         14572.97060
6413         14577.17820
6414         14581.38640
6415         14585.59530
6416         14589.80480
6417         14594.01500
6418         14598.22580
6419         14602.43730
6420         14606.64950
6421         14610.86220
6422         14615.07570
6423         14619.28970
6424         14623.50450
6425         14627.71980
6426         14631.93590
6427         14636.15250
6428         14640.36990
6429         14644.58780
6430         14648.80640
6431         14653.02570
6432         14657.24560
6433         14661.46620
6434         14665.68740
6435         14669.90930
6436         14674.13180
6437         14678.35500
6438         14682.57880
6439         14686.80330
6440         14691.02840
6441         14695.25410
6442         14699.48060
6443         14703.70760
6444         14707.93530
6445         14712.16370
6446         14716.39270
6447         14720.62240
6448         14724.85270
6449         14729.08360
6450         14733.31520
6451         14737.54750
6452         14741.78040
6453         14746.01400
6454         14750.24820
6455         14754.48300
6456         14758.71860
6457         14762.95470
6458         14767.19150
6459         14771.42900
6460         14775.66710
6461         14779.90580
6462         14784.14520
6463         14788.38530
6464         14792.62600
6465         14796.86740
6466         14801.10940
6467         14805.35200
6468         14809.59530
6469         14813.83930
6470         14818.08390
6471         14822.32910
6472         14826.57500
6473         14830.82160
6474         14835.06880
6475         14839.31670
6476         14843.56520
6477         14847.81430
6478         14852.06410
6479         14856.31460
6480         14860.56570
6481         14864.81740
6482         14869.06980
6483         14873.32290
6484         14877.57660
6485         14881.83090
6486         14886.08590
6487         14890.34160
6488         14894.59790
6489         14898.85490
6490         14903.11250
6491         14907.37070
6492         14911.62960
6493         14915.88920
6494         14920.14940
6495         14924.41020
6496         14928.67170
6497         14932.93390
6498         14937.19670
6499         14941.46010
6500         14945.72430
6501         14949.98900
6502         14954.25440
6503         14958.52050
6504         14962.78720
6505         14967.05450
6506         14971.32250
6507         14975.59120
6508         14979.86050
6509         14984.13050
6510         14988.40110
6511         14992.67230
6512         14996.94420
6513         15001.21680
6514         15005.49000
6515         15009.76390
6516         15014.03840
6517         15018.31350
6518         15022.58930
6519         15026.86580
6520         15031.14290
6521         15035.42070
6522         15039.69910
6523         15043.97820
6524         15048.25790
6525         15052.53820
6526         15056.81930
6527         15061.10090
6528         15065.38320
6529         15069.66620
6530         15073.94980
6531         15078.23410
6532         15082.51900
6533         15086.80460
6534         15091.09080
6535         15095.37770
6536         15099.66520
6537         15103.95340
6538         15108.24220
6539         15112.53170
6540         15116.82180
6541         15121.11250
6542         15125.40400
6543         15129.69600
6544         15133.98880
6545         15138.28220
6546         15142.57620
6547         15146.87090
6548         15151.16620
6549         15155.46220
6550         15159.75880
6551         15164.05610
6552         15168.35400
6553         15172.65260
6554         15176.95180
6555         15181.25170
6556         15185.55230
6557         15189.85340
6558         15194.15530
6559         15198.45780
6560         15202.76090
6561         15207.06470
6562         15211.36910
6563         15215.67420
6564         15219.98000
6565         15224.28640
6566         15228.59340
6567         15232.90110
6568         15237.20950
6569         15241.51850
6570         15245.82810
6571         15250.13840
6572         15254.44940
6573         15258.76100
6574         15263.07320
6575         15267.38610
6576         15271.69970
6577         15276.01390
6578         15280.32880
6579         15284.64430
6580         15288.96040
6581         15293.27720
6582         15297.59470
6583         15301.91280
6584         15306.23160
6585         15310.55100
6586         15314.87110
6587         15319.19180
6588         15323.51320
6589         15327.83520
6590         15332.15790
6591         15336.48120
6592         15340.80520
6593         15345.12980
6594         15349.45510
6595         15353.78100
6596         15358.10760
6597         15362.43480
6598         15366.76270
6599         15371.09120
6600         15375.42040
6601         15379.75030
6602         15384.08080
6603         15388.41190
6604         15392.74370
6605         15397.07610
6606         15401.40920
6607         15405.74300
6608         15410.07740
6609         15414.41240
6610         15418.74810
6611         15423.08450
6612         15427.42150
6613         15431.75920
6614         15436.09750
6615         15440.43640
6616         15444.77600
6617         15449.11630
6618         15453.45720
6619         15457.79880
6620         15462.14100
6621         15466.48390
6622         15470.82740
6623         15475.17160
6624         15479.51640
6625         15483.86190
6626         15488.20800
6627         15492.55480
6628         15496.90220
6629         15501.25030
6630         15505.59900
6631         15509.94840
6632         15514.29850
6633         15518.64920
6634         15523.00050
6635         15527.35250
6636         15531.70520
6637         15536.05850
6638         15540.41240
6639         15544.76700
6640         15549.12230
6641         15553.47820
6642         15557.83470
6643         15562.19190
6644         15566.54980
6645         15570.90830
6646         15575.26750
6647         15579.62730
6648         15583.98780
6649         15588.34890
6650         15592.71070
6651         15597.07310
6652         15601.43620
6653         15605.79990
6654         15610.16430
6655         15614.52930
6656         15618.89500
6657         15623.26130
6658         15627.62830
6659         15631.99600
6660         15636.36430
6661         15640.73320
6662         15645.10280
6663         15649.47310
6664         15653.84400
6665         15658.21550
6666         15662.58770
6667         15666.96060
6668         15671.33410
6669         15675.70830
6670         15680.08310
6671         15684.45860
6672         15688.83470
6673         15693.21150
6674         15697.58890
6675         15701.96700
6676         15706.34570
6677         15710.72510
6678         15715.10510
6679         15719.48580
6680         15723.86710
6681         15728.24910
6682         15732.63180
6683         15737.01510
6684         15741.39900
6685         15745.78360
6686         15750.16890
6687         15754.55480
6688         15758.94130
6689         15763.32860
6690         15767.71640
6691         15772.10490
6692         15776.49410
6693         15780.88390
6694         15785.27440
6695         15789.66550
6696         15794.05730
6697         15798.44970
6698         15802.84280
6699         15807.23660
6700         15811.63100
6701         15816.02600
6702         15820.42170
6703         15824.81800
6704         15829.21500
6705         15833.61270
6706         15838.01100
6707         15842.41000
6708         15846.80960
6709         15851.20980
6710         15855.61080
6711         15860.01230
6712         15864.41450
6713         15868.81740
6714         15873.22090
6715         15877.62510
6716         15882.03000
6717         15886.43540
6718         15890.84160
6719         15895.24840
6720         15899.65580
6721         15904.06390
6722         15908.47270
6723         15912.88210
6724         15917.29210
6725         15921.70280
6726         15926.11420
6727         15930.52620
6728         15934.93890
6729         15939.35220
6730         15943.76620
6731         15948.18080
6732         15952.59610
6733         15957.01200
6734         15961.42860
6735         15965.84580
6736         15970.26370
6737         15974.68230
6738         15979.10150
6739         15983.52130
6740         15987.94180
6741         15992.36300
6742         15996.78480
6743         16001.20720
6744         16005.63030
6745         16010.05410
6746         16014.47850
6747         16018.90360
6748         16023.32930
6749         16027.75570
6750         16032.18280
6751         16036.61040
6752         16041.03880
6753         16045.46780
6754         16049.89740
6755         16054.32770
6756         16058.75870
6757         16063.19030
6758         16067.62250
6759         16072.05540
6760         16076.48900
6761         16080.92320
6762         16085.35810
6763         16089.79360
6764         16094.22980
6765         16098.66660
6766         16103.10410
6767         16107.54230
6768         16111.98110
6769         16116.42050
6770         16120.86060
6771         16125.30140
6772         16129.74280
6773         16134.18480
6774         16138.62750
6775         16143.07090
6776         16147.51490
6777         16151.95960
6778         16156.40490
6779         16160.85090
6780         16165.29750
6781         16169.74480
6782         16174.19280
6783         16178.64140
6784         16183.09060
6785         16187.54050
6786         16191.99110
6787         16196.44230
6788         16200.89410
6789         16205.34660
6790         16209.79980
6791         16214.25360
6792         16218.70810
6793         16223.16320
6794         16227.61900
6795         16232.07550
6796         16236.53250
6797         16240.99030
6798         16245.44870
6799         16249.90770
6800         16254.36740
6801         16258.82780
6802         16263.28880
6803         16267.75050
6804         16272.21280
6805         16276.67580
6806         16281.13940
6807         16285.60370
6808         16290.06860
6809         16294.53420
6810         16299.00050
6811         16303.46730
6812         16307.93490
6813         16312.40310
6814         16316.87200
6815         16321.34150
6816         16325.81160
6817         16330.28250
6818         16334.75390
6819         16339.22610
6820         16343.69880
6821         16348.17230
6822         16352.64640
6823         16357.12110
6824         16361.59650
6825         16366.07260
6826         16370.54930
6827         16375.02660
6828         16379.50460
6829         16383.98330
6830         16388.46260
6831         16392.94260
6832         16397.42320
6833         16401.90450
6834         16406.38640
6835         16410.86900
6836         16415.35230
6837         16419.83620
6838         16424.32070
6839         16428.80590
6840         16433.29180
6841         16437.77830
6842         16442.26550
6843         16446.75330
6844         16451.24180
6845         16455.73090
6846         16460.22070
6847         16464.71120
6848         16469.20220
6849         16473.69400
6850         16478.18640
6851         16482.67950
6852         16487.17320
6853         16491.66750
6854         16496.16260
6855         16500.65820
6856         16505.15460
6857         16509.65150
6858         16514.14920
6859         16518.64750
6860         16523.14640
6861         16527.64600
6862         16532.14630
6863         16536.64720
6864         16541.14870
6865         16545.65100
6866         16550.15380
6867         16554.65740
6868         16559.16150
6869         16563.66640
6870         16568.17190
6871         16572.67800
6872         16577.18480
6873         16581.69230
6874         16586.20040
6875         16590.70910
6876         16595.21860
6877         16599.72860
6878         16604.23940
6879         16608.75070
6880         16613.26280
6881         16617.77550
6882         16622.28880
6883         16626.80280
6884         16631.31750
6885         16635.83280
6886         16640.34870
6887         16644.86530
6888         16649.38260
6889         16653.90050
6890         16658.41910
6891         16662.93840
6892         16667.45820
6893         16671.97880
6894         16676.50000
6895         16681.02180
6896         16685.54440
6897         16690.06750
6898         16694.59130
6899         16699.11580
6900         16703.64090
6901         16708.16670
6902         16712.69320
6903         16717.22030
6904         16721.74800
6905         16726.27640
6906         16730.80550
6907         16735.33520
6908         16739.86550
6909         16744.39660
6910         16748.92820
6911         16753.46060
6912         16757.99360
6913         16762.52720
6914         16767.06150
6915         16771.59640
6916         16776.13200
6917         16780.66830
6918         16785.20520
6919         16789.74280
6920         16794.28100
6921         16798.81990
6922         16803.35940
6923         16807.89960
6924         16812.44050
6925         16816.98200
6926         16821.52410
6927         16826.06690
6928         16830.61040
6929         16835.15450
6930         16839.69930
6931         16844.24470
6932         16848.79080
6933         16853.33750
6934         16857.88490
6935         16862.43300
6936         16866.98170
6937         16871.53110
6938         16876.08110
6939         16880.63170
6940         16885.18310
6941         16889.73500
6942         16894.28770
6943         16898.84100
6944         16903.39490
6945         16907.94950
6946         16912.50480
6947         16917.06070
6948         16921.61730
6949         16926.17450
6950         16930.73240
6951         16935.29090
6952         16939.85010
6953         16944.40990
6954         16948.97040
6955         16953.53160
6956         16958.09340
6957         16962.65580
6958         16967.21900
6959         16971.78270
6960         16976.34720
6961         16980.91230
6962         16985.47800
6963         16990.04440
6964         16994.61150
6965         16999.17920
6966         17003.74750
6967         17008.31650
6968         17012.88620
6969         17017.45650
6970         17022.02750
6971         17026.59920
6972         17031.17150
6973         17035.74440
6974         17040.31800
6975         17044.89230
6976         17049.46720
6977         17054.04280
6978         17058.61900
6979         17063.19590
6980         17067.77340
6981         17072.35160
6982         17076.93050
6983         17081.51000
6984         17086.09010
6985         17090.67100
6986         17095.25240
6987         17099.83460
6988         17104.41730
6989         17109.00080
6990         17113.58490
6991         17118.16960
6992         17122.75500
6993         17127.34110
6994         17131.92780
6995         17136.51520
6996         17141.10320
6997         17145.69190
6998         17150.28120
6999         17154.87120
7000         17159.46190
7001         17164.05320
7002         17168.64520
7003         17173.23780
7004         17177.83110
7005         17182.42500
7006         17187.01960
7007         17191.61480
7008         17196.21070
7009         17200.80730
7010         17205.40450
7011         17210.00240
7012         17214.60090
7013         17219.20010
7014         17223.79990
7015         17228.40040
7016         17233.00150
7017         17237.60330
7018         17242.20580
7019         17246.80890
7020         17251.41270
7021         17256.01710
7022         17260.62220
7023         17265.22790
7024         17269.83430
7025         17274.44130
7026         17279.04900
7027         17283.65740
7028         17288.26640
7029         17292.87610
7030         17297.48640
7031         17302.09740
7032         17306.70900
7033         17311.32130
7034         17315.93430
7035         17320.54790
7036         17325.16220
7037         17329.77710
7038         17334.39270
7039         17339.00890
7040         17343.62580
7041         17348.24330
7042         17352.86150
7043         17357.48040
7044         17362.09990
7045         17366.72010
7046         17371.34090
7047         17375.96240
7048         17380.58450
7049         17385.20730
7050         17389.83080
7051         17394.45490
7052         17399.07960
7053         17403.70510
7054         17408.33110
7055         17412.95790
7056         17417.58530
7057         17422.21330
7058         17426.84200
7059         17431.47140
7060         17436.10140
7061         17440.73200
7062         17445.36340
7063         17449.99530
7064         17454.62800
7065         17459.26130
7066         17463.89520
7067         17468.52980
7068         17473.16510
7069         17477.80100
7070         17482.43760
7071         17487.07480
7072         17491.71270
7073         17496.35130
7074         17500.99050
7075         17505.63030
7076         17510.27080
7077         17514.91200
7078         17519.55380
7079         17524.19630
7080         17528.83950
7081         17533.48330
7082         17538.12770
7083         17542.77280
7084         17547.41860
7085         17552.06500
7086         17556.71210
7087         17561.35980
7088         17566.00820
7089         17570.65730
7090         17575.30700
7091         17579.95730
7092         17584.60840
7093         17589.26000
7094         17593.91240
7095         17598.56540
7096         17603.21900
7097         17607.87330
7098         17612.52830
7099         17617.18390
7100         17621.84010
7101         17626.49710
7102         17631.15470
7103         17635.81290
7104         17640.47180
7105         17645.13140
7106         17649.79160
7107         17654.45240
7108         17659.11400
7109         17663.77610
7110         17668.43900
7111         17673.10250
7112         17677.76660
7113         17682.43140
7114         17687.09690
7115         17691.76300
7116         17696.42980
7117         17701.09720
7118         17705.76530
7119         17710.43410
7120         17715.10350
7121         17719.77360
7122         17724.44430
7123         17729.11570
7124         17733.78770
7125         17738.46040
7126         17743.13370
7127         17747.80770
7128         17752.48240
7129         17757.15770
7130         17761.83370
7131         17766.51030
7132         17771.18760
7133         17775.86560
7134         17780.54420
7135         17785.22340
7136         17789.90330
7137         17794.58390
7138         17799.26510
7139         17803.94700
7140         17808.62960
7141         17813.31280
7142         17817.99660
7143         17822.68120
7144         17827.36630
7145         17832.05220
7146         17836.73860
7147         17841.42580
7148         17846.11360
7149         17850.80200
7150         17855.49120
7151         17860.18090
7152         17864.87140
7153         17869.56250
7154         17874.25420
7155         17878.94660
7156         17883.63970
7157         17888.33340
7158         17893.02770
7159         17897.72280
7160         17902.41850
7161         17907.11480
7162         17911.81180
7163         17916.50950
7164         17921.20780
7165         17925.90680
7166         17930.60640
7167         17935.30670
7168         17940.00760
7169         17944.70920
7170         17949.41150
7171         17954.11440
7172         17958.81800
7173         17963.52220
7174         17968.22710
7175         17972.93260
7176         17977.63880
7177         17982.34570
7178         17987.05320
7179         17991.76140
7180         17996.47020
7181         18001.17970
7182         18005.88990
7183         18010.60070
7184         18015.31210
7185         18020.02420
7186         18024.73700
7187         18029.45050
7188         18034.16450
7189         18038.87930
7190         18043.59470
7191         18048.31080
7192         18053.02750
7193         18057.74490
7194         18062.46290
7195         18067.18160
7196         18071.90090
7197         18076.62090
7198         18081.34160
7199         18086.06290
7200         18090.78490
7201         18095.50760
7202         18100.23080
7203         18104.95480
7204         18109.67940
7205         18114.40470
7206         18119.13060
7207         18123.85720
7208         18128.58440
7209         18133.31230
7210         18138.04090
7211         18142.77010
7212         18147.50000
7213         18152.23050
7214         18156.96170
7215         18161.69350
7216         18166.42600
7217         18171.15920
7218         18175.89300
7219         18180.62750
7220         18185.36260
7221         18190.09840
7222         18194.83490
7223         18199.57200
7224         18204.30970
7225         18209.04810
7226         18213.78720
7227         18218.52700
7228         18223.26740
7229         18228.00840
7230         18232.75010
7231         18237.49250
7232         18242.23550
7233         18246.97920
7234         18251.72350
7235         18256.46850
7236         18261.21420
7237         18265.96050
7238         18270.70750
7239         18275.45510
7240         18280.20340
7241         18284.95230
7242         18289.70190
7243         18294.45220
7244         18299.20310
7245         18303.95470
7246         18308.70690
7247         18313.45980
7248         18318.21340
7249         18322.96760
7250         18327.72250
7251         18332.47800
7252         18337.23420
7253         18341.99100
7254         18346.74850
7255         18351.50670
7256         18356.26550
7257         18361.02490
7258         18365.78510
7259         18370.54590
7260         18375.30730
7261         18380.06940
7262         18384.83220
7263         18389.59560
7264         18394.35970
7265         18399.12440
7266         18403.88980
7267         18408.65580
7268         18413.42260
7269         18418.18990
7270         18422.95800
7271         18427.72660
7272         18432.49600
7273         18437.26600
7274         18442.03660
7275         18446.80800
7276         18451.57990
7277         18456.35260
7278         18461.12590
7279         18465.89980
7280         18470.67440
7281         18475.44970
7282         18480.22560
7283         18485.00220
7284         18489.77940
7285         18494.55730
7286         18499.33590
7287         18504.11510
7288         18508.89500
7289         18513.67550
7290         18518.45670
7291         18523.23850
7292         18528.02100
7293         18532.80420
7294         18537.58800
7295         18542.37250
7296         18547.15760
7297         18551.94340
7298         18556.72990
7299         18561.51700
7300         18566.30480
7301         18571.09320
7302         18575.88230
7303         18580.67210
7304         18585.46250
7305         18590.25350
7306         18595.04520
7307         18599.83760
7308         18604.63070
7309         18609.42440
7310         18614.21870
7311         18619.01370
7312         18623.80940
7313         18628.60570
7314         18633.40270
7315         18638.20040
7316         18642.99870
7317         18647.79760
7318         18652.59730
7319         18657.39750
7320         18662.19850
7321         18667.00010
7322         18671.80230
7323         18676.60530
7324         18681.40880
7325         18686.21310
7326         18691.01790
7327         18695.82350
7328         18700.62970
7329         18705.43660
7330         18710.24410
7331         18715.05230
7332         18719.86110
7333         18724.67060
7334         18729.48080
7335         18734.29160
7336         18739.10310
7337         18743.91520
7338         18748.72800
7339         18753.54150
7340         18758.35560
7341         18763.17030
7342         18767.98580
7343         18772.80180
7344         18777.61860
7345         18782.43600
7346         18787.25410
7347         18792.07280
7348         18796.89220
7349         18801.71220
7350         18806.53290
7351         18811.35420
7352         18816.17630
7353         18820.99890
7354         18825.82230
7355         18830.64630
7356         18835.47090
7357         18840.29620
7358         18845.12220
7359         18849.94880
7360         18854.77610
7361         18859.60400
7362         18864.43260
7363         18869.26190
7364         18874.09180
7365         18878.92240
7366         18883.75360
7367         18888.58550
7368         18893.41810
7369         18898.25130
7370         18903.08520
7371         18907.91970
7372         18912.75490
7373         18917.59070
7374         18922.42720
7375         18927.26440
7376         18932.10220
7377         18936.94070
7378         18941.77990
7379         18946.61970
7380         18951.46010
7381         18956.30120
7382         18961.14300
7383         18965.98550
7384         18970.82850
7385         18975.67230
7386         18980.51670
7387         18985.36180
7388         18990.20750
7389         18995.05390
7390         18999.90100
7391         19004.74870
7392         19009.59700
7393         19014.44610
7394         19019.29570
7395         19024.14610
7396         19028.99710
7397         19033.84880
7398         19038.70110
7399         19043.55410
7400         19048.40770
7401         19053.26200
7402         19058.11700
7403         19062.97260
7404         19067.82890
7405         19072.68580
7406         19077.54340
7407         19082.40160
7408         19087.26050
7409         19092.12010
7410         19096.98030
7411         19101.84120
7412         19106.70280
7413         19111.56500
7414         19116.42790
7415         19121.29140
7416         19126.15560
7417         19131.02040
7418         19135.88590
7419         19140.75210
7420         19145.61890
7421         19150.48640
7422         19155.35450
7423         19160.22330
7424         19165.09280
7425         19169.96290
7426         19174.83370
7427         19179.70510
7428         19184.57720
7429         19189.45000
7430         19194.32340
7431         19199.19750
7432         19204.07220
7433         19208.94760
7434         19213.82360
7435         19218.70030
7436         19223.57770
7437         19228.45570
7438         19233.33440
7439         19238.21380
7440         19243.09380
7441         19247.97440
7442         19252.85580
7443         19257.73780
7444         19262.62040
7445         19267.50370
7446         19272.38770
7447         19277.27230
7448         19282.15760
7449         19287.04350
7450         19291.93010
7451         19296.81740
7452         19301.70530
7453         19306.59390
7454         19311.48310
7455         19316.37300
7456         19321.26360
7457         19326.15480
7458         19331.04660
7459         19335.93920
7460         19340.83240
7461         19345.72620
7462         19350.62070
7463         19355.51590
7464         19360.41170
7465         19365.30820
7466         19370.20540
7467         19375.10320
7468         19380.00170
7469         19384.90080
7470         19389.80060
7471         19394.70100
7472         19399.60210
7473         19404.50390
7474         19409.40630
7475         19414.30940
7476         19419.21320
7477         19424.11760
7478         19429.02260
7479         19433.92840
7480         19438.83480
7481         19443.74180
7482         19448.64950
7483         19453.55790
7484         19458.46690
7485         19463.37660
7486         19468.28690
7487         19473.19790
7488         19478.10960
7489         19483.02190
7490         19487.93490
7491         19492.84850
7492         19497.76280
7493         19502.67780
7494         19507.59340
7495         19512.50970
7496         19517.42660
7497         19522.34420
7498         19527.26250
7499         19532.18140
7500         19537.10100
7501         19542.02120
7502         19546.94210
7503         19551.86370
7504         19556.78590
7505         19561.70870
7506         19566.63230
7507         19571.55650
7508         19576.48130
7509         19581.40680
7510         19586.33300
7511         19591.25990
7512         19596.18730
7513         19601.11550
7514         19606.04430
7515         19610.97380
7516         19615.90390
7517         19620.83470
7518         19625.76620
7519         19630.69830
7520         19635.63110
7521         19640.56450
7522         19645.49860
7523         19650.43330
7524         19655.36870
7525         19660.30480
7526         19665.24150
7527         19670.17890
7528         19675.11700
7529         19680.05570
7530         19684.99510
7531         19689.93510
7532         19694.87580
7533         19699.81710
7534         19704.75920
7535         19709.70180
7536         19714.64520
7537         19719.58910
7538         19724.53380
7539         19729.47910
7540         19734.42510
7541         19739.37170
7542         19744.31900
7543         19749.26690
7544         19754.21560
7545         19759.16480
7546         19764.11480
7547         19769.06530
7548         19774.01660
7549         19778.96850
7550         19783.92110
7551         19788.87430
7552         19793.82820
7553         19798.78270
7554         19803.73800
7555         19808.69380
7556         19813.65040
7557         19818.60750
7558         19823.56540
7559         19828.52390
7560         19833.48310
7561         19838.44290
7562         19843.40340
7563         19848.36450
7564         19853.32640
7565         19858.28880
7566         19863.25200
7567         19868.21570
7568         19873.18020
7569         19878.14530
7570         19883.11110
7571         19888.07750
7572         19893.04460
7573         19898.01240
7574         19902.98080
7575         19907.94980
7576         19912.91960
7577         19917.89000
7578         19922.86100
7579         19927.83270
7580         19932.80510
7581         19937.77810
7582         19942.75180
7583         19947.72620
7584         19952.70120
7585         19957.67690
7586         19962.65320
7587         19967.63020
7588         19972.60790
7589         19977.58620
7590         19982.56510
7591         19987.54480
7592         19992.52510
7593         19997.50600
7594         20002.48760
7595         20007.46990
7596         20012.45290
7597         20017.43650
7598         20022.42070
7599         20027.40560
7600         20032.39120
7601         20037.37740
7602         20042.36430
7603         20047.35190
7604         20052.34010
7605         20057.32900
7606         20062.31850
7607         20067.30870
7608         20072.29960
7609         20077.29110
7610         20082.28330
7611         20087.27610
7612         20092.26960
7613         20097.26380
7614         20102.25860
7615         20107.25410
7616         20112.25030
7617         20117.24710
7618         20122.24450
7619         20127.24260
7620         20132.24140
7621         20137.24090
7622         20142.24100
7623         20147.24170
7624         20152.24320
7625         20157.24530
7626         20162.24800
7627         20167.25140
7628         20172.25550
7629         20177.26020
7630         20182.26560
7631         20187.27160
7632         20192.27840
7633         20197.28570
7634         20202.29380
7635         20207.30240
7636         20212.31180
7637         20217.32180
7638         20222.33250
7639         20227.34380
7640         20232.35580
7641         20237.36850
7642         20242.38180
7643         20247.39580
7644         20252.41040
7645         20257.42570
7646         20262.44160
7647         20267.45830
7648         20272.47550
7649         20277.49350
7650         20282.51210
7651         20287.53130
7652         20292.55130
7653         20297.57180
7654         20302.59310
7655         20307.61500
7656         20312.63760
7657         20317.66080
7658         20322.68470
7659         20327.70920
7660         20332.73440
7661         20337.76030
7662         20342.78680
7663         20347.81400
7664         20352.84180
7665         20357.87030
7666         20362.89950
7667         20367.92930
7668         20372.95980
7669         20377.99100
7670         20383.02280
7671         20388.05530
7672         20393.08840
7673         20398.12220
7674         20403.15670
7675         20408.19180
7676         20413.22750
7677         20418.26400
7678         20423.30110
7679         20428.33880
7680         20433.37730
7681         20438.41630
7682         20443.45610
7683         20448.49650
7684         20453.53750
7685         20458.57930
7686         20463.62160
7687         20468.66470
7688         20473.70840
7689         20478.75280
7690         20483.79780
7691         20488.84350
7692         20493.88980
7693         20498.93680
7694         20503.98450
7695         20509.03280
7696         20514.08180
7697         20519.13150
7698         20524.18180
7699         20529.23280
7700         20534.28440
7701         20539.33670
7702         20544.38960
7703         20549.44330
7704         20554.49750
7705         20559.55250
7706         20564.60810
7707         20569.66430
7708         20574.72130
7709         20579.77880
7710         20584.83710
7711         20589.89600
7712         20594.95560
7713         20600.01580
7714         20605.07670
7715         20610.13820
7716         20615.20040
7717         20620.26330
7718         20625.32680
7719         20630.39100
7720         20635.45590
7721         20640.52140
7722         20645.58760
7723         20650.65440
7724         20655.72190
7725         20660.79000
7726         20665.85890
7727         20670.92830
7728         20675.99850
7729         20681.06930
7730         20686.14070
7731         20691.21290
7732         20696.28560
7733         20701.35910
7734         20706.43320
7735         20711.50800
7736         20716.58340
7737         20721.65950
7738         20726.73620
7739         20731.81360
7740         20736.89170
7741         20741.97040
7742         20747.04980
7743         20752.12990
7744         20757.21060
7745         20762.29200
7746         20767.37400
7747         20772.45670
7748         20777.54010
7749         20782.62410
7750         20787.70880
7751         20792.79410
7752         20797.88010
7753         20802.96680
7754         20808.05410
7755         20813.14210
7756         20818.23080
7757         20823.32010
7758         20828.41000
7759         20833.50070
7760         20838.59200
7761         20843.68390
7762         20848.77650
7763         20853.86980
7764         20858.96370
7765         20864.05830
7766         20869.15360
7767         20874.24950
7768         20879.34610
7769         20884.44330
7770         20889.54130
7771         20894.63980
7772         20899.73900
7773         20904.83890
7774         20909.93950
7775         20915.04070
7776         20920.14260
7777         20925.24510
7778         20930.34830
7779         20935.45210
7780         20940.55670
7781         20945.66180
7782         20950.76770
7783         20955.87420
7784         20960.98130
7785         20966.08920
7786         20971.19760
7787         20976.30680
7788         20981.41660
7789         20986.52710
7790         20991.63820
7791         20996.75000
7792         21001.86240
7793         21006.97550
7794         21012.08930
7795         21017.20380
7796         21022.31880
7797         21027.43460
7798         21032.55100
7799         21037.66810
7800         21042.78580
7801         21047.90420
7802         21053.02330
7803         21058.14300
7804         21063.26340
7805         21068.38450
7806         21073.50620
7807         21078.62850
7808         21083.75160
7809         21088.87530
7810         21093.99960
7811         21099.12460
7812         21104.25030
7813         21109.37670
7814         21114.50370
7815         21119.63130
7816         21124.75960
7817         21129.88860
7818         21135.01830
7819         21140.14860
7820         21145.27950
7821         21150.41120
7822         21155.54350
7823         21160.67640
7824         21165.81000
7825         21170.94430
7826         21176.07920
7827         21181.21480
7828         21186.35110
7829         21191.48800
7830         21196.62560
7831         21201.76380
7832         21206.90270
7833         21212.04230
7834         21217.18250
7835         21222.32340
7836         21227.46500
7837         21232.60720
7838         21237.75010
7839         21242.89360
7840         21248.03780
7841         21253.18260
7842         21258.32820
7843         21263.47430
7844         21268.62120
7845         21273.76870
7846         21278.91690
7847         21284.06570
7848         21289.21520
7849         21294.36530
7850         21299.51610
7851         21304.66760
7852         21309.81970
7853         21314.97250
7854         21320.12600
7855         21325.28010
7856         21330.43490
7857         21335.59030
7858         21340.74640
7859         21345.90320
7860         21351.06060
7861         21356.21870
7862         21361.37750
7863         21366.53690
7864         21371.69690
7865         21376.85770
7866         21382.01910
7867         21387.18110
7868         21392.34380
7869         21397.50720
7870         21402.67130
7871         21407.83600
7872         21413.00130
7873         21418.16740
7874         21423.33400
7875         21428.50140
7876         21433.66940
7877         21438.83810
7878         21444.00740
7879         21449.17740
7880         21454.34810
7881         21459.51940
7882         21464.69140
7883         21469.86400
7884         21475.03730
7885         21480.21130
7886         21485.38590
7887         21490.56120
7888         21495.73710
7889         21500.91380
7890         21506.09100
7891         21511.26900
7892         21516.44760
7893         21521.62680
7894         21526.80670
7895         21531.98730
7896         21537.16860
7897         21542.35050
7898         21547.53300
7899         21552.71630
7900         21557.90020
7901         21563.08470
7902         21568.26990
7903         21573.45580
7904         21578.64230
7905         21583.82950
7906         21589.01740
7907         21594.20590
7908         21599.39510
7909         21604.58500
7910         21609.77550
7911         21614.96660
7912         21620.15850
7913         21625.35100
7914         21630.54410
7915         21635.73790
7916         21640.93240
7917         21646.12750
7918         21651.32330
7919         21656.51980
7920         21661.71690
7921         21666.91470
7922         21672.11320
7923         21677.31230
7924         21682.51200
7925         21687.71250
7926         21692.91360
7927         21698.11530
7928         21703.31780
7929         21708.52080
7930         21713.72460
7931         21718.92900
7932         21724.13400
7933         21729.33980
7934         21734.54620
7935         21739.75320
7936         21744.96090
7937         21750.16930
7938         21755.37830
7939         21760.58800
7940         21765.79840
7941         21771.00940
7942         21776.22110
7943         21781.43350
7944         21786.64650
7945         21791.86010
7946         21797.07450
7947         21802.28950
7948         21807.50510
7949         21812.72140
7950         21817.93840
7951         21823.15600
7952         21828.37440
7953         21833.59330
7954         21838.81290
7955         21844.03320
7956         21849.25420
7957         21854.47580
7958         21859.69810
7959         21864.92100
7960         21870.14460
7961         21875.36890
7962         21880.59380
7963         21885.81940
7964         21891.04560
7965         21896.27250
7966         21901.50010
7967         21906.72830
7968         21911.95720
7969         21917.18680
7970         21922.41700
7971         21927.64790
7972         21932.87940
7973         21938.11160
7974         21943.34450
7975         21948.57800
7976         21953.81220
7977         21959.04700
7978         21964.28250
7979         21969.51870
7980         21974.75560
7981         21979.99310
7982         21985.23120
7983         21990.47000
7984         21995.70950
7985         22000.94970
7986         22006.19050
7987         22011.43190
7988         22016.67410
7989         22021.91690
7990         22027.16030
7991         22032.40440
7992         22037.64920
7993         22042.89470
7994         22048.14080
7995         22053.38750
7996         22058.63500
7997         22063.88310
7998         22069.13180
7999         22074.38120
8000         22079.63130
8001         22084.88200
8002         22090.13340
8003         22095.38550
8004         22100.63820
8005         22105.89160
8006         22111.14570
8007         22116.40040
8008         22121.65570
8009         22126.91180
8010         22132.16850
8011         22137.42580
8012         22142.68380
8013         22147.94250
8014         22153.20190
8015         22158.46190
8016         22163.72250
8017         22168.98390
8018         22174.24590
8019         22179.50850
8020         22184.77180
8021         22190.03580
8022         22195.30050
8023         22200.56580
8024         22205.83170
8025         22211.09840
8026         22216.36560
8027         22221.63360
8028         22226.90220
8029         22232.17150
8030         22237.44140
8031         22242.71200
8032         22247.98330
8033         22253.25520
8034         22258.52780
8035         22263.80100
8036         22269.07490
8037         22274.34950
8038         22279.62480
8039         22284.90070
8040         22290.17720
8041         22295.45440
8042         22300.73230
8043         22306.01090
8044         22311.29010
8045         22316.56990
8046         22321.85050
8047         22327.13170
8048         22332.41350
8049         22337.69600
8050         22342.97920
8051         22348.26310
8052         22353.54760
8053         22358.83270
8054         22364.11860
8055         22369.40500
8056         22374.69220
8057         22379.98000
8058         22385.26850
8059         22390.55760
8060         22395.84740
8061         22401.13790
8062         22406.42900
8063         22411.72080
8064         22417.01330
8065         22422.30640
8066         22427.60010
8067         22432.89460
8068         22438.18970
8069         22443.48540
8070         22448.78190
8071         22454.07900
8072         22459.37670
8073         22464.67510
8074         22469.97420
8075         22475.27390
8076         22480.57430
8077         22485.87540
8078         22491.17710
8079         22496.47950
8080         22501.78250
8081         22507.08620
8082         22512.39060
8083         22517.69560
8084         22523.00130
8085         22528.30770
8086         22533.61470
8087         22538.92240
8088         22544.23070
8089         22549.53970
8090         22554.84940
8091         22560.15970
8092         22565.47070
8093         22570.78240
8094         22576.09470
8095         22581.40770
8096         22586.72130
8097         22592.03560
8098         22597.35060
8099         22602.66620
8100         22607.98250
8101         22613.29950
8102         22618.61710
8103         22623.93530
8104         22629.25430
8105         22634.57390
8106         22639.89410
8107         22645.21510
8108         22650.53670
8109         22655.85890
8110         22661.18180
8111         22666.50540
8112         22671.82960
8113         22677.15450
8114         22682.48010
8115         22687.80630
8116         22693.13320
8117         22698.46080
8118         22703.78900
8119         22709.11780
8120         22714.44740
8121         22719.77760
8122         22725.10840
8123         22730.44000
8124         22735.77220
8125         22741.10500
8126         22746.43850
8127         22751.77270
8128         22757.10750
8129         22762.44300
8130         22767.77920
8131         22773.11600
8132         22778.45350
8133         22783.79160
8134         22789.13040
8135         22794.46990
8136         22799.81000
8137         22805.15080
8138         22810.49230
8139         22815.83440
8140         22821.17720
8141         22826.52060
8142         22831.86470
8143         22837.20950
8144         22842.55490
8145         22847.90100
8146         22853.24780
8147         22858.59520
8148         22863.94330
8149         22869.29200
8150         22874.64150
8151         22879.99150
8152         22885.34230
8153         22890.69360
8154         22896.04570
8155         22901.39840
8156         22906.75180
8157         22912.10580
8158         22917.46050
8159         22922.81590
8160         22928.17190
8161         22933.52860
8162         22938.88600
8163         22944.24400
8164         22949.60270
8165         22954.96200
8166         22960.32200
8167         22965.68270
8168         22971.04400
8169         22976.40600
8170         22981.76870
8171         22987.13200
8172         22992.49600
8173         22997.86060
8174         23003.22590
8175         23008.59190
8176         23013.95850
8177         23019.32580
8178         23024.69380
8179         23030.06240
8180         23035.43170
8181         23040.80160
8182         23046.17220
8183         23051.54350
8184         23056.91540
8185         23062.28800
8186         23067.66120
8187         23073.03510
8188         23078.40970
8189         23083.78500
8190         23089.16090
8191         23094.53740
8192         23099.91470
8193         23105.29260
8194         23110.67110
8195         23116.05030
8196         23121.43020
8197         23126.81070
8198         23132.19190
8199         23137.57380
8200         23142.95630
8201         23148.33950
8202         23153.72340
8203         23159.10790
8204         23164.49310
8205         23169.87890
8206         23175.26540
8207         23180.65260
8208         23186.04040
8209         23191.42890
8210         23196.81800
8211         23202.20780
8212         23207.59830
8213         23212.98950
8214         23218.38130
8215         23223.77370
8216         23229.16690
8217         23234.56060
8218         23239.95510
8219         23245.35020
8220         23250.74600
8221         23256.14240
8222         23261.53950
8223         23266.93730
8224         23272.33570
8225         23277.73480
8226         23283.13460
8227         23288.53500
8228         23293.93600
8229         23299.33780
8230         23304.74020
8231         23310.14330
8232         23315.54700
8233         23320.95140
8234         23326.35640
8235         23331.76210
8236         23337.16850
8237         23342.57550
8238         23347.98320
8239         23353.39160
8240         23358.80060
8241         23364.21030
8242         23369.62070
8243         23375.03170
8244         23380.44340
8245         23385.85570
8246         23391.26870
8247         23396.68240
8248         23402.09670
8249         23407.51170
8250         23412.92730
8251         23418.34370
8252         23423.76060
8253         23429.17830
8254         23434.59660
8255         23440.01550
8256         23445.43520
8257         23450.85550
8258         23456.27640
8259         23461.69800
8260         23467.12030
8261         23472.54320
8262         23477.96680
8263         23483.39110
8264         23488.81600
8265         23494.24160
8266         23499.66790
8267         23505.09480
8268         23510.52240
8269         23515.95060
8270         23521.37950
8271         23526.80910
8272         23532.23930
8273         23537.67020
8274         23543.10170
8275         23548.53400
8276         23553.96680
8277         23559.40040
8278         23564.83460
8279         23570.26940
8280         23575.70500
8281         23581.14120
8282         23586.57800
8283         23592.01550
8284         23597.45370
8285         23602.89250
8286         23608.33200
8287         23613.77220
8288         23619.21300
8289         23624.65450
8290         23630.09670
8291         23635.53950
8292         23640.98300
8293         23646.42710
8294         23651.87190
8295         23657.31740
8296         23662.76350
8297         23668.21030
8298         23673.65780
8299         23679.10590
8300         23684.55470
8301         23690.00410
8302         23695.45420
8303         23700.90500
8304         23706.35640
8305         23711.80850
8306         23717.26120
8307         23722.71470
8308         23728.16870
8309         23733.62350
8310         23739.07890
8311         23744.53500
8312         23749.99170
8313         23755.44910
8314         23760.90710
8315         23766.36580
8316         23771.82520
8317         23777.28530
8318         23782.74600
8319         23788.20730
8320         23793.66940
8321         23799.13210
8322         23804.59540
8323         23810.05940
8324         23815.52410
8325         23820.98950
8326         23826.45550
8327         23831.92210
8328         23837.38950
8329         23842.85750
8330         23848.32610
8331         23853.79540
8332         23859.26540
8333         23864.73610
8334         23870.20740
8335         23875.67930
8336         23881.15200
8337         23886.62530
8338         23892.09920
8339         23897.57380
8340         23903.04910
8341         23908.52510
8342         23914.00170
8343         23919.47900
8344         23924.95690
8345         23930.43550
8346         23935.91470
8347         23941.39470
8348         23946.87520
8349         23952.35650
8350         23957.83840
8351         23963.32100
8352         23968.80420
8353         23974.28810
8354         23979.77270
8355         23985.25790
8356         23990.74380
8357         23996.23030
8358         24001.71750
8359         24007.20540
8360         24012.69390
8361         24018.18310
8362         24023.67300
8363         24029.16350
8364         24034.65470
8365         24040.14650
8366         24045.63900
8367         24051.13220
8368         24056.62610
8369         24062.12060
8370         24067.61570
8371         24073.11150
8372         24078.60800
8373         24084.10520
8374         24089.60300
8375         24095.10150
8376         24100.60060
8377         24106.10040
8378         24111.60090
8379         24117.10200
8380         24122.60380
8381         24128.10620
8382         24133.60930
8383         24139.11310
8384         24144.61750
8385         24150.12260
8386         24155.62840
8387         24161.13480
8388         24166.64190
8389         24172.14970
8390         24177.65810
8391         24183.16720
8392         24188.67690
8393         24194.18730
8394         24199.69840
8395         24205.21010
8396         24210.72250
8397         24216.23550
8398         24221.74920
8399         24227.26360
8400         24232.77870
8401         24238.29440
8402         24243.81070
8403         24249.32770
8404         24254.84540
8405         24260.36380
8406         24265.88280
8407         24271.40250
8408         24276.92280
8409         24282.44380
8410         24287.96550
8411         24293.48780
8412         24299.01080
8413         24304.53450
8414         24310.05880
8415         24315.58380
8416         24321.10940
8417         24326.63570
8418         24332.16270
8419         24337.69030
8420         24343.21860
8421         24348.74750
8422         24354.27720
8423         24359.80740
8424         24365.33840
8425         24370.87000
8426         24376.40220
8427         24381.93520
8428         24387.46880
8429         24393.00300
8430         24398.53790
8431         24404.07350
8432         24409.60980
8433         24415.14670
8434         24420.68420
8435         24426.22250
8436         24431.76140
8437         24437.30090
8438         24442.84110
8439         24448.38200
8440         24453.92360
8441         24459.46580
8442         24465.00860
8443         24470.55220
8444         24476.09640
8445         24481.64120
8446         24487.18670
8447         24492.73290
8448         24498.27980
8449         24503.82730
8450         24509.37540
8451         24514.92430
8452         24520.47380
8453         24526.02390
8454         24531.57480
8455         24537.12620
8456         24542.67840
8457         24548.23120
8458         24553.78470
8459         24559.33880
8460         24564.89360
8461         24570.44910
8462         24576.00520
8463         24581.56200
8464         24587.11940
8465         24592.67750
8466         24598.23630
8467         24603.79570
8468         24609.35580
8469         24614.91660
8470         24620.47800
8471         24626.04010
8472         24631.60280
8473         24637.16620
8474         24642.73030
8475         24648.29510
8476         24653.86050
8477         24659.42650
8478         24664.99320
8479         24670.56060
8480         24676.12870
8481         24681.69740
8482         24687.26680
8483         24692.83680
8484         24698.40750
8485         24703.97890
8486         24709.55090
8487         24715.12360
8488         24720.69690
8489         24726.27090
8490         24731.84560
8491         24737.42090
8492         24742.99690
8493         24748.57360
8494         24754.15090
8495         24759.72890
8496         24765.30760
8497         24770.88690
8498         24776.46680
8499         24782.04750
8500         24787.62880
8501         24793.21070
8502         24798.79340
8503         24804.37670
8504         24809.96060
8505         24815.54520
8506         24821.13050
8507         24826.71640
8508         24832.30300
8509         24837.89030
8510         24843.47820
8511         24849.06680
8512         24854.65610
8513         24860.24600
8514         24865.83660
8515         24871.42780
8516         24877.01970
8517         24882.61230
8518         24888.20550
8519         24893.79940
8520         24899.39390
8521         24904.98920
8522         24910.58500
8523         24916.18160
8524         24921.77880
8525         24927.37660
8526         24932.97520
8527         24938.57440
8528         24944.17420
8529         24949.77470
8530         24955.37590
8531         24960.97780
8532         24966.58030
8533         24972.18340
8534         24977.78720
8535         24983.39170
8536         24988.99690
8537         24994.60270
8538         25000.20920
8539         25005.81630
8540         25011.42410
8541         25017.03260
8542         25022.64170
8543         25028.25150
8544         25033.86200
8545         25039.47310
8546         25045.08490
8547         25050.69730
8548         25056.31040
8549         25061.92420
8550         25067.53860
8551         25073.15370
8552         25078.76950
8553         25084.38590
8554         25090.00300
8555         25095.62070
8556         25101.23910
8557         25106.85820
8558         25112.47790
8559         25118.09830
8560         25123.71940
8561         25129.34110
8562         25134.96340
8563         25140.58650
8564         25146.21020
8565         25151.83460
8566         25157.45960
8567         25163.08530
8568         25168.71160
8569         25174.33870
8570         25179.96630
8571         25185.59470
8572         25191.22370
8573         25196.85340
8574         25202.48370
8575         25208.11470
8576         25213.74630
8577         25219.37870
8578         25225.01160
8579         25230.64530
8580         25236.27960
8581         25241.91460
8582         25247.55020
8583         25253.18650
8584         25258.82340
8585         25264.46110
8586         25270.09930
8587         25275.73830
8588         25281.37790
8589         25287.01820
8590         25292.65910
8591         25298.30070
8592         25303.94290
8593         25309.58590
8594         25315.22940
8595         25320.87370
8596         25326.51860
8597         25332.16420
8598         25337.81040
8599         25343.45730
8600         25349.10480
8601         25354.75310
8602         25360.40190
8603         25366.05150
8604         25371.70170
8605         25377.35260
8606         25383.00410
8607         25388.65630
8608         25394.30910
8609         25399.96270
8610         25405.61680
8611         25411.27170
8612         25416.92720
8613         25422.58340
8614         25428.24020
8615         25433.89770
8616         25439.55580
8617         25445.21470
8618         25450.87410
8619         25456.53430
8620         25462.19510
8621         25467.85660
8622         25473.51870
8623         25479.18150
8624         25484.84490
8625         25490.50910
8626         25496.17380
8627         25501.83930
8628         25507.50540
8629         25513.17220
8630         25518.83960
8631         25524.50770
8632         25530.17640
8633         25535.84590
8634         25541.51590
8635         25547.18670
8636         25552.85810
8637         25558.53020
8638         25564.20290
8639         25569.87630
8640         25575.55030
8641         25581.22510
8642         25586.90040
8643         25592.57650
8644         25598.25320
8645         25603.93050
8646         25609.60860
8647         25615.28730
8648         25620.96660
8649         25626.64660
8650         25632.32730
8651         25638.00870
8652         25643.69070
8653         25649.37330
8654         25655.05670
8655         25660.74070
8656         25666.42530
8657         25672.11060
8658         25677.79660
8659         25683.48320
8660         25689.17060
8661         25694.85850
8662         25700.54710
8663         25706.23640
8664         25711.92640
8665         25717.61700
8666         25723.30830
8667         25729.00020
8668         25734.69280
8669         25740.38610
8670         25746.08000
8671         25751.77460
8672         25757.46990
8673         25763.16580
8674         25768.86240
8675         25774.55960
8676         25780.25750
8677         25785.95610
8678         25791.65530
8679         25797.35520
8680         25803.05570
8681         25808.75700
8682         25814.45880
8683         25820.16140
8684         25825.86460
8685         25831.56840
8686         25837.27300
8687         25842.97820
8688         25848.68400
8689         25854.39050
8690         25860.09770
8691         25865.80550
8692         25871.51400
8693         25877.22320
8694         25882.93300
8695         25888.64350
8696         25894.35470
8697         25900.06650
8698         25905.77890
8699         25911.49210
8700         25917.20590
8701         25922.92030
8702         25928.63550
8703         25934.35130
8704         25940.06770
8705         25945.78480
8706         25951.50260
8707         25957.22100
8708         25962.94010
8709         25968.65990
8710         25974.38030
8711         25980.10140
8712         25985.82310
8713         25991.54550
8714         25997.26860
8715         26002.99230
8716         26008.71670
8717         26014.44180
8718         26020.16750
8719         26025.89390
8720         26031.62100
8721         26037.34870
8722         26043.07700
8723         26048.80610
8724         26054.53580
8725         26060.26610
8726         26065.99710
8727         26071.72880
8728         26077.46120
8729         26083.19420
8730         26088.92780
8731         26094.66220
8732         26100.39720
8733         26106.13280
8734         26111.86910
8735         26117.60610
8736         26123.34380
8737         26129.08210
8738         26134.82100
8739         26140.56070
8740         26146.30100
8741         26152.04190
8742         26157.78350
8743         26163.52580
8744         26169.26870
8745         26175.01230
8746         26180.75660
8747         26186.50150
8748         26192.24710
8749         26197.99340
8750         26203.74030
8751         26209.48790
8752         26215.23610
8753         26220.98500
8754         26226.73460
8755         26232.48480
8756         26238.23570
8757         26243.98720
8758         26249.73940
8759         26255.49230
8760         26261.24580
8761         26267.00000
8762         26272.75490
8763         26278.51040
8764         26284.26660
8765         26290.02350
8766         26295.78100
8767         26301.53910
8768         26307.29800
8769         26313.05750
8770         26318.81760
8771         26324.57850
8772         26330.33990
8773         26336.10210
8774         26341.86490
8775         26347.62840
8776         26353.39250
8777         26359.15730
8778         26364.92270
8779         26370.68890
8780         26376.45560
8781         26382.22310
8782         26387.99120
8783         26393.75990
8784         26399.52940
8785         26405.29950
8786         26411.07020
8787         26416.84160
8788         26422.61370
8789         26428.38640
8790         26434.15980
8791         26439.93390
8792         26445.70860
8793         26451.48400
8794         26457.26010
8795         26463.03680
8796         26468.81420
8797         26474.59220
8798         26480.37090
8799         26486.15030
8800         26491.93030
8801         26497.71100
8802         26503.49230
8803         26509.27430
8804         26515.05700
8805         26520.84030
8806         26526.62430
8807         26532.40900
8808         26538.19430
8809         26543.98030
8810         26549.76690
8811         26555.55420
8812         26561.34220
8813         26567.13080
8814         26572.92010
8815         26578.71010
8816         26584.50070
8817         26590.29200
8818         26596.08390
8819         26601.87650
8820         26607.66980
8821         26613.46370
8822         26619.25830
8823         26625.05350
8824         26630.84940
8825         26636.64600
8826         26642.44330
8827         26648.24120
8828         26654.03970
8829         26659.83890
8830         26665.63880
8831         26671.43940
8832         26677.24060
8833         26683.04250
8834         26688.84500
8835         26694.64820
8836         26700.45200
8837         26706.25660
8838         26712.06170
8839         26717.86760
8840         26723.67410
8841         26729.48120
8842         26735.28910
8843         26741.09760
8844         26746.90670
8845         26752.71650
8846         26758.52700
8847         26764.33810
8848         26770.15000
8849         26775.96240
8850         26781.77550
8851         26787.58930
8852         26793.40380
8853         26799.21890
8854         26805.03470
8855         26810.85110
8856         26816.66820
8857         26822.48590
8858         26828.30440
8859         26834.12340
8860         26839.94320
8861         26845.76360
8862         26851.58470
8863         26857.40640
8864         26863.22880
8865         26869.05180
8866         26874.87560
8867         26880.69990
8868         26886.52500
8869         26892.35070
8870         26898.17700
8871         26904.00410
8872         26909.83180
8873         26915.66010
8874         26921.48910
8875         26927.31880
8876         26933.14910
8877         26938.98010
8878         26944.81180
8879         26950.64410
8880         26956.47710
8881         26962.31070
8882         26968.14500
8883         26973.98000
8884         26979.81560
8885         26985.65190
8886         26991.48890
8887         26997.32650
8888         27003.16480
8889         27009.00370
8890         27014.84330
8891         27020.68360
8892         27026.52450
8893         27032.36610
8894         27038.20830
8895         27044.05120
8896         27049.89480
8897         27055.73900
8898         27061.58390
8899         27067.42950
8900         27073.27570
8901         27079.12260
8902         27084.97010
8903         27090.81830
8904         27096.66720
8905         27102.51670
8906         27108.36690
8907         27114.21780
8908         27120.06930
8909         27125.92150
8910         27131.77430
8911         27137.62780
8912         27143.48200
8913         27149.33680
8914         27155.19230
8915         27161.04840
8916         27166.90520
8917         27172.76270
8918         27178.62080
8919         27184.47960
8920         27190.33910
8921         27196.19920
8922         27202.06000
8923         27207.92140
8924         27213.78350
8925         27219.64630
8926         27225.50970
8927         27231.37380
8928         27237.23850
8929         27243.10390
8930         27248.97000
8931         27254.83670
8932         27260.70410
8933         27266.57220
8934         27272.44090
8935         27278.31030
8936         27284.18030
8937         27290.05100
8938         27295.92240
8939         27301.79440
8940         27307.66710
8941         27313.54050
8942         27319.41450
8943         27325.28910
8944         27331.16450
8945         27337.04050
8946         27342.91710
8947         27348.79450
8948         27354.67240
8949         27360.55110
8950         27366.43040
8951         27372.31040
8952         27378.19100
8953         27384.07230
8954         27389.95420
8955         27395.83680
8956         27401.72010
8957         27407.60410
8958         27413.48860
8959         27419.37390
8960         27425.25980
8961         27431.14640
8962         27437.03370
8963         27442.92160
8964         27448.81010
8965         27454.69940
8966         27460.58920
8967         27466.47980
8968         27472.37100
8969         27478.26290
8970         27484.15540
8971         27490.04860
8972         27495.94250
8973         27501.83700
8974         27507.73220
8975         27513.62800
8976         27519.52450
8977         27525.42170
8978         27531.31950
8979         27537.21800
8980         27543.11720
8981         27549.01700
8982         27554.91750
8983         27560.81860
8984         27566.72040
8985         27572.62290
8986         27578.52600
8987         27584.42980
8988         27590.33420
8989         27596.23930
8990         27602.14510
8991         27608.05150
8992         27613.95860
8993         27619.86640
8994         27625.77480
8995         27631.68380
8996         27637.59360
8997         27643.50400
8998         27649.41500
8999         27655.32680
9000         27661.23910