   1            12.20898
   2            14.76934
   3            18.82100
   4            23.23609
   5            27.76410
   6            32.34128
   7            36.94452
   8            41.56330
   9            46.19210
  10            50.82776
  11            55.46832
  12            60.11249
  13            64.75942
  14            69.40850
  15            74.05928
  16            78.71144
  17            83.36473
  18            88.01897
  19            92.67399
  20            97.32970
  21           101.98597
  22           106.64276
  23           111.29997
  24           115.95757
  25           120.61552
  26           125.27376
  27           129.93227
  28           134.59103
  29           139.25000
  30           143.90918
  31           148.56853
  32           153.22806
  33           157.88773
  34           162.54755
  35           167.20750
  36           171.86757
  37           176.52776
  38           181.18805
  39           185.84844
  40           190.50892
  41           195.16950
  42           199.83015
  43           204.49089
  44           209.15170
  45           213.81258
  46           218.47353
  47           223.13455
  48           227.79562
  49           232.45676
  50           237.11796
  51           241.77921
  52           246.44051
  53           251.10187
  54           255.76327
  55           260.42473
  56           265.08623
  57           269.74777
  58           274.40937
  59           279.07100
  60           283.73268
  61           288.39439
  62           293.05615
  63           297.71795
  64           302.37978
  65           307.04165
  66           311.70356
  67           316.36551
  68           321.02749
  69           325.68951
  70           330.35156
  71           335.01364
  72           339.67576
  73           344.33791
  74           349.00009
  75           353.66230
  76           358.32455
  77           362.98682
  78           367.64913
  79           372.31147
  80           376.97384
  81           381.63623
  82           386.29866
  83           390.96112
  84           395.62360
  85           400.28611
  86           404.94865
  87           409.61122
  88           414.27382
  89           418.93644
  90           423.59910
  91           428.26178
  92           432.92448
  93           437.58722
  94           442.24998
  95           446.91276
  96           451.57558
  97           456.23841
  98           460.90128
  99           465.56417
 100           470.22709
 101           474.89003
 102           479.55300
 103           484.21599
 104           488.87901
 105           493.54206
 106           498.20513
 107           502.86822
 108           507.53134
 109           512.19448
 110           516.85765
 111           521.52084
 112           526.18406
 113           530.84731
 114           535.51057
 115           540.17386
 116           544.83718
 117           549.50052
 118           554.16388
 119           558.82727
 120           563.49068
 121           568.15412
 122           572.81758
 123           577.48106
 124           582.14456
 125           586.80809
 126           591.47165
 127           596.13523
 128           600.79883
 129           605.46245
 130           610.12610
 131           614.78977
 132           619.45347
 133           624.11719
 134           628.78093
 135           633.44469
 136           638.10848
 137           642.77229
 138           647.43613
 139           652.09998
 140           656.76386
 141           661.42777
 142           666.09169
 143           670.75564
 144           675.41962
 145           680.08361
 146           684.74763
 147           689.41167
 148           694.07574
 149           698.73982
 150           703.40393
 151           708.06806
 152           712.73222
 153           717.39640
 154           722.06060
 155           726.72482
 156           731.38907
 157           736.05333
 158           740.71763
 159           745.38194
 160           750.04628
 161           754.71064
 162           759.37502
 163           764.03942
 164           768.70385
 165           773.36830
 166           778.03277
 167           782.69726
 168           787.36178
 169           792.02632
 170           796.69088
 171           801.35547
 172           806.02008
 173           810.68471
 174           815.34936
 175           820.01403
 176           824.67873
 177           829.34345
 178           834.00820
 179           838.67296
 180           843.33775
 181           848.00256
 182           852.66740
 183           857.33225
 184           861.99713
 185           866.66203
 186           871.32696
 187           875.99191
 188           880.65688
 189           885.32187
 190           889.98689
 191           894.65193
 192           899.31699
 193           903.98208
 194           908.64719
 195           913.31232
 196           917.97748
 197           922.64266
 198           927.30786
 199           931.97309
 200           936.63834
 201           941.30362
 202           945.96891
 203           950.63424
 204           955.29958
 205           959.96496
 206           964.63035
 207           969.29577
 208           973.96122
 209           978.62669
 210           983.29218
 211           987.95770
 212           992.62325
 213           997.28882
 214          1001.95441
 215          1006.62004
 216          1011.28568
 217          1015.95136
 218          1020.61706
 219          1025.28279
 220          1029.94854
 221          1034.61433
 222          1039.28013
 223          1043.94597
 224          1048.61184
 225          1053.27773
 226          1057.94365
 227          1062.60960
 228          1067.27558
 229          1071.94159
 230          1076.60763
 231          1081.27370
 232          1085.93980
 233          1090.60593
 234          1095.27209
 235          1099.93828
 236          1104.60451
 237          1109.27076
 238          1113.93706
 239          1118.60338
 240          1123.26974
 241          1127.93613
 242          1132.60256
 243          1137.26902
 244          1141.93552
 245          1146.60205
 246          1151.26862
 247          1155.93523
 248          1160.60188
 249          1165.26856
 250          1169.93529
 251          1174.60205
 252          1179.26886
 253          1183.93570
 254          1188.60259
 255          1193.26952
 256          1197.93650
 257          1202.60351
 258          1207.27058
 259          1211.93769
 260          1216.60484
 261          1221.27204
 262          1225.93929
 263          1230.60659
 264          1235.27394
 265          1239.94134
 266          1244.60879
 267          1249.27630
 268          1253.94385
 269          1258.61146
 270          1263.27913
 271          1267.94685
 272          1272.61464
 273          1277.28247
 274          1281.95037
 275          1286.61833
 276          1291.28636
 277          1295.95444
 278          1300.62259
 279          1305.29080
 280          1309.95908
 281          1314.62743
 282          1319.29585
 283          1323.96434
 284          1328.63290
 285          1333.30153
 286          1337.97024
 287          1342.63902
 288          1347.30788
 289          1351.97682
 290          1356.64584
 291          1361.31494
 292          1365.98412
 293          1370.65339
 294          1375.32275
 295          1379.99219
 296          1384.66172
 297          1389.33134
 298          1394.00106
 299          1398.67087
 300          1403.34077
 301          1408.01078
 302          1412.68088
 303          1417.35109
 304          1422.02139
 305          1426.69180
 306          1431.36233
 307          1436.03295
 308          1440.70369
 309          1445.37454
 310          1450.04551
 311          1454.71660
 312          1459.38780
 313          1464.05912
 314          1468.73057
 315          1473.40214
 316          1478.07383
 317          1482.74566
 318          1487.41762
 319          1492.08971
 320          1496.76194
 321          1501.43431
 322          1506.10682
 323          1510.77947
 324          1515.45226
 325          1520.12521
 326          1524.79830
 327          1529.47154
 328          1534.14495
 329          1538.81850
 330          1543.49222
 331          1548.16610
 332          1552.84015
 333          1557.51436
 334          1562.18875
 335          1566.86331
 336          1571.53804
 337          1576.21295
 338          1580.88804
 339          1585.56332
 340          1590.23879
 341          1594.91444
 342          1599.59029
 343          1604.26633
 344          1608.94257
 345          1613.61901
 346          1618.29565
 347          1622.97251
 348          1627.64957
 349          1632.32685
 350          1637.00434
 351          1641.68205
 352          1646.35999
 353          1651.03815
 354          1655.71654
 355          1660.39516
 356          1665.07402
 357          1669.75311
 358          1674.43245
 359          1679.11204
 360          1683.79187
 361          1688.47195
 362          1693.15229
 363          1697.83289
 364          1702.51375
 365          1707.19487
 366          1711.87627
 367          1716.55793
 368          1721.23987
 369          1725.92210
 370          1730.60460
 371          1735.28740
 372          1739.97048
 373          1744.65386
 374          1749.33753
 375          1754.02151
 376          1758.70579
 377          1763.39039
 378          1768.07529
 379          1772.76051
 380          1777.44605
 381          1782.13192
 382          1786.81811
 383          1791.50464
 384          1796.19150
 385          1800.87870
 386          1805.56625
 387          1810.25414
 388          1814.94239
 389          1819.63099
 390          1824.31995
 391          1829.00928
 392          1833.69897
 393          1838.38904
 394          1843.07948
 395          1847.77030
 396          1852.46151
 397          1857.15311
 398          1861.84510
 399          1866.53749
 400          1871.23027
 401          1875.92347
 402          1880.61707
 403          1885.31109
 404          1890.00553
 405          1894.70039
 406          1899.39568
 407          1904.09140
 408          1908.78755
 409          1913.48415
 410          1918.18119
 411          1922.87868
 412          1927.57663
 413          1932.27503
 414          1936.97390
 415          1941.67324
 416          1946.37304
 417          1951.07333
 418          1955.77409
 419          1960.47534
 420          1965.17709
 421          1969.87932
 422          1974.58206
 423          1979.28530
 424          1983.98905
 425          1988.69331
 426          1993.39810
 427          1998.10340
 428          2002.80923
 429          2007.51560
 430          2012.22250
 431          2016.92995
 432          2021.63794
 433          2026.34649
 434          2031.05559
 435          2035.76525
 436          2040.47548
 437          2045.18628
 438          2049.89765
 439          2054.60961
 440          2059.32215
 441          2064.03529
 442          2068.74901
 443          2073.46335
 444          2078.17828
 445          2082.89383
 446          2087.60999
 447          2092.32677
 448          2097.04417
 449          2101.76221
 450          2106.48088
 451          2111.20019
 452          2115.92015
 453          2120.64076
 454          2125.36202
 455          2130.08395
 456          2134.80654
 457          2139.52980
 458          2144.25373
 459          2148.97835
 460          2153.70365
 461          2158.42965
 462          2163.15634
 463          2167.88373
 464          2172.61183
 465          2177.34064
 466          2182.07016
 467          2186.80041
 468          2191.53139
 469          2196.26309
 470          2200.99554
 471          2205.72872
 472          2210.46266
 473          2215.19735
 474          2219.93279
 475          2224.66900
 476          2229.40598
 477          2234.14373
 478          2238.88226
 479          2243.62157
 480          2248.36168
 481          2253.10257
 482          2257.84427
 483          2262.58678
 484          2267.33009
 485          2272.07422
 486          2276.81917
 487          2281.56495
 488          2286.31156
 489          2291.05900
 490          2295.80729
 491          2300.55642
 492          2305.30641
 493          2310.05725
 494          2314.80896
 495          2319.56153
 496          2324.31498
 497          2329.06931
 498          2333.82452
 499          2338.58063
 500          2343.33763
 501          2348.09552
 502          2352.85433
 503          2357.61404
 504          2362.37467
 505          2367.13622
 506          2371.89870
 507          2376.66211
 508          2381.42646
 509          2386.19175
 510          2390.95799
 511          2395.72518
 512          2400.49333
 513          2405.26244
 514          2410.03252
 515          2414.80358
 516          2419.57562
 517          2424.34864
 518          2429.12265
 519          2433.89766
 520          2438.67367
 521          2443.45069
 522          2448.22872
 523          2453.00776
 524          2457.78783
 525          2462.56893
 526          2467.35105
 527          2472.13422
 528          2476.91843
 529          2481.70369
 530          2486.49000
 531          2491.27737
 532          2496.06581
 533          2500.85531
 534          2505.64590
 535          2510.43756
 536          2515.23031
 537          2520.02415
 538          2524.81908
 539          2529.61512
 540          2534.41227
 541          2539.21052
 542          2544.00990
 543          2548.81039
 544          2553.61202
 545          2558.41478
 546          2563.21867
 547          2568.02371
 548          2572.82990
 549          2577.63724
 550          2582.44575
 551          2587.25542
 552          2592.06625
 553          2596.87826
 554          2601.69146
 555          2606.50583
 556          2611.32140
 557          2616.13817
 558          2620.95613
 559          2625.77531
 560          2630.59569
 561          2635.41729
 562          2640.24011
 563          2645.06416
 564          2649.88944
 565          2654.71596
 566          2659.54372
 567          2664.37273
 568          2669.20299
 569          2674.03451
 570          2678.86729
 571          2683.70134
 572          2688.53667
 573          2693.37327
 574          2698.21115
 575          2703.05033
 576          2707.89079
 577          2712.73256
 578          2717.57563
 579          2722.42001
 580          2727.26570
 581          2732.11271
 582          2736.96105
 583          2741.81072
 584          2746.66171
 585          2751.51405
 586          2756.36773
 587          2761.22277
 588          2766.07915
 589          2770.93690
 590          2775.79601
 591          2780.65649
 592          2785.51834
 593          2790.38157
 594          2795.24619
 595          2800.11219
 596          2804.97959
 597          2809.84839
 598          2814.71859
 599          2819.59020
 600          2824.46323
 601          2829.33767
 602          2834.21354
 603          2839.09084
 604          2843.96956
 605          2848.84973
 606          2853.73134
 607          2858.61440
 608          2863.49891
 609          2868.38488
 610          2873.27231
 611          2878.16121
 612          2883.05158
 613          2887.94343
 614          2892.83676
 615          2897.73158
 616          2902.62788
 617          2907.52569
 618          2912.42499
 619          2917.32580
 620          2922.22813
 621          2927.13196
 622          2932.03732
 623          2936.94420
 624          2941.85261
 625          2946.76255
 626          2951.67404
 627          2956.58706
 628          2961.50164
 629          2966.41776
 630          2971.33545
 631          2976.25470
 632          2981.17551
 633          2986.09790
 634          2991.02186
 635          2995.94740
 636          3000.87453
 637          3005.80324
 638          3010.73355
 639          3015.66547
 640          3020.59898
 641          3025.53410
 642          3030.47084
 643          3035.40919
 644          3040.34917
 645          3045.29077
 646          3050.23400
 647          3055.17886
 648          3060.12537
 649          3065.07352
 650          3070.02332
 651          3074.97478
 652          3079.92789
 653          3084.88266
 654          3089.83910
 655          3094.79721
 656          3099.75700
 657          3104.71846
 658          3109.68161
 659          3114.64645
 660          3119.61299
 661          3124.58121
 662          3129.55115
 663          3134.52278
 664          3139.49613
 665          3144.47120
 666          3149.44798
 667          3154.42648
 668          3159.40672
 669          3164.38868
 670          3169.37238
 671          3174.35783
 672          3179.34501
 673          3184.33395
 674          3189.32464
 675          3194.31709
 676          3199.31129
 677          3204.30727
 678          3209.30501
 679          3214.30453
 680          3219.30583
 681          3224.30891
 682          3229.31378
 683          3234.32044
 684          3239.32890
 685          3244.33915
 686          3249.35121
 687          3254.36507
 688          3259.38075
 689          3264.39824
 690          3269.41755
 691          3274.43869
 692          3279.46165
 693          3284.48645
 694          3289.51308
 695          3294.54155
 696          3299.57187
 697          3304.60403
 698          3309.63805
 699          3314.67393
 700          3319.71166
 701          3324.75126
 702          3329.79272
 703          3334.83606
 704          3339.88127
 705          3344.92837
 706          3349.97734
 707          3355.02821
 708          3360.08097
 709          3365.13562
 710          3370.19217
 711          3375.25063
 712          3380.31099
 713          3385.37326
 714          3390.43745
 715          3395.50356
 716          3400.57159
 717          3405.64154
 718          3410.71343
 719          3415.78725
 720          3420.86301
 721          3425.94071
 722          3431.02035
 723          3436.10195
 724          3441.18550
 725          3446.27100
 726          3451.35846
 727          3456.44789
 728          3461.53928
 729          3466.63265
 730          3471.72799
 731          3476.82531
 732          3481.92461
 733          3487.02590
 734          3492.12918
 735          3497.23445
 736          3502.34172
 737          3507.45099
 738          3512.56227
 739          3517.67555
 740          3522.79084
 741          3527.90815
 742          3533.02747
 743          3538.14882
 744          3543.27220
 745          3548.39760
 746          3553.52503
 747          3558.65450
 748          3563.78602
 749          3568.91957
 750          3574.05517
 751          3579.19282
 752          3584.33253
 753          3589.47429
 754          3594.61812
 755          3599.76400
 756          3604.91196
 757          3610.06198
 758          3615.21408
 759          3620.36826
 760          3625.52452
 761          3630.68286
 762          3635.84329
 763          3641.00581
 764          3646.17043
 765          3651.33714
 766          3656.50596
 767          3661.67688
 768          3666.84991
 769          3672.02505
 770          3677.20230
 771          3682.38167
 772          3687.56317
 773          3692.74678
 774          3697.93253
 775          3703.12041
 776          3708.31042
 777          3713.50256
 778          3718.69685
 779          3723.89328
 780          3729.09186
 781          3734.29259
 782          3739.49548
 783          3744.70051
 784          3749.90771
 785          3755.11708
 786          3760.32860
 787          3765.54230
 788          3770.75817
 789          3775.97622
 790          3781.19644
 791          3786.41885
 792          3791.64344
 793          3796.87021
 794          3802.09919
 795          3807.33035
 796          3812.56371
 797          3817.79927
 798          3823.03703
 799          3828.27700
 800          3833.51919
 801          3838.76358
 802          3844.01019
 803          3849.25901
 804          3854.51006
 805          3859.76333
 806          3865.01883
 807          3870.27656
 808          3875.53652
 809          3880.79872
 810          3886.06316
 811          3891.32984
 812          3896.59876
 813          3901.86994
 814          3907.14336
 815          3912.41904
 816          3917.69697
 817          3922.97717
 818          3928.25962
 819          3933.54434
 820          3938.83133
 821          3944.12059
 822          3949.41213
 823          3954.70594
 824          3960.00203
 825          3965.30040
 826          3970.60106
 827          3975.90400
 828          3981.20924
 829          3986.51677
 830          3991.82659
 831          3997.13872
 832          4002.45314
 833          4007.76988
 834          4013.08891
 835          4018.41026
 836          4023.73392
 837          4029.05990
 838          4034.38819
 839          4039.71881
 840          4045.05175
 841          4050.38701
 842          4055.72461
 843          4061.06453
 844          4066.40679
 845          4071.75139
 846          4077.09832
 847          4082.44760
 848          4087.79922
 849          4093.15319
 850          4098.50951
 851          4103.86819
 852          4109.22921
 853          4114.59260
 854          4119.95834
 855          4125.32645
 856          4130.69693
 857          4136.06977
 858          4141.44498
 859          4146.82257
 860          4152.20253
 861          4157.58487
 862          4162.96959
 863          4168.35670
 864          4173.74619
 865          4179.13806
 866          4184.53233
 867          4189.92900
 868          4195.32805
 869          4200.72951
 870          4206.13336
 871          4211.53963
 872          4216.94829
 873          4222.35936
 874          4227.77285
 875          4233.18874
 876          4238.60706
 877          4244.02779
 878          4249.45093
 879          4254.87651
 880          4260.30450
 881          4265.73493
 882          4271.16778
 883          4276.60307
 884          4282.04079
 885          4287.48094
 886          4292.92354
 887          4298.36857
 888          4303.81606
 889          4309.26598
 890          4314.71836
 891          4320.17318
 892          4325.63046
 893          4331.09019
 894          4336.55238
 895          4342.01704
 896          4347.48415
 897          4352.95373
 898          4358.42577
 899          4363.90028
 900          4369.37727
 901          4374.85672
 902          4380.33866
 903          4385.82307
 904          4391.30996
 905          4396.79933
 906          4402.29119
 907          4407.78553
 908          4413.28237
 909          4418.78169
 910          4424.28351
 911          4429.78782
 912          4435.29463
 913          4440.80394
 914          4446.31575
 915          4451.83006
 916          4457.34688
 917          4462.86622
 918          4468.38806
 919          4473.91241
 920          4479.43927
 921          4484.96866
 922          4490.50056
 923          4496.03499
 924          4501.57193
 925          4507.11140
 926          4512.65340
 927          4518.19793
 928          4523.74499
 929          4529.29458
 930          4534.84671
 931          4540.40138
 932          4545.95859
 933          4551.51833
 934          4557.08062
 935          4562.64546
 936          4568.21284
 937          4573.78277
 938          4579.35526
 939          4584.93030
 940          4590.50789
 941          4596.08804
 942          4601.67076
 943          4607.25603
 944          4612.84386
 945          4618.43427
 946          4624.02723
 947          4629.62277
 948          4635.22088
 949          4640.82157
 950          4646.42482
 951          4652.03066
 952          4657.63907
 953          4663.25007
 954          4668.86365
 955          4674.47981
 956          4680.09856
 957          4685.71990
 958          4691.34382
 959          4696.97034
 960          4702.59946
 961          4708.23117
 962          4713.86548
 963          4719.50238
 964          4725.14189
 965          4730.78401
 966          4736.42873
 967          4742.07605
 968          4747.72599
 969          4753.37853
 970          4759.03369
 971          4764.69146
 972          4770.35185
 973          4776.01485
 974          4781.68048
 975          4787.34873
 976          4793.01960
 977          4798.69309
 978          4804.36921
 979          4810.04796
 980          4815.72935
 981          4821.41336
 982          4827.10001
 983          4832.78929
 984          4838.48121
 985          4844.17577
 986          4849.87297
 987          4855.57282
 988          4861.27530
 989          4866.98044
 990          4872.68822
 991          4878.39865
 992          4884.11173
 993          4889.82746
 994          4895.54585
 995          4901.26690
 996          4906.99060
 997          4912.71696
 998          4918.44599
 999          4924.17767
1000          4929.91202
1001          4935.64904
1002          4941.38873
1003          4947.13108
1004          4952.87611
1005          4958.62381
1006          4964.37418
1007          4970.12723
1008          4975.88295
1009          4981.64136
1010          4987.40245
1011          4993.16622
1012          4998.93267
1013          5004.70181
1014          5010.47363
1015          5016.24815
1016          5022.02535
1017          5027.80525
1018          5033.58784
1019          5039.37313
1020          5045.16111
1021          5050.95179
1022          5056.74517
1023          5062.54125
1024          5068.34004
1025          5074.14152
1026          5079.94572
1027          5085.75262
1028          5091.56223
1029          5097.37455
1030          5103.18959
1031          5109.00734
1032          5114.82780
1033          5120.65098
1034          5126.47687
1035          5132.30549
1036          5138.13683
1037          5143.97089
1038          5149.80767
1039          5155.64718
1040          5161.48942
1041          5167.33438
1042          5173.18207
1043          5179.03250
1044          5184.88566
1045          5190.74155
1046          5196.60018
1047          5202.46155
1048          5208.32565
1049          5214.19249
1050          5220.06208
1051          5225.93441
1052          5231.80948
1053          5237.68730
1054          5243.56786
1055          5249.45118
1056          5255.33724
1057          5261.22605
1058          5267.11762
1059          5273.01194
1060          5278.90902
1061          5284.80885
1062          5290.71144
1063          5296.61679
1064          5302.52491
1065          5308.43578
1066          5314.34942
1067          5320.26582
1068          5326.18499
1069          5332.10693
1070          5338.03164
1071          5343.95911
1072          5349.88936
1073          5355.82238
1074          5361.75818
1075          5367.69675
1076          5373.63810
1077          5379.58223
1078          5385.52913
1079          5391.47882
1080          5397.43129
1081          5403.38654
1082          5409.34458
1083          5415.30541
1084          5421.26902
1085          5427.23542
1086          5433.20461
1087          5439.17659
1088          5445.15136
1089          5451.12893
1090          5457.10930
1091          5463.09246
1092          5469.07841
1093          5475.06717
1094          5481.05873
1095          5487.05309
1096          5493.05025
1097          5499.05021
1098          5505.05298
1099          5511.05856
1100          5517.06694
1101          5523.07813
1102          5529.09214
1103          5535.10895
1104          5541.12858
1105          5547.15102
1106          5553.17627
1107          5559.20435
1108          5565.23523
1109          5571.26894
1110          5577.30547
1111          5583.34482
1112          5589.38699
1113          5595.43198
1114          5601.47980
1115          5607.53044
1116          5613.58391
1117          5619.64021
1118          5625.69934
1119          5631.76130
1120          5637.82608
1121          5643.89371
1122          5649.96416
1123          5656.03745
1124          5662.11358
1125          5668.19254
1126          5674.27435
1127          5680.35899
1128          5686.44647
1129          5692.53680
1130          5698.62996
1131          5704.72598
1132          5710.82483
1133          5716.92653
1134          5723.03109
1135          5729.13849
1136          5735.24873
1137          5741.36183
1138          5747.47778
1139          5753.59659
1140          5759.71825
1141          5765.84276
1142          5771.97013
1143          5778.10036
1144          5784.23344
1145          5790.36939
1146          5796.50819
1147          5802.64986
1148          5808.79439
1149          5814.94178
1150          5821.09204
1151          5827.24517
1152          5833.40116
1153          5839.56002
1154          5845.72175
1155          5851.88635
1156          5858.05382
1157          5864.22416
1158          5870.39737
1159          5876.57346
1160          5882.75243
1161          5888.93427
1162          5895.11899
1163          5901.30659
1164          5907.49706
1165          5913.69042
1166          5919.88666
1167          5926.08578
1168          5932.28779
1169          5938.49268
1170          5944.70045
1171          5950.91111
1172          5957.12466
1173          5963.34110
1174          5969.56043
1175          5975.78264
1176          5982.00775
1177          5988.23575
1178          5994.46665
1179          6000.70044
1180          6006.93713
1181          6013.17671
1182          6019.41919
1183          6025.66457
1184          6031.91284
1185          6038.16402
1186          6044.41810
1187          6050.67508
1188          6056.93496
1189          6063.19775
1190          6069.46345
1191          6075.73205
1192          6082.00355
1193          6088.27797
1194          6094.55529
1195          6100.83552
1196          6107.11867
1197          6113.40472
1198          6119.69369
1199          6125.98557
1200          6132.28037
1201          6138.57808
1202          6144.87871
1203          6151.18226
1204          6157.48872
1205          6163.79811
1206          6170.11041
1207          6176.42563
1208          6182.74378
1209          6189.06485
1210          6195.38884
1211          6201.71576
1212          6208.04560
1213          6214.37837
1214          6220.71406
1215          6227.05269
1216          6233.39424
1217          6239.73872
1218          6246.08614
1219          6252.43648
1220          6258.78976
1221          6265.14597
1222          6271.50512
1223          6277.86720
1224          6284.23221
1225          6290.60017
1226          6296.97106
1227          6303.34489
1228          6309.72166
1229          6316.10137
1230          6322.48402
1231          6328.86961
1232          6335.25815
1233          6341.64963
1234          6348.04405
1235          6354.44142
1236          6360.84174
1237          6367.24500
1238          6373.65121
1239          6380.06037
1240          6386.47248
1241          6392.88754
1242          6399.30555
1243          6405.72651
1244          6412.15043
1245          6418.57730
1246          6425.00712
1247          6431.43990
1248          6437.87563
1249          6444.31433
1250          6450.75598
1251          6457.20058
1252          6463.64815
1253          6470.09868
1254          6476.55217
1255          6483.00862
1256          6489.46803
1257          6495.93041
1258          6502.39575
1259          6508.86406
1260          6515.33533
1261          6521.80957
1262          6528.28677
1263          6534.76695
1264          6541.25009
1265          6547.73620
1266          6554.22529
1267          6560.71734
1268          6567.21237
1269          6573.71036
1270          6580.21134
1271          6586.71528
1272          6593.22221
1273          6599.73210
1274          6606.24498
1275          6612.76083
1276          6619.27966
1277          6625.80146
1278          6632.32625
1279          6638.85402
1280          6645.38477
1281          6651.91850
1282          6658.45521
1283          6664.99491
1284          6671.53759
1285          6678.08326
1286          6684.63191
1287          6691.18355
1288          6697.73817
1289          6704.29578
1290          6710.85638
1291          6717.41997
1292          6723.98655
1293          6730.55612
1294          6737.12868
1295          6743.70424
1296          6750.28278
1297          6756.86432
1298          6763.44886
1299          6770.03639
1300          6776.62691
1301          6783.22043
1302          6789.81695
1303          6796.41647
1304          6803.01898
1305          6809.62449
1306          6816.23301
1307          6822.84452
1308          6829.45903
1309          6836.07655
1310          6842.69707
1311          6849.32059
1312          6855.94712
1313          6862.57665
1314          6869.20919
1315          6875.84473
1316          6882.48328
1317          6889.12484
1318          6895.76940
1319          6902.41698
1320          6909.06756
1321          6915.72116
1322          6922.37776
1323          6929.03737
1324          6935.70000
1325          6942.36564
1326          6949.03430
1327          6955.70597
1328          6962.38065
1329          6969.05835
1330          6975.73906
1331          6982.42279
1332          6989.10954
1333          6995.79931
1334          7002.49209
1335          7009.18790
1336          7015.88672
1337          7022.58857
1338          7029.29344
1339          7036.00133
1340          7042.71224
1341          7049.42617
1342          7056.14313
1343          7062.86311
1344          7069.58612
1345          7076.31215
1346          7083.04121
1347          7089.77330
1348          7096.50842
1349          7103.24656
1350          7109.98773
1351          7116.73193
1352          7123.47916
1353          7130.22943
1354          7136.98272
1355          7143.73905
1356          7150.49840
1357          7157.26080
1358          7164.02622
1359          7170.79468
1360          7177.56618
1361          7184.34071
1362          7191.11827
1363          7197.89888
1364          7204.68252
1365          7211.46920
1366          7218.25892
1367          7225.05168
1368          7231.84747
1369          7238.64631
1370          7245.44819
1371          7252.25311
1372          7259.06107
1373          7265.87208
1374          7272.68613
1375          7279.50322
1376          7286.32336
1377          7293.14654
1378          7299.97278
1379          7306.80205
1380          7313.63437
1381          7320.46974
1382          7327.30816
1383          7334.14963
1384          7340.99414
1385          7347.84171
1386          7354.69233
1387          7361.54600
1388          7368.40271
1389          7375.26249
1390          7382.12531
1391          7388.99119
1392          7395.86012
1393          7402.73210
1394          7409.60714
1395          7416.48524
1396          7423.36639
1397          7430.25060
1398          7437.13787
1399          7444.02819
1400          7450.92157
1401          7457.81801
1402          7464.71752
1403          7471.62007
1404          7478.52570
1405          7485.43438
1406          7492.34612
1407          7499.26093
1408          7506.17880
1409          7513.09973
1410          7520.02372
1411          7526.95078
1412          7533.88091
1413          7540.81410
1414          7547.75035
1415          7554.68968
1416          7561.63207
1417          7568.57752
1418          7575.52605
1419          7582.47764
1420          7589.43231
1421          7596.39004
1422          7603.35084
1423          7610.31472
1424          7617.28166
1425          7624.25168
1426          7631.22476
1427          7638.20093
1428          7645.18016
1429          7652.16247
1430          7659.14785
1431          7666.13631
1432          7673.12784
1433          7680.12245
1434          7687.12014
1435          7694.12090
1436          7701.12474
1437          7708.13166
1438          7715.14166
1439          7722.15473
1440          7729.17089
1441          7736.19012
1442          7743.21244
1443          7750.23783
1444          7757.26631
1445          7764.29787
1446          7771.33251
1447          7778.37024
1448          7785.41105
1449          7792.45494
1450          7799.50192
1451          7806.55198
1452          7813.60513
1453          7820.66136
1454          7827.72068
1455          7834.78309
1456          7841.84858
1457          7848.91716
1458          7855.98883
1459          7863.06359
1460          7870.14144
1461          7877.22238
1462          7884.30641
1463          7891.39352
1464          7898.48373
1465          7905.57704
1466          7912.67343
1467          7919.77292
1468          7926.87550
1469          7933.98117
1470          7941.08994
1471          7948.20180
1472          7955.31676
1473          7962.43481
1474          7969.55596
1475          7976.68021
1476          7983.80755
1477          7990.93799
1478          7998.07153
1479          8005.20817
1480          8012.34790
1481          8019.49073
1482          8026.63667
1483          8033.78570
1484          8040.93783
1485          8048.09307
1486          8055.25141
1487          8062.41285
1488          8069.57739
1489          8076.74503
1490          8083.91578
1491          8091.08963
1492          8098.26659
1493          8105.44665
1494          8112.62981
1495          8119.81608
1496          8127.00546
1497          8134.19794
1498          8141.39353
1499          8148.59223
1500          8155.79403
1501          8162.99895
1502          8170.20697
1503          8177.41810
1504          8184.63234
1505          8191.84969
1506          8199.07016
1507          8206.29373
1508          8213.52041
1509          8220.75021
1510          8227.98311
1511          8235.21913
1512          8242.45827
1513          8249.70051
1514          8256.94587
1515          8264.19435
1516          8271.44594
1517          8278.70064
1518          8285.95846
1519          8293.21940
1520          8300.48345
1521          8307.75062
1522          8315.02091
1523          8322.29431
1524          8329.57084
1525          8336.85048
1526          8344.13324
1527          8351.41912
1528          8358.70811
1529          8366.00023
1530          8373.29548
1531          8380.59384
1532          8387.89532
1533          8395.19992
1534          8402.50765
1535          8409.81850
1536          8417.13247
1537          8424.44957
1538          8431.76979
1539          8439.09313
1540          8446.41960
1541          8453.74920
1542          8461.08192
1543          8468.41776
1544          8475.75673
1545          8483.09883
1546          8490.44406
1547          8497.79241
1548          8505.14389
1549          8512.49850
1550          8519.85624
1551          8527.21711
1552          8534.58111
1553          8541.94823
1554          8549.31849
1555          8556.69188
1556          8564.06840
1557          8571.44805
1558          8578.83083
1559          8586.21675
1560          8593.60580
1561          8600.99798
1562          8608.39329
1563          8615.79174
1564          8623.19332
1565          8630.59804
1566          8638.00589
1567          8645.41688
1568          8652.83100
1569          8660.24826
1570          8667.66866
1571          8675.09219
1572          8682.51886
1573          8689.94867
1574          8697.38162
1575          8704.81770
1576          8712.25692
1577          8719.69929
1578          8727.14479
1579          8734.59343
1580          8742.04521
1581          8749.50014
1582          8756.95820
1583          8764.41941
1584          8771.88376
1585          8779.35124
1586          8786.82188
1587          8794.29565
1588          8801.77257
1589          8809.25263
1590          8816.73584
1591          8824.22219
1592          8831.71169
1593          8839.20433
1594          8846.70011
1595          8854.19904
1596          8861.70112
1597          8869.20635
1598          8876.71472
1599          8884.22624
1600          8891.74091
1601          8899.25872
1602          8906.77968
1603          8914.30380
1604          8921.83106
1605          8929.36147
1606          8936.89503
1607          8944.43174
1608          8951.97160
1609          8959.51461
1610          8967.06078
1611          8974.61009
1612          8982.16256
1613          8989.71818
1614          8997.27695
1615          9004.83888
1616          9012.40395
1617          9019.97219
1618          9027.54357
1619          9035.11811
1620          9042.69581
1621          9050.27666
1622          9057.86067
1623          9065.44783
1624          9073.03815
1625          9080.63162
1626          9088.22825
1627          9095.82804
1628          9103.43099
1629          9111.03709
1630          9118.64635
1631          9126.25877
1632          9133.87435
1633          9141.49309
1634          9149.11499
1635          9156.74005
1636          9164.36826
1637          9171.99964
1638          9179.63418
1639          9187.27188
1640          9194.91275
1641          9202.55677
1642          9210.20396
1643          9217.85431
1644          9225.50782
1645          9233.16450
1646          9240.82433
1647          9248.48734
1648          9256.15350
1649          9263.82284
1650          9271.49533
1651          9279.17099
1652          9286.84982
1653          9294.53181
1654          9302.21697
1655          9309.90530
1656          9317.59679
1657          9325.29145
1658          9332.98928
1659          9340.69028
1660          9348.39444
1661          9356.10177
1662          9363.81227
1663          9371.52594
1664          9379.24278
1665          9386.96279
1666          9394.68597
1667          9402.41232
1668          9410.14184
1669          9417.87453
1670          9425.61039
1671          9433.34942
1672          9441.09163
1673          9448.83701
1674          9456.58556
1675          9464.33728
1676          9472.09218
1677          9479.85025
1678          9487.61149
1679          9495.37591
1680          9503.14351
1681          9510.91427
1682          9518.68822
1683          9526.46533
1684          9534.24563
1685          9542.02910
1686          9549.81574
1687          9557.60557
1688          9565.39857
1689          9573.19474
1690          9580.99410
1691          9588.79663
1692          9596.60234
1693          9604.41123
1694          9612.22330
1695          9620.03855
1696          9627.85697
1697          9635.67858
1698          9643.50336
1699          9651.33133
1700          9659.16248
1701          9666.99681
1702          9674.83431
1703          9682.67500
1704          9690.51888
1705          9698.36593
1706          9706.21617
1707          9714.06959
1708          9721.92619
1709          9729.78598
1710          9737.64895
1711          9745.51510
1712          9753.38443
1713          9761.25696
1714          9769.13266
1715          9777.01155
1716          9784.89363
1717          9792.77889
1718          9800.66734
1719          9808.55898
1720          9816.45380
1721          9824.35181
1722          9832.25300
1723          9840.15738
1724          9848.06495
1725          9855.97571
1726          9863.88966
1727          9871.80679
1728          9879.72712
1729          9887.65063
1730          9895.57733
1731          9903.50722
1732          9911.44030
1733          9919.37658
1734          9927.31604
1735          9935.25869
1736          9943.20454
1737          9951.15357
1738          9959.10580
1739          9967.06122
1740          9975.01983
1741          9982.98163
1742          9990.94663
1743          9998.91482
1744         10006.88620
1745         10014.86080
1746         10022.83860
1747         10030.81950
1748         10038.80370
1749         10046.79100
1750         10054.78160
1751         10062.77530
1752         10070.77230
1753         10078.77240
1754         10086.77570
1755         10094.78230
1756         10102.79200
1757         10110.80490
1758         10118.82100
1759         10126.84030
1760         10134.86290
1761         10142.88860
1762         10150.91750
1763         10158.94960
1764         10166.98490
1765         10175.02340
1766         10183.06510
1767         10191.11000
1768         10199.15810
1769         10207.20940
1770         10215.26390
1771         10223.32160
1772         10231.38250
1773         10239.44670
1774         10247.51400
1775         10255.58450
1776         10263.65820
1777         10271.73510
1778         10279.81520
1779         10287.89860
1780         10295.98510
1781         10304.07480
1782         10312.16770
1783         10320.26390
1784         10328.36320
1785         10336.46580
1786         10344.57150
1787         10352.68050
1788         10360.79260
1789         10368.90800
1790         10377.02660
1791         10385.14830
1792         10393.27330
1793         10401.40150
1794         10409.53290
1795         10417.66750
1796         10425.80530
1797         10433.94640
1798         10442.09060
1799         10450.23800
1800         10458.38870
1801         10466.54250
1802         10474.69960
1803         10482.85980
1804         10491.02330
1805         10499.19000
1806         10507.35990
1807         10515.53300
1808         10523.70930
1809         10531.88890
1810         10540.07160
1811         10548.25760
1812         10556.44670
1813         10564.63910
1814         10572.83470
1815         10581.03350
1816         10589.23550
1817         10597.44070
1818         10605.64910
1819         10613.86080
1820         10622.07570
1821         10630.29370
1822         10638.51500
1823         10646.73950
1824         10654.96720
1825         10663.19820
1826         10671.43230
1827         10679.66970
1828         10687.91030
1829         10696.15410
1830         10704.40110
1831         10712.65130
1832         10720.90470
1833         10729.16140
1834         10737.42130
1835         10745.68440
1836         10753.95070
1837         10762.22020
1838         10770.49300
1839         10778.76890
1840         10787.04810
1841         10795.33050
1842         10803.61610
1843         10811.90500
1844         10820.19700
1845         10828.49230
1846         10836.79080
1847         10845.09250
1848         10853.39740
1849         10861.70560
1850         10870.01700
1851         10878.33160
1852         10886.64940
1853         10894.97040
1854         10903.29470
1855         10911.62220
1856         10919.95290
1857         10928.28680
1858         10936.62400
1859         10944.96440
1860         10953.30800
1861         10961.65480
1862         10970.00480
1863         10978.35810
1864         10986.71460
1865         10995.07430
1866         11003.43720
1867         11011.80340
1868         11020.17280
1869         11028.54540
1870         11036.92130
1871         11045.30030
1872         11053.68260
1873         11062.06810
1874         11070.45690
1875         11078.84880
1876         11087.24400
1877         11095.64250
1878         11104.04410
1879         11112.44900
1880         11120.85710
1881         11129.26840
1882         11137.68300
1883         11146.10080
1884         11154.52180
1885         11162.94610
1886         11171.37350
1887         11179.80430
1888         11188.23820
1889         11196.67540
1890         11205.11580
1891         11213.55940
1892         11222.00620
1893         11230.45630
1894         11238.90970
1895         11247.36620
1896         11255.82600
1897         11264.28900
1898         11272.75520
1899         11281.22470
1900         11289.69740
1901         11298.17340
1902         11306.65250
1903         11315.13490
1904         11323.62060
1905         11332.10950
1906         11340.60160
1907         11349.09690
1908         11357.59550
1909         11366.09730
1910         11374.60230
1911         11383.11060
1912         11391.62210
1913         11400.13690
1914         11408.65490
1915         11417.17610
1916         11425.70050
1917         11434.22820
1918         11442.75910
1919         11451.29330
1920         11459.83070
1921         11468.37130
1922         11476.91520
1923         11485.46230
1924         11494.01270
1925         11502.56630
1926         11511.12310
1927         11519.68320
1928         11528.24650
1929         11536.81300
1930         11545.38280
1931         11553.95580
1932         11562.53200
1933         11571.11150
1934         11579.69430
1935         11588.28020
1936         11596.86950
1937         11605.46190
1938         11614.05760
1939         11622.65650
1940         11631.25870
1941         11639.86410
1942         11648.47280
1943         11657.08470
1944         11665.69980
1945         11674.31820
1946         11682.93990
1947         11691.56470
1948         11700.19280
1949         11708.82420
1950         11717.45880
1951         11726.09660
1952         11734.73770
1953         11743.38200
1954         11752.02960
1955         11760.68040
1956         11769.33450
1957         11777.99180
1958         11786.65230
1959         11795.31610
1960         11803.98320
1961         11812.65350
1962         11821.32700
1963         11830.00380
1964         11838.68380
1965         11847.36710
1966         11856.05360
1967         11864.74330
1968         11873.43630
1969         11882.13260
1970         11890.83210
1971         11899.53480
1972         11908.24080
1973         11916.95010
1974         11925.66260
1975         11934.37830
1976         11943.09730
1977         11951.81950
1978         11960.54500
1979         11969.27380
1980         11978.00580
1981         11986.74100
1982         11995.47950
1983         12004.22120
1984         12012.96620
1985         12021.71440
1986         12030.46590
1987         12039.22060
1988         12047.97860
1989         12056.73990
1990         12065.50430
1991         12074.27210
1992         12083.04310
1993         12091.81730
1994         12100.59480
1995         12109.37560
1996         12118.15960
1997         12126.94680
1998         12135.73730
1999         12144.53110
2000         12153.32810
2001         12162.12830
2002         12170.93190
2003         12179.73860
2004         12188.54870
2005         12197.36190
2006         12206.17850
2007         12214.99830
2008         12223.82130
2009         12232.64760
2010         12241.47720
2011         12250.31000
2012         12259.14600
2013         12267.98530
2014         12276.82790
2015         12285.67370
2016         12294.52280
2017         12303.37520
2018         12312.23080
2019         12321.08960
2020         12329.95180
2021         12338.81710
2022         12347.68580
2023         12356.55760
2024         12365.43280
2025         12374.31120
2026         12383.19290
2027         12392.07780
2028         12400.96600
2029         12409.85740
2030         12418.75210
2031         12427.65010
2032         12436.55130
2033         12445.45570
2034         12454.36350
2035         12463.27450
2036         12472.18870
2037         12481.10620
2038         12490.02700
2039         12498.95110
2040         12507.87840
2041         12516.80890
2042         12525.74270
2043         12534.67980
2044         12543.62020
2045         12552.56380
2046         12561.51060
2047         12570.46080
2048         12579.41420
2049         12588.37080
2050         12597.33070
2051         12606.29390
2052         12615.26040
2053         12624.23010
2054         12633.20300
2055         12642.17930
2056         12651.15880
2057         12660.14150
2058         12669.12760
2059         12678.11680
2060         12687.10940
2061         12696.10520
2062         12705.10430
2063         12714.10670
2064         12723.11230
2065         12732.12120
2066         12741.13330
2067         12750.14870
2068         12759.16740
2069         12768.18940
2070         12777.21460
2071         12786.24300
2072         12795.27480
2073         12804.30980
2074         12813.34810
2075         12822.38960
2076         12831.43450
2077         12840.48250
2078         12849.53390
2079         12858.58850
2080         12867.64640
2081         12876.70760
2082         12885.77200
2083         12894.83970
2084         12903.91060
2085         12912.98490
2086         12922.06240
2087         12931.14320
2088         12940.22720
2089         12949.31450
2090         12958.40510
2091         12967.49890
2092         12976.59610
2093         12985.69650
2094         12994.80010
2095         13003.90710
2096         13013.01730
2097         13022.13070
2098         13031.24750
2099         13040.36750
2100         13049.49080
2101         13058.61740
2102         13067.74720
2103         13076.88030
2104         13086.01670
2105         13095.15640
2106         13104.29930
2107         13113.44550
2108         13122.59500
2109         13131.74770
2110         13140.90380
2111         13150.06310
2112         13159.22560
2113         13168.39150
2114         13177.56060
2115         13186.73300
2116         13195.90870
2117         13205.08760
2118         13214.26980
2119         13223.45530
2120         13232.64410
2121         13241.83610
2122         13251.03150
2123         13260.23010
2124         13269.43190
2125         13278.63710
2126         13287.84550
2127         13297.05720
2128         13306.27220
2129         13315.49050
2130         13324.71200
2131         13333.93680
2132         13343.16490
2133         13352.39630
2134         13361.63090
2135         13370.86890
2136         13380.11010
2137         13389.35450
2138         13398.60230
2139         13407.85330
2140         13417.10770
2141         13426.36530
2142         13435.62610
2143         13444.89030
2144         13454.15770
2145         13463.42840
2146         13472.70240
2147         13481.97970
2148         13491.26030
2149         13500.54410
2150         13509.83120
2151         13519.12160
2152         13528.41530
2153         13537.71230
2154         13547.01250
2155         13556.31600
2156         13565.62280
2157         13574.93290
2158         13584.24630
2159         13593.56290
2160         13602.88290
2161         13612.20610
2162         13621.53260
2163         13630.86240
2164         13640.19540
2165         13649.53180
2166         13658.87140
2167         13668.21430
2168         13677.56050
2169         13686.91000
2170         13696.26280
2171         13705.61890
2172         13714.97820
2173         13724.34080
2174         13733.70670
2175         13743.07590
2176         13752.44840
2177         13761.82410
2178         13771.20320
2179         13780.58550
2180         13789.97110
2181         13799.36010
2182         13808.75220
2183         13818.14770
2184         13827.54650
2185         13836.94850
2186         13846.35390
2187         13855.76250
2188         13865.17440
2189         13874.58960
2190         13884.00810
2191         13893.42990
2192         13902.85490
2193         13912.28330
2194         13921.71490
2195         13931.14980
2196         13940.58810
2197         13950.02960
2198         13959.47430
2199         13968.92240
2200         13978.37380
2201         13987.82850
2202         13997.28640
2203         14006.74760
2204         14016.21220
2205         14025.68000
2206         14035.15110
2207         14044.62550
2208         14054.10320
2209         14063.58420
2210         14073.06840
2211         14082.55600
2212         14092.04680
2213         14101.54100
2214         14111.03840
2215         14120.53910
2216         14130.04320
2217         14139.55050
2218         14149.06110
2219         14158.57500
2220         14168.09210
2221         14177.61260
2222         14187.13640
2223         14196.66350
2224         14206.19380
2225         14215.72750
2226         14225.26440
2227         14234.80460
2228         14244.34820
2229         14253.89500
2230         14263.44510
2231         14272.99850
2232         14282.55520
2233         14292.11520
2234         14301.67850
2235         14311.24510
2236         14320.81500
2237         14330.38820
2238         14339.96470
2239         14349.54440
2240         14359.12750
2241         14368.71390
2242         14378.30350
2243         14387.89650
2244         14397.49270
2245         14407.09230
2246         14416.69510
2247         14426.30120
2248         14435.91070
2249         14445.52340
2250         14455.13940
2251         14464.75880
2252         14474.38140
2253         14484.00730
2254         14493.63650
2255         14503.26910
2256         14512.90490
2257         14522.54400
2258         14532.18640
2259         14541.83210
2260         14551.48110
2261         14561.13340
2262         14570.78900
2263         14580.44800
2264         14590.11020
2265         14599.77570
2266         14609.44450
2267         14619.11660
2268         14628.79200
2269         14638.47070
2270         14648.15270
2271         14657.83800
2272         14667.52660
2273         14677.21850
2274         14686.91370
2275         14696.61220
2276         14706.31410
2277         14716.01920
2278         14725.72760
2279         14735.43930
2280         14745.15430
2281         14754.87260
2282         14764.59430
2283         14774.31920
2284         14784.04740
2285         14793.77890
2286         14803.51380
2287         14813.25190
2288         14822.99330
2289         14832.73810
2290         14842.48610
2291         14852.23750
2292         14861.99210
2293         14871.75010
2294         14881.51140
2295         14891.27590
2296         14901.04380
2297         14910.81500
2298         14920.58940
2299         14930.36720
2300         14940.14830
2301         14949.93270
2302         14959.72040
2303         14969.51140
2304         14979.30570
2305         14989.10330
2306         14998.90420
2307         15008.70850
2308         15018.51600
2309         15028.32680
2310         15038.14100
2311         15047.95840
2312         15057.77920
2313         15067.60330
2314         15077.43060
2315         15087.26130
2316         15097.09530
2317         15106.93260
2318         15116.77320
2319         15126.61710
2320         15136.46430
2321         15146.31480
2322         15156.16870
2323         15166.02580
2324         15175.88630
2325         15185.75000
2326         15195.61710
2327         15205.48750
2328         15215.36120
2329         15225.23820
2330         15235.11850
2331         15245.00210
2332         15254.88900
2333         15264.77920
2334         15274.67280
2335         15284.56960
2336         15294.46980
2337         15304.37330
2338         15314.28010
2339         15324.19020
2340         15334.10360
2341         15344.02030
2342         15353.94030
2343         15363.86370
2344         15373.79030
2345         15383.72030
2346         15393.65360
2347         15403.59010
2348         15413.53000
2349         15423.47330
2350         15433.41980
2351         15443.36960
2352         15453.32280
2353         15463.27920
2354         15473.23900
2355         15483.20210
2356         15493.16850
2357         15503.13820
2358         15513.11130
2359         15523.08760
2360         15533.06730
2361         15543.05020
2362         15553.03650
2363         15563.02610
2364         15573.01900
2365         15583.01530
2366         15593.01480
2367         15603.01770
2368         15613.02380
2369         15623.03330
2370         15633.04610
2371         15643.06230
2372         15653.08170
2373         15663.10450
2374         15673.13050
2375         15683.15990
2376         15693.19260
2377         15703.22860
2378         15713.26800
2379         15723.31060
2380         15733.35660
2381         15743.40590
2382         15753.45850
2383         15763.51440
2384         15773.57360
2385         15783.63620
2386         15793.70200
2387         15803.77120
2388         15813.84370
2389         15823.91960
2390         15833.99870
2391         15844.08120
2392         15854.16690
2393         15864.25600
2394         15874.34850
2395         15884.44420
2396         15894.54330
2397         15904.64560
2398         15914.75130
2399         15924.86030
2400         15934.97270
2401         15945.08830
2402         15955.20730
2403         15965.32960
2404         15975.45520
2405         15985.58420
2406         15995.71640
2407         16005.85200
2408         16015.99090
2409         16026.13310
2410         16036.27860
2411         16046.42750
2412         16056.57970
2413         16066.73520
2414         16076.89400
2415         16087.05620
2416         16097.22160
2417         16107.39040
2418         16117.56250
2419         16127.73800
2420         16137.91670
2421         16148.09880
2422         16158.28420
2423         16168.47300
2424         16178.66500
2425         16188.86040
2426         16199.05910
2427         16209.26110
2428         16219.46640
2429         16229.67510
2430         16239.88710
2431         16250.10240
2432         16260.32110
2433         16270.54300
2434         16280.76830
2435         16290.99690
2436         16301.22890
2437         16311.46420
2438         16321.70270
2439         16331.94470
2440         16342.18990
2441         16352.43850
2442         16362.69040
2443         16372.94560
2444         16383.20410
2445         16393.46600
2446         16403.73120
2447         16413.99970
2448         16424.27160
2449         16434.54670
2450         16444.82520
2451         16455.10710
2452         16465.39220
2453         16475.68070
2454         16485.97250
2455         16496.26770
2456         16506.56610
2457         16516.86790
2458         16527.17310
2459         16537.48150
2460         16547.79330
2461         16558.10840
2462         16568.42680
2463         16578.74860
2464         16589.07370
2465         16599.40210
2466         16609.73390
2467         16620.06890
2468         16630.40740
2469         16640.74910
2470         16651.09420
2471         16661.44260
2472         16671.79430
2473         16682.14940
2474         16692.50770
2475         16702.86950
2476         16713.23450
2477         16723.60290
2478         16733.97460
2479         16744.34970
2480         16754.72800
2481         16765.10970
2482         16775.49480
2483         16785.88310
2484         16796.27480
2485         16806.66990
2486         16817.06820
2487         16827.46990
2488         16837.87500
2489         16848.28330
2490         16858.69500
2491         16869.11000
2492         16879.52840
2493         16889.95010
2494         16900.37510
2495         16910.80350
2496         16921.23510
2497         16931.67020
2498         16942.10850
2499         16952.55020
2500         16962.99520
2501         16973.44360
2502         16983.89530
2503         16994.35030
2504         17004.80870
2505         17015.27040
2506         17025.73540
2507         17036.20380
2508         17046.67550
2509         17057.15050
2510         17067.62890
2511         17078.11060
2512         17088.59560
2513         17099.08400
2514         17109.57570
2515         17120.07070
2516         17130.56910
2517         17141.07080
2518         17151.57590
2519         17162.08430
2520         17172.59600
2521         17183.11110
2522         17193.62950
2523         17204.15120
2524         17214.67630
2525         17225.20470
2526         17235.73650
2527         17246.27150
2528         17256.81000
2529         17267.35170
2530         17277.89680
2531         17288.44530
2532         17298.99700
2533         17309.55220
2534         17320.11060
2535         17330.67240
2536         17341.23750
2537         17351.80600
2538         17362.37780
2539         17372.95300
2540         17383.53140
2541         17394.11330
2542         17404.69840
2543         17415.28690
2544         17425.87880
2545         17436.47400
2546         17447.07250
2547         17457.67440
2548         17468.27960
2549         17478.88810
2550         17489.50000
2551         17500.11520
2552         17510.73380
2553         17521.35570
2554         17531.98090
2555         17542.60950
2556         17553.24150
2557         17563.87670
2558         17574.51540
2559         17585.15730
2560         17595.80260
2561         17606.45130
2562         17617.10320
2563         17627.75860
2564         17638.41720
2565         17649.07920
2566         17659.74460
2567         17670.41330
2568         17681.08530
2569         17691.76070
2570         17702.43940
2571         17713.12150
2572         17723.80690
2573         17734.49570
2574         17745.18780
2575         17755.88320
2576         17766.58200
2577         17777.28410
2578         17787.98960
2579         17798.69840
2580         17809.41060
2581         17820.12610
2582         17830.84500
2583         17841.56720
2584         17852.29270
2585         17863.02160
2586         17873.75380
2587         17884.48940
2588         17895.22840
2589         17905.97060
2590         17916.71620
2591         17927.46520
2592         17938.21750
2593         17948.97320
2594         17959.73220
2595         17970.49450
2596         17981.26020
2597         17992.02930
2598         18002.80170
2599         18013.57740
2600         18024.35650
2601         18035.13890
2602         18045.92470
2603         18056.71380
2604         18067.50630
2605         18078.30210
2606         18089.10130
2607         18099.90380
2608         18110.70970
2609         18121.51890
2610         18132.33150
2611         18143.14740
2612         18153.96660
2613         18164.78920
2614         18175.61520
2615         18186.44450
2616         18197.27720
2617         18208.11320
2618         18218.95250
2619         18229.79520
2620         18240.64130
2621         18251.49070
2622         18262.34350
2623         18273.19960
2624         18284.05900
2625         18294.92180
2626         18305.78800
2627         18316.65750
2628         18327.53040
2629         18338.40660
2630         18349.28610
2631         18360.16900
2632         18371.05530
2633         18381.94490
2634         18392.83790
2635         18403.73420
2636         18414.63390
2637         18425.53690
2638         18436.44330
2639         18447.35300
2640         18458.26610
2641         18469.18250
2642         18480.10230
2643         18491.02550
2644         18501.95200
2645         18512.88180
2646         18523.81500
2647         18534.75150
2648         18545.69150
2649         18556.63470
2650         18567.58130
2651         18578.53130
2652         18589.48460
2653         18600.44130
2654         18611.40130
2655         18622.36470
2656         18633.33140
2657         18644.30150
2658         18655.27500
2659         18666.25180
2660         18677.23190
2661         18688.21550
2662         18699.20230
2663         18710.19250
2664         18721.18610
2665         18732.18310
2666         18743.18330
2667         18754.18700
2668         18765.19400
2669         18776.20440
2670         18787.21810
2671         18798.23510
2672         18809.25560
2673         18820.27940
2674         18831.30650
2675         18842.33700
2676         18853.37090
2677         18864.40810
2678         18875.44860
2679         18886.49260
2680         18897.53990
2681         18908.59050
2682         18919.64450
2683         18930.70190
2684         18941.76260
2685         18952.82660
2686         18963.89410
2687         18974.96490
2688         18986.03900
2689         18997.11650
2690         19008.19740
2691         19019.28160
2692         19030.36920
2693         19041.46020
2694         19052.55450
2695         19063.65210
2696         19074.75320
2697         19085.85750
2698         19096.96530
2699         19108.07640
2700         19119.19090
2701         19130.30870
2702         19141.42990
2703         19152.55440
2704         19163.68230
2705         19174.81360
2706         19185.94820
2707         19197.08620
2708         19208.22760
2709         19219.37230
2710         19230.52040
2711         19241.67180
2712         19252.82660
2713         19263.98470
2714         19275.14630
2715         19286.31110
2716         19297.47940
2717         19308.65100
2718         19319.82600
2719         19331.00430
2720         19342.18600
2721         19353.37110
2722         19364.55950
2723         19375.75130
2724         19386.94640
2725         19398.14490
2726         19409.34680
2727         19420.55200
2728         19431.76060
2729         19442.97260
2730         19454.18790
2731         19465.40660
2732         19476.62870
2733         19487.85410
2734         19499.08290
2735         19510.31500
2736         19521.55060
2737         19532.78940
2738         19544.03170
2739         19555.27730
2740         19566.52630
2741         19577.77860
2742         19589.03430
2743         19600.29340
2744         19611.55580
2745         19622.82160
2746         19634.09080
2747         19645.36340
2748         19656.63930
2749         19667.91850
2750         19679.20120
2751         19690.48720
2752         19701.77650
2753         19713.06930
2754         19724.36540
2755         19735.66490
2756         19746.96770
2757         19758.27390
2758         19769.58350
2759         19780.89640
2760         19792.21270
2761         19803.53240
2762         19814.85540
2763         19826.18190
2764         19837.51160
2765         19848.84480
2766         19860.18130
2767         19871.52120
2768         19882.86440
2769         19894.21110
2770         19905.56110
2771         19916.91440
2772         19928.27120
2773         19939.63130
2774         19950.99470
2775         19962.36160
2776         19973.73180
2777         19985.10540
2778         19996.48230
2779         20007.86260
2780         20019.24630
2781         20030.63340
2782         20042.02380
2783         20053.41760
2784         20064.81480
2785         20076.21530
2786         20087.61920
2787         20099.02650
2788         20110.43720
2789         20121.85120
2790         20133.26860
2791         20144.68940
2792         20156.11350
2793         20167.54100
2794         20178.97190
2795         20190.40620
2796         20201.84380
2797         20213.28480
2798         20224.72920
2799         20236.17700
2800         20247.62810
2801         20259.08260
2802         20270.54040
2803         20282.00170
2804         20293.46630
2805         20304.93430
2806         20316.40570
2807         20327.88040
2808         20339.35850
2809         20350.84000
2810         20362.32480
2811         20373.81310
2812         20385.30470
2813         20396.79970
2814         20408.29800
2815         20419.79970
2816         20431.30480
2817         20442.81330
2818         20454.32520
2819         20465.84040
2820         20477.35900
2821         20488.88100
2822         20500.40630
2823         20511.93510
2824         20523.46720
2825         20535.00270
2826         20546.54150
2827         20558.08380
2828         20569.62940
2829         20581.17840
2830         20592.73070
2831         20604.28650
2832         20615.84560
2833         20627.40810
2834         20638.97390
2835         20650.54320
2836         20662.11580
2837         20673.69180
2838         20685.27120
2839         20696.85400
2840         20708.44010
2841         20720.02960
2842         20731.62250
2843         20743.21880
2844         20754.81840
2845         20766.42140
2846         20778.02780
2847         20789.63760
2848         20801.25080
2849         20812.86730
2850         20824.48730
2851         20836.11060
2852         20847.73720
2853         20859.36730
2854         20871.00070
2855         20882.63750
2856         20894.27770
2857         20905.92130
2858         20917.56830
2859         20929.21860
2860         20940.87230
2861         20952.52940
2862         20964.18990
2863         20975.85380
2864         20987.52100
2865         20999.19160
2866         21010.86560
2867         21022.54300
2868         21034.22380
2869         21045.90790
2870         21057.59540
2871         21069.28630
2872         21080.98060
2873         21092.67830
2874         21104.37930
2875         21116.08380
2876         21127.79160
2877         21139.50280
2878         21151.21740
2879         21162.93530
2880         21174.65670
2881         21186.38140
2882         21198.10950
2883         21209.84100
2884         21221.57590
2885         21233.31420
2886         21245.05580
2887         21256.80080
2888         21268.54920
2889         21280.30100
2890         21292.05620
2891         21303.81480
2892         21315.57670
2893         21327.34210
2894         21339.11080
2895         21350.88290
2896         21362.65840
2897         21374.43720
2898         21386.21950
2899         21398.00510
2900         21409.79410
2901         21421.58660
2902         21433.38240
2903         21445.18150
2904         21456.98410
2905         21468.79010
2906         21480.59940
2907         21492.41210
2908         21504.22820
2909         21516.04770
2910         21527.87060
2911         21539.69690
2912         21551.52650
2913         21563.35960
2914         21575.19600
2915         21587.03580
2916         21598.87900
2917         21610.72560
2918         21622.57560
2919         21634.42890
2920         21646.28570
2921         21658.14580
2922         21670.00940
2923         21681.87630
2924         21693.74660
2925         21705.62030
2926         21717.49740
2927         21729.37780
2928         21741.26170
2929         21753.14890
2930         21765.03960
2931         21776.93360
2932         21788.83100
2933         21800.73180
2934         21812.63600
2935         21824.54360
2936         21836.45450
2937         21848.36890
2938         21860.28660
2939         21872.20780
2940         21884.13230
2941         21896.06020
2942         21907.99150
2943         21919.92620
2944         21931.86430
2945         21943.80580
2946         21955.75070
2947         21967.69890
2948         21979.65060
2949         21991.60560
2950         22003.56410
2951         22015.52590
2952         22027.49110
2953         22039.45970
2954         22051.43170
2955         22063.40710
2956         22075.38590
2957         22087.36810
2958         22099.35360
2959         22111.34260
2960         22123.33500
2961         22135.33070
2962         22147.32980
2963         22159.33240
2964         22171.33830
2965         22183.34760
2966         22195.36030
2967         22207.37640
2968         22219.39590
2969         22231.41880
2970         22243.44510
2971         22255.47480
2972         22267.50780
2973         22279.54430
2974         22291.58420
2975         22303.62740
2976         22315.67410
2977         22327.72410
2978         22339.77750
2979         22351.83440
2980         22363.89460
2981         22375.95820
2982         22388.02520
2983         22400.09560
2984         22412.16940
2985         22424.24660
2986         22436.32720
2987         22448.41120
2988         22460.49860
2989         22472.58940
2990         22484.68360
2991         22496.78120
2992         22508.88210
2993         22520.98650
2994         22533.09430
2995         22545.20540
2996         22557.32000
2997         22569.43790
2998         22581.55930
2999         22593.68400
3000         22605.81220
3001         22617.94370
3002         22630.07870
3003         22642.21700
3004         22654.35870
3005         22666.50390
3006         22678.65240
3007         22690.80430
3008         22702.95970
3009         22715.11840
3010         22727.28050
3011         22739.44600
3012         22751.61500
3013         22763.78730
3014         22775.96300
3015         22788.14210
3016         22800.32460
3017         22812.51050
3018         22824.69990
3019         22836.89260
3020         22849.08870
3021         22861.28820
3022         22873.49110
3023         22885.69740
3024         22897.90720
3025         22910.12030
3026         22922.33680
3027         22934.55670
3028         22946.78000
3029         22959.00670
3030         22971.23680
3031         22983.47040
3032         22995.70730
3033         23007.94760
3034         23020.19130
3035         23032.43840
3036         23044.68900
3037         23056.94290
3038         23069.20020
3039         23081.46100
3040         23093.72510
3041         23105.99260
3042         23118.26360
3043         23130.53790
3044         23142.81560
3045         23155.09680
3046         23167.38130
3047         23179.66930
3048         23191.96060
3049         23204.25540
3050         23216.55350
3051         23228.85510
3052         23241.16010
3053         23253.46840
3054         23265.78020
3055         23278.09540
3056         23290.41400
3057         23302.73590
3058         23315.06130
3059         23327.39010
3060         23339.72230
3061         23352.05790
3062         23364.39690
3063         23376.73930
3064         23389.08510
3065         23401.43440
3066         23413.78700
3067         23426.14300
3068         23438.50240
3069         23450.86530
3070         23463.23150
3071         23475.60120
3072         23487.97420
3073         23500.35070
3074         23512.73060
3075         23525.11380
3076         23537.50050
3077         23549.89060
3078         23562.28410
3079         23574.68100
3080         23587.08130
3081         23599.48500
3082         23611.89220
3083         23624.30270
3084         23636.71660
3085         23649.13400
3086         23661.55470
3087         23673.97890
3088         23686.40640
3089         23698.83740
3090         23711.27180
3091         23723.70960
3092         23736.15080
3093         23748.59540
3094         23761.04340
3095         23773.49480
3096         23785.94970
3097         23798.40790
3098         23810.86950
3099         23823.33460
3100         23835.80310
3101         23848.27490
3102         23860.75020
3103         23873.22890
3104         23885.71100
3105         23898.19650
3106         23910.68550
3107         23923.17780
3108         23935.67350
3109         23948.17270
3110         23960.67530
3111         23973.18120
3112         23985.69060
3113         23998.20340
3114         24010.71960
3115         24023.23920
3116         24035.76230
3117         24048.28870
3118         24060.81860
3119         24073.35180
3120         24085.88850
3121         24098.42860
3122         24110.97210
3123         24123.51900
3124         24136.06930
3125         24148.62300
3126         24161.18020
3127         24173.74070
3128         24186.30470
3129         24198.87210
3130         24211.44290
3131         24224.01710
3132         24236.59470
3133         24249.17580
3134         24261.76020
3135         24274.34810
3136         24286.93930
3137         24299.53400
3138         24312.13210
3139         24324.73360
3140         24337.33860
3141         24349.94690
3142         24362.55870
3143         24375.17380
3144         24387.79240
3145         24400.41440
3146         24413.03980
3147         24425.66860
3148         24438.30090
3149         24450.93650
3150         24463.57560
3151         24476.21810
3152         24488.86400
3153         24501.51330
3154         24514.16610
3155         24526.82220
3156         24539.48180
3157         24552.14480
3158         24564.81120
3159         24577.48100
3160         24590.15420
3161         24602.83080
3162         24615.51090
3163         24628.19440
3164         24640.88130
3165         24653.57160
3166         24666.26530
3167         24678.96250
3168         24691.66300
3169         24704.36700
3170         24717.07440
3171         24729.78520
3172         24742.49940
3173         24755.21710
3174         24767.93820
3175         24780.66270
3176         24793.39060
3177         24806.12190
3178         24818.85660
3179         24831.59480
3180         24844.33640
3181         24857.08130
3182         24869.82980
3183         24882.58160
3184         24895.33680
3185         24908.09550
3186         24920.85760
3187         24933.62310
3188         24946.39210
3189         24959.16440
3190         24971.94020
3191         24984.71940
3192         24997.50200
3193         25010.28800
3194         25023.07740
3195         25035.87030
3196         25048.66660
3197         25061.46630
3198         25074.26940
3199         25087.07600
3200         25099.88600
3201         25112.69940
3202         25125.51620
3203         25138.33640
3204         25151.16010
3205         25163.98710
3206         25176.81760
3207         25189.65160
3208         25202.48890
3209         25215.32970
3210         25228.17390
3211         25241.02150
3212         25253.87250
3213         25266.72700
3214         25279.58480
3215         25292.44610
3216         25305.31090
3217         25318.17900
3218         25331.05060
3219         25343.92560
3220         25356.80400
3221         25369.68580
3222         25382.57110
3223         25395.45980
3224         25408.35190
3225         25421.24740
3226         25434.14640
3227         25447.04870
3228         25459.95450
3229         25472.86380
3230         25485.77640
3231         25498.69250
3232         25511.61200
3233         25524.53490
3234         25537.46130
3235         25550.39110
3236         25563.32430
3237         25576.26090
3238         25589.20090
3239         25602.14440
3240         25615.09130
3241         25628.04170
3242         25640.99540
3243         25653.95260
3244         25666.91320
3245         25679.87720
3246         25692.84470
3247         25705.81560
3248         25718.78990
3249         25731.76760
3250         25744.74880
3251         25757.73340
3252         25770.72140
3253         25783.71280
3254         25796.70770
3255         25809.70600
3256         25822.70780
3257         25835.71290
3258         25848.72150
3259         25861.73350
3260         25874.74890
3261         25887.76780
3262         25900.79010
3263         25913.81580
3264         25926.84500
3265         25939.87760
3266         25952.91360
3267         25965.95300
3268         25978.99590
3269         25992.04220
3270         26005.09190
3271         26018.14500
3272         26031.20160
3273         26044.26160
3274         26057.32510
3275         26070.39200
3276         26083.46230
3277         26096.53600
3278         26109.61320
3279         26122.69370
3280         26135.77780
3281         26148.86520
3282         26161.95610
3283         26175.05040
3284         26188.14820
3285         26201.24930
3286         26214.35390
3287         26227.46200
3288         26240.57340
3289         26253.68830
3290         26266.80670
3291         26279.92840
3292         26293.05360
3293         26306.18230
3294         26319.31430
3295         26332.44980
3296         26345.58870
3297         26358.73110
3298         26371.87690
3299         26385.02610
3300         26398.17870
3301         26411.33480
3302         26424.49430
3303         26437.65730
3304         26450.82370
3305         26463.99350
3306         26477.16670
3307         26490.34340
3308         26503.52350
3309         26516.70710
3310         26529.89400
3311         26543.08450
3312         26556.27830
3313         26569.47560
3314         26582.67630
3315         26595.88050
3316         26609.08810
3317         26622.29910
3318         26635.51350
3319         26648.73140
3320         26661.95280
3321         26675.17750
3322         26688.40570
3323         26701.63730
3324         26714.87240
3325         26728.11090
3326         26741.35290
3327         26754.59820
3328         26767.84700
3329         26781.09930
3330         26794.35500
3331         26807.61410
3332         26820.87660
3333         26834.14260
3334         26847.41210
3335         26860.68490
3336         26873.96120
3337         26887.24100
3338         26900.52410
3339         26913.81070
3340         26927.10080
3341         26940.39430
3342         26953.69120
3343         26966.99160
3344         26980.29540
3345         26993.60260
3346         27006.91330
3347         27020.22740
3348         27033.54490
3349         27046.86590
3350         27060.19030
3351         27073.51820
3352         27086.84950
3353         27100.18430
3354         27113.52240
3355         27126.86410
3356         27140.20910
3357         27153.55760
3358         27166.90960
3359         27180.26490
3360         27193.62380
3361         27206.98600
3362         27220.35170
3363         27233.72080
3364         27247.09340
3365         27260.46940
3366         27273.84890
3367         27287.23180
3368         27300.61810
3369         27314.00790
3370         27327.40110
3371         27340.79780
3372         27354.19790
3373         27367.60140
3374         27381.00840
3375         27394.41880
3376         27407.83270
3377         27421.25000
3378         27434.67080
3379         27448.09490
3380         27461.52260
3381         27474.95370
3382         27488.38820
3383         27501.82610
3384         27515.26750
3385         27528.71240
3386         27542.16070
3387         27555.61240
3388         27569.06760
3389         27582.52620
3390         27595.98820
3391         27609.45370
3392         27622.92270
3393         27636.39510
3394         27649.87090
3395         27663.35020
3396         27676.83290
3397         27690.31900
3398         27703.80860
3399         27717.30170
3400         27730.79820
3401         27744.29810
3402         27757.80150
3403         27771.30830
3404         27784.81860
3405         27798.33230
3406         27811.84950
3407         27825.37010
3408         27838.89410
3409         27852.42160
3410         27865.95260
3411         27879.48700
3412         27893.02480
3413         27906.56610
3414         27920.11080
3415         27933.65900
3416         27947.21060
3417         27960.76570
3418         27974.32420
3419         27987.88610
3420         28001.45150
3421         28015.02040
3422         28028.59270
3423         28042.16840
3424         28055.74760
3425         28069.33020
3426         28082.91630
3427         28096.50580
3428         28110.09880
3429         28123.69520
3430         28137.29510
3431         28150.89840
3432         28164.50520
3433         28178.11540
3434         28191.72910
3435         28205.34620
3436         28218.96670
3437         28232.59080
3438         28246.21820
3439         28259.84910
3440         28273.48350
3441         28287.12130
3442         28300.76250
3443         28314.40720
3444         28328.05540
3445         28341.70700
3446         28355.36200
3447         28369.02050
3448         28382.68250
3449         28396.34790
3450         28410.01670
3451         28423.68900
3452         28437.36480
3453         28451.04400
3454         28464.72660
3455         28478.41270
3456         28492.10230
3457         28505.79530
3458         28519.49170
3459         28533.19170
3460         28546.89500
3461         28560.60180
3462         28574.31210
3463         28588.02580
3464         28601.74290
3465         28615.46360
3466         28629.18760
3467         28642.91510
3468         28656.64610
3469         28670.38050
3470         28684.11840
3471         28697.85970
3472         28711.60450
3473         28725.35270
3474         28739.10440
3475         28752.85960
3476         28766.61810
3477         28780.38020
3478         28794.14570
3479         28807.91460
3480         28821.68700
3481         28835.46290
3482         28849.24220
3483         28863.02500
3484         28876.81120
3485         28890.60080
3486         28904.39400
3487         28918.19050
3488         28931.99060
3489         28945.79410
3490         28959.60100
3491         28973.41140
3492         28987.22530
3493         29001.04260
3494         29014.86330
3495         29028.68750
3496         29042.51520
3497         29056.34630
3498         29070.18090
3499         29084.01900
3500         29097.86050
3501         29111.70540
3502         29125.55380
3503         29139.40570
3504         29153.26100
3505         29167.11980
3506         29180.98200
3507         29194.84770
3508         29208.71680
3509         29222.58940
3510         29236.46550
3511         29250.34500
3512         29264.22800
3513         29278.11440
3514         29292.00430
3515         29305.89760
3516         29319.79440
3517         29333.69470
3518         29347.59840
3519         29361.50560
3520         29375.41620
3521         29389.33030
3522         29403.24790
3523         29417.16890
3524         29431.09330
3525         29445.02130
3526         29458.95260
3527         29472.88750
3528         29486.82580
3529         29500.76760
3530         29514.71280
3531         29528.66150
3532         29542.61360
3533         29556.56920
3534         29570.52820
3535         29584.49080
3536         29598.45670
3537         29612.42620
3538         29626.39910
3539         29640.37540
3540         29654.35520
3541         29668.33850
3542         29682.32530
3543         29696.31550
3544         29710.30910
3545         29724.30620
3546         29738.30680
3547         29752.31090
3548         29766.31840
3549         29780.32930
3550         29794.34380
3551         29808.36170
3552         29822.38300
3553         29836.40780
3554         29850.43610
3555         29864.46780
3556         29878.50300
3557         29892.54170
3558         29906.58380
3559         29920.62940
3560         29934.67850
3561         29948.73100
3562         29962.78690
3563         29976.84640
3564         29990.90930
3565         30004.97560
3566         30019.04550
3567         30033.11880
3568         30047.19550
3569         30061.27570
3570         30075.35940
3571         30089.44660
3572         30103.53720
3573         30117.63120
3574         30131.72880
3575         30145.82980
3576         30159.93420
3577         30174.04220
3578         30188.15360
3579         30202.26840
3580         30216.38680
3581         30230.50850
3582         30244.63380
3583         30258.76250
3584         30272.89470
3585         30287.03040
3586         30301.16950
3587         30315.31210
3588         30329.45810
3589         30343.60760
3590         30357.76060
3591         30371.91710
3592         30386.07700
3593         30400.24040
3594         30414.40720
3595         30428.57750
3596         30442.75130
3597         30456.92850
3598         30471.10930
3599         30485.29340
3600         30499.48110
3601         30513.67220
3602         30527.86680
3603         30542.06480
3604         30556.26640
3605         30570.47130
3606         30584.67980
3607         30598.89170
3608         30613.10710
3609         30627.32600
3610         30641.54830
3611         30655.77410
3612         30670.00340
3613         30684.23610
3614         30698.47230
3615         30712.71200
3616         30726.95510
3617         30741.20170
3618         30755.45180
3619         30769.70530
3620         30783.96240
3621         30798.22280
3622         30812.48680
3623         30826.75420
3624         30841.02510
3625         30855.29950
3626         30869.57730
3627         30883.85860
3628         30898.14340
3629         30912.43170
3630         30926.72340
3631         30941.01860
3632         30955.31720
3633         30969.61940
3634         30983.92500
3635         30998.23400
3636         31012.54660
3637         31026.86260
3638         31041.18210
3639         31055.50500
3640         31069.83150
3641         31084.16140
3642         31098.49480
3643         31112.83160
3644         31127.17190
3645         31141.51570
3646         31155.86300
3647         31170.21370
3648         31184.56790
3649         31198.92560
3650         31213.28680
3651         31227.65140
3652         31242.01950
3653         31256.39110
3654         31270.76610
3655         31285.14470
3656         31299.52670
3657         31313.91210
3658         31328.30110
3659         31342.69350
3660         31357.08940
3661         31371.48880
3662         31385.89160
3663         31400.29790
3664         31414.70770
3665         31429.12100
3666         31443.53770
3667         31457.95790
3668         31472.38160
3669         31486.80880
3670         31501.23940
3671         31515.67350
3672         31530.11110
3673         31544.55220
3674         31558.99670
3675         31573.44480
3676         31587.89630
3677         31602.35120
3678         31616.80970
3679         31631.27160
3680         31645.73700
3681         31660.20590
3682         31674.67820
3683         31689.15410
3684         31703.63340
3685         31718.11610
3686         31732.60240
3687         31747.09210
3688         31761.58540
3689         31776.08210
3690         31790.58220
3691         31805.08590
3692         31819.59300
3693         31834.10360
3694         31848.61770
3695         31863.13520
3696         31877.65630
3697         31892.18080
3698         31906.70880
3699         31921.24030
3700         31935.77520
3701         31950.31370
3702         31964.85560
3703         31979.40100
3704         31993.94980
3705         32008.50220
3706         32023.05800
3707         32037.61730
3708         32052.18010
3709         32066.74640
3710         32081.31610
3711         32095.88930
3712         32110.46600
3713         32125.04620
3714         32139.62990
3715         32154.21700
3716         32168.80770
3717         32183.40180
3718         32197.99940
3719         32212.60040
3720         32227.20500
3721         32241.81300
3722         32256.42450
3723         32271.03950
3724         32285.65800
3725         32300.28000
3726         32314.90540
3727         32329.53430
3728         32344.16670
3729         32358.80260
3730         32373.44200
3731         32388.08480
3732         32402.73120
3733         32417.38100
3734         32432.03430
3735         32446.69110
3736         32461.35130
3737         32476.01510
3738         32490.68230
3739         32505.35300
3740         32520.02720
3741         32534.70490
3742         32549.38600
3743         32564.07070
3744         32578.75880
3745         32593.45040
3746         32608.14550
3747         32622.84410
3748         32637.54620
3749         32652.25170
3750         32666.96080
3751         32681.67330
3752         32696.38930
3753         32711.10880
3754         32725.83170
3755         32740.55820
3756         32755.28820
3757         32770.02160
3758         32784.75850
3759         32799.49890
3760         32814.24280
3761         32828.99020
3762         32843.74100
3763         32858.49540
3764         32873.25320
3765         32888.01450
3766         32902.77930
3767         32917.54760
3768         32932.31940
3769         32947.09460
3770         32961.87340
3771         32976.65560
3772         32991.44130
3773         33006.23050
3774         33021.02320
3775         33035.81940
3776         33050.61910
3777         33065.42230
3778         33080.22890
3779         33095.03900
3780         33109.85270
3781         33124.66980
3782         33139.49040
3783         33154.31440
3784         33169.14200
3785         33183.97310
3786         33198.80760
3787         33213.64570
3788         33228.48720
3789         33243.33220
3790         33258.18070
3791         33273.03270
3792         33287.88820
3793         33302.74720
3794         33317.60970
3795         33332.47560
3796         33347.34510
3797         33362.21800
3798         33377.09440
3799         33391.97430
3800         33406.85770
3801         33421.74460
3802         33436.63500
3803         33451.52890
3804         33466.42630
3805         33481.32710
3806         33496.23150
3807         33511.13930
3808         33526.05060
3809         33540.96540
3810         33555.88380
3811         33570.80560
3812         33585.73090
3813         33600.65960
3814         33615.59190
3815         33630.52770
3816         33645.46700
3817         33660.40970
3818         33675.35600
3819         33690.30570
3820         33705.25890
3821         33720.21570
3822         33735.17590
3823         33750.13960
3824         33765.10680
3825         33780.07750
3826         33795.05170
3827         33810.02940
3828         33825.01050
3829         33839.99520
3830         33854.98340
3831         33869.97500
3832         33884.97020
3833         33899.96880
3834         33914.97100
3835         33929.97660
3836         33944.98570
3837         33959.99830
3838         33975.01450
3839         33990.03410
3840         34005.05720
3841         34020.08380
3842         34035.11390
3843         34050.14750
3844         34065.18450
3845         34080.22510
3846         34095.26920
3847         34110.31680
3848         34125.36780
3849         34140.42240
3850         34155.48050
3851         34170.54200
3852         34185.60710
3853         34200.67560
3854         34215.74770
3855         34230.82320
3856         34245.90220
3857         34260.98480
3858         34276.07080
3859         34291.16030
3860         34306.25340
3861         34321.34990
3862         34336.44990
3863         34351.55340
3864         34366.66040
3865         34381.77090
3866         34396.88500
3867         34412.00250
3868         34427.12350
3869         34442.24800
3870         34457.37600
3871         34472.50750
3872         34487.64250
3873         34502.78100
3874         34517.92300
3875         34533.06850
3876         34548.21750
3877         34563.36990
3878         34578.52590
3879         34593.68540
3880         34608.84840
3881         34624.01490
3882         34639.18490
3883         34654.35840
3884         34669.53540
3885         34684.71590
3886         34699.89990
3887         34715.08730
3888         34730.27830
3889         34745.47280
3890         34760.67080
3891         34775.87230
3892         34791.07730
3893         34806.28580
3894         34821.49780
3895         34836.71330
3896         34851.93230
3897         34867.15480
3898         34882.38080
3899         34897.61030
3900         34912.84330
3901         34928.07980
3902         34943.31980
3903         34958.56330
3904         34973.81030
3905         34989.06080
3906         35004.31480
3907         35019.57230
3908         35034.83340
3909         35050.09790
3910         35065.36590
3911         35080.63740
3912         35095.91250
3913         35111.19100
3914         35126.47300
3915         35141.75860
3916         35157.04760
3917         35172.34020
3918         35187.63620
3919         35202.93580
3920         35218.23880
3921         35233.54540
3922         35248.85540
3923         35264.16900
3924         35279.48610
3925         35294.80670
3926         35310.13080
3927         35325.45830
3928         35340.78940
3929         35356.12400
3930         35371.46210
3931         35386.80370
3932         35402.14890
3933         35417.49750
3934         35432.84960
3935         35448.20520
3936         35463.56440
3937         35478.92700
3938         35494.29320
3939         35509.66280
3940         35525.03600
3941         35540.41260
3942         35555.79280
3943         35571.17650
3944         35586.56370
3945         35601.95440
3946         35617.34860
3947         35632.74630
3948         35648.14750
3949         35663.55220
3950         35678.96040
3951         35694.37220
3952         35709.78740
3953         35725.20620
3954         35740.62840
3955         35756.05420
3956         35771.48350
3957         35786.91630
3958         35802.35260
3959         35817.79240
3960         35833.23570
3961         35848.68250
3962         35864.13280
3963         35879.58660
3964         35895.04400
3965         35910.50480
3966         35925.96920
3967         35941.43710
3968         35956.90850
3969         35972.38330
3970         35987.86170
3971         36003.34370
3972         36018.82910
3973         36034.31800
3974         36049.81040
3975         36065.30640
3976         36080.80590
3977         36096.30880
3978         36111.81530
3979         36127.32530
3980         36142.83880
3981         36158.35580
3982         36173.87630
3983         36189.40040
3984         36204.92790
3985         36220.45900
3986         36235.99360
3987         36251.53160
3988         36267.07320
3989         36282.61830
3990         36298.16690
3991         36313.71910
3992         36329.27470
3993         36344.83390
3994         36360.39650
3995         36375.96270
3996         36391.53240
3997         36407.10560
3998         36422.68230
3999         36438.26260
4000         36453.84630
4001         36469.43360
4002         36485.02430
4003         36500.61860
4004         36516.21640
4005         36531.81770
4006         36547.42250
4007         36563.03090
4008         36578.64270
4009         36594.25810
4010         36609.87700
4011         36625.49940
4012         36641.12530
4013         36656.75470
4014         36672.38760
4015         36688.02410
4016         36703.66400
4017         36719.30750
4018         36734.95450
4019         36750.60500
4020         36766.25910
4021         36781.91660
4022         36797.57770
4023         36813.24220
4024         36828.91030
4025         36844.58190
4026         36860.25710
4027         36875.93570
4028         36891.61790
4029         36907.30350
4030         36922.99270
4031         36938.68540
4032         36954.38160
4033         36970.08140
4034         36985.78460
4035         37001.49140
4036         37017.20170
4037         37032.91550
4038         37048.63280
4039         37064.35370
4040         37080.07800
4041         37095.80590
4042         37111.53730
4043         37127.27220
4044         37143.01060
4045         37158.75260
4046         37174.49810
4047         37190.24700
4048         37205.99950
4049         37221.75560
4050         37237.51510
4051         37253.27820
4052         37269.04480
4053         37284.81480
4054         37300.58850
4055         37316.36560
4056         37332.14630
4057         37347.93040
4058         37363.71810
4059         37379.50930
4060         37395.30410
4061         37411.10230
4062         37426.90410
4063         37442.70940
4064         37458.51820
4065         37474.33060
4066         37490.14640
4067         37505.96580
4068         37521.78870
4069         37537.61510
4070         37553.44510
4071         37569.27850
4072         37585.11550
4073         37600.95600
4074         37616.80000
4075         37632.64760
4076         37648.49870
4077         37664.35320
4078         37680.21140
4079         37696.07300
4080         37711.93820
4081         37727.80680
4082         37743.67900
4083         37759.55480
4084         37775.43400
4085         37791.31680
4086         37807.20310
4087         37823.09290
4088         37838.98620
4089         37854.88310
4090         37870.78350
4091         37886.68740
4092         37902.59480
4093         37918.50580
4094         37934.42030
4095         37950.33830
4096         37966.25980
4097         37982.18480
4098         37998.11340
4099         38014.04550
4100         38029.98120
4101         38045.92030
4102         38061.86300
4103         38077.80920
4104         38093.75890
4105         38109.71220
4106         38125.66890
4107         38141.62920
4108         38157.59310
4109         38173.56040
4110         38189.53130
4111         38205.50570
4112         38221.48360
4113         38237.46510
4114         38253.45010
4115         38269.43860
4116         38285.43060
4117         38301.42620
4118         38317.42520
4119         38333.42790
4120         38349.43400
4121         38365.44370
4122         38381.45690
4123         38397.47360
4124         38413.49380
4125         38429.51760
4126         38445.54490
4127         38461.57570
4128         38477.61010
4129         38493.64800
4130         38509.68940
4131         38525.73430
4132         38541.78280
4133         38557.83480
4134         38573.89030
4135         38589.94940
4136         38606.01200
4137         38622.07810
4138         38638.14770
4139         38654.22090
4140         38670.29760
4141         38686.37780
4142         38702.46160
4143         38718.54890
4144         38734.63970
4145         38750.73400
4146         38766.83190
4147         38782.93330
4148         38799.03820
4149         38815.14670
4150         38831.25870
4151         38847.37420
4152         38863.49330
4153         38879.61590
4154         38895.74200
4155         38911.87160
4156         38928.00480
4157         38944.14150
4158         38960.28180
4159         38976.42550
4160         38992.57280
4161         39008.72370
4162         39024.87800
4163         39041.03590
4164         39057.19740
4165         39073.36230
4166         39089.53080
4167         39105.70290
4168         39121.87840
4169         39138.05750
4170         39154.24010
4171         39170.42630
4172         39186.61600
4173         39202.80920
4174         39219.00590
4175         39235.20620
4176         39251.41010
4177         39267.61740
4178         39283.82830
4179         39300.04270
4180         39316.26070
4181         39332.48220
4182         39348.70720
4183         39364.93570
4184         39381.16780
4185         39397.40350
4186         39413.64260
4187         39429.88530
4188         39446.13150
4189         39462.38130
4190         39478.63460
4191         39494.89140
4192         39511.15180
4193         39527.41570
4194         39543.68310
4195         39559.95410
4196         39576.22860
4197         39592.50670
4198         39608.78820
4199         39625.07330
4200         39641.36200
4201         39657.65420
4202         39673.94990
4203         39690.24920
4204         39706.55200
4205         39722.85830
4206         39739.16820
4207         39755.48160
4208         39771.79850
4209         39788.11900
4210         39804.44300
4211         39820.77060
4212         39837.10160
4213         39853.43630
4214         39869.77440
4215         39886.11610
4216         39902.46140
4217         39918.81020
4218         39935.16250
4219         39951.51830
4220         39967.87770
4221         39984.24060
4222         40000.60710
4223         40016.97710
4224         40033.35070
4225         40049.72780
4226         40066.10840
4227         40082.49250
4228         40098.88020
4229         40115.27150
4230         40131.66630
4231         40148.06460
4232         40164.46640
4233         40180.87180
4234         40197.28080
4235         40213.69330
4236         40230.10930
4237         40246.52880
4238         40262.95190
4239         40279.37860
4240         40295.80870
4241         40312.24250
4242         40328.67970
4243         40345.12050
4244         40361.56490
4245         40378.01280
4246         40394.46420
4247         40410.91910
4248         40427.37770
4249         40443.83970
4250         40460.30530
4251         40476.77440
4252         40493.24710
4253         40509.72330
4254         40526.20310
4255         40542.68640
4256         40559.17320
4257         40575.66360
4258         40592.15750
4259         40608.65500
4260         40625.15600
4261         40641.66060
4262         40658.16870
4263         40674.68030
4264         40691.19550
4265         40707.71420
4266         40724.23650
4267         40740.76230
4268         40757.29160
4269         40773.82450
4270         40790.36100
4271         40806.90100
4272         40823.44450
4273         40839.99160
4274         40856.54220
4275         40873.09640
4276         40889.65410
4277         40906.21530
4278         40922.78010
4279         40939.34850
4280         40955.92040
4281         40972.49580
4282         40989.07480
4283         41005.65730
4284         41022.24340
4285         41038.83300
4286         41055.42620
4287         41072.02290
4288         41088.62310
4289         41105.22690
4290         41121.83430
4291         41138.44520
4292         41155.05960
4293         41171.67760
4294         41188.29910
4295         41204.92420
4296         41221.55280
4297         41238.18500
4298         41254.82070
4299         41271.46000
4300         41288.10280
4301         41304.74920
4302         41321.39910
4303         41338.05250
4304         41354.70950
4305         41371.37010
4306         41388.03420
4307         41404.70180
4308         41421.37300
4309         41438.04780
4310         41454.72610
4311         41471.40790
4312         41488.09330
4313         41504.78220
4314         41521.47470
4315         41538.17080
4316         41554.87030
4317         41571.57350
4318         41588.28020
4319         41604.99040
4320         41621.70420
4321         41638.42150
4322         41655.14240
4323         41671.86680
4324         41688.59480
4325         41705.32630
4326         41722.06140
4327         41738.80010
4328         41755.54220
4329         41772.28800
4330         41789.03730
4331         41805.79010
4332         41822.54650
4333         41839.30640
4334         41856.06990
4335         41872.83690
4336         41889.60750
4337         41906.38170
4338         41923.15940
4339         41939.94060
4340         41956.72540
4341         41973.51380
4342         41990.30570
4343         42007.10110
4344         42023.90010
4345         42040.70270
4346         42057.50880
4347         42074.31850
4348         42091.13170
4349         42107.94840
4350         42124.76880
4351         42141.59260
4352         42158.42010
4353         42175.25100
4354         42192.08560
4355         42208.92370
4356         42225.76530
4357         42242.61050
4358         42259.45930
4359         42276.31160
4360         42293.16740
4361         42310.02680
4362         42326.88980
4363         42343.75630
4364         42360.62640
4365         42377.50000
4366         42394.37720
4367         42411.25790
4368         42428.14220
4369         42445.03010
4370         42461.92150
4371         42478.81640
4372         42495.71500
4373         42512.61700
4374         42529.52270
4375         42546.43180
4376         42563.34460
4377         42580.26090
4378         42597.18070
4379         42614.10410
4380         42631.03110
4381         42647.96160
4382         42664.89570
4383         42681.83330
4384         42698.77450
4385         42715.71930
4386         42732.66760
4387         42749.61940
4388         42766.57480
4389         42783.53380
4390         42800.49630
4391         42817.46240
4392         42834.43210
4393         42851.40530
4394         42868.38200
4395         42885.36240
4396         42902.34620
4397         42919.33370
4398         42936.32470
4399         42953.31920
4400         42970.31730
4401         42987.31900
4402         43004.32420
4403         43021.33300
4404         43038.34540
4405         43055.36130
4406         43072.38080
4407         43089.40380
4408         43106.43040
4409         43123.46050
4410         43140.49420
4411         43157.53150
4412         43174.57230
4413         43191.61670
4414         43208.66460
4415         43225.71620
4416         43242.77120
4417         43259.82980
4418         43276.89200
4419         43293.95780
4420         43311.02710
4421         43328.10000
4422         43345.17640
4423         43362.25640
4424         43379.33990
4425         43396.42710
4426         43413.51770
4427         43430.61200
4428         43447.70980
4429         43464.81110
4430         43481.91610
4431         43499.02450
4432         43516.13660
4433         43533.25220
4434         43550.37140
4435         43567.49410
4436         43584.62040
4437         43601.75030
4438         43618.88370
4439         43636.02070
4440         43653.16120
4441         43670.30530
4442         43687.45300
4443         43704.60430
4444         43721.75910
4445         43738.91740
4446         43756.07940
4447         43773.24490
4448         43790.41390
4449         43807.58650
4450         43824.76270
4451         43841.94250
4452         43859.12580
4453         43876.31270
4454         43893.50310
4455         43910.69710
4456         43927.89470
4457         43945.09590
4458         43962.30060
4459         43979.50880
4460         43996.72070
4461         44013.93610
4462         44031.15500
4463         44048.37760
4464         44065.60370
4465         44082.83330
4466         44100.06660
4467         44117.30340
4468         44134.54370
4469         44151.78770
4470         44169.03520
4471         44186.28620
4472         44203.54090
4473         44220.79910
4474         44238.06080
4475         44255.32620
4476         44272.59510
4477         44289.86750
4478         44307.14360
4479         44324.42320
4480         44341.70630
4481         44358.99310
4482         44376.28340
4483         44393.57720
4484         44410.87470
4485         44428.17570
4486         44445.48030
4487         44462.78840
4488         44480.10010
4489         44497.41540
4490         44514.73430
4491         44532.05670
4492         44549.38270
4493         44566.71220
4494         44584.04540
4495         44601.38200
4496         44618.72230
4497         44636.06620
4498         44653.41360
4499         44670.76450
4500         44688.11910
4501         44705.47720
4502         44722.83890
4503         44740.20410
4504         44757.57300
4505         44774.94540
4506         44792.32130
4507         44809.70090
4508         44827.08400
4509         44844.47070
4510         44861.86090
4511         44879.25470
4512         44896.65210
4513         44914.05310
4514         44931.45760
4515         44948.86570
4516         44966.27740
4517         44983.69270
4518         45001.11150
4519         45018.53390
4520         45035.95980
4521         45053.38940
4522         45070.82250
4523         45088.25920
4524         45105.69940
4525         45123.14330
4526         45140.59070
4527         45158.04170
4528         45175.49620
4529         45192.95430
4530         45210.41600
4531         45227.88130
4532         45245.35010
4533         45262.82250
4534         45280.29850
4535         45297.77810
4536         45315.26120
4537         45332.74800
4538         45350.23820
4539         45367.73210
4540         45385.22950
4541         45402.73050
4542         45420.23510
4543         45437.74330
4544         45455.25500
4545         45472.77030
4546         45490.28920
4547         45507.81170
4548         45525.33770
4549         45542.86730
4550         45560.40050
4551         45577.93730
4552         45595.47760
4553         45613.02150
4554         45630.56900
4555         45648.12010
4556         45665.67470
4557         45683.23290
4558         45700.79470
4559         45718.36010
4560         45735.92900
4561         45753.50160
4562         45771.07770
4563         45788.65730
4564         45806.24060
4565         45823.82740
4566         45841.41780
4567         45859.01180
4568         45876.60940
4569         45894.21050
4570         45911.81530
4571         45929.42360
4572         45947.03540
4573         45964.65090
4574         45982.26990
4575         45999.89250
4576         46017.51870
4577         46035.14850
4578         46052.78180
4579         46070.41880
4580         46088.05930
4581         46105.70330
4582         46123.35100
4583         46141.00230
4584         46158.65710
4585         46176.31550
4586         46193.97750
4587         46211.64300
4588         46229.31220
4589         46246.98490
4590         46264.66120
4591         46282.34110
4592         46300.02450
4593         46317.71160
4594         46335.40220
4595         46353.09640
4596         46370.79420
4597         46388.49550
4598         46406.20050
4599         46423.90900
4600         46441.62110
4601         46459.33680
4602         46477.05610
4603         46494.77890
4604         46512.50540
4605         46530.23540
4606         46547.96900
4607         46565.70610
4608         46583.44690
4609         46601.19120
4610         46618.93920
4611         46636.69070
4612         46654.44580
4613         46672.20440
4614         46689.96670
4615         46707.73250
4616         46725.50200
4617         46743.27500
4618         46761.05150
4619         46778.83170
4620         46796.61550
4621         46814.40280
4622         46832.19370
4623         46849.98820
4624         46867.78630
4625         46885.58800
4626         46903.39330
4627         46921.20210
4628         46939.01450
4629         46956.83050
4630         46974.65010
4631         46992.47330
4632         47010.30010
4633         47028.13040
4634         47045.96440
4635         47063.80190
4636         47081.64300
4637         47099.48770
4638         47117.33590
4639         47135.18780
4640         47153.04330
4641         47170.90230
4642         47188.76490
4643         47206.63110
4644         47224.50090
4645         47242.37430
4646         47260.25120
4647         47278.13180
4648         47296.01590
4649         47313.90370
4650         47331.79500
4651         47349.68990
4652         47367.58830
4653         47385.49040
4654         47403.39610
4655         47421.30530
4656         47439.21810
4657         47457.13460
4658         47475.05460
4659         47492.97820
4660         47510.90540
4661         47528.83610
4662         47546.77050
4663         47564.70840
4664         47582.65000
4665         47600.59510
4666         47618.54380
4667         47636.49610
4668         47654.45200
4669         47672.41150
4670         47690.37460
4671         47708.34120
4672         47726.31150
4673         47744.28530
4674         47762.26270
4675         47780.24370
4676         47798.22830
4677         47816.21650
4678         47834.20830
4679         47852.20370
4680         47870.20270
4681         47888.20520
4682         47906.21140
4683         47924.22110
4684         47942.23440
4685         47960.25140
4686         47978.27190
4687         47996.29600
4688         48014.32370
4689         48032.35490
4690         48050.38980
4691         48068.42830
4692         48086.47030
4693         48104.51600
4694         48122.56520
4695         48140.61810
4696         48158.67450
4697         48176.73450
4698         48194.79810
4699         48212.86530
4700         48230.93610
4701         48249.01050
4702         48267.08850
4703         48285.17000
4704         48303.25520
4705         48321.34390
4706         48339.43630
4707         48357.53220
4708         48375.63180
4709         48393.73490
4710         48411.84160
4711         48429.95190
4712         48448.06590
4713         48466.18340
4714         48484.30450
4715         48502.42910
4716         48520.55740
4717         48538.68930
4718         48556.82480
4719         48574.96390
4720         48593.10650
4721         48611.25280
4722         48629.40260
4723         48647.55610
4724         48665.71310
4725         48683.87380
4726         48702.03800
4727         48720.20580
4728         48738.37730
4729         48756.55230
4730         48774.73090
4731         48792.91310
4732         48811.09890
4733         48829.28830
4734         48847.48130
4735         48865.67790
4736         48883.87810
4737         48902.08190
4738         48920.28930
4739         48938.50030
4740         48956.71480
4741         48974.93300
4742         48993.15480
4743         49011.38020
4744         49029.60910
4745         49047.84170
4746         49066.07790
4747         49084.31760
4748         49102.56100
4749         49120.80790
4750         49139.05850
4751         49157.31270
4752         49175.57040
4753         49193.83180
4754         49212.09670
4755         49230.36520
4756         49248.63740
4757         49266.91310
4758         49285.19250
4759         49303.47540
4760         49321.76200
4761         49340.05210
4762         49358.34580
4763         49376.64320
4764         49394.94410
4765         49413.24870
4766         49431.55680
4767         49449.86850
4768         49468.18390
4769         49486.50280
4770         49504.82530
4771         49523.15150
4772         49541.48120
4773         49559.81460
4774         49578.15150
4775         49596.49200
4776         49614.83620
4777         49633.18390
4778         49651.53530
4779         49669.89020
4780         49688.24880
4781         49706.61090
4782         49724.97670
4783         49743.34600
4784         49761.71900
4785         49780.09550
4786         49798.47570
4787         49816.85940
4788         49835.24680
4789         49853.63780
4790         49872.03230
4791         49890.43050
4792         49908.83230
4793         49927.23760
4794         49945.64660
4795         49964.05920
4796         49982.47540
4797         50000.89520
4798         50019.31850
4799         50037.74550
4800         50056.17610
4801         50074.61030
4802         50093.04810
4803         50111.48950
4804         50129.93460
4805         50148.38320
4806         50166.83540
4807         50185.29120
4808         50203.75060
4809         50222.21370
4810         50240.68030
4811         50259.15060
4812         50277.62440
4813         50296.10190
4814         50314.58290
4815         50333.06760
4816         50351.55580
4817         50370.04770
4818         50388.54320
4819         50407.04230
4820         50425.54500
4821         50444.05130
4822         50462.56120
4823         50481.07470
4824         50499.59180
4825         50518.11250
4826         50536.63680
4827         50555.16480
4828         50573.69630
4829         50592.23150
4830         50610.77020
4831         50629.31260
4832         50647.85850
4833         50666.40810
4834         50684.96130
4835         50703.51810
4836         50722.07850
4837         50740.64250
4838         50759.21010
4839         50777.78130
4840         50796.35620
4841         50814.93460
4842         50833.51660
4843         50852.10230
4844         50870.69160
4845         50889.28440
4846         50907.88090
4847         50926.48100
4848         50945.08470
4849         50963.69200
4850         50982.30290
4851         51000.91740
4852         51019.53560
4853         51038.15730
4854         51056.78270
4855         51075.41160
4856         51094.04420
4857         51112.68040
4858         51131.32020
4859         51149.96360
4860         51168.61060
4861         51187.26120
4862         51205.91540
4863         51224.57330
4864         51243.23470
4865         51261.89980
4866         51280.56850
4867         51299.24080
4868         51317.91670
4869         51336.59620
4870         51355.27930
4871         51373.96600
4872         51392.65640
4873         51411.35030
4874         51430.04790
4875         51448.74910
4876         51467.45390
4877         51486.16230
4878         51504.87430
4879         51523.58990
4880         51542.30910
4881         51561.03200
4882         51579.75850
4883         51598.48850
4884         51617.22220
4885         51635.95950
4886         51654.70040
4887         51673.44500
4888         51692.19310
4889         51710.94490
4890         51729.70020
4891         51748.45920
4892         51767.22180
4893         51785.98800
4894         51804.75780
4895         51823.53130
4896         51842.30830
4897         51861.08900
4898         51879.87330
4899         51898.66120
4900         51917.45270
4901         51936.24780
4902         51955.04660
4903         51973.84890
4904         51992.65490
4905         52011.46450
4906         52030.27770
4907         52049.09450
4908         52067.91490
4909         52086.73900
4910         52105.56660
4911         52124.39790
4912         52143.23280
4913         52162.07130
4914         52180.91340
4915         52199.75920
4916         52218.60850
4917         52237.46150
4918         52256.31810
4919         52275.17830
4920         52294.04210
4921         52312.90960
4922         52331.78060
4923         52350.65530
4924         52369.53360
4925         52388.41550
4926         52407.30110
4927         52426.19020
4928         52445.08300
4929         52463.97930
4930         52482.87930
4931         52501.78300
4932         52520.69020
4933         52539.60110
4934         52558.51550
4935         52577.43360
4936         52596.35530
4937         52615.28070
4938         52634.20960
4939         52653.14220
4940         52672.07840
4941         52691.01820
4942         52709.96160
4943         52728.90860
4944         52747.85930
4945         52766.81360
4946         52785.77150
4947         52804.73300
4948         52823.69810
4949         52842.66690
4950         52861.63930
4951         52880.61530
4952         52899.59490
4953         52918.57820
4954         52937.56500
4955         52956.55550
4956         52975.54960
4957         52994.54730
4958         53013.54870
4959         53032.55360
4960         53051.56220
4961         53070.57440
4962         53089.59030
4963         53108.60970
4964         53127.63280
4965         53146.65950
4966         53165.68980
4967         53184.72380
4968         53203.76130
4969         53222.80250
4970         53241.84730
4971         53260.89570
4972         53279.94780
4973         53299.00350
4974         53318.06280
4975         53337.12570
4976         53356.19220
4977         53375.26240
4978         53394.33620
4979         53413.41360
4980         53432.49460
4981         53451.57930
4982         53470.66760
4983         53489.75950
4984         53508.85500
4985         53527.95420
4986         53547.05690
4987         53566.16330
4988         53585.27340
4989         53604.38700
4990         53623.50430
4991         53642.62520
4992         53661.74970
4993         53680.87790
4994         53700.00970
4995         53719.14510
4996         53738.28410
4997         53757.42670
4998         53776.57300
4999         53795.72290
5000         53814.87640
5001         53834.03360
5002         53853.19440
5003         53872.35880
5004         53891.52680
5005         53910.69850
5006         53929.87370
5007         53949.05270
5008         53968.23520
5009         53987.42140
5010         54006.61110
5011         54025.80460
5012         54045.00160
5013         54064.20230
5014         54083.40660
5015         54102.61450
5016         54121.82600
5017         54141.04120
5018         54160.26000
5019         54179.48250
5020         54198.70850
5021         54217.93820
5022         54237.17150
5023         54256.40850
5024         54275.64910
5025         54294.89330
5026         54314.14110
5027         54333.39260
5028         54352.64760
5029         54371.90640
5030         54391.16870
5031         54410.43470
5032         54429.70430
5033         54448.97750
5034         54468.25440
5035         54487.53490
5036         54506.81900
5037         54526.10670
5038         54545.39810
5039         54564.69310
5040         54583.99180
5041         54603.29400
5042         54622.59990
5043         54641.90950
5044         54661.22260
5045         54680.53940
5046         54699.85990
5047         54719.18390
5048         54738.51160
5049         54757.84290
5050         54777.17790
5051         54796.51640
5052         54815.85860
5053         54835.20450
5054         54854.55400
5055         54873.90710
5056         54893.26380
5057         54912.62420
5058         54931.98820
5059         54951.35580
5060         54970.72700
5061         54990.10190
5062         55009.48050
5063         55028.86260
5064         55048.24840
5065         55067.63780
5066         55087.03090
5067         55106.42760
5068         55125.82790
5069         55145.23190
5070         55164.63950
5071         55184.05070
5072         55203.46550
5073         55222.88400
5074         55242.30620
5075         55261.73190
5076         55281.16130
5077         55300.59430
5078         55320.03100
5079         55339.47130
5080         55358.91520
5081         55378.36280
5082         55397.81400
5083         55417.26880
5084         55436.72730
5085         55456.18940
5086         55475.65510
5087         55495.12450
5088         55514.59750
5089         55534.07410
5090         55553.55440
5091         55573.03830
5092         55592.52590
5093         55612.01710
5094         55631.51190
5095         55651.01030
5096         55670.51240
5097         55690.01820
5098         55709.52750
5099         55729.04050
5100         55748.55720
5101         55768.07740
5102         55787.60130
5103         55807.12890
5104         55826.66010
5105         55846.19490
5106         55865.73340
5107         55885.27540
5108         55904.82120
5109         55924.37060
5110         55943.92360
5111         55963.48020
5112         55983.04050
5113         56002.60440
5114         56022.17200
5115         56041.74320
5116         56061.31800
5117         56080.89650
5118         56100.47860
5119         56120.06430
5120         56139.65370
5121         56159.24680
5122         56178.84340
5123         56198.44370
5124         56218.04770
5125         56237.65530
5126         56257.26650
5127         56276.88130
5128         56296.49980
5129         56316.12200
5130         56335.74780
5131         56355.37720
5132         56375.01030
5133         56394.64700
5134         56414.28730
5135         56433.93130
5136         56453.57890
5137         56473.23020
5138         56492.88510
5139         56512.54360
5140         56532.20580
5141         56551.87160
5142         56571.54110
5143         56591.21420
5144         56610.89090
5145         56630.57130
5146         56650.25540
5147         56669.94300
5148         56689.63440
5149         56709.32930
5150         56729.02790
5151         56748.73020
5152         56768.43600
5153         56788.14560
5154         56807.85870
5155         56827.57550
5156         56847.29600
5157         56867.02010
5158         56886.74780
5159         56906.47920
5160         56926.21420
5161         56945.95290
5162         56965.69520
5163         56985.44120
5164         57005.19080
5165         57024.94400
5166         57044.70090
5167         57064.46140
5168         57084.22560
5169         57103.99340
5170         57123.76480
5171         57143.53990
5172         57163.31870
5173         57183.10110
5174         57202.88710
5175         57222.67680
5176         57242.47010
5177         57262.26710
5178         57282.06770
5179         57301.87200
5180         57321.67990
5181         57341.49140
5182         57361.30660
5183         57381.12550
5184         57400.94790
5185         57420.77410
5186         57440.60390
5187         57460.43730
5188         57480.27440
5189         57500.11510
5190         57519.95940
5191         57539.80740
5192         57559.65910
5193         57579.51440
5194         57599.37330
5195         57619.23590
5196         57639.10220
5197         57658.97210
5198         57678.84560
5199         57698.72280
5200         57718.60360
5201         57738.48810
5202         57758.37620
5203         57778.26800
5204         57798.16340
5205         57818.06250
5206         57837.96520
5207         57857.87150
5208         57877.78160
5209         57897.69520
5210         57917.61250
5211         57937.53350
5212         57957.45810
5213         57977.38630
5214         57997.31820
5215         58017.25380
5216         58037.19300
5217         58057.13580
5218         58077.08230
5219         58097.03250
5220         58116.98630
5221         58136.94370
5222         58156.90480
5223         58176.86960
5224         58196.83800
5225         58216.81000
5226         58236.78570
5227         58256.76500
5228         58276.74800
5229         58296.73470
5230         58316.72500
5231         58336.71890
5232         58356.71650
5233         58376.71780
5234         58396.72270
5235         58416.73120
5236         58436.74340
5237         58456.75930
5238         58476.77880
5239         58496.80190
5240         58516.82870
5241         58536.85920
5242         58556.89330
5243         58576.93110
5244         58596.97250
5245         58617.01750
5246         58637.06630
5247         58657.11860
5248         58677.17470
5249         58697.23430
5250         58717.29770
5251         58737.36460
5252         58757.43530
5253         58777.50960
5254         58797.58750
5255         58817.66910
5256         58837.75430
5257         58857.84320
5258         58877.93580
5259         58898.03200
5260         58918.13180
5261         58938.23540
5262         58958.34250
5263         58978.45330
5264         58998.56780
5265         59018.68590
5266         59038.80770
5267         59058.93320
5268         59079.06230
5269         59099.19500
5270         59119.33140
5271         59139.47150
5272         59159.61520
5273         59179.76250
5274         59199.91360
5275         59220.06820
5276         59240.22660
5277         59260.38860
5278         59280.55420
5279         59300.72350
5280         59320.89640
5281         59341.07310
5282         59361.25330
5283         59381.43720
5284         59401.62480
5285         59421.81610
5286         59442.01090
5287         59462.20950
5288         59482.41170
5289         59502.61760
5290         59522.82710
5291         59543.04020
5292         59563.25710
5293         59583.47760
5294         59603.70170
5295         59623.92950
5296         59644.16100
5297         59664.39610
5298         59684.63490
5299         59704.87730
5300         59725.12340
5301         59745.37310
5302         59765.62650
5303         59785.88360
5304         59806.14430
5305         59826.40870
5306         59846.67680
5307         59866.94850
5308         59887.22380
5309         59907.50280
5310         59927.78550
5311         59948.07180
5312         59968.36180
5313         59988.65550
5314         60008.95280
5315         60029.25380
5316         60049.55840
5317         60069.86670
5318         60090.17860
5319         60110.49430
5320         60130.81350
5321         60151.13650
5322         60171.46310
5323         60191.79330
5324         60212.12720
5325         60232.46480
5326         60252.80600
5327         60273.15090
5328         60293.49950
5329         60313.85170
5330         60334.20760
5331         60354.56710
5332         60374.93030
5333         60395.29720
5334         60415.66770
5335         60436.04190
5336         60456.41970
5337         60476.80120
5338         60497.18640
5339         60517.57520
5340         60537.96770
5341         60558.36390
5342         60578.76370
5343         60599.16720
5344         60619.57430
5345         60639.98510
5346         60660.39960
5347         60680.81770
5348         60701.23950
5349         60721.66490
5350         60742.09410
5351         60762.52680
5352         60782.96330
5353         60803.40340
5354         60823.84720
5355         60844.29460
5356         60864.74570
5357         60885.20050
5358         60905.65890
5359         60926.12100
5360         60946.58680
5361         60967.05620
5362         60987.52930
5363         61008.00600
5364         61028.48640
5365         61048.97050
5366         61069.45820
5367         61089.94970
5368         61110.44470
5369         61130.94350
5370         61151.44590
5371         61171.95190
5372         61192.46170
5373         61212.97510
5374         61233.49210
5375         61254.01290
5376         61274.53730
5377         61295.06530
5378         61315.59710
5379         61336.13250
5380         61356.67150
5381         61377.21420
5382         61397.76060
5383         61418.31070
5384         61438.86440
5385         61459.42180
5386         61479.98290
5387         61500.54760
5388         61521.11600
5389         61541.68810
5390         61562.26380
5391         61582.84320
5392         61603.42630
5393         61624.01300
5394         61644.60340
5395         61665.19750
5396         61685.79520
5397         61706.39660
5398         61727.00170
5399         61747.61040
5400         61768.22280
5401         61788.83890
5402         61809.45870
5403         61830.08210
5404         61850.70920
5405         61871.33990
5406         61891.97430
5407         61912.61240
5408         61933.25420
5409         61953.89960
5410         61974.54870
5411         61995.20150
5412         62015.85790
5413         62036.51800
5414         62057.18180
5415         62077.84920
5416         62098.52040
5417         62119.19510
5418         62139.87360
5419         62160.55570
5420         62181.24150
5421         62201.93100
5422         62222.62410
5423         62243.32100
5424         62264.02140
5425         62284.72560
5426         62305.43340
5427         62326.14490
5428         62346.86010
5429         62367.57890
5430         62388.30140
5431         62409.02760
5432         62429.75740
5433         62450.49100
5434         62471.22820
5435         62491.96900
5436         62512.71360
5437         62533.46180
5438         62554.21370
5439         62574.96920
5440         62595.72850
5441         62616.49140
5442         62637.25790
5443         62658.02820
5444         62678.80210
5445         62699.57970
5446         62720.36100
5447         62741.14590
5448         62761.93450
5449         62782.72680
5450         62803.52280
5451         62824.32240
5452         62845.12570
5453         62865.93270
5454         62886.74330
5455         62907.55770
5456         62928.37570
5457         62949.19730
5458         62970.02270
5459         62990.85170
5460         63011.68440
5461         63032.52080
5462         63053.36080
5463         63074.20460
5464         63095.05200
5465         63115.90300
5466         63136.75780
5467         63157.61620
5468         63178.47830
5469         63199.34410
5470         63220.21360
5471         63241.08670
5472         63261.96350
5473         63282.84400
5474         63303.72810
5475         63324.61600
5476         63345.50750
5477         63366.40260
5478         63387.30150
5479         63408.20400
5480         63429.11030
5481         63450.02020
5482         63470.93370
5483         63491.85100
5484         63512.77190
5485         63533.69650
5486         63554.62480
5487         63575.55670
5488         63596.49230
5489         63617.43170
5490         63638.37460
5491         63659.32130
5492         63680.27170
5493         63701.22570
5494         63722.18340
5495         63743.14470
5496         63764.10980
5497         63785.07850
5498         63806.05090
5499         63827.02700
5500         63848.00680
5501         63868.99030
5502         63889.97740
5503         63910.96820
5504         63931.96270
5505         63952.96080
5506         63973.96270
5507         63994.96820
5508         64015.97740
5509         64036.99030
5510         64058.00680
5511         64079.02710
5512         64100.05100
5513         64121.07860
5514         64142.10990
5515         64163.14480
5516         64184.18350
5517         64205.22580
5518         64226.27180
5519         64247.32150
5520         64268.37490
5521         64289.43190
5522         64310.49260
5523         64331.55700
5524         64352.62510
5525         64373.69690
5526         64394.77240
5527         64415.85150
5528         64436.93430
5529         64458.02080
5530         64479.11100
5531         64500.20480
5532         64521.30240
5533         64542.40360
5534         64563.50850
5535         64584.61710
5536         64605.72940
5537         64626.84530
5538         64647.96490
5539         64669.08830
5540         64690.21530
5541         64711.34590
5542         64732.48030
5543         64753.61840
5544         64774.76010
5545         64795.90550
5546         64817.05460
5547         64838.20740
5548         64859.36390
5549         64880.52400
5550         64901.68780
5551         64922.85540
5552         64944.02660
5553         64965.20150
5554         64986.38000
5555         65007.56230
5556         65028.74820
5557         65049.93780
5558         65071.13110
5559         65092.32810
5560         65113.52880
5561         65134.73320
5562         65155.94120
5563         65177.15300
5564         65198.36840
5565         65219.58750
5566         65240.81030
5567         65262.03670
5568         65283.26690
5569         65304.50070
5570         65325.73830
5571         65346.97950
5572         65368.22440
5573         65389.47300
5574         65410.72530
5575         65431.98120
5576         65453.24090
5577         65474.50420
5578         65495.77120
5579         65517.04190
5580         65538.31630
5581         65559.59440
5582         65580.87620
5583         65602.16160
5584         65623.45080
5585         65644.74360
5586         65666.04010
5587         65687.34030
5588         65708.64420
5589         65729.95180
5590         65751.26310
5591         65772.57800
5592         65793.89670
5593         65815.21900
5594         65836.54500
5595         65857.87480
5596         65879.20820
5597         65900.54520
5598         65921.88600
5599         65943.23050
5600         65964.57860
5601         65985.93050
5602         66007.28600
5603         66028.64520
5604         66050.00810
5605         66071.37470
5606         66092.74500
5607         66114.11900
5608         66135.49670
5609         66156.87800
5610         66178.26310
5611         66199.65180
5612         66221.04420
5613         66242.44040
5614         66263.84020
5615         66285.24370
5616         66306.65090
5617         66328.06170
5618         66349.47630
5619         66370.89460
5620         66392.31650
5621         66413.74220
5622         66435.17150
5623         66456.60450
5624         66478.04120
5625         66499.48160
5626         66520.92570
5627         66542.37350
5628         66563.82500
5629         66585.28020
5630         66606.73910
5631         66628.20160
5632         66649.66790
5633         66671.13780
5634         66692.61140
5635         66714.08880
5636         66735.56980
5637         66757.05450
5638         66778.54290
5639         66800.03500
5640         66821.53080
5641         66843.03030
5642         66864.53350
5643         66886.04030
5644         66907.55090
5645         66929.06510
5646         66950.58310
5647         66972.10470
5648         66993.63010
5649         67015.15910
5650         67036.69180
5651         67058.22820
5652         67079.76840
5653         67101.31220
5654         67122.85970
5655         67144.41090
5656         67165.96580
5657         67187.52430
5658         67209.08660
5659         67230.65260
5660         67252.22230
5661         67273.79560
5662         67295.37270
5663         67316.95340
5664         67338.53790
5665         67360.12600
5666         67381.71790
5667         67403.31340
5668         67424.91260
5669         67446.51560
5670         67468.12220
5671         67489.73250
5672         67511.34650
5673         67532.96420
5674         67554.58560
5675         67576.21070
5676         67597.83950
5677         67619.47200
5678         67641.10820
5679         67662.74810
5680         67684.39170
5681         67706.03900
5682         67727.69000
5683         67749.34470
5684         67771.00300
5685         67792.66510
5686         67814.33090
5687         67836.00030
5688         67857.67350
5689         67879.35040
5690         67901.03090
5691         67922.71520
5692         67944.40320
5693         67966.09480
5694         67987.79020
5695         68009.48920
5696         68031.19200
5697         68052.89840
5698         68074.60860
5699         68096.32240
5700         68118.04000
5701         68139.76120
5702         68161.48610
5703         68183.21480
5704         68204.94710
5705         68226.68320
5706         68248.42290
5707         68270.16630
5708         68291.91350
5709         68313.66430
5710         68335.41890
5711         68357.17710
5712         68378.93900
5713         68400.70470
5714         68422.47400
5715         68444.24710
5716         68466.02380
5717         68487.80420
5718         68509.58840
5719         68531.37620
5720         68553.16780
5721         68574.96300
5722         68596.76200
5723         68618.56460
5724         68640.37100
5725         68662.18100
5726         68683.99480
5727         68705.81220
5728         68727.63340
5729         68749.45820
5730         68771.28680
5731         68793.11900
5732         68814.95500
5733         68836.79470
5734         68858.63800
5735         68880.48510
5736         68902.33590
5737         68924.19030
5738         68946.04850
5739         68967.91040
5740         68989.77600
5741         69011.64520
5742         69033.51820
5743         69055.39490
5744         69077.27530
5745         69099.15940
5746         69121.04720
5747         69142.93870
5748         69164.83390
5749         69186.73280
5750         69208.63540
5751         69230.54170
5752         69252.45180
5753         69274.36550
5754         69296.28290
5755         69318.20410
5756         69340.12890
5757         69362.05740
5758         69383.98970
5759         69405.92560
5760         69427.86530
5761         69449.80870
5762         69471.75570
5763         69493.70650
5764         69515.66100
5765         69537.61910
5766         69559.58100
5767         69581.54660
5768         69603.51590
5769         69625.48890
5770         69647.46560
5771         69669.44600
5772         69691.43020
5773         69713.41800
5774         69735.40950
5775         69757.40480
5776         69779.40370
5777         69801.40640
5778         69823.41270
5779         69845.42280
5780         69867.43660
5781         69889.45400
5782         69911.47520
5783         69933.50010
5784         69955.52870
5785         69977.56100
5786         69999.59700
5787         70021.63680
5788         70043.68020
5789         70065.72730
5790         70087.77820
5791         70109.83270
5792         70131.89100
5793         70153.95290
5794         70176.01860
5795         70198.08800
5796         70220.16110
5797         70242.23790
5798         70264.31840
5799         70286.40260
5800         70308.49050
5801         70330.58220
5802         70352.67750
5803         70374.77660
5804         70396.87930
5805         70418.98580
5806         70441.09600
5807         70463.20990
5808         70485.32750
5809         70507.44880
5810         70529.57380
5811         70551.70250
5812         70573.83500
5813         70595.97110
5814         70618.11100
5815         70640.25450
5816         70662.40180
5817         70684.55280
5818         70706.70750
5819         70728.86590
5820         70751.02800
5821         70773.19380
5822         70795.36340
5823         70817.53660
5824         70839.71360
5825         70861.89430
5826         70884.07870
5827         70906.26680
5828         70928.45860
5829         70950.65410
5830         70972.85330
5831         70995.05620
5832         71017.26290
5833         71039.47330
5834         71061.68730
5835         71083.90510
5836         71106.12660
5837         71128.35180
5838         71150.58080
5839         71172.81340
5840         71195.04980
5841         71217.28980
5842         71239.53360
5843         71261.78110
5844         71284.03230
5845         71306.28720
5846         71328.54580
5847         71350.80820
5848         71373.07420
5849         71395.34400
5850         71417.61750
5851         71439.89470
5852         71462.17560
5853         71484.46020
5854         71506.74850
5855         71529.04060
5856         71551.33630
5857         71573.63580
5858         71595.93900
5859         71618.24590
5860         71640.55650
5861         71662.87090
5862         71685.18890
5863         71707.51070
5864         71729.83610
5865         71752.16530
5866         71774.49830
5867         71796.83490
5868         71819.17520
5869         71841.51930
5870         71863.86700
5871         71886.21850
5872         71908.57370
5873         71930.93260
5874         71953.29530
5875         71975.66160
5876         71998.03170
5877         72020.40550
5878         72042.78300
5879         72065.16420
5880         72087.54910
5881         72109.93770
5882         72132.33010
5883         72154.72620
5884         72177.12600
5885         72199.52950
5886         72221.93670
5887         72244.34760
5888         72266.76230
5889         72289.18070
5890         72311.60280
5891         72334.02860
5892         72356.45810
5893         72378.89140
5894         72401.32830
5895         72423.76900
5896         72446.21340
5897         72468.66160
5898         72491.11340
5899         72513.56890
5900         72536.02820
5901         72558.49120
5902         72580.95790
5903         72603.42830
5904         72625.90250
5905         72648.38040
5906         72670.86190
5907         72693.34730
5908         72715.83630
5909         72738.32900
5910         72760.82550
5911         72783.32570
5912         72805.82960
5913         72828.33720
5914         72850.84850
5915         72873.36360
5916         72895.88240
5917         72918.40490
5918         72940.93110
5919         72963.46100
5920         72985.99470
5921         73008.53200
5922         73031.07310
5923         73053.61800
5924         73076.16650
5925         73098.71880
5926         73121.27470
5927         73143.83440
5928         73166.39790
5929         73188.96500
5930         73211.53590
5931         73234.11050
5932         73256.68880
5933         73279.27080
5934         73301.85650
5935         73324.44600
5936         73347.03920
5937         73369.63610
5938         73392.23670
5939         73414.84110
5940         73437.44920
5941         73460.06100
5942         73482.67650
5943         73505.29580
5944         73527.91870
5945         73550.54540
5946         73573.17580
5947         73595.81000
5948         73618.44780
5949         73641.08940
5950         73663.73470
5951         73686.38370
5952         73709.03650
5953         73731.69300
5954         73754.35320
5955         73777.01710
5956         73799.68470
5957         73822.35610
5958         73845.03120
5959         73867.71000
5960         73890.39250
5961         73913.07880
5962         73935.76880
5963         73958.46250
5964         73981.15990
5965         74003.86110
5966         74026.56600
5967         74049.27460
5968         74071.98690
5969         74094.70300
5970         74117.42270
5971         74140.14630
5972         74162.87350
5973         74185.60440
5974         74208.33910
5975         74231.07750
5976         74253.81970
5977         74276.56550
5978         74299.31510
5979         74322.06840
5980         74344.82550
5981         74367.58620
5982         74390.35070
5983         74413.11890
5984         74435.89080
5985         74458.66650
5986         74481.44590
5987         74504.22900
5988         74527.01590
5989         74549.80640
5990         74572.60070
5991         74595.39880
5992         74618.20050
5993         74641.00600
5994         74663.81520
5995         74686.62810
5996         74709.44480
5997         74732.26520
5998         74755.08930
5999         74777.91710
6000         74800.74870
6001         74823.58400
6002         74846.42300
6003         74869.26580
6004         74892.11220
6005         74914.96240
6006         74937.81640
6007         74960.67400
6008         74983.53540
6009         75006.40060
6010         75029.26940
6011         75052.14200
6012         75075.01830
6013         75097.89830
6014         75120.78210
6015         75143.66960
6016         75166.56080
6017         75189.45580
6018         75212.35440
6019         75235.25680
6020         75258.16300
6021         75281.07290
6022         75303.98650
6023         75326.90380
6024         75349.82480
6025         75372.74960
6026         75395.67810
6027         75418.61040
6028         75441.54640
6029         75464.48610
6030         75487.42950
6031         75510.37670
6032         75533.32760
6033         75556.28220
6034         75579.24060
6035         75602.20270
6036         75625.16850
6037         75648.13800
6038         75671.11130
6039         75694.08830
6040         75717.06910
6041         75740.05360
6042         75763.04180
6043         75786.03370
6044         75809.02940
6045         75832.02880
6046         75855.03190
6047         75878.03880
6048         75901.04940
6049         75924.06370
6050         75947.08180
6051         75970.10360
6052         75993.12910
6053         76016.15840
6054         76039.19140
6055         76062.22810
6056         76085.26850
6057         76108.31270
6058         76131.36070
6059         76154.41230
6060         76177.46770
6061         76200.52680
6062         76223.58970
6063         76246.65630
6064         76269.72660
6065         76292.80060
6066         76315.87840
6067         76338.96000
6068         76362.04520
6069         76385.13420
6070         76408.22690
6071         76431.32340
6072         76454.42360
6073         76477.52750
6074         76500.63520
6075         76523.74660
6076         76546.86170
6077         76569.98060
6078         76593.10320
6079         76616.22950
6080         76639.35960
6081         76662.49340
6082         76685.63090
6083         76708.77220
6084         76731.91720
6085         76755.06600
6086         76778.21840
6087         76801.37470
6088         76824.53460
6089         76847.69830
6090         76870.86570
6091         76894.03690
6092         76917.21180
6093         76940.39040
6094         76963.57280
6095         76986.75890
6096         77009.94870
6097         77033.14230
6098         77056.33960
6099         77079.54070
6100         77102.74540
6101         77125.95400
6102         77149.16620
6103         77172.38220
6104         77195.60200
6105         77218.82540
6106         77242.05260
6107         77265.28360
6108         77288.51830
6109         77311.75670
6110         77334.99880
6111         77358.24470
6112         77381.49440
6113         77404.74770
6114         77428.00480
6115         77451.26570
6116         77474.53030
6117         77497.79860
6118         77521.07070
6119         77544.34650
6120         77567.62600
6121         77590.90930
6122         77614.19630
6123         77637.48710
6124         77660.78150
6125         77684.07980
6126         77707.38170
6127         77730.68750
6128         77753.99690
6129         77777.31010
6130         77800.62700
6131         77823.94770
6132         77847.27210
6133         77870.60020
6134         77893.93210
6135         77917.26780
6136         77940.60710
6137         77963.95020
6138         77987.29710
6139         78010.64770
6140         78034.00200
6141         78057.36010
6142         78080.72190
6143         78104.08740
6144         78127.45670
6145         78150.82970
6146         78174.20650
6147         78197.58700
6148         78220.97130
6149         78244.35930
6150         78267.75100
6151         78291.14650
6152         78314.54570
6153         78337.94860
6154         78361.35530
6155         78384.76580
6156         78408.18000
6157         78431.59790
6158         78455.01960
6159         78478.44500
6160         78501.87410
6161         78525.30700
6162         78548.74360
6163         78572.18400
6164         78595.62810
6165         78619.07600
6166         78642.52760
6167         78665.98290
6168         78689.44200
6169         78712.90490
6170         78736.37140
6171         78759.84180
6172         78783.31580
6173         78806.79360
6174         78830.27520
6175         78853.76050
6176         78877.24950
6177         78900.74230
6178         78924.23880
6179         78947.73910
6180         78971.24310
6181         78994.75080
6182         79018.26230
6183         79041.77760
6184         79065.29660
6185         79088.81930
6186         79112.34580
6187         79135.87600
6188         79159.40990
6189         79182.94760
6190         79206.48910
6191         79230.03430
6192         79253.58320
6193         79277.13590
6194         79300.69240
6195         79324.25250
6196         79347.81650
6197         79371.38410
6198         79394.95550
6199         79418.53070
6200         79442.10960
6201         79465.69220
6202         79489.27860
6203         79512.86880
6204         79536.46270
6205         79560.06030
6206         79583.66170
6207         79607.26680
6208         79630.87570
6209         79654.48830
6210         79678.10470
6211         79701.72480
6212         79725.34860
6213         79748.97620
6214         79772.60760
6215         79796.24270
6216         79819.88150
6217         79843.52410
6218         79867.17040
6219         79890.82050
6220         79914.47440
6221         79938.13190
6222         79961.79330
6223         79985.45830
6224         80009.12720
6225         80032.79970
6226         80056.47610
6227         80080.15610
6228         80103.83990
6229         80127.52750
6230         80151.21880
6231         80174.91390
6232         80198.61270
6233         80222.31520
6234         80246.02150
6235         80269.73160
6236         80293.44540
6237         80317.16290
6238         80340.88420
6239         80364.60930
6240         80388.33810
6241         80412.07060
6242         80435.80690
6243         80459.54700
6244         80483.29080
6245         80507.03830
6246         80530.78960
6247         80554.54460
6248         80578.30340
6249         80602.06600
6250         80625.83230
6251         80649.60230
6252         80673.37610
6253         80697.15360
6254         80720.93490
6255         80744.72000
6256         80768.50880
6257         80792.30130
6258         80816.09760
6259         80839.89760
6260         80863.70140
6261         80887.50900
6262         80911.32030
6263         80935.13530
6264         80958.95410
6265         80982.77670
6266         81006.60300
6267         81030.43300
6268         81054.26680
6269         81078.10440
6270         81101.94570
6271         81125.79070
6272         81149.63960
6273         81173.49210
6274         81197.34840
6275         81221.20850
6276         81245.07230
6277         81268.93990
6278         81292.81120
6279         81316.68630
6280         81340.56510
6281         81364.44770
6282         81388.33400
6283         81412.22410
6284         81436.11790
6285         81460.01550
6286         81483.91690
6287         81507.82200
6288         81531.73080
6289         81555.64340
6290         81579.55980
6291         81603.47990
6292         81627.40380
6293         81651.33140
6294         81675.26270
6295         81699.19790
6296         81723.13680
6297         81747.07940
6298         81771.02580
6299         81794.97590
6300         81818.92980
6301         81842.88750
6302         81866.84890
6303         81890.81400
6304         81914.78290
6305         81938.75560
6306         81962.73200
6307         81986.71220
6308         82010.69610
6309         82034.68380
6310         82058.67520
6311         82082.67040
6312         82106.66940
6313         82130.67210
6314         82154.67860
6315         82178.68880
6316         82202.70270
6317         82226.72050
6318         82250.74200
6319         82274.76720
6320         82298.79620
6321         82322.82890
6322         82346.86550
6323         82370.90570
6324         82394.94970
6325         82418.99750
6326         82443.04900
6327         82467.10430
6328         82491.16340
6329         82515.22620
6330         82539.29270
6331         82563.36300
6332         82587.43710
6333         82611.51490
6334         82635.59650
6335         82659.68190
6336         82683.77100
6337         82707.86380
6338         82731.96040
6339         82756.06080
6340         82780.16500
6341         82804.27280
6342         82828.38450
6343         82852.49990
6344         82876.61900
6345         82900.74200
6346         82924.86860
6347         82948.99910
6348         82973.13330
6349         82997.27120
6350         83021.41290
6351         83045.55840
6352         83069.70760
6353         83093.86060
6354         83118.01730
6355         83142.17790
6356         83166.34210
6357         83190.51010
6358         83214.68190
6359         83238.85750
6360         83263.03670
6361         83287.21980
6362         83311.40660
6363         83335.59720
6364         83359.79150
6365         83383.98960
6366         83408.19150
6367         83432.39710
6368         83456.60650
6369         83480.81960
6370         83505.03650
6371         83529.25720
6372         83553.48160
6373         83577.70970
6374         83601.94170
6375         83626.17740
6376         83650.41680
6377         83674.66000
6378         83698.90700
6379         83723.15780
6380         83747.41230
6381         83771.67050
6382         83795.93250
6383         83820.19830
6384         83844.46790
6385         83868.74120
6386         83893.01820
6387         83917.29910
6388         83941.58360
6389         83965.87200
6390         83990.16410
6391         84014.46000
6392         84038.75960
6393         84063.06300
6394         84087.37020
6395         84111.68110
6396         84135.99580
6397         84160.31420
6398         84184.63640
6399         84208.96240
6400         84233.29210
6401         84257.62560
6402         84281.96290
6403         84306.30390
6404         84330.64870
6405         84354.99720
6406         84379.34950
6407         84403.70560
6408         84428.06540
6409         84452.42900
6410         84476.79640
6411         84501.16750
6412         84525.54240
6413         84549.92110
6414         84574.30350
6415         84598.68970
6416         84623.07960
6417         84647.47330
6418         84671.87080
6419         84696.27200
6420         84720.67700
6421         84745.08580
6422         84769.49830
6423         84793.91460
6424         84818.33470
6425         84842.75850
6426         84867.18610
6427         84891.61740
6428         84916.05250
6429         84940.49140
6430         84964.93410
6431         84989.38050
6432         85013.83070
6433         85038.28460
6434         85062.74230
6435         85087.20380
6436         85111.66900
6437         85136.13800
6438         85160.61080
6439         85185.08730
6440         85209.56760
6441         85234.05170
6442         85258.53950
6443         85283.03110
6444         85307.52650
6445         85332.02560
6446         85356.52850
6447         85381.03520
6448         85405.54560
6449         85430.05980
6450         85454.57770
6451         85479.09950
6452         85503.62500
6453         85528.15420
6454         85552.68720
6455         85577.22400
6456         85601.76460
6457         85626.30890
6458         85650.85700
6459         85675.40890
6460         85699.96450
6461         85724.52390
6462         85749.08710
6463         85773.65400
6464         85798.22470
6465         85822.79920
6466         85847.37740
6467         85871.95940
6468         85896.54520
6469         85921.13470
6470         85945.72810
6471         85970.32510
6472         85994.92600
6473         86019.53060
6474         86044.13900
6475         86068.75110
6476         86093.36700
6477         86117.98670
6478         86142.61020
6479         86167.23740
6480         86191.86840
6481         86216.50320
6482         86241.14170
6483         86265.78400
6484         86290.43010
6485         86315.07990
6486         86339.73350
6487         86364.39090
6488         86389.05210
6489         86413.71700
6490         86438.38570
6491         86463.05810
6492         86487.73440
6493         86512.41440
6494         86537.09810
6495         86561.78570
6496         86586.47700
6497         86611.17210
6498         86635.87090
6499         86660.57350
6500         86685.27990
6501         86709.99010
6502         86734.70400
6503         86759.42170
6504         86784.14320
6505         86808.86840
6506         86833.59740
6507         86858.33020
6508         86883.06680
6509         86907.80710
6510         86932.55120
6511         86957.29910
6512         86982.05070
6513         87006.80610
6514         87031.56530
6515         87056.32830
6516         87081.09500
6517         87105.86550
6518         87130.63980
6519         87155.41780
6520         87180.19970
6521         87204.98530
6522         87229.77460
6523         87254.56780
6524         87279.36470
6525         87304.16530
6526         87328.96980
6527         87353.77800
6528         87378.59000
6529         87403.40580
6530         87428.22530
6531         87453.04860
6532         87477.87570
6533         87502.70660
6534         87527.54120
6535         87552.37960
6536         87577.22180
6537         87602.06780
6538         87626.91750
6539         87651.77100
6540         87676.62830
6541         87701.48930
6542         87726.35420
6543         87751.22280
6544         87776.09510
6545         87800.97130
6546         87825.85120
6547         87850.73490
6548         87875.62240
6549         87900.51360
6550         87925.40860
6551         87950.30740
6552         87975.21000
6553         88000.11630
6554         88025.02650
6555         88049.94030
6556         88074.85800
6557         88099.77950
6558         88124.70470
6559         88149.63370
6560         88174.56640
6561         88199.50300
6562         88224.44330
6563         88249.38740
6564         88274.33530
6565         88299.28690
6566         88324.24230
6567         88349.20150
6568         88374.16450
6569         88399.13120
6570         88424.10180
6571         88449.07610
6572         88474.05410
6573         88499.03600
6574         88524.02160
6575         88549.01100
6576         88574.00420
6577         88599.00120
6578         88624.00190
6579         88649.00640
6580         88674.01470
6581         88699.02680
6582         88724.04260
6583         88749.06220
6584         88774.08560
6585         88799.11280
6586         88824.14370
6587         88849.17850
6588         88874.21700
6589         88899.25930
6590         88924.30530
6591         88949.35520
6592         88974.40880
6593         88999.46620
6594         89024.52730
6595         89049.59230
6596         89074.66100
6597         89099.73350
6598         89124.80980
6599         89149.88990
6600         89174.97370
6601         89200.06130
6602         89225.15270
6603         89250.24790
6604         89275.34690
6605         89300.44960
6606         89325.55610
6607         89350.66640
6608         89375.78050
6609         89400.89830
6610         89426.01990
6611         89451.14530
6612         89476.27450
6613         89501.40750
6614         89526.54420
6615         89551.68480
6616         89576.82910
6617         89601.97710
6618         89627.12900
6619         89652.28460
6620         89677.44410
6621         89702.60730
6622         89727.77430
6623         89752.94500
6624         89778.11960
6625         89803.29790
6626         89828.48000
6627         89853.66590
6628         89878.85550
6629         89904.04900
6630         89929.24620
6631         89954.44720
6632         89979.65200
6633         90004.86060
6634         90030.07290
6635         90055.28900
6636         90080.50890
6637         90105.73260
6638         90130.96010
6639         90156.19140
6640         90181.42640
6641         90206.66520
6642         90231.90780
6643         90257.15420
6644         90282.40430
6645         90307.65830
6646         90332.91600
6647         90358.17750
6648         90383.44280
6649         90408.71190
6650         90433.98470
6651         90459.26140
6652         90484.54180
6653         90509.82600
6654         90535.11400
6655         90560.40570
6656         90585.70130
6657         90611.00060
6658         90636.30370
6659         90661.61060
6660         90686.92130
6661         90712.23570
6662         90737.55400
6663         90762.87600
6664         90788.20180
6665         90813.53140
6666         90838.86480
6667         90864.20190
6668         90889.54290
6669         90914.88760
6670         90940.23610
6671         90965.58840
6672         90990.94450
6673         91016.30440
6674         91041.66800
6675         91067.03540
6676         91092.40660
6677         91117.78160
6678         91143.16040
6679         91168.54300
6680         91193.92930
6681         91219.31950
6682         91244.71340
6683         91270.11110
6684         91295.51260
6685         91320.91780
6686         91346.32690
6687         91371.73970
6688         91397.15640
6689         91422.57680
6690         91448.00100
6691         91473.42900
6692         91498.86070
6693         91524.29630
6694         91549.73560
6695         91575.17870
6696         91600.62560
6697         91626.07630
6698         91651.53080
6699         91676.98910
6700         91702.45110
6701         91727.91700
6702         91753.38660
6703         91778.86000
6704         91804.33720
6705         91829.81820
6706         91855.30290
6707         91880.79150
6708         91906.28380
6709         91931.78000
6710         91957.27990
6711         91982.78360
6712         92008.29110
6713         92033.80230
6714         92059.31740
6715         92084.83620
6716         92110.35890
6717         92135.88530
6718         92161.41550
6719         92186.94950
6720         92212.48730
6721         92238.02880
6722         92263.57420
6723         92289.12330
6724         92314.67630
6725         92340.23300
6726         92365.79350
6727         92391.35780
6728         92416.92590
6729         92442.49770
6730         92468.07340
6731         92493.65280
6732         92519.23610
6733         92544.82310
6734         92570.41390
6735         92596.00850
6736         92621.60690
6737         92647.20910
6738         92672.81500
6739         92698.42480
6740         92724.03830
6741         92749.65570
6742         92775.27680
6743         92800.90170
6744         92826.53040
6745         92852.16290
6746         92877.79910
6747         92903.43920
6748         92929.08310
6749         92954.73070
6750         92980.38210
6751         93006.03740
6752         93031.69640
6753         93057.35920
6754         93083.02580
6755         93108.69610
6756         93134.37030
6757         93160.04830
6758         93185.73000
6759         93211.41560
6760         93237.10490
6761         93262.79800
6762         93288.49490
6763         93314.19560
6764         93339.90010
6765         93365.60840
6766         93391.32050
6767         93417.03630
6768         93442.75600
6769         93468.47940
6770         93494.20670
6771         93519.93770
6772         93545.67250
6773         93571.41110
6774         93597.15350
6775         93622.89970
6776         93648.64970
6777         93674.40350
6778         93700.16100
6779         93725.92240
6780         93751.68750
6781         93777.45650
6782         93803.22920
6783         93829.00570
6784         93854.78600
6785         93880.57010
6786         93906.35800
6787         93932.14970
6788         93957.94520
6789         93983.74450
6790         94009.54750
6791         94035.35440
6792         94061.16510
6793         94086.97950
6794         94112.79770
6795         94138.61980
6796         94164.44560
6797         94190.27520
6798         94216.10860
6799         94241.94580
6800         94267.78680
6801         94293.63160
6802         94319.48020
6803         94345.33250
6804         94371.18870
6805         94397.04870
6806         94422.91240
6807         94448.78000
6808         94474.65130
6809         94500.52640
6810         94526.40540
6811         94552.28810
6812         94578.17460
6813         94604.06490
6814         94629.95900
6815         94655.85690
6816         94681.75860
6817         94707.66410
6818         94733.57330
6819         94759.48640
6820         94785.40330
6821         94811.32390
6822         94837.24840
6823         94863.17660
6824         94889.10870
6825         94915.04450
6826         94940.98420
6827         94966.92760
6828         94992.87480
6829         95018.82580
6830         95044.78060
6831         95070.73920
6832         95096.70160
6833         95122.66780
6834         95148.63780
6835         95174.61160
6836         95200.58920
6837         95226.57060
6838         95252.55580
6839         95278.54470
6840         95304.53750
6841         95330.53410
6842         95356.53440
6843         95382.53860
6844         95408.54650
6845         95434.55830
6846         95460.57380
6847         95486.59320
6848         95512.61630
6849         95538.64320
6850         95564.67400
6851         95590.70850
6852         95616.74680
6853         95642.78890
6854         95668.83480
6855         95694.88450
6856         95720.93800
6857         95746.99540
6858         95773.05650
6859         95799.12140
6860         95825.19000
6861         95851.26250
6862         95877.33880
6863         95903.41890
6864         95929.50280
6865         95955.59050
6866         95981.68200
6867         96007.77720
6868         96033.87630
6869         96059.97920
6870         96086.08590
6871         96112.19630
6872         96138.31060
6873         96164.42870
6874         96190.55050
6875         96216.67620
6876         96242.80560
6877         96268.93890
6878         96295.07590
6879         96321.21680
6880         96347.36140
6881         96373.50990
6882         96399.66210
6883         96425.81820
6884         96451.97800
6885         96478.14170
6886         96504.30910
6887         96530.48040
6888         96556.65540
6889         96582.83420
6890         96609.01690
6891         96635.20330
6892         96661.39360
6893         96687.58760
6894         96713.78540
6895         96739.98710
6896         96766.19250
6897         96792.40170
6898         96818.61480
6899         96844.83160
6900         96871.05220
6901         96897.27670
6902         96923.50490
6903         96949.73690
6904         96975.97280
6905         97002.21240
6906         97028.45580
6907         97054.70310
6908         97080.95410
6909         97107.20890
6910         97133.46760
6911         97159.73000
6912         97185.99620
6913         97212.26630
6914         97238.54010
6915         97264.81780
6916         97291.09920
6917         97317.38440
6918         97343.67350
6919         97369.96630
6920         97396.26300
6921         97422.56340
6922         97448.86770
6923         97475.17570
6924         97501.48760
6925         97527.80320
6926         97554.12270
6927         97580.44590
6928         97606.77300
6929         97633.10380
6930         97659.43850
6931         97685.77690
6932         97712.11920
6933         97738.46530
6934         97764.81510
6935         97791.16880
6936         97817.52630
6937         97843.88750
6938         97870.25260
6939         97896.62150
6940         97922.99420
6941         97949.37060
6942         97975.75090
6943         98002.13500
6944         98028.52290
6945         98054.91460
6946         98081.31010
6947         98107.70940
6948         98134.11250
6949         98160.51940
6950         98186.93010
6951         98213.34460
6952         98239.76290
6953         98266.18500
6954         98292.61100
6955         98319.04070
6956         98345.47420
6957         98371.91150
6958         98398.35270
6959         98424.79760
6960         98451.24630
6961         98477.69890
6962         98504.15520
6963         98530.61540
6964         98557.07930
6965         98583.54710
6966         98610.01870
6967         98636.49400
6968         98662.97320
6969         98689.45620
6970         98715.94300
6971         98742.43360
6972         98768.92800
6973         98795.42610
6974         98821.92810
6975         98848.43400
6976         98874.94360
6977         98901.45700
6978         98927.97420
6979         98954.49520
6980         98981.02000
6981         99007.54870
6982         99034.08110
6983         99060.61740
6984         99087.15740
6985         99113.70130
6986         99140.24890
6987         99166.80040
6988         99193.35570
6989         99219.91470
6990         99246.47760
6991         99273.04430
6992         99299.61480
6993         99326.18910
6994         99352.76720
6995         99379.34910
6996         99405.93480
6997         99432.52440
6998         99459.11770
6999         99485.71480
7000         99512.31580
7001         99538.92050
7002         99565.52910
7003         99592.14140
7004         99618.75760
7005         99645.37760
7006         99672.00140
7007         99698.62890
7008         99725.26030
7009         99751.89550
7010         99778.53460
7011         99805.17740
7012         99831.82400
7013         99858.47440
7014         99885.12870
7015         99911.78670
7016         99938.44860
7017         99965.11420
7018         99991.78370
7019        100018.45700
7020        100045.13400
7021        100071.81500
7022        100098.50000
7023        100125.18800
7024        100151.88000
7025        100178.57700
7026        100205.27600
7027        100231.98000
7028        100258.68800
7029        100285.39900
7030        100312.11400
7031        100338.83300
7032        100365.55600
7033        100392.28300
7034        100419.01300
7035        100445.74700
7036        100472.48500
7037        100499.22700
7038        100525.97300
7039        100552.72200
7040        100579.47500
7041        100606.23200
7042        100632.99300
7043        100659.75800
7044        100686.52600
7045        100713.29900
7046        100740.07500
7047        100766.85500
7048        100793.63800
7049        100820.42600
7050        100847.21700
7051        100874.01200
7052        100900.81100
7053        100927.61400
7054        100954.42100
7055        100981.23100
7056        101008.04500
7057        101034.86300
7058        101061.68500
7059        101088.51100
7060        101115.34000
7061        101142.17300
7062        101169.01000
7063        101195.85100
7064        101222.69600
7065        101249.54400
7066        101276.39700
7067        101303.25300
7068        101330.11300
7069        101356.97700
7070        101383.84400
7071        101410.71500
7072        101437.59100
7073        101464.47000
7074        101491.35200
7075        101518.23900
7076        101545.12900
7077        101572.02400
7078        101598.92200
7079        101625.82300
7080        101652.72900
7081        101679.63900
7082        101706.55200
7083        101733.46900
7084        101760.39000
7085        101787.31400
7086        101814.24300
7087        101841.17500
7088        101868.11100
7089        101895.05100
7090        101921.99500
7091        101948.94300
7092        101975.89400
7093        102002.84900
7094        102029.80800
7095        102056.77100
7096        102083.73800
7097        102110.70800
7098        102137.68200
7099        102164.66100
7100        102191.64200
7101        102218.62800
7102        102245.61800
7103        102272.61100
7104        102299.60800
7105        102326.60900
7106        102353.61400
7107        102380.62200
7108        102407.63500
7109        102434.65100
7110        102461.67100
7111        102488.69500
7112        102515.72200
7113        102542.75400
7114        102569.78900
7115        102596.82800
7116        102623.87100
7117        102650.91800
7118        102677.96800
7119        102705.02300
7120        102732.08100
7121        102759.14300
7122        102786.20900
7123        102813.27800
7124        102840.35200
7125        102867.42900
7126        102894.51000
7127        102921.59500
7128        102948.68300
7129        102975.77600
7130        103002.87200
7131        103029.97200
7132        103057.07600
7133        103084.18400
7134        103111.29500
7135        103138.41100
7136        103165.53000
7137        103192.65300
7138        103219.78000
7139        103246.91000
7140        103274.04500
7141        103301.18300
7142        103328.32500
7143        103355.47100
7144        103382.62100
7145        103409.77400
7146        103436.93100
7147        103464.09300
7148        103491.25800
7149        103518.42600
7150        103545.59900
7151        103572.77500
7152        103599.95600
7153        103627.14000
7154        103654.32700
7155        103681.51900
7156        103708.71500
7157        103735.91400
7158        103763.11700
7159        103790.32400
7160        103817.53500
7161        103844.74900
7162        103871.96800
7163        103899.19000
7164        103926.41600
7165        103953.64600
7166        103980.87900
7167        104008.11700
7168        104035.35800
7169        104062.60300
7170        104089.85200
7171        104117.10500
7172        104144.36100
7173        104171.62200
7174        104198.88600
7175        104226.15400
7176        104253.42500
7177        104280.70100
7178        104307.98100
7179        104335.26400
7180        104362.55100
7181        104389.84200
7182        104417.13600
7183        104444.43500
7184        104471.73700
7185        104499.04300
7186        104526.35300
7187        104553.66700
7188        104580.98500
7189        104608.30600
7190        104635.63200
7191        104662.96100
7192        104690.29300
7193        104717.63000
7194        104744.97100
7195        104772.31500
7196        104799.66300
7197        104827.01500
7198        104854.37100
7199        104881.73100
7200        104909.09400
7201        104936.46100
7202        104963.83200
7203        104991.20700
7204        105018.58600
7205        105045.96800
7206        105073.35500
7207        105100.74500
7208        105128.13900
7209        105155.53700
7210        105182.93800
7211        105210.34400
7212        105237.75300
7213        105265.16600
7214        105292.58300
7215        105320.00400
7216        105347.42800
7217        105374.85700
7218        105402.28900
7219        105429.72500
7220        105457.16400
7221        105484.60800
7222        105512.05600
7223        105539.50700
7224        105566.96200
7225        105594.42100
7226        105621.88400
7227        105649.35000
7228        105676.82000
7229        105704.29500
7230        105731.77300
7231        105759.25400
7232        105786.74000
7233        105814.23000
7234        105841.72300
7235        105869.22000
7236        105896.72100
7237        105924.22600
7238        105951.73400
7239        105979.24700
7240        106006.76300
7241        106034.28300
7242        106061.80700
7243        106089.33400
7244        106116.86600
7245        106144.40100
7246        106171.94000
7247        106199.48300
7248        106227.03000
7249        106254.58100
7250        106282.13500
7251        106309.69300
7252        106337.25500
7253        106364.82100
7254        106392.39100
7255        106419.96400
7256        106447.54200
7257        106475.12300
7258        106502.70800
7259        106530.29700
7260        106557.88900
7261        106585.48600
7262        106613.08600
7263        106640.69000
7264        106668.29800
7265        106695.91000
7266        106723.52500
7267        106751.14500
7268        106778.76800
7269        106806.39500
7270        106834.02600
7271        106861.66000
7272        106889.29900
7273        106916.94100
7274        106944.58700
7275        106972.23700
7276        106999.89100
7277        107027.54900
7278        107055.21000
7279        107082.87500
7280        107110.54400
7281        107138.21700
7282        107165.89400
7283        107193.57500
7284        107221.25900
7285        107248.94700
7286        107276.63900
7287        107304.33500
7288        107332.03500
7289        107359.73800
7290        107387.44500
7291        107415.15700
7292        107442.87100
7293        107470.59000
7294        107498.31300
7295        107526.03900
7296        107553.77000
7297        107581.50400
7298        107609.24100
7299        107636.98300
7300        107664.72900
7301        107692.47800
7302        107720.23100
7303        107747.98800
7304        107775.74900
7305        107803.51400
7306        107831.28200
7307        107859.05500
7308        107886.83100
7309        107914.61100
7310        107942.39400
7311        107970.18200
7312        107997.97300
7313        108025.76900
7314        108053.56800
7315        108081.37100
7316        108109.17700
7317        108136.98800
7318        108164.80200
7319        108192.62100
7320        108220.44300
7321        108248.26800
7322        108276.09800
7323        108303.93200
7324        108331.76900
7325        108359.61000
7326        108387.45500
7327        108415.30400
7328        108443.15600
7329        108471.01300
7330        108498.87300
7331        108526.73700
7332        108554.60500
7333        108582.47700
7334        108610.35300
7335        108638.23200
7336        108666.11500
7337        108694.00200
7338        108721.89300
7339        108749.78800
7340        108777.68600
7341        108805.58900
7342        108833.49500
7343        108861.40500
7344        108889.31900
7345        108917.23600
7346        108945.15800
7347        108973.08300
7348        109001.01200
7349        109028.94500
7350        109056.88200
7351        109084.82300
7352        109112.76700
7353        109140.71500
7354        109168.66700
7355        109196.62300
7356        109224.58300
7357        109252.54700
7358        109280.51400
7359        109308.48500
7360        109336.46000
7361        109364.43900
7362        109392.42200
7363        109420.40900
7364        109448.39900
7365        109476.39300
7366        109504.39100
7367        109532.39300
7368        109560.39900
7369        109588.40800
7370        109616.42200
7371        109644.43900
7372        109672.46000
7373        109700.48400
7374        109728.51300
7375        109756.54600
7376        109784.58200
7377        109812.62200
7378        109840.66600
7379        109868.71400
7380        109896.76500
7381        109924.82100
7382        109952.88000
7383        109980.94300
7384        110009.01000
7385        110037.08100
7386        110065.15500
7387        110093.23400
7388        110121.31600
7389        110149.40200
7390        110177.49200
7391        110205.58600
7392        110233.68300
7393        110261.78500
7394        110289.89000
7395        110317.99900
7396        110346.11200
7397        110374.22800
7398        110402.34900
7399        110430.47300
7400        110458.60100
7401        110486.73300
7402        110514.86900
7403        110543.00900
7404        110571.15200
7405        110599.30000
7406        110627.45100
7407        110655.60600
7408        110683.76500
7409        110711.92700
7410        110740.09400
7411        110768.26400
7412        110796.43800
7413        110824.61600
7414        110852.79800
7415        110880.98400
7416        110909.17300
7417        110937.36600
7418        110965.56300
7419        110993.76400
7420        111021.96900
7421        111050.17800
7422        111078.39000
7423        111106.60600
7424        111134.82600
7425        111163.05000
7426        111191.27800
7427        111219.51000
7428        111247.74500
7429        111275.98400
7430        111304.22700
7431        111332.47400
7432        111360.72500
7433        111388.98000
7434        111417.23800
7435        111445.50000
7436        111473.76600
7437        111502.03600
7438        111530.31000
7439        111558.58700
7440        111586.86900
7441        111615.15400
7442        111643.44300
7443        111671.73600
7444        111700.03300
7445        111728.33300
7446        111756.63700
7447        111784.94600
7448        111813.25800
7449        111841.57400
7450        111869.89300
7451        111898.21700
7452        111926.54400
7453        111954.87500
7454        111983.21000
7455        112011.54900
7456        112039.89200
7457        112068.23800
7458        112096.58900
7459        112124.94300
7460        112153.30100
7461        112181.66300
7462        112210.02800
7463        112238.39800
7464        112266.77100
7465        112295.14800
7466        112323.52900
7467        112351.91400
7468        112380.30300
7469        112408.69500
7470        112437.09200
7471        112465.49200
7472        112493.89600
7473        112522.30400
7474        112550.71500
7475        112579.13100
7476        112607.55000
7477        112635.97300
7478        112664.40000
7479        112692.83100
7480        112721.26600
7481        112749.70400
7482        112778.14600
7483        112806.59200
7484        112835.04200
7485        112863.49600
7486        112891.95400
7487        112920.41500
7488        112948.88100
7489        112977.35000
7490        113005.82300
7491        113034.30000
7492        113062.78000
7493        113091.26500
7494        113119.75300
7495        113148.24500
7496        113176.74100
7497        113205.24100
7498        113233.74500
7499        113262.25200
7500        113290.76300
7501        113319.27900
7502        113347.79800
7503        113376.32000
7504        113404.84700
7505        113433.37700
7506        113461.91200
7507        113490.45000
7508        113518.99200
7509        113547.53800
7510        113576.08700
7511        113604.64100
7512        113633.19800
7513        113661.75900
7514        113690.32400
7515        113718.89300
7516        113747.46600
7517        113776.04200
7518        113804.62300
7519        113833.20700
7520        113861.79500
7521        113890.38700
7522        113918.98200
7523        113947.58200
7524        113976.18500
7525        114004.79200
7526        114033.40300
7527        114062.01800
7528        114090.63700
7529        114119.25900
7530        114147.88600
7531        114176.51600
7532        114205.15000
7533        114233.78800
7534        114262.42900
7535        114291.07500
7536        114319.72400
7537        114348.37700
7538        114377.03400
7539        114405.69500
7540        114434.36000
7541        114463.02900
7542        114491.70100
7543        114520.37700
7544        114549.05700
7545        114577.74100
7546        114606.42900
7547        114635.12000
7548        114663.81600
7549        114692.51500
7550        114721.21800
7551        114749.92500
7552        114778.63600
7553        114807.35000
7554        114836.06900
7555        114864.79100
7556        114893.51700
7557        114922.24700
7558        114950.98000
7559        114979.71800
7560        115008.45900
7561        115037.20500
7562        115065.95400
7563        115094.70700
7564        115123.46300
7565        115152.22400
7566        115180.98900
7567        115209.75700
7568        115238.52900
7569        115267.30500
7570        115296.08500
7571        115324.86800
7572        115353.65600
7573        115382.44700
7574        115411.24200
7575        115440.04100
7576        115468.84400
7577        115497.65100
7578        115526.46100
7579        115555.27500
7580        115584.09300
7581        115612.91500
7582        115641.74100
7583        115670.57100
7584        115699.40400
7585        115728.24200
7586        115757.08300
7587        115785.92800
7588        115814.77700
7589        115843.62900
7590        115872.48600
7591        115901.34600
7592        115930.21100
7593        115959.07900
7594        115987.95000
7595        116016.82600
7596        116045.70600
7597        116074.58900
7598        116103.47600
7599        116132.36700
7600        116161.26200
7601        116190.16100
7602        116219.06400
7603        116247.97000
7604        116276.88000
7605        116305.79400
7606        116334.71200
7607        116363.63400
7608        116392.56000
7609        116421.48900
7610        116450.42300
7611        116479.36000
7612        116508.30100
7613        116537.24500
7614        116566.19400
7615        116595.14700
7616        116624.10300
7617        116653.06300
7618        116682.02700
7619        116710.99500
7620        116739.96700
7621        116768.94200
7622        116797.92100
7623        116826.90500
7624        116855.89200
7625        116884.88200
7626        116913.87700
7627        116942.87600
7628        116971.87800
7629        117000.88400
7630        117029.89400
7631        117058.90800
7632        117087.92600
7633        117116.94800
7634        117145.97300
7635        117175.00200
7636        117204.03500
7637        117233.07200
7638        117262.11300
7639        117291.15800
7640        117320.20600
7641        117349.25900
7642        117378.31500
7643        117407.37500
7644        117436.43900
7645        117465.50600
7646        117494.57800
7647        117523.65300
7648        117552.73200
7649        117581.81500
7650        117610.90200
7651        117639.99300
7652        117669.08700
7653        117698.18600
7654        117727.28800
7655        117756.39400
7656        117785.50400
7657        117814.61800
7658        117843.73500
7659        117872.85700
7660        117901.98200
7661        117931.11100
7662        117960.24400
7663        117989.38100
7664        118018.52100
7665        118047.66600
7666        118076.81400
7667        118105.96600
7668        118135.12200
7669        118164.28200
7670        118193.44600
7671        118222.61300
7672        118251.78500
7673        118280.96000
7674        118310.13900
7675        118339.32200
7676        118368.50900
7677        118397.69900
7678        118426.89300
7679        118456.09200
7680        118485.29400
7681        118514.50000
7682        118543.71000
7683        118572.92300
7684        118602.14100
7685        118631.36200
7686        118660.58700
7687        118689.81600
7688        118719.04900
7689        118748.28500
7690        118777.52600
7691        118806.77000
7692        118836.01800
7693        118865.27000
7694        118894.52600
7695        118923.78600
7696        118953.05000
7697        118982.31700
7698        119011.58800
7699        119040.86300
7700        119070.14200
7701        119099.42500
7702        119128.71200
7703        119158.00200
7704        119187.29600
7705        119216.59400
7706        119245.89600
7707        119275.20200
7708        119304.51200
7709        119333.82500
7710        119363.14300
7711        119392.46400
7712        119421.78900
7713        119451.11800
7714        119480.45100
7715        119509.78700
7716        119539.12800
7717        119568.47200
7718        119597.82000
7719        119627.17200
7720        119656.52800
7721        119685.88700
7722        119715.25100
7723        119744.61800
7724        119773.98900
7725        119803.36400
7726        119832.74300
7727        119862.12600
7728        119891.51200
7729        119920.90200
7730        119950.29700
7731        119979.69500
7732        120009.09700
7733        120038.50200
7734        120067.91200
7735        120097.32500
7736        120126.74300
7737        120156.16400
7738        120185.58900
7739        120215.01700
7740        120244.45000
7741        120273.88700
7742        120303.32700
7743        120332.77100
7744        120362.21900
7745        120391.67100
7746        120421.12700
7747        120450.58600
7748        120480.05000
7749        120509.51700
7750        120538.98800
7751        120568.46300
7752        120597.94200
7753        120627.42400
7754        120656.91100
7755        120686.40100
7756        120715.89500
7757        120745.39300
7758        120774.89500
7759        120804.40000
7760        120833.91000
7761        120863.42300
7762        120892.94100
7763        120922.46200
7764        120951.98700
7765        120981.51500
7766        121011.04800
7767        121040.58400
7768        121070.12500
7769        121099.66900
7770        121129.21700
7771        121158.76800
7772        121188.32400
7773        121217.88400
7774        121247.44700
7775        121277.01400
7776        121306.58500
7777        121336.16000
7778        121365.73900
7779        121395.32100
7780        121424.90800
7781        121454.49800
7782        121484.09200
7783        121513.69000
7784        121543.29200
7785        121572.89700
7786        121602.50700
7787        121632.12000
7788        121661.73700
7789        121691.35800
7790        121720.98300
7791        121750.61200
7792        121780.24500
7793        121809.88100
7794        121839.52100
7795        121869.16500
7796        121898.81300
7797        121928.46500
7798        121958.12100
7799        121987.78000
7800        122017.44300
7801        122047.11100
7802        122076.78200
7803        122106.45700
7804        122136.13500
7805        122165.81800
7806        122195.50400
7807        122225.19400
7808        122254.88800
7809        122284.58600
7810        122314.28800
7811        122343.99400
7812        122373.70300
7813        122403.41700
7814        122433.13400
7815        122462.85500
7816        122492.58000
7817        122522.30800
7818        122552.04100
7819        122581.77700
7820        122611.51800
7821        122641.26200
7822        122671.01000
7823        122700.76100
7824        122730.51700
7825        122760.27600
7826        122790.04000
7827        122819.80700
7828        122849.57800
7829        122879.35300
7830        122909.13200
7831        122938.91400
7832        122968.70100
7833        122998.49100
7834        123028.28500
7835        123058.08300
7836        123087.88500
7837        123117.69000
7838        123147.50000
7839        123177.31300
7840        123207.13000
7841        123236.95100
7842        123266.77600
7843        123296.60500
7844        123326.43700
7845        123356.27400
7846        123386.11400
7847        123415.95800
7848        123445.80600
7849        123475.65800
7850        123505.51400
7851        123535.37300
7852        123565.23600
7853        123595.10400
7854        123624.97500
7855        123654.85000
7856        123684.72800
7857        123714.61100
7858        123744.49700
7859        123774.38800
7860        123804.28200
7861        123834.18000
7862        123864.08200
7863        123893.98700
7864        123923.89700
7865        123953.81000
7866        123983.72700
7867        124013.64800
7868        124043.57300
7869        124073.50200
7870        124103.43500
7871        124133.37100
7872        124163.31200
7873        124193.25600
7874        124223.20400
7875        124253.15600
7876        124283.11100
7877        124313.07100
7878        124343.03400
7879        124373.00100
7880        124402.97200
7881        124432.94700
7882        124462.92600
7883        124492.90900
7884        124522.89500
7885        124552.88600
7886        124582.88000
7887        124612.87800
7888        124642.88000
7889        124672.88600
7890        124702.89500
7891        124732.90900
7892        124762.92600
7893        124792.94700
7894        124822.97200
7895        124853.00100
7896        124883.03300
7897        124913.07000
7898        124943.11000
7899        124973.15500
7900        125003.20300
7901        125033.25400
7902        125063.31000
7903        125093.37000
7904        125123.43300
7905        125153.50100
7906        125183.57200
7907        125213.64700
7908        125243.72600
7909        125273.80800
7910        125303.89500
7911        125333.98500
7912        125364.08000
7913        125394.17800
7914        125424.28000
7915        125454.38600
7916        125484.49500
7917        125514.60900
7918        125544.72600
7919        125574.84700
7920        125604.97200
7921        125635.10100
7922        125665.23400
7923        125695.37100
7924        125725.51100
7925        125755.65500
7926        125785.80300
7927        125815.95500
7928        125846.11100
7929        125876.27100
7930        125906.43500
7931        125936.60200
7932        125966.77300
7933        125996.94800
7934        126027.12700
7935        126057.31000
7936        126087.49700
7937        126117.68700
7938        126147.88200
7939        126178.08000
7940        126208.28200
7941        126238.48800
7942        126268.69800
7943        126298.91100
7944        126329.12900
7945        126359.35000
7946        126389.57500
7947        126419.80400
7948        126450.03700
7949        126480.27400
7950        126510.51400
7951        126540.75900
7952        126571.00700
7953        126601.25900
7954        126631.51500
7955        126661.77500
7956        126692.03800
7957        126722.30600
7958        126752.57700
7959        126782.85300
7960        126813.13200
7961        126843.41500
7962        126873.70100
7963        126903.99200
7964        126934.28600
7965        126964.58500
7966        126994.88700
7967        127025.19300
7968        127055.50300
7969        127085.81700
7970        127116.13400
7971        127146.45600
7972        127176.78100
7973        127207.11000
7974        127237.44300
7975        127267.78000
7976        127298.12000
7977        127328.46500
7978        127358.81300
7979        127389.16600
7980        127419.52200
7981        127449.88200
7982        127480.24500
7983        127510.61300
7984        127540.98500
7985        127571.36000
7986        127601.73900
7987        127632.12200
7988        127662.50900
7989        127692.90000
7990        127723.29400
7991        127753.69300
7992        127784.09500
7993        127814.50100
7994        127844.91100
7995        127875.32500
7996        127905.74300
7997        127936.16500
7998        127966.59000
7999        127997.01900
8000        128027.45200
8001        128057.88900
8002        128088.33000
8003        128118.77500
8004        128149.22300
8005        128179.67600
8006        128210.13200
8007        128240.59200
8008        128271.05600
8009        128301.52400
8010        128331.99600
8011        128362.47100
8012        128392.95000
8013        128423.43400
8014        128453.92100
8015        128484.41200
8016        128514.90600
8017        128545.40500
8018        128575.90700
8019        128606.41400
8020        128636.92400
8021        128667.43800
8022        128697.95600
8023        128728.47700
8024        128759.00300
8025        128789.53300
8026        128820.06600
8027        128850.60300
8028        128881.14400
8029        128911.68900
8030        128942.23700
8031        128972.79000
8032        129003.34600
8033        129033.90700
8034        129064.47100
8035        129095.03900
8036        129125.61100
8037        129156.18600
8038        129186.76600
8039        129217.34900
8040        129247.93600
8041        129278.52700
8042        129309.12200
8043        129339.72100
8044        129370.32400
8045        129400.93000
8046        129431.54100
8047        129462.15500
8048        129492.77300
8049        129523.39500
8050        129554.02100
8051        129584.65000
8052        129615.28400
8053        129645.92100
8054        129676.56200
8055        129707.20700
8056        129737.85600
8057        129768.50900
8058        129799.16500
8059        129829.82600
8060        129860.49000
8061        129891.15800
8062        129921.83000
8063        129952.50600
8064        129983.18600
8065        130013.86900
8066        130044.55700
8067        130075.24800
8068        130105.94300
8069        130136.64200
8070        130167.34500
8071        130198.05200
8072        130228.76200
8073        130259.47700
8074        130290.19500
8075        130320.91700
8076        130351.64300
8077        130382.37300
8078        130413.10600
8079        130443.84400
8080        130474.58500
8081        130505.33000
8082        130536.07900
8083        130566.83200
8084        130597.58900
8085        130628.35000
8086        130659.11400
8087        130689.88300
8088        130720.65500
8089        130751.43100
8090        130782.21100
8091        130812.99500
8092        130843.78200
8093        130874.57400
8094        130905.36900
8095        130936.16800
8096        130966.97100
8097        130997.77800
8098        131028.58900
8099        131059.40300
8100        131090.22200
8101        131121.04400
8102        131151.87000
8103        131182.70000
8104        131213.53400
8105        131244.37200
8106        131275.21400
8107        131306.05900
8108        131336.90800
8109        131367.76100
8110        131398.61800
8111        131429.47900
8112        131460.34400
8113        131491.21300
8114        131522.08500
8115        131552.96100
8116        131583.84100
8117        131614.72500
8118        131645.61300
8119        131676.50500
8120        131707.40000
8121        131738.30000
8122        131769.20300
8123        131800.11000
8124        131831.02100
8125        131861.93600
8126        131892.85500
8127        131923.77700
8128        131954.70400
8129        131985.63400
8130        132016.56800
8131        132047.50600
8132        132078.44800
8133        132109.39300
8134        132140.34300
8135        132171.29600
8136        132202.25400
8137        132233.21500
8138        132264.18000
8139        132295.14800
8140        132326.12100
8141        132357.09800
8142        132388.07800
8143        132419.06200
8144        132450.05000
8145        132481.04200
8146        132512.03800
8147        132543.03800
8148        132574.04100
8149        132605.04800
8150        132636.06000
8151        132667.07500
8152        132698.09400
8153        132729.11600
8154        132760.14300
8155        132791.17300
8156        132822.20800
8157        132853.24600
8158        132884.28800
8159        132915.33400
8160        132946.38400
8161        132977.43700
8162        133008.49500
8163        133039.55600
8164        133070.62100
8165        133101.69000
8166        133132.76300
8167        133163.84000
8168        133194.92100
8169        133226.00500
8170        133257.09300
8171        133288.18600
8172        133319.28200
8173        133350.38200
8174        133381.48500
8175        133412.59300
8176        133443.70400
8177        133474.82000
8178        133505.93900
8179        133537.06200
8180        133568.18900
8181        133599.32000
8182        133630.45400
8183        133661.59300
8184        133692.73500
8185        133723.88100
8186        133755.03100
8187        133786.18500
8188        133817.34300
8189        133848.50400
8190        133879.67000
8191        133910.83900
8192        133942.01200
8193        133973.18900
8194        134004.37000
8195        134035.55500
8196        134066.74300
8197        134097.93600
8198        134129.13200
8199        134160.33200
8200        134191.53600
8201        134222.74400
8202        134253.95600
8203        134285.17200
8204        134316.39100
8205        134347.61400
8206        134378.84100
8207        134410.07200
8208        134441.30700
8209        134472.54600
8210        134503.78900
8211        134535.03500
8212        134566.28500
8213        134597.53900
8214        134628.79700
8215        134660.05900
8216        134691.32500
8217        134722.59500
8218        134753.86800
8219        134785.14500
8220        134816.42700
8221        134847.71200
8222        134879.00000
8223        134910.29300
8224        134941.59000
8225        134972.89000
8226        135004.19400
8227        135035.50300
8228        135066.81500
8229        135098.13000
8230        135129.45000
8231        135160.77400
8232        135192.10100
8233        135223.43200
8234        135254.76800
8235        135286.10700
8236        135317.45000
8237        135348.79600
8238        135380.14700
8239        135411.50100
8240        135442.86000
8241        135474.22200
8242        135505.58800
8243        135536.95800
8244        135568.33100
8245        135599.70900
8246        135631.09000
8247        135662.47600
8248        135693.86500
8249        135725.25800
8250        135756.65500
8251        135788.05500
8252        135819.46000
8253        135850.86800
8254        135882.28100
8255        135913.69700
8256        135945.11700
8257        135976.54100
8258        136007.96800
8259        136039.40000
8260        136070.83600
8261        136102.27500
8262        136133.71800
8263        136165.16500
8264        136196.61600
8265        136228.07100
8266        136259.52900
8267        136290.99200
8268        136322.45800
8269        136353.92800
8270        136385.40200
8271        136416.88000
8272        136448.36200
8273        136479.84700
8274        136511.33700
8275        136542.83000
8276        136574.32700
8277        136605.82800
8278        136637.33300
8279        136668.84200
8280        136700.35500
8281        136731.87100
8282        136763.39100
8283        136794.91600
8284        136826.44400
8285        136857.97500
8286        136889.51100
8287        136921.05100
8288        136952.59400
8289        136984.14200
8290        137015.69300
8291        137047.24800
8292        137078.80700
8293        137110.37000
8294        137141.93600
8295        137173.50700
8296        137205.08100
8297        137236.65900
8298        137268.24100
8299        137299.82700
8300        137331.41700
8301        137363.01000
8302        137394.60800
8303        137426.20900
8304        137457.81500
8305        137489.42400
8306        137521.03600
8307        137552.65300
8308        137584.27400
8309        137615.89800
8310        137647.52700
8311        137679.15900
8312        137710.79500
8313        137742.43500
8314        137774.07900
8315        137805.72600
8316        137837.37800
8317        137869.03300
8318        137900.69200
8319        137932.35600
8320        137964.02200
8321        137995.69300
8322        138027.36800
8323        138059.04600
8324        138090.72900
8325        138122.41500
8326        138154.10500
8327        138185.79900
8328        138217.49700
8329        138249.19900
8330        138280.90400
8331        138312.61300
8332        138344.32700
8333        138376.04400
8334        138407.76500
8335        138439.49000
8336        138471.21800
8337        138502.95100
8338        138534.68700
8339        138566.42700
8340        138598.17200
8341        138629.92000
8342        138661.67100
8343        138693.42700
8344        138725.18700
8345        138756.95000
8346        138788.71700
8347        138820.48800
8348        138852.26300
8349        138884.04200
8350        138915.82500
8351        138947.61200
8352        138979.40200
8353        139011.19600
8354        139042.99400
8355        139074.79600
8356        139106.60200
8357        139138.41200
8358        139170.22600
8359        139202.04300
8360        139233.86400
8361        139265.68900
8362        139297.51800
8363        139329.35100
8364        139361.18800
8365        139393.02900
8366        139424.87300
8367        139456.72100
8368        139488.57400
8369        139520.43000
8370        139552.29000
8371        139584.15300
8372        139616.02100
8373        139647.89200
8374        139679.76800
8375        139711.64700
8376        139743.53000
8377        139775.41700
8378        139807.30800
8379        139839.20200
8380        139871.10100
8381        139903.00300
8382        139934.90900
8383        139966.81900
8384        139998.73300
8385        140030.65100
8386        140062.57300
8387        140094.49800
8388        140126.42800
8389        140158.36100
8390        140190.29800
8391        140222.23900
8392        140254.18400
8393        140286.13200
8394        140318.08500
8395        140350.04100
8396        140382.00100
8397        140413.96500
8398        140445.93300
8399        140477.90500
8400        140509.88100
8401        140541.86000
8402        140573.84400
8403        140605.83100
8404        140637.82200
8405        140669.81700
8406        140701.81600
8407        140733.81900
8408        140765.82500
8409        140797.83600
8410        140829.85000
8411        140861.86800
8412        140893.89000
8413        140925.91600
8414        140957.94600
8415        140989.97900
8416        141022.01700
8417        141054.05800
8418        141086.10300
8419        141118.15200
8420        141150.20500
8421        141182.26200
8422        141214.32200
8423        141246.38700
8424        141278.45500
8425        141310.52700
8426        141342.60300
8427        141374.68300
8428        141406.76700
8429        141438.85500
8430        141470.94600
8431        141503.04100
8432        141535.14100
8433        141567.24400
8434        141599.35100
8435        141631.46100
8436        141663.57600
8437        141695.69400
8438        141727.81700
8439        141759.94300
8440        141792.07300
8441        141824.20700
8442        141856.34500
8443        141888.48600
8444        141920.63200
8445        141952.78100
8446        141984.93500
8447        142017.09200
8448        142049.25300
8449        142081.41700
8450        142113.58600
8451        142145.75900
8452        142177.93500
8453        142210.11500
8454        142242.29900
8455        142274.48700
8456        142306.67900
8457        142338.87500
8458        142371.07400
8459        142403.27800
8460        142435.48500
8461        142467.69600
8462        142499.91100
8463        142532.13000
8464        142564.35300
8465        142596.57900
8466        142628.81000
8467        142661.04400
8468        142693.28200
8469        142725.52400
8470        142757.77000
8471        142790.02000
8472        142822.27400
8473        142854.53100
8474        142886.79200
8475        142919.05800
8476        142951.32700
8477        142983.60000
8478        143015.87600
8479        143048.15700
8480        143080.44100
8481        143112.73000
8482        143145.02200
8483        143177.31800
8484        143209.61800
8485        143241.92200
8486        143274.22900
8487        143306.54100
8488        143338.85600
8489        143371.17600
8490        143403.49900
8491        143435.82600
8492        143468.15600
8493        143500.49100
8494        143532.83000
8495        143565.17200
8496        143597.51800
8497        143629.86800
8498        143662.22200
8499        143694.58000
8500        143726.94200
8501        143759.30700
8502        143791.67700
8503        143824.05000
8504        143856.42700
8505        143888.80800
8506        143921.19300
8507        143953.58200
8508        143985.97400
8509        144018.37100
8510        144050.77100
8511        144083.17500
8512        144115.58300
8513        144147.99500
8514        144180.41100
8515        144212.83100
8516        144245.25400
8517        144277.68200
8518        144310.11300
8519        144342.54800
8520        144374.98700
8521        144407.42900
8522        144439.87600
8523        144472.32700
8524        144504.78100
8525        144537.23900
8526        144569.70100
8527        144602.16700
8528        144634.63700
8529        144667.11100
8530        144699.58800
8531        144732.07000
8532        144764.55500
8533        144797.04400
8534        144829.53700
8535        144862.03400
8536        144894.53400
8537        144927.03900
8538        144959.54700
8539        144992.06000
8540        145024.57600
8541        145057.09600
8542        145089.62000
8543        145122.14700
8544        145154.67900
8545        145187.21400
8546        145219.75400
8547        145252.29700
8548        145284.84400
8549        145317.39500
8550        145349.94900
8551        145382.50800
8552        145415.07000
8553        145447.63700
8554        145480.20700
8555        145512.78100
8556        145545.35900
8557        145577.94100
8558        145610.52600
8559        145643.11600
8560        145675.70900
8561        145708.30600
8562        145740.90700
8563        145773.51200
8564        145806.12100
8565        145838.73400
8566        145871.35000
8567        145903.97100
8568        145936.59500
8569        145969.22300
8570        146001.85500
8571        146034.49100
8572        146067.13100
8573        146099.77400
8574        146132.42200
8575        146165.07300
8576        146197.72800
8577        146230.38700
8578        146263.05000
8579        146295.71700
8580        146328.38700
8581        146361.06200
8582        146393.74000
8583        146426.42200
8584        146459.10800
8585        146491.79800
8586        146524.49200
8587        146557.18900
8588        146589.89100
8589        146622.59600
8590        146655.30500
8591        146688.01800
8592        146720.73500
8593        146753.45600
8594        146786.18100
8595        146818.90900
8596        146851.64100
8597        146884.37800
8598        146917.11800
8599        146949.86200
8600        146982.60900
8601        147015.36100
8602        147048.11700
8603        147080.87600
8604        147113.63900
8605        147146.40600
8606        147179.17700
8607        147211.95200
8608        147244.73100
8609        147277.51300
8610        147310.30000
8611        147343.09000
8612        147375.88400
8613        147408.68200
8614        147441.48400
8615        147474.29000
8616        147507.09900
8617        147539.91300
8618        147572.73000
8619        147605.55100
8620        147638.37600
8621        147671.20500
8622        147704.03800
8623        147736.87500
8624        147769.71500
8625        147802.55900
8626        147835.40800
8627        147868.26000
8628        147901.11500
8629        147933.97500
8630        147966.83900
8631        147999.70600
8632        148032.57800
8633        148065.45300
8634        148098.33200
8635        148131.21500
8636        148164.10200
8637        148196.99200
8638        148229.88700
8639        148262.78500
8640        148295.68800
8641        148328.59400
8642        148361.50400
8643        148394.41800
8644        148427.33500
8645        148460.25700
8646        148493.18200
8647        148526.11200
8648        148559.04500
8649        148591.98200
8650        148624.92300
8651        148657.86700
8652        148690.81600
8653        148723.76800
8654        148756.72500
8655        148789.68500
8656        148822.64900
8657        148855.61700
8658        148888.58800
8659        148921.56400
8660        148954.54400
8661        148987.52700
8662        149020.51400
8663        149053.50500
8664        149086.50000
8665        149119.49900
8666        149152.50100
8667        149185.50800
8668        149218.51800
8669        149251.53300
8670        149284.55100
8671        149317.57300
8672        149350.59800
8673        149383.62800
8674        149416.66200
8675        149449.69900
8676        149482.74000
8677        149515.78500
8678        149548.83400
8679        149581.88700
8680        149614.94400
8681        149648.00500
8682        149681.06900
8683        149714.13700
8684        149747.20900
8685        149780.28500
8686        149813.36500
8687        149846.44900
8688        149879.53700
8689        149912.62800
8690        149945.72300
8691        149978.82300
8692        150011.92600
8693        150045.03300
8694        150078.14300
8695        150111.25800
8696        150144.37600
8697        150177.49900
8698        150210.62500
8699        150243.75500
8700        150276.88900
8701        150310.02700
8702        150343.16800
8703        150376.31400
8704        150409.46300
8705        150442.61700
8706        150475.77400
8707        150508.93500
8708        150542.09900
8709        150575.26800
8710        150608.44100
8711        150641.61700
8712        150674.79700
8713        150707.98200
8714        150741.17000
8715        150774.36100
8716        150807.55700
8717        150840.75700
8718        150873.96000
8719        150907.16700
8720        150940.37900
8721        150973.59400
8722        151006.81200
8723        151040.03500
8724        151073.26200
8725        151106.49200
8726        151139.72700
8727        151172.96500
8728        151206.20700
8729        151239.45300
8730        151272.70300
8731        151305.95600
8732        151339.21400
8733        151372.47500
8734        151405.74000
8735        151439.00900
8736        151472.28200
8737        151505.55900
8738        151538.84000
8739        151572.12400
8740        151605.41300
8741        151638.70500
8742        151672.00100
8743        151705.30100
8744        151738.60500
8745        151771.91300
8746        151805.22400
8747        151838.54000
8748        151871.85900
8749        151905.18200
8750        151938.50900
8751        151971.84000
8752        152005.17500
8753        152038.51300
8754        152071.85600
8755        152105.20200
8756        152138.55200
8757        152171.90600
8758        152205.26400
8759        152238.62600
8760        152271.99100
8761        152305.36100
8762        152338.73400
8763        152372.11100
8764        152405.49200
8765        152438.87700
8766        152472.26600
8767        152505.65900
8768        152539.05500
8769        152572.45600
8770        152605.86000
8771        152639.26800
8772        152672.68000
8773        152706.09600
8774        152739.51500
8775        152772.93900
8776        152806.36600
8777        152839.79800
8778        152873.23300
8779        152906.67200
8780        152940.11500
8781        152973.56100
8782        153007.01200
8783        153040.46600
8784        153073.92500
8785        153107.38700
8786        153140.85300
8787        153174.32300
8788        153207.79600
8789        153241.27400
8790        153274.75500
8791        153308.24100
8792        153341.73000
8793        153375.22300
8794        153408.72000
8795        153442.22100
8796        153475.72500
8797        153509.23400
8798        153542.74600
8799        153576.26200
8800        153609.78200
8801        153643.30600
8802        153676.83400
8803        153710.36600
8804        153743.90100
8805        153777.44000
8806        153810.98400
8807        153844.53100
8808        153878.08200
8809        153911.63700
8810        153945.19500
8811        153978.75800
8812        154012.32400
8813        154045.89400
8814        154079.46900
8815        154113.04700
8816        154146.62800
8817        154180.21400
8818        154213.80400
8819        154247.39700
8820        154280.99400
8821        154314.59600
8822        154348.20100
8823        154381.80900
8824        154415.42200
8825        154449.03900
8826        154482.65900
8827        154516.28400
8828        154549.91200
8829        154583.54400
8830        154617.18000
8831        154650.81900
8832        154684.46300
8833        154718.11000
8834        154751.76200
8835        154785.41700
8836        154819.07600
8837        154852.73900
8838        154886.40600
8839        154920.07600
8840        154953.75100
8841        154987.42900
8842        155021.11200
8843        155054.79800
8844        155088.48800
8845        155122.18100
8846        155155.87900
8847        155189.58100
8848        155223.28600
8849        155256.99500
8850        155290.70800
8851        155324.42500
8852        155358.14600
8853        155391.87100
8854        155425.59900
8855        155459.33200
8856        155493.06800
8857        155526.80800
8858        155560.55200
8859        155594.30000
8860        155628.05200
8861        155661.80700
8862        155695.56700
8863        155729.33000
8864        155763.09700
8865        155796.86800
8866        155830.64300
8867        155864.42200
8868        155898.20500
8869        155931.99100
8870        155965.78200
8871        155999.57600
8872        156033.37400
8873        156067.17600
8874        156100.98100
8875        156134.79100
8876        156168.60500
8877        156202.42200
8878        156236.24300
8879        156270.06800
8880        156303.89700
8881        156337.73000
8882        156371.56700
8883        156405.40700
8884        156439.25200
8885        156473.10000
8886        156506.95200
8887        156540.80800
8888        156574.66800
8889        156608.53100
8890        156642.39900
8891        156676.27000
8892        156710.14600
8893        156744.02500
8894        156777.90800
8895        156811.79500
8896        156845.68500
8897        156879.58000
8898        156913.47800
8899        156947.38100
8900        156981.28700
8901        157015.19700
8902        157049.11100
8903        157083.02800
8904        157116.95000
8905        157150.87500
8906        157184.80500
8907        157218.73800
8908        157252.67500
8909        157286.61600
8910        157320.56100
8911        157354.50900
8912        157388.46200
8913        157422.41800
8914        157456.37800
8915        157490.34200
8916        157524.31000
8917        157558.28200
8918        157592.25800
8919        157626.23700
8920        157660.22100
8921        157694.20800
8922        157728.19900
8923        157762.19400
8924        157796.19300
8925        157830.19500
8926        157864.20200
8927        157898.21200
8928        157932.22600
8929        157966.24500
8930        158000.26600
8931        158034.29200
8932        158068.32200
8933        158102.35600
8934        158136.39300
8935        158170.43400
8936        158204.47900
8937        158238.52800
8938        158272.58100
8939        158306.63800
8940        158340.69800
8941        158374.76300
8942        158408.83100
8943        158442.90300
8944        158476.97900
8945        158511.05900
8946        158545.14300
8947        158579.23000
8948        158613.32200
8949        158647.41700
8950        158681.51600
8951        158715.61900
8952        158749.72600
8953        158783.83700
8954        158817.95200
8955        158852.07000
8956        158886.19200
8957        158920.31900
8958        158954.44900
8959        158988.58300
8960        159022.72000
8961        159056.86200
8962        159091.00800
8963        159125.15700
8964        159159.31000
8965        159193.46700
8966        159227.62800
8967        159261.79300
8968        159295.96200
8969        159330.13400
8970        159364.31000
8971        159398.49100
8972        159432.67500
8973        159466.86300
8974        159501.05400
8975        159535.25000
8976        159569.45000
8977        159603.65300
8978        159637.86000
8979        159672.07100
8980        159706.28600
8981        159740.50500
8982        159774.72800
8983        159808.95400
8984        159843.18500
8985        159877.41900
8986        159911.65700
8987        159945.89900
8988        159980.14500
8989        160014.39500
8990        160048.64800
8991        160082.90600
8992        160117.16700
8993        160151.43200
8994        160185.70100
8995        160219.97400
8996        160254.25100
8997        160288.53100
8998        160322.81600
8999        160357.10400
9000        160391.39600