   1             7.75603
   2            14.78493
   3            21.82798
   4            28.87454
   5            35.92257
   6            42.97142
   7            50.02080
   8            57.07058
   9            64.12067
  10            71.17103
  11            78.22162
  12            85.27244
  13            92.32347
  14            99.37469
  15           106.42610
  16           113.47769
  17           120.52947
  18           127.58142
  19           134.63355
  20           141.68585
  21           148.73833
  22           155.79097
  23           162.84378
  24           169.89676
  25           176.94991
  26           184.00322
  27           191.05670
  28           198.11035
  29           205.16416
  30           212.21814
  31           219.27228
  32           226.32658
  33           233.38105
  34           240.43568
  35           247.49048
  36           254.54544
  37           261.60057
  38           268.65586
  39           275.71131
  40           282.76692
  41           289.82271
  42           296.87865
  43           303.93476
  44           310.99104
  45           318.04749
  46           325.10411
  47           332.16090
  48           339.21787
  49           346.27502
  50           353.33235
  51           360.38988
  52           367.44760
  53           374.50554
  54           381.56369
  55           388.62207
  56           395.68069
  57           402.73958
  58           409.79875
  59           416.85822
  60           423.91801
  61           430.97816
  62           438.03868
  63           445.09963
  64           452.16103
  65           459.22293
  66           466.28537
  67           473.34840
  68           480.41208
  69           487.47646
  70           494.54162
  71           501.60761
  72           508.67451
  73           515.74241
  74           522.81138
  75           529.88152
  76           536.95292
  77           544.02568
  78           551.09992
  79           558.17573
  80           565.25324
  81           572.33258
  82           579.41387
  83           586.49724
  84           593.58285
  85           600.67083
  86           607.76135
  87           614.85455
  88           621.95060
  89           629.04967
  90           636.15194
  91           643.25758
  92           650.36678
  93           657.47974
  94           664.59664
  95           671.71769
  96           678.84309
  97           685.97305
  98           693.10779
  99           700.24752
 100           707.39248
 101           714.54288
 102           721.69896
 103           728.86095
 104           736.02910
 105           743.20364
 106           750.38483
 107           757.57290
 108           764.76812
 109           771.97074
 110           779.18103
 111           786.39923
 112           793.62561
 113           800.86045
 114           808.10401
 115           815.35656
 116           822.61837
 117           829.88973
 118           837.17090
 119           844.46217
 120           851.76381
 121           859.07611
 122           866.39936
 123           873.73383
 124           881.07981
 125           888.43759
 126           895.80746
 127           903.18970
 128           910.58460
 129           917.99245
 130           925.41355
 131           932.84819
 132           940.29664
 133           947.75922
 134           955.23620
 135           962.72788
 136           970.23455
 137           977.75650
 138           985.29403
 139           992.84743
 140          1000.41700
 141          1008.00300
 142          1015.60570
 143          1023.22550
 144          1030.86260
 145          1038.51730
 146          1046.18990
 147          1053.88070
 148          1061.58990
 149          1069.31800
 150          1077.06500
 151          1084.83140
 152          1092.61740
 153          1100.42340
 154          1108.24950
 155          1116.09610
 156          1123.96340
 157          1131.85180
 158          1139.76150
 159          1147.69270
 160          1155.64590
 161          1163.62120
 162          1171.61890
 163          1179.63930
 164          1187.68270
 165          1195.74930
 166          1203.83950
 167          1211.95340
 168          1220.09140
 169          1228.25370
 170          1236.44070
 171          1244.65250
 172          1252.88940
 173          1261.15180
 174          1269.43970
 175          1277.75370
 176          1286.09380
 177          1294.46030
 178          1302.85360
 179          1311.27380
 180          1319.72130
 181          1328.19620
 182          1336.69890
 183          1345.22950
 184          1353.78840
 185          1362.37590
 186          1370.99200
 187          1379.63720
 188          1388.31160
 189          1397.01550
 190          1405.74910
 191          1414.51280
 192          1423.30670
 193          1432.13100
 194          1440.98610
 195          1449.87220
 196          1458.78950
 197          1467.73820
 198          1476.71870
 199          1485.73100
 200          1494.77550
 201          1503.85250
 202          1512.96210
 203          1522.10450
 204          1531.28010
 205          1540.48910
 206          1549.73160
 207          1559.00790
 208          1568.31830
 209          1577.66290
 210          1587.04210
 211          1596.45600
 212          1605.90490
 213          1615.38890
 214          1624.90840
 215          1634.46350
 216          1644.05450
 217          1653.68160
 218          1663.34500
 219          1673.04500
 220          1682.78170
 221          1692.55540
 222          1702.36630
 223          1712.21460
 224          1722.10060
 225          1732.02450
 226          1741.98640
 227          1751.98670
 228          1762.02550
 229          1772.10300
 230          1782.21950
 231          1792.37510
 232          1802.57020
 233          1812.80480
 234          1823.07930
 235          1833.39380
 236          1843.74850
 237          1854.14370
 238          1864.57960
 239          1875.05640
 240          1885.57420
 241          1896.13340
 242          1906.73400
 243          1917.37640
 244          1928.06080
 245          1938.78720
 246          1949.55610
 247          1960.36750
 248          1971.22160
 249          1982.11880
 250          1993.05910
 251          2004.04290
 252          2015.07020
 253          2026.14130
 254          2037.25650
 255          2048.41580
 256          2059.61960
 257          2070.86810
 258          2082.16130
 259          2093.49960
 260          2104.88310
 261          2116.31210
 262          2127.78680
 263          2139.30730
 264          2150.87380
 265          2162.48660
 266          2174.14590
 267          2185.85190
 268          2197.60470
 269          2209.40460
 270          2221.25170
 271          2233.14640
 272          2245.08870
 273          2257.07890
 274          2269.11720
 275          2281.20380
 276          2293.33880
 277          2305.52250
 278          2317.75520
 279          2330.03690
 280          2342.36790
 281          2354.74840
 282          2367.17850
 283          2379.65860
 284          2392.18880
 285          2404.76920
 286          2417.40020
 287          2430.08180
 288          2442.81430
 289          2455.59790
 290          2468.43280
 291          2481.31920
 292          2494.25730
 293          2507.24730
 294          2520.28940
 295          2533.38380
 296          2546.53060
 297          2559.73010
 298          2572.98260
 299          2586.28810
 300          2599.64690
 301          2613.05920
 302          2626.52520
 303          2640.04510
 304          2653.61910
 305          2667.24730
 306          2680.93010
 307          2694.66750
 308          2708.45990
 309          2722.30730
 310          2736.21000
 311          2750.16820
 312          2764.18210
 313          2778.25190
 314          2792.37780
 315          2806.56000
 316          2820.79870
 317          2835.09410
 318          2849.44630
 319          2863.85570
 320          2878.32240
 321          2892.84650
 322          2907.42840
 323          2922.06820
 324          2936.76610
 325          2951.52220
 326          2966.33690
 327          2981.21030
 328          2996.14270
 329          3011.13410
 330          3026.18490
 331          3041.29510
 332          3056.46510
 333          3071.69510
 334          3086.98510
 335          3102.33550
 336          3117.74650
 337          3133.21810
 338          3148.75070
 339          3164.34450
 340          3179.99960
 341          3195.71630
 342          3211.49480
 343          3227.33520
 344          3243.23780
 345          3259.20280
 346          3275.23030
 347          3291.32070
 348          3307.47400
 349          3323.69060
 350          3339.97050
 351          3356.31410
 352          3372.72150
 353          3389.19290
 354          3405.72860
 355          3422.32870
 356          3438.99350
 357          3455.72310
 358          3472.51780
 359          3489.37780
 360          3506.30330
 361          3523.29440
 362          3540.35150
 363          3557.47470
 364          3574.66420
 365          3591.92030
 366          3609.24310
 367          3626.63280
 368          3644.08970
 369          3661.61400
 370          3679.20590
 371          3696.86560
 372          3714.59340
 373          3732.38930
 374          3750.25370
 375          3768.18680
 376          3786.18870
 377          3804.25970
 378          3822.40000
 379          3840.60980
 380          3858.88930
 381          3877.23880
 382          3895.65840
 383          3914.14840
 384          3932.70900
 385          3951.34040
 386          3970.04280
 387          3988.81640
 388          4007.66150
 389          4026.57830
 390          4045.56690
 391          4064.62770
 392          4083.76080
 393          4102.96640
 394          4122.24480
 395          4141.59620
 396          4161.02070
 397          4180.51870
 398          4200.09040
 399          4219.73590
 400          4239.45550
 401          4259.24940
 402          4279.11780
 403          4299.06100
 404          4319.07920
 405          4339.17250
 406          4359.34130
 407          4379.58570
 408          4399.90600
 409          4420.30240
 410          4440.77510
 411          4461.32430
 412          4481.95030
 413          4502.65330
 414          4523.43360
 415          4544.29120
 416          4565.22660
 417          4586.23980
 418          4607.33120
 419          4628.50090
 420          4649.74920
 421          4671.07640
 422          4692.48250
 423          4713.96800
 424          4735.53300
 425          4757.17760
 426          4778.90230
 427          4800.70720
 428          4822.59240
 429          4844.55840
 430          4866.60520
 431          4888.73320
 432          4910.94250
 433          4933.23340
 434          4955.60620
 435          4978.06100
 436          5000.59810
 437          5023.21770
 438          5045.92010
 439          5068.70550
 440          5091.57410
 441          5114.52630
 442          5137.56210
 443          5160.68190
 444          5183.88590
 445          5207.17430
 446          5230.54730
 447          5254.00530
 448          5277.54850
 449          5301.17700
 450          5324.89110
 451          5348.69110
 452          5372.57730
 453          5396.54970
 454          5420.60880
 455          5444.75470
 456          5468.98770
 457          5493.30800
 458          5517.71590
 459          5542.21160
 460          5566.79540
 461          5591.46750
 462          5616.22810
 463          5641.07750
 464          5666.01600
 465          5691.04370
 466          5716.16100
 467          5741.36810
 468          5766.66520
 469          5792.05260
 470          5817.53050
 471          5843.09920
 472          5868.75890
 473          5894.51000
 474          5920.35250
 475          5946.28690
 476          5972.31330
 477          5998.43190
 478          6024.64320
 479          6050.94720
 480          6077.34420
 481          6103.83460
 482          6130.41860
 483          6157.09630
 484          6183.86810
 485          6210.73430
 486          6237.69500
 487          6264.75060
 488          6291.90130
 489          6319.14740
 490          6346.48900
 491          6373.92650
 492          6401.46020
 493          6429.09030
 494          6456.81700
 495          6484.64060
 496          6512.56140
 497          6540.57970
 498          6568.69560
 499          6596.90950
 500          6625.22170
 501          6653.63230
 502          6682.14170
 503          6710.75010
 504          6739.45780
 505          6768.26500
 506          6797.17210
 507          6826.17920
 508          6855.28670
 509          6884.49480
 510          6913.80380
 511          6943.21400
 512          6972.72550
 513          7002.33880
 514          7032.05400
 515          7061.87150
 516          7091.79140
 517          7121.81410
 518          7151.93990
 519          7182.16900
 520          7212.50170
 521          7242.93830
 522          7273.47890
 523          7304.12400
 524          7334.87380
 525          7365.72860
 526          7396.68860
 527          7427.75410
 528          7458.92540
 529          7490.20280
 530          7521.58650
 531          7553.07680
 532          7584.67410
 533          7616.37850
 534          7648.19040
 535          7680.11000
 536          7712.13760
 537          7744.27360
 538          7776.51820
 539          7808.87160
 540          7841.33410
 541          7873.90610
 542          7906.58780
 543          7939.37960
 544          7972.28160
 545          8005.29420
 546          8038.41760
 547          8071.65220
 548          8104.99820
 549          8138.45590
 550          8172.02570
 551          8205.70770
 552          8239.50230
 553          8273.40980
 554          8307.43050
 555          8341.56460
 556          8375.81240
 557          8410.17430
 558          8444.65050
 559          8479.24130
 560          8513.94710
 561          8548.76800
 562          8583.70450
 563          8618.75670
 564          8653.92500
 565          8689.20980
 566          8724.61120
 567          8760.12950
 568          8795.76520
 569          8831.51840
 570          8867.38950
 571          8903.37870
 572          8939.48650
 573          8975.71300
 574          9012.05850
 575          9048.52340
 576          9085.10800
 577          9121.81260
 578          9158.63740
 579          9195.58290
 580          9232.64920
 581          9269.83660
 582          9307.14560
 583          9344.57640
 584          9382.12920
 585          9419.80450
 586          9457.60250
 587          9495.52350
 588          9533.56780
 589          9571.73570
 590          9610.02760
 591          9648.44380
 592          9686.98450
 593          9725.65000
 594          9764.44080
 595          9803.35710
 596          9842.39910
 597          9881.56730
 598          9920.86190
 599          9960.28320
 600          9999.83160
 601         10039.50700
 602         10079.31100
 603         10119.24200
 604         10159.30200
 605         10199.49100
 606         10239.80800
 607         10280.25500
 608         10320.83100
 609         10361.53700
 610         10402.37300
 611         10443.34000
 612         10484.43800
 613         10525.66700
 614         10567.02800
 615         10608.52000
 616         10650.14400
 617         10691.90100
 618         10733.79100
 619         10775.81400
 620         10817.97000
 621         10860.26000
 622         10902.68500
 623         10945.24300
 624         10987.93700
 625         11030.76500
 626         11073.72900
 627         11116.82900
 628         11160.06400
 629         11203.43600
 630         11246.94500
 631         11290.59100
 632         11334.37500
 633         11378.29600
 634         11422.35500
 635         11466.55200
 636         11510.88800
 637         11555.36400
 638         11599.97800
 639         11644.73300
 640         11689.62700
 641         11734.66200
 642         11779.83800
 643         11825.15400
 644         11870.61200
 645         11916.21200
 646         11961.95400
 647         12007.83800
 648         12053.86600
 649         12100.03600
 650         12146.35000
 651         12192.80700
 652         12239.40900
 653         12286.15500
 654         12333.04600
 655         12380.08200
 656         12427.26400
 657         12474.59100
 658         12522.06500
 659         12569.68500
 660         12617.45200
 661         12665.36700
 662         12713.42900
 663         12761.63900
 664         12809.99700
 665         12858.50400
 666         12907.16000
 667         12955.96500
 668         13004.92000
 669         13054.02500
 670         13103.28100
 671         13152.68700
 672         13202.24400
 673         13251.95300
 674         13301.81400
 675         13351.82600
 676         13401.99200
 677         13452.31000
 678         13502.78200
 679         13553.40700
 680         13604.18600
 681         13655.11900
 682         13706.20700
 683         13757.45000
 684         13808.84900
 685         13860.40300
 686         13912.11400
 687         13963.98100
 688         14016.00500
 689         14068.18600
 690         14120.52400
 691         14173.02100
 692         14225.67600
 693         14278.48900
 694         14331.46200
 695         14384.59400
 696         14437.88600
 697         14491.33800
 698         14544.95100
 699         14598.72400
 700         14652.65900
 701         14706.75500
 702         14761.01300
 703         14815.43400
 704         14870.01800
 705         14924.76400
 706         14979.67500
 707         15034.74900
 708         15089.98700
 709         15145.39000
 710         15200.95800
 711         15256.69100
 712         15312.59000
 713         15368.65500
 714         15424.88700
 715         15481.28600
 716         15537.85200
 717         15594.58500
 718         15651.48700
 719         15708.55700
 720         15765.79600
 721         15823.20400
 722         15880.78100
 723         15938.52900
 724         15996.44600
 725         16054.53500
 726         16112.79500
 727         16171.22600
 728         16229.82900
 729         16288.60400
 730         16347.55200
 731         16406.67400
 732         16465.96800
 733         16525.43600
 734         16585.07900
 735         16644.89600
 736         16704.88800
 737         16765.05600
 738         16825.39900
 739         16885.91900
 740         16946.61500
 741         17007.48800
 742         17068.53800
 743         17129.76700
 744         17191.17300
 745         17252.75800
 746         17314.52200
 747         17376.46500
 748         17438.58800
 749         17500.89100
 750         17563.37500
 751         17626.04000
 752         17688.88600
 753         17751.91400
 754         17815.12400
 755         17878.51600
 756         17942.09200
 757         18005.85100
 758         18069.79300
 759         18133.92000
 760         18198.23200
 761         18262.72800
 762         18327.41000
 763         18392.27800
 764         18457.33200
 765         18522.57300
 766         18588.00000
 767         18653.61500
 768         18719.41800
 769         18785.41000
 770         18851.59000
 771         18917.95900
 772         18984.51700
 773         19051.26600
 774         19118.20500
 775         19185.33400
 776         19252.65500
 777         19320.16800
 778         19387.87200
 779         19455.76900
 780         19523.85900
 781         19592.14200
 782         19660.61900
 783         19729.29000
 784         19798.15500
 785         19867.21600
 786         19936.47200
 787         20005.92300
 788         20075.57100
 789         20145.41600
 790         20215.45800
 791         20285.69700
 792         20356.13400
 793         20426.76900
 794         20497.60400
 795         20568.63700
 796         20639.87000
 797         20711.30400
 798         20782.93700
 799         20854.77200
 800         20926.80800
 801         20999.04600
 802         21071.48600
 803         21144.12900
 804         21216.97500
 805         21290.02500
 806         21363.27800
 807         21436.73600
 808         21510.39900
 809         21584.26700
 810         21658.34100
 811         21732.62100
 812         21807.10800
 813         21881.80200
 814         21956.70300
 815         22031.81200
 816         22107.13000
 817         22182.65600
 818         22258.39200
 819         22334.33700
 820         22410.49200
 821         22486.85800
 822         22563.43600
 823         22640.22400
 824         22717.22500
 825         22794.43800
 826         22871.86400
 827         22949.50300
 828         23027.35600
 829         23105.42300
 830         23183.70400
 831         23262.20100
 832         23340.91300
 833         23419.84200
 834         23498.98700
 835         23578.34800
 836         23657.92700
 837         23737.72400
 838         23817.73900
 839         23897.97300
 840         23978.42600
 841         24059.09900
 842         24139.99200
 843         24221.10500
 844         24302.44000
 845         24383.99500
 846         24465.77300
 847         24547.77400
 848         24629.99700
 849         24712.44300
 850         24795.11400
 851         24878.00800
 852         24961.12700
 853         25044.47200
 854         25128.04200
 855         25211.83900
 856         25295.86100
 857         25380.11100
 858         25464.58900
 859         25549.29500
 860         25634.22900
 861         25719.39200
 862         25804.78400
 863         25890.40700
 864         25976.25900
 865         26062.34300
 866         26148.65800
 867         26235.20500
 868         26321.98400
 869         26408.99500
 870         26496.24000
 871         26583.71900
 872         26671.43200
 873         26759.38000
 874         26847.56200
 875         26935.98100
 876         27024.63500
 877         27113.52600
 878         27202.65400
 879         27292.02000
 880         27381.62400
 881         27471.46600
 882         27561.54800
 883         27651.86900
 884         27742.43000
 885         27833.23100
 886         27924.27300
 887         28015.55700
 888         28107.08300
 889         28198.85100
 890         28290.86200
 891         28383.11700
 892         28475.61500
 893         28568.35800
 894         28661.34600
 895         28754.57900
 896         28848.05800
 897         28941.78400
 898         29035.75600
 899         29129.97600
 900         29224.44400
 901         29319.16000
 902         29414.12500
 903         29509.33900
 904         29604.80300
 905         29700.51800
 906         29796.48300
 907         29892.70000
 908         29989.16900
 909         30085.89000
 910         30182.86400
 911         30280.09200
 912         30377.57300
 913         30475.30900
 914         30573.30000
 915         30671.54600
 916         30770.04900
 917         30868.80700
 918         30967.82300
 919         31067.09600
 920         31166.62700
 921         31266.41700
 922         31366.46600
 923         31466.77400
 924         31567.34200
 925         31668.17100
 926         31769.26100
 927         31870.61200
 928         31972.22600
 929         32074.10200
 930         32176.24200
 931         32278.64500
 932         32381.31200
 933         32484.24400
 934         32587.44200
 935         32690.90500
 936         32794.63400
 937         32898.63000
 938         33002.89400
 939         33107.42500
 940         33212.22500
 941         33317.29300
 942         33422.63100
 943         33528.23900
 944         33634.11800
 945         33740.26800
 946         33846.68900
 947         33953.38200
 948         34060.34800
 949         34167.58700
 950         34275.10000
 951         34382.88700
 952         34490.94800
 953         34599.28500
 954         34707.89800
 955         34816.78700
 956         34925.95300
 957         35035.39700
 958         35145.11800
 959         35255.11800
 960         35365.39700
 961         35475.95600
 962         35586.79500
 963         35697.91500
 964         35809.31500
 965         35920.99800
 966         36032.96300
 967         36145.21000
 968         36257.74100
 969         36370.55600
 970         36483.65600
 971         36597.04100
 972         36710.71100
 973         36824.66700
 974         36938.91000
 975         37053.44100
 976         37168.25900
 977         37283.36500
 978         37398.76100
 979         37514.44500
 980         37630.42000
 981         37746.68600
 982         37863.24200
 983         37980.09100
 984         38097.23100
 985         38214.66500
 986         38332.39100
 987         38450.41200
 988         38568.72700
 989         38687.33700
 990         38806.24300
 991         38925.44500
 992         39044.94300
 993         39164.73900
 994         39284.83300
 995         39405.22500
 996         39525.91700
 997         39646.90700
 998         39768.19800
 999         39889.79000
1000         40011.68300
1001         40133.87800
1002         40256.37500
1003         40379.17500
1004         40502.27900
1005         40625.68600
1006         40749.39900
1007         40873.41700
1008         40997.74000
1009         41122.37000
1010         41247.30700
1011         41372.55200
1012         41498.10500
1013         41623.96600
1014         41750.13700
1015         41876.61800
1016         42003.40900
1017         42130.51200
1018         42257.92500
1019         42385.65200
1020         42513.69100
1021         42642.04300
1022         42770.70900
1023         42899.69000
1024         43028.98600
1025         43158.59800
1026         43288.52600
1027         43418.77200
1028         43549.33400
1029         43680.21500
1030         43811.41400
1031         43942.93300
1032         44074.77200
1033         44206.93100
1034         44339.41100
1035         44472.21300
1036         44605.33700
1037         44738.78400
1038         44872.55400
1039         45006.64800
1040         45141.06700
1041         45275.81200
1042         45410.88200
1043         45546.27900
1044         45682.00200
1045         45818.05400
1046         45954.43300
1047         46091.14200
1048         46228.18000
1049         46365.54800
1050         46503.24700
1051         46641.27700
1052         46779.63900
1053         46918.33300
1054         47057.36100
1055         47196.72200
1056         47336.41800
1057         47476.44900
1058         47616.81500
1059         47757.51700
1060         47898.55700
1061         48039.93300
1062         48181.64800
1063         48323.70100
1064         48466.09400
1065         48608.82600
1066         48751.89900
1067         48895.31300
1068         49039.06900
1069         49183.16700
1070         49327.60900
1071         49472.39300
1072         49617.52200
1073         49762.99600
1074         49908.81600
1075         50054.98100
1076         50201.49300
1077         50348.35300
1078         50495.56100
1079         50643.11700
1080         50791.02200
1081         50939.27800
1082         51087.88300
1083         51236.84000
1084         51386.14900
1085         51535.81000
1086         51685.82500
1087         51836.19300
1088         51986.91500
1089         52137.99200
1090         52289.42500
1091         52441.21400
1092         52593.36000
1093         52745.86300
1094         52898.72500
1095         53051.94500
1096         53205.52500
1097         53359.46500
1098         53513.76500
1099         53668.42700
1100         53823.45100
1101         53978.83800
1102         54134.58800
1103         54290.70200
1104         54447.18000
1105         54604.02400
1106         54761.23400
1107         54918.81000
1108         55076.75300
1109         55235.06500
1110         55393.74400
1111         55552.79300
1112         55712.21200
1113         55872.00100
1114         56032.16200
1115         56192.69400
1116         56353.59900
1117         56514.87600
1118         56676.52800
1119         56838.55400
1120         57000.95500
1121         57163.73200
1122         57326.88500
1123         57490.41500
1124         57654.32300
1125         57818.61000
1126         57983.27500
1127         58148.32000
1128         58313.74600
1129         58479.55300
1130         58645.74100
1131         58812.31200
1132         58979.26600
1133         59146.60400
1134         59314.32600
1135         59482.43300
1136         59650.92600
1137         59819.80600
1138         59989.07200
1139         60158.72700
1140         60328.77000
1141         60499.20200
1142         60670.02400
1143         60841.23600
1144         61012.84000
1145         61184.83600
1146         61357.22400
1147         61530.00500
1148         61703.18000
1149         61876.75000
1150         62050.71600
1151         62225.07700
1152         62399.83500
1153         62574.99000
1154         62750.54300
1155         62926.49500
1156         63102.84700
1157         63279.59800
1158         63456.75100
1159         63634.30500
1160         63812.26100
1161         63990.62000
1162         64169.38200
1163         64348.54900
1164         64528.12100
1165         64708.09900
1166         64888.48300
1167         65069.27400
1168         65250.47200
1169         65432.08000
1170         65614.09600
1171         65796.52200
1172         65979.35900
1173         66162.60800
1174         66346.26800
1175         66530.34100
1176         66714.82700
1177         66899.72800
1178         67085.04300
1179         67270.77400
1180         67456.92100
1181         67643.48500
1182         67830.46600
1183         68017.86600
1184         68205.68600
1185         68393.92500
1186         68582.58400
1187         68771.66500
1188         68961.16700
1189         69151.09300
1190         69341.44100
1191         69532.21400
1192         69723.41200
1193         69915.03500
1194         70107.08500
1195         70299.56100
1196         70492.46500
1197         70685.79800
1198         70879.56000
1199         71073.75100
1200         71268.37400
1201         71463.42700
1202         71658.91300
1203         71854.83200
1204         72051.18400
1205         72247.97000
1206         72445.19100
1207         72642.84800
1208         72840.94200
1209         73039.47300
1210         73238.44100
1211         73437.84900
1212         73637.69500
1213         73837.98200
1214         74038.71000
1215         74239.87900
1216         74441.49100
1217         74643.54600
1218         74846.04400
1219         75048.98800
1220         75252.37600
1221         75456.21100
1222         75660.49200
1223         75865.22100
1224         76070.39800
1225         76276.02500
1226         76482.10100
1227         76688.62800
1228         76895.60600
1229         77103.03600
1230         77310.91900
1231         77519.25500
1232         77728.04600
1233         77937.29200
1234         78146.99300
1235         78357.15100
1236         78567.76700
1237         78778.84100
1238         78990.37300
1239         79202.36500
1240         79414.81800
1241         79627.73100
1242         79841.10700
1243         80054.94500
1244         80269.24600
1245         80484.01200
1246         80699.24300
1247         80914.93900
1248         81131.10200
1249         81347.73300
1250         81564.83100
1251         81782.39800
1252         82000.43400
1253         82218.94100
1254         82437.91900
1255         82657.36900
1256         82877.29200
1257         83097.68800
1258         83318.55800
1259         83539.90300
1260         83761.72400
1261         83984.02100
1262         84206.79600
1263         84430.04900
1264         84653.78100
1265         84877.99200
1266         85102.68400
1267         85327.85700
1268         85553.51200
1269         85779.65000
1270         86006.27100
1271         86233.37700
1272         86460.96800
1273         86689.04500
1274         86917.60900
1275         87146.66000
1276         87376.20000
1277         87606.22800
1278         87836.74700
1279         88067.75600
1280         88299.25700
1281         88531.25000
1282         88763.73600
1283         88996.71600
1284         89230.19100
1285         89464.16100
1286         89698.62700
1287         89933.59100
1288         90169.05200
1289         90405.01200
1290         90641.47200
1291         90878.43200
1292         91115.89300
1293         91353.85600
1294         91592.32100
1295         91831.29100
1296         92070.76400
1297         92310.74300
1298         92551.22700
1299         92792.21900
1300         93033.71800
1301         93275.72500
1302         93518.24200
1303         93761.26800
1304         94004.80600
1305         94248.85500
1306         94493.41600
1307         94738.49100
1308         94984.08000
1309         95230.18400
1310         95476.80300
1311         95723.94000
1312         95971.59300
1313         96219.76500
1314         96468.45600
1315         96717.66700
1316         96967.39800
1317         97217.65100
1318         97468.42700
1319         97719.72500
1320         97971.54800
1321         98223.89500
1322         98476.76800
1323         98730.16800
1324         98984.09500
1325         99238.55000
1326         99493.53400
1327         99749.04800
1328        100005.09000
1329        100261.67000
1330        100518.78000
1331        100776.42000
1332        101034.60000
1333        101293.31000
1334        101552.55000
1335        101812.34000
1336        102072.66000
1337        102333.52000
1338        102594.91000
1339        102856.85000
1340        103119.33000
1341        103382.35000
1342        103645.91000
1343        103910.02000
1344        104174.67000
1345        104439.87000
1346        104705.61000
1347        104971.90000
1348        105238.73000
1349        105506.12000
1350        105774.05000
1351        106042.53000
1352        106311.57000
1353        106581.16000
1354        106851.30000
1355        107121.99000
1356        107393.24000
1357        107665.04000
1358        107937.40000
1359        108210.32000
1360        108483.79000
1361        108757.82000
1362        109032.42000
1363        109307.57000
1364        109583.29000
1365        109859.56000
1366        110136.41000
1367        110413.81000
1368        110691.78000
1369        110970.32000
1370        111249.42000
1371        111529.09000
1372        111809.33000
1373        112090.13000
1374        112371.51000
1375        112653.46000
1376        112935.98000
1377        113219.08000
1378        113502.74000
1379        113786.99000
1380        114071.80000
1381        114357.20000
1382        114643.17000
1383        114929.72000
1384        115216.85000
1385        115504.55000
1386        115792.84000
1387        116081.72000
1388        116371.17000
1389        116661.21000
1390        116951.83000
1391        117243.03000
1392        117534.83000
1393        117827.21000
1394        118120.18000
1395        118413.73000
1396        118707.88000
1397        119002.62000
1398        119297.95000
1399        119593.87000
1400        119890.38000
1401        120187.49000
1402        120485.20000
1403        120783.50000
1404        121082.40000
1405        121381.89000
1406        121681.99000
1407        121982.68000
1408        122283.97000
1409        122585.87000
1410        122888.37000
1411        123191.47000
1412        123495.18000
1413        123799.49000
1414        124104.41000
1415        124409.93000
1416        124716.07000
1417        125022.81000
1418        125330.16000
1419        125638.12000
1420        125946.70000
1421        126255.89000
1422        126565.69000
1423        126876.10000
1424        127187.13000
1425        127498.78000
1426        127811.04000
1427        128123.92000
1428        128437.43000
1429        128751.55000
1430        129066.29000
1431        129381.65000
1432        129697.64000
1433        130014.25000
1434        130331.48000
1435        130649.35000
1436        130967.83000
1437        131286.95000
1438        131606.69000
1439        131927.06000
1440        132248.07000
1441        132569.70000
1442        132891.97000
1443        133214.87000
1444        133538.40000
1445        133862.57000
1446        134187.38000
1447        134512.82000
1448        134838.90000
1449        135165.62000
1450        135492.97000
1451        135820.97000
1452        136149.61000
1453        136478.90000
1454        136808.82000
1455        137139.40000
1456        137470.61000
1457        137802.48000
1458        138134.99000
1459        138468.15000
1460        138801.96000
1461        139136.42000
1462        139471.53000
1463        139807.29000
1464        140143.70000
1465        140480.77000
1466        140818.50000
1467        141156.88000
1468        141495.92000
1469        141835.62000
1470        142175.97000
1471        142516.99000
1472        142858.66000
1473        143201.00000
1474        143544.00000
1475        143887.67000
1476        144232.00000
1477        144576.99000
1478        144922.66000
1479        145268.99000
1480        145615.99000
1481        145963.66000
1482        146312.00000
1483        146661.01000
1484        147010.69000
1485        147361.05000
1486        147712.08000
1487        148063.79000
1488        148416.18000
1489        148769.24000
1490        149122.98000
1491        149477.40000
1492        149832.50000
1493        150188.28000
1494        150544.75000
1495        150901.90000
1496        151259.73000
1497        151618.25000
1498        151977.46000
1499        152337.35000
1500        152697.94000
1501        153059.21000
1502        153421.17000
1503        153783.82000
1504        154147.17000
1505        154511.21000
1506        154875.95000
1507        155241.38000
1508        155607.50000
1509        155974.33000
1510        156341.85000
1511        156710.08000
1512        157079.00000
1513        157448.62000
1514        157818.95000
1515        158189.98000
1516        158561.72000
1517        158934.16000
1518        159307.31000
1519        159681.17000
1520        160055.74000
1521        160431.01000
1522        160807.00000
1523        161183.70000
1524        161561.11000
1525        161939.23000
1526        162318.07000
1527        162697.63000
1528        163077.90000
1529        163458.89000
1530        163840.60000
1531        164223.03000
1532        164606.18000
1533        164990.06000
1534        165374.65000
1535        165759.97000
1536        166146.02000
1537        166532.79000
1538        166920.29000
1539        167308.52000
1540        167697.48000
1541        168087.17000
1542        168477.58000
1543        168868.74000
1544        169260.62000
1545        169653.24000
1546        170046.60000
1547        170440.69000
1548        170835.52000
1549        171231.09000
1550        171627.40000
1551        172024.45000
1552        172422.24000
1553        172820.78000
1554        173220.05000
1555        173620.08000
1556        174020.85000
1557        174422.37000
1558        174824.63000
1559        175227.65000
1560        175631.41000
1561        176035.93000
1562        176441.20000
1563        176847.22000
1564        177254.00000
1565        177661.53000
1566        178069.82000
1567        178478.87000
1568        178888.68000
1569        179299.25000
1570        179710.58000
1571        180122.67000
1572        180535.52000
1573        180949.14000
1574        181363.52000
1575        181778.67000
1576        182194.59000
1577        182611.27000
1578        183028.73000
1579        183446.95000
1580        183865.95000
1581        184285.72000
1582        184706.27000
1583        185127.59000
1584        185549.69000
1585        185972.56000
1586        186396.21000
1587        186820.64000
1588        187245.85000
1589        187671.85000
1590        188098.62000
1591        188526.18000
1592        188954.53000
1593        189383.66000
1594        189813.58000
1595        190244.28000
1596        190675.78000
1597        191108.06000
1598        191541.14000
1599        191975.01000
1600        192409.67000
1601        192845.13000
1602        193281.39000
1603        193718.44000
1604        194156.29000
1605        194594.93000
1606        195034.38000
1607        195474.63000
1608        195915.68000
1609        196357.54000
1610        196800.20000
1611        197243.67000
1612        197687.94000
1613        198133.02000
1614        198578.91000
1615        199025.61000
1616        199473.13000
1617        199921.45000
1618        200370.59000
1619        200820.54000
1620        201271.31000
1621        201722.90000
1622        202175.31000
1623        202628.53000
1624        203082.57000
1625        203537.44000
1626        203993.13000
1627        204449.64000
1628        204906.98000
1629        205365.14000
1630        205824.13000
1631        206283.95000
1632        206744.60000
1633        207206.08000
1634        207668.39000
1635        208131.53000
1636        208595.51000
1637        209060.32000
1638        209525.97000
1639        209992.46000
1640        210459.78000
1641        210927.95000
1642        211396.95000
1643        211866.80000
1644        212337.49000
1645        212809.02000
1646        213281.40000
1647        213754.63000
1648        214228.71000
1649        214703.63000
1650        215179.40000
1651        215656.03000
1652        216133.51000
1653        216611.84000
1654        217091.02000
1655        217571.06000
1656        218051.96000
1657        218533.72000
1658        219016.33000
1659        219499.81000
1660        219984.15000
1661        220469.35000
1662        220955.41000
1663        221442.35000
1664        221930.14000
1665        222418.81000
1666        222908.34000
1667        223398.74000
1668        223890.01000
1669        224382.16000
1670        224875.18000
1671        225369.07000
1672        225863.84000
1673        226359.49000
1674        226856.01000
1675        227353.41000
1676        227851.70000
1677        228350.86000
1678        228850.91000
1679        229351.84000
1680        229853.66000
1681        230356.37000
1682        230859.96000
1683        231364.44000
1684        231869.81000
1685        232376.07000
1686        232883.22000
1687        233391.27000
1688        233900.21000
1689        234410.05000
1690        234920.78000
1691        235432.42000
1692        235944.95000
1693        236458.38000
1694        236972.72000
1695        237487.96000
1696        238004.10000
1697        238521.15000
1698        239039.10000
1699        239557.96000
1700        240077.73000
1701        240598.42000
1702        241120.01000
1703        241642.52000
1704        242165.94000
1705        242690.27000
1706        243215.52000
1707        243741.69000
1708        244268.78000
1709        244796.79000
1710        245325.72000
1711        245855.57000
1712        246386.35000
1713        246918.05000
1714        247450.68000
1715        247984.23000
1716        248518.71000
1717        249054.13000
1718        249590.47000
1719        250127.75000
1720        250665.96000
1721        251205.10000
1722        251745.18000
1723        252286.20000
1724        252828.15000
1725        253371.05000
1726        253914.89000
1727        254459.66000
1728        255005.39000
1729        255552.05000
1730        256099.67000
1731        256648.23000
1732        257197.73000
1733        257748.19000
1734        258299.60000
1735        258851.96000
1736        259405.27000
1737        259959.54000
1738        260514.77000
1739        261070.95000
1740        261628.09000
1741        262186.19000
1742        262745.25000
1743        263305.27000
1744        263866.26000
1745        264428.21000
1746        264991.12000
1747        265555.00000
1748        266119.86000
1749        266685.68000
1750        267252.47000
1751        267820.23000
1752        268388.97000
1753        268958.68000
1754        269529.37000
1755        270101.04000
1756        270673.68000
1757        271247.31000
1758        271821.91000
1759        272397.50000
1760        272974.07000
1761        273551.63000
1762        274130.17000
1763        274709.70000
1764        275290.22000
1765        275871.72000
1766        276454.22000
1767        277037.72000
1768        277622.20000
1769        278207.68000
1770        278794.16000
1771        279381.64000
1772        279970.11000
1773        280559.58000
1774        281150.06000
1775        281741.54000
1776        282334.02000
1777        282927.51000
1778        283522.01000
1779        284117.51000
1780        284714.02000
1781        285311.54000
1782        285910.08000
1783        286509.63000
1784        287110.19000
1785        287711.77000
1786        288314.36000
1787        288917.98000
1788        289522.61000
1789        290128.27000
1790        290734.94000
1791        291342.64000
1792        291951.37000
1793        292561.12000
1794        293171.90000
1795        293783.71000
1796        294396.55000
1797        295010.42000
1798        295625.32000
1799        296241.26000
1800        296858.23000
1801        297476.24000
1802        298095.29000
1803        298715.38000
1804        299336.51000
1805        299958.68000
1806        300581.89000
1807        301206.15000
1808        301831.46000
1809        302457.81000
1810        303085.21000
1811        303713.66000
1812        304343.16000
1813        304973.72000
1814        305605.33000
1815        306237.99000
1816        306871.71000
1817        307506.49000
1818        308142.33000
1819        308779.23000
1820        309417.19000
1821        310056.22000
1822        310696.31000
1823        311337.46000
1824        311979.69000
1825        312622.98000
1826        313267.34000
1827        313912.78000
1828        314559.28000
1829        315206.86000
1830        315855.52000
1831        316505.26000
1832        317156.07000
1833        317807.96000
1834        318460.93000
1835        319114.99000
1836        319770.13000
1837        320426.35000
1838        321083.66000
1839        321742.06000
1840        322401.55000
1841        323062.13000
1842        323723.80000
1843        324386.56000
1844        325050.42000
1845        325715.38000
1846        326381.43000
1847        327048.58000
1848        327716.83000
1849        328386.18000
1850        329056.64000
1851        329728.20000
1852        330400.86000
1853        331074.64000
1854        331749.52000
1855        332425.51000
1856        333102.61000
1857        333780.82000
1858        334460.15000
1859        335140.60000
1860        335822.16000
1861        336504.84000
1862        337188.64000
1863        337873.56000
1864        338559.60000
1865        339246.76000
1866        339935.05000
1867        340624.47000
1868        341315.02000
1869        342006.69000
1870        342699.50000
1871        343393.43000
1872        344088.50000
1873        344784.71000
1874        345482.05000
1875        346180.53000
1876        346880.15000
1877        347580.91000
1878        348282.81000
1879        348985.86000
1880        349690.05000
1881        350395.38000
1882        351101.87000
1883        351809.50000
1884        352518.28000
1885        353228.22000
1886        353939.31000
1887        354651.55000
1888        355364.95000
1889        356079.50000
1890        356795.22000
1891        357512.10000
1892        358230.13000
1893        358949.34000
1894        359669.70000
1895        360391.23000
1896        361113.93000
1897        361837.80000
1898        362562.84000
1899        363289.05000
1900        364016.44000
1901        364745.00000
1902        365474.73000
1903        366205.64000
1904        366937.73000
1905        367671.01000
1906        368405.46000
1907        369141.10000
1908        369877.92000
1909        370615.93000
1910        371355.13000
1911        372095.51000
1912        372837.09000
1913        373579.86000
1914        374323.82000
1915        375068.98000
1916        375815.33000
1917        376562.88000
1918        377311.63000
1919        378061.58000
1920        378812.74000
1921        379565.09000
1922        380318.66000
1923        381073.42000
1924        381829.40000
1925        382586.59000
1926        383344.99000
1927        384104.60000
1928        384865.42000
1929        385627.46000
1930        386390.72000
1931        387155.19000
1932        387920.89000
1933        388687.81000
1934        389455.95000
1935        390225.31000
1936        390995.90000
1937        391767.72000
1938        392540.76000
1939        393315.04000
1940        394090.55000
1941        394867.29000
1942        395645.26000
1943        396424.47000
1944        397204.92000
1945        397986.61000
1946        398769.54000
1947        399553.71000
1948        400339.13000
1949        401125.79000
1950        401913.69000
1951        402702.85000
1952        403493.25000
1953        404284.91000
1954        405077.82000
1955        405871.98000
1956        406667.40000
1957        407464.08000
1958        408262.01000
1959        409061.20000
1960        409861.66000
1961        410663.38000
1962        411466.36000
1963        412270.61000
1964        413076.13000
1965        413882.92000
1966        414690.98000
1967        415500.31000
1968        416310.91000
1969        417122.79000
1970        417935.95000
1971        418750.38000
1972        419566.09000
1973        420383.09000
1974        421201.37000
1975        422020.93000
1976        422841.78000
1977        423663.92000
1978        424487.34000
1979        425312.06000
1980        426138.07000
1981        426965.37000
1982        427793.97000
1983        428623.86000
1984        429455.05000
1985        430287.55000
1986        431121.34000
1987        431956.43000
1988        432792.84000
1989        433630.54000
1990        434469.56000
1991        435309.88000
1992        436151.51000
1993        436994.46000
1994        437838.72000
1995        438684.29000
1996        439531.19000
1997        440379.40000
1998        441228.93000
1999        442079.78000
2000        442931.95000
2001        443785.45000
2002        444640.28000
2003        445496.43000
2004        446353.91000
2005        447212.73000
2006        448072.87000
2007        448934.35000
2008        449797.17000
2009        450661.32000
2010        451526.81000
2011        452393.64000
2012        453261.82000
2013        454131.33000
2014        455002.20000
2015        455874.41000
2016        456747.96000
2017        457622.87000
2018        458499.13000
2019        459376.74000
2020        460255.70000
2021        461136.02000
2022        462017.70000
2023        462900.74000
2024        463785.14000
2025        464670.90000
2026        465558.02000
2027        466446.51000
2028        467336.37000
2029        468227.60000
2030        469120.20000
2031        470014.17000
2032        470909.51000
2033        471806.23000
2034        472704.32000
2035        473603.79000
2036        474504.65000
2037        475406.88000
2038        476310.50000
2039        477215.50000
2040        478121.89000
2041        479029.67000
2042        479938.84000
2043        480849.39000
2044        481761.35000
2045        482674.69000
2046        483589.43000
2047        484505.57000
2048        485423.11000
2049        486342.05000
2050        487262.39000
2051        488184.14000
2052        489107.29000
2053        490031.85000
2054        490957.82000
2055        491885.20000
2056        492813.99000
2057        493744.19000
2058        494675.82000
2059        495608.85000
2060        496543.31000
2061        497479.19000
2062        498416.49000
2063        499355.21000
2064        500295.36000
2065        501236.94000
2066        502179.94000
2067        503124.38000
2068        504070.25000
2069        505017.55000
2070        505966.28000
2071        506916.46000
2072        507868.07000
2073        508821.12000
2074        509775.61000
2075        510731.55000
2076        511688.93000
2077        512647.76000
2078        513608.04000
2079        514569.77000
2080        515532.95000
2081        516497.58000
2082        517463.67000
2083        518431.21000
2084        519400.22000
2085        520370.68000
2086        521342.61000
2087        522316.00000
2088        523290.85000
2089        524267.17000
2090        525244.96000
2091        526224.22000
2092        527204.95000
2093        528187.16000
2094        529170.84000
2095        530155.99000
2096        531142.63000
2097        532130.74000
2098        533120.34000
2099        534111.42000
2100        535103.99000
2101        536098.04000
2102        537093.59000
2103        538090.62000
2104        539089.14000
2105        540089.16000
2106        541090.68000
2107        542093.69000
2108        543098.20000
2109        544104.21000
2110        545111.72000
2111        546120.73000
2112        547131.26000
2113        548143.29000
2114        549156.82000
2115        550171.87000
2116        551188.44000
2117        552206.51000
2118        553226.10000
2119        554247.21000
2120        555269.84000
2121        556293.99000
2122        557319.66000
2123        558346.86000
2124        559375.58000
2125        560405.83000
2126        561437.61000
2127        562470.92000
2128        563505.77000
2129        564542.15000
2130        565580.06000
2131        566619.51000
2132        567660.51000
2133        568703.04000
2134        569747.12000
2135        570792.75000
2136        571839.92000
2137        572888.64000
2138        573938.91000
2139        574990.73000
2140        576044.10000
2141        577099.03000
2142        578155.52000
2143        579213.57000
2144        580273.18000
2145        581334.35000
2146        582397.08000
2147        583461.38000
2148        584527.25000
2149        585594.69000
2150        586663.70000
2151        587734.28000
2152        588806.44000
2153        589880.17000
2154        590955.48000
2155        592032.38000
2156        593110.85000
2157        594190.91000
2158        595272.55000
2159        596355.78000
2160        597440.60000
2161        598527.01000
2162        599615.01000
2163        600704.60000
2164        601795.79000
2165        602888.58000
2166        603982.97000
2167        605078.96000
2168        606176.55000
2169        607275.75000
2170        608376.56000
2171        609478.97000
2172        610582.99000
2173        611688.62000
2174        612795.87000
2175        613904.74000
2176        615015.22000
2177        616127.32000
2178        617241.04000
2179        618356.38000
2180        619473.35000
2181        620591.94000
2182        621712.16000
2183        622834.02000
2184        623957.50000
2185        625082.62000
2186        626209.37000
2187        627337.76000
2188        628467.79000
2189        629599.45000
2190        630732.76000
2191        631867.72000
2192        633004.32000
2193        634142.57000
2194        635282.47000
2195        636424.02000
2196        637567.22000
2197        638712.08000
2198        639858.59000
2199        641006.77000
2200        642156.60000
2201        643308.10000
2202        644461.26000
2203        645616.09000
2204        646772.58000
2205        647930.75000
2206        649090.58000
2207        650252.09000
2208        651415.28000
2209        652580.14000
2210        653746.68000
2211        654914.90000
2212        656084.80000
2213        657256.39000
2214        658429.66000
2215        659604.62000
2216        660781.27000
2217        661959.62000
2218        663139.65000
2219        664321.39000
2220        665504.81000
2221        666689.94000
2222        667876.77000
2223        669065.30000
2224        670255.54000
2225        671447.48000
2226        672641.13000
2227        673836.49000
2228        675033.57000
2229        676232.35000
2230        677432.86000
2231        678635.08000
2232        679839.02000
2233        681044.68000
2234        682252.06000
2235        683461.17000
2236        684672.01000
2237        685884.57000
2238        687098.87000
2239        688314.89000
2240        689532.66000
2241        690752.16000
2242        691973.39000
2243        693196.37000
2244        694421.09000
2245        695647.55000
2246        696875.76000
2247        698105.71000
2248        699337.42000
2249        700570.88000
2250        701806.09000
2251        703043.05000
2252        704281.77000
2253        705522.25000
2254        706764.49000
2255        708008.50000
2256        709254.27000
2257        710501.80000
2258        711751.11000
2259        713002.18000
2260        714255.02000
2261        715509.64000
2262        716766.04000
2263        718024.21000
2264        719284.17000
2265        720545.90000
2266        721809.42000
2267        723074.72000
2268        724341.82000
2269        725610.70000
2270        726881.37000
2271        728153.83000
2272        729428.09000
2273        730704.15000
2274        731982.01000
2275        733261.66000
2276        734543.12000
2277        735826.39000
2278        737111.46000
2279        738398.34000
2280        739687.03000
2281        740977.53000
2282        742269.85000
2283        743563.98000
2284        744859.93000
2285        746157.70000
2286        747457.30000
2287        748758.71000
2288        750061.96000
2289        751367.03000
2290        752673.93000
2291        753982.66000
2292        755293.23000
2293        756605.63000
2294        757919.87000
2295        759235.95000
2296        760553.87000
2297        761873.63000
2298        763195.24000
2299        764518.70000
2300        765844.00000
2301        767171.16000
2302        768500.17000
2303        769831.04000
2304        771163.76000
2305        772498.34000
2306        773834.78000
2307        775173.09000
2308        776513.26000
2309        777855.30000
2310        779199.21000
2311        780544.99000
2312        781892.64000
2313        783242.16000
2314        784593.56000
2315        785946.85000
2316        787302.01000
2317        788659.05000
2318        790017.98000
2319        791378.80000
2320        792741.51000
2321        794106.10000
2322        795472.59000
2323        796840.97000
2324        798211.25000
2325        799583.43000
2326        800957.51000
2327        802333.50000
2328        803711.38000
2329        805091.18000
2330        806472.88000
2331        807856.49000
2332        809242.02000
2333        810629.46000
2334        812018.82000
2335        813410.09000
2336        814803.29000
2337        816198.41000
2338        817595.45000
2339        818994.42000
2340        820395.32000
2341        821798.15000
2342        823202.91000
2343        824609.61000
2344        826018.25000
2345        827428.82000
2346        828841.33000
2347        830255.79000
2348        831672.19000
2349        833090.54000
2350        834510.84000
2351        835933.09000
2352        837357.29000
2353        838783.45000
2354        840211.56000
2355        841641.64000
2356        843073.67000
2357        844507.67000
2358        845943.63000
2359        847381.56000
2360        848821.46000
2361        850263.33000
2362        851707.17000
2363        853152.99000
2364        854600.79000
2365        856050.57000
2366        857502.32000
2367        858956.07000
2368        860411.79000
2369        861869.51000
2370        863329.21000
2371        864790.91000
2372        866254.60000
2373        867720.29000
2374        869187.97000
2375        870657.66000
2376        872129.35000
2377        873603.04000
2378        875078.74000
2379        876556.44000
2380        878036.16000
2381        879517.89000
2382        881001.63000
2383        882487.39000
2384        883975.17000
2385        885464.97000
2386        886956.79000
2387        888450.64000
2388        889946.52000
2389        891444.42000
2390        892944.36000
2391        894446.33000
2392        895950.33000
2393        897456.37000
2394        898964.45000
2395        900474.58000
2396        901986.74000
2397        903500.95000
2398        905017.22000
2399        906535.53000
2400        908055.89000
2401        909578.31000
2402        911102.78000
2403        912629.31000
2404        914157.90000
2405        915688.56000
2406        917221.28000
2407        918756.07000
2408        920292.92000
2409        921831.85000
2410        923372.85000
2411        924915.93000
2412        926461.08000
2413        928008.31000
2414        929557.63000
2415        931109.03000
2416        932662.51000
2417        934218.08000
2418        935775.75000
2419        937335.50000
2420        938897.35000
2421        940461.30000
2422        942027.34000
2423        943595.49000
2424        945165.74000
2425        946738.09000
2426        948312.56000
2427        949889.13000
2428        951467.81000
2429        953048.61000
2430        954631.52000
2431        956216.55000
2432        957803.70000
2433        959392.97000
2434        960984.37000
2435        962577.89000
2436        964173.55000
2437        965771.33000
2438        967371.25000
2439        968973.30000
2440        970577.49000
2441        972183.82000
2442        973792.29000
2443        975402.90000
2444        977015.66000
2445        978630.57000
2446        980247.63000
2447        981866.84000
2448        983488.21000
2449        985111.73000
2450        986737.41000
2451        988365.25000
2452        989995.26000
2453        991627.43000
2454        993261.77000
2455        994898.28000
2456        996536.97000
2457        998177.82000
2458        999820.86000
2459       1001466.10000
2460       1003113.50000
2461       1004763.00000
2462       1006414.80000
2463       1008068.70000
2464       1009724.90000
2465       1011383.20000
2466       1013043.70000
2467       1014706.50000
2468       1016371.40000
2469       1018038.50000
2470       1019707.80000
2471       1021379.30000
2472       1023053.10000
2473       1024729.00000
2474       1026407.20000
2475       1028087.60000
2476       1029770.10000
2477       1031454.90000
2478       1033142.00000
2479       1034831.20000
2480       1036522.70000
2481       1038216.40000
2482       1039912.30000
2483       1041610.50000
2484       1043310.90000
2485       1045013.50000
2486       1046718.40000
2487       1048425.50000
2488       1050134.80000
2489       1051846.40000
2490       1053560.30000
2491       1055276.40000
2492       1056994.70000
2493       1058715.30000
2494       1060438.20000
2495       1062163.30000
2496       1063890.70000
2497       1065620.30000
2498       1067352.20000
2499       1069086.40000
2500       1070822.80000
2501       1072561.50000
2502       1074302.50000
2503       1076045.80000
2504       1077791.30000
2505       1079539.10000
2506       1081289.20000
2507       1083041.60000
2508       1084796.30000
2509       1086553.30000
2510       1088312.50000
2511       1090074.10000
2512       1091837.90000
2513       1093604.10000
2514       1095372.50000
2515       1097143.30000
2516       1098916.40000
2517       1100691.70000
2518       1102469.40000
2519       1104249.40000
2520       1106031.70000
2521       1107816.30000
2522       1109603.30000
2523       1111392.60000
2524       1113184.10000
2525       1114978.10000
2526       1116774.30000
2527       1118572.90000
2528       1120373.80000
2529       1122177.00000
2530       1123982.60000
2531       1125790.50000
2532       1127600.80000
2533       1129413.40000
2534       1131228.40000
2535       1133045.70000
2536       1134865.40000
2537       1136687.40000
2538       1138511.70000
2539       1140338.50000
2540       1142167.50000
2541       1143999.00000
2542       1145832.80000
2543       1147669.00000
2544       1149507.60000
2545       1151348.50000
2546       1153191.80000
2547       1155037.50000
2548       1156885.50000
2549       1158736.00000
2550       1160588.80000
2551       1162444.00000
2552       1164301.60000
2553       1166161.60000
2554       1168024.00000
2555       1169888.80000
2556       1171755.90000
2557       1173625.50000
2558       1175497.50000
2559       1177371.90000
2560       1179248.70000
2561       1181127.90000
2562       1183009.50000
2563       1184893.50000
2564       1186780.00000
2565       1188668.80000
2566       1190560.10000
2567       1192453.80000
2568       1194350.00000
2569       1196248.50000
2570       1198149.50000
2571       1200053.00000
2572       1201958.80000
2573       1203867.10000
2574       1205777.90000
2575       1207691.10000
2576       1209606.70000
2577       1211524.80000
2578       1213445.30000
2579       1215368.30000
2580       1217293.70000
2581       1219221.60000
2582       1221152.00000
2583       1223084.80000
2584       1225020.10000
2585       1226957.80000
2586       1228898.00000
2587       1230840.70000
2588       1232785.90000
2589       1234733.50000
2590       1236683.60000
2591       1238636.20000
2592       1240591.30000
2593       1242548.80000
2594       1244508.90000
2595       1246471.40000
2596       1248436.40000
2597       1250404.00000
2598       1252374.00000
2599       1254346.50000
2600       1256321.60000
2601       1258299.10000
2602       1260279.10000
2603       1262261.70000
2604       1264246.70000
2605       1266234.30000
2606       1268224.40000
2607       1270217.00000
2608       1272212.10000
2609       1274209.80000
2610       1276210.00000
2611       1278212.70000
2612       1280217.90000
2613       1282225.70000
2614       1284236.00000
2615       1286248.90000
2616       1288264.30000
2617       1290282.20000
2618       1292302.70000
2619       1294325.70000
2620       1296351.30000
2621       1298379.40000
2622       1300410.10000
2623       1302443.40000
2624       1304479.20000
2625       1306517.50000
2626       1308558.50000
2627       1310602.00000
2628       1312648.10000
2629       1314696.70000
2630       1316747.90000
2631       1318801.70000
2632       1320858.10000
2633       1322917.10000
2634       1324978.60000
2635       1327042.70000
2636       1329109.50000
2637       1331178.80000
2638       1333250.70000
2639       1335325.20000
2640       1337402.30000
2641       1339482.00000
2642       1341564.30000
2643       1343649.30000
2644       1345736.80000
2645       1347826.90000
2646       1349919.70000
2647       1352015.10000
2648       1354113.10000
2649       1356213.70000
2650       1358316.90000
2651       1360422.80000
2652       1362531.30000
2653       1364642.40000
2654       1366756.20000
2655       1368872.60000
2656       1370991.60000
2657       1373113.30000
2658       1375237.60000
2659       1377364.60000
2660       1379494.20000
2661       1381626.50000
2662       1383761.40000
2663       1385899.00000
2664       1388039.30000
2665       1390182.20000
2666       1392327.80000
2667       1394476.00000
2668       1396626.90000
2669       1398780.50000
2670       1400936.70000
2671       1403095.70000
2672       1405257.30000
2673       1407421.60000
2674       1409588.60000
2675       1411758.20000
2676       1413930.60000
2677       1416105.60000
2678       1418283.40000
2679       1420463.80000
2680       1422647.00000
2681       1424832.80000
2682       1427021.30000
2683       1429212.60000
2684       1431406.60000
2685       1433603.20000
2686       1435802.60000
2687       1438004.70000
2688       1440209.60000
2689       1442417.10000
2690       1444627.40000
2691       1446840.40000
2692       1449056.10000
2693       1451274.60000
2694       1453495.80000
2695       1455719.70000
2696       1457946.40000
2697       1460175.80000
2698       1462408.00000
2699       1464642.90000
2700       1466880.60000
2701       1469121.00000
2702       1471364.20000
2703       1473610.10000
2704       1475858.80000
2705       1478110.30000
2706       1480364.50000
2707       1482621.50000
2708       1484881.30000
2709       1487143.80000
2710       1489409.10000
2711       1491677.20000
2712       1493948.10000
2713       1496221.70000
2714       1498498.20000
2715       1500777.40000
2716       1503059.40000
2717       1505344.30000
2718       1507631.90000
2719       1509922.30000
2720       1512215.50000
2721       1514511.60000
2722       1516810.40000
2723       1519112.00000
2724       1521416.50000
2725       1523723.80000
2726       1526033.80000
2727       1528346.80000
2728       1530662.50000
2729       1532981.10000
2730       1535302.40000
2731       1537626.70000
2732       1539953.70000
2733       1542283.60000
2734       1544616.30000
2735       1546951.90000
2736       1549290.30000
2737       1551631.60000
2738       1553975.70000
2739       1556322.60000
2740       1558672.40000
2741       1561025.10000
2742       1563380.60000
2743       1565739.00000
2744       1568100.30000
2745       1570464.40000
2746       1572831.40000
2747       1575201.30000
2748       1577574.00000
2749       1579949.70000
2750       1582328.20000
2751       1584709.60000
2752       1587093.80000
2753       1589481.00000
2754       1591871.00000
2755       1594264.00000
2756       1596659.80000
2757       1599058.60000
2758       1601460.20000
2759       1603864.80000
2760       1606272.20000
2761       1608682.60000
2762       1611095.90000
2763       1613512.10000
2764       1615931.20000
2765       1618353.20000
2766       1620778.20000
2767       1623206.10000
2768       1625636.90000
2769       1628070.70000
2770       1630507.30000
2771       1632947.00000
2772       1635389.50000
2773       1637835.00000
2774       1640283.50000
2775       1642734.80000
2776       1645189.20000
2777       1647646.50000
2778       1650106.70000
2779       1652569.90000
2780       1655036.10000
2781       1657505.20000
2782       1659977.30000
2783       1662452.40000
2784       1664930.50000
2785       1667411.50000
2786       1669895.50000
2787       1672382.40000
2788       1674872.40000
2789       1677365.30000
2790       1679861.30000
2791       1682360.20000
2792       1684862.10000
2793       1687367.00000
2794       1689874.90000
2795       1692385.80000
2796       1694899.70000
2797       1697416.70000
2798       1699936.60000
2799       1702459.50000
2800       1704985.50000
2801       1707514.50000
2802       1710046.50000
2803       1712581.50000
2804       1715119.50000
2805       1717660.60000
2806       1720204.70000
2807       1722751.90000
2808       1725302.00000
2809       1727855.30000
2810       1730411.50000
2811       1732970.80000
2812       1735533.20000
2813       1738098.60000
2814       1740667.10000
2815       1743238.60000
2816       1745813.10000
2817       1748390.80000
2818       1750971.50000
2819       1753555.30000
2820       1756142.10000
2821       1758732.00000
2822       1761325.00000
2823       1763921.10000
2824       1766520.20000
2825       1769122.40000
2826       1771727.80000
2827       1774336.20000
2828       1776947.70000
2829       1779562.30000
2830       1782180.00000
2831       1784800.80000
2832       1787424.70000
2833       1790051.70000
2834       1792681.80000
2835       1795315.00000
2836       1797951.30000
2837       1800590.80000
2838       1803233.40000
2839       1805879.10000
2840       1808527.90000
2841       1811179.90000
2842       1813835.00000
2843       1816493.20000
2844       1819154.50000
2845       1821819.00000
2846       1824486.70000
2847       1827157.50000
2848       1829831.40000
2849       1832508.50000
2850       1835188.70000
2851       1837872.10000
2852       1840558.70000
2853       1843248.40000
2854       1845941.30000
2855       1848637.30000
2856       1851336.50000
2857       1854038.90000
2858       1856744.50000
2859       1859453.30000
2860       1862165.20000
2861       1864880.30000
2862       1867598.60000
2863       1870320.10000
2864       1873044.80000
2865       1875772.70000
2866       1878503.80000
2867       1881238.10000
2868       1883975.50000
2869       1886716.20000
2870       1889460.10000
2871       1892207.30000
2872       1894957.60000
2873       1897711.20000
2874       1900467.90000
2875       1903228.00000
2876       1905991.20000
2877       1908757.60000
2878       1911527.30000
2879       1914300.30000
2880       1917076.40000
2881       1919855.90000
2882       1922638.50000
2883       1925424.40000
2884       1928213.60000
2885       1931006.00000
2886       1933801.70000
2887       1936600.60000
2888       1939402.80000
2889       1942208.20000
2890       1945016.90000
2891       1947828.90000
2892       1950644.20000
2893       1953462.70000
2894       1956284.50000
2895       1959109.70000
2896       1961938.00000
2897       1964769.70000
2898       1967604.70000
2899       1970442.90000
2900       1973284.50000
2901       1976129.30000
2902       1978977.50000
2903       1981829.00000
2904       1984683.70000
2905       1987541.80000
2906       1990403.20000
2907       1993267.90000
2908       1996136.00000
2909       1999007.30000
2910       2001882.00000
2911       2004760.00000
2912       2007641.40000
2913       2010526.00000
2914       2013414.10000
2915       2016305.40000
2916       2019200.10000
2917       2022098.20000
2918       2024999.60000
2919       2027904.30000
2920       2030812.40000
2921       2033723.90000
2922       2036638.70000
2923       2039556.90000
2924       2042478.40000
2925       2045403.30000
2926       2048331.60000
2927       2051263.30000
2928       2054198.40000
2929       2057136.80000
2930       2060078.60000
2931       2063023.80000
2932       2065972.40000
2933       2068924.40000
2934       2071879.80000
2935       2074838.50000
2936       2077800.70000
2937       2080766.30000
2938       2083735.30000
2939       2086707.70000
2940       2089683.50000
2941       2092662.80000
2942       2095645.40000
2943       2098631.50000
2944       2101621.00000
2945       2104614.00000
2946       2107610.30000
2947       2110610.10000
2948       2113613.40000
2949       2116620.00000
2950       2119630.20000
2951       2122643.70000
2952       2125660.80000
2953       2128681.20000
2954       2131705.20000
2955       2134732.60000
2956       2137763.40000
2957       2140797.70000
2958       2143835.50000
2959       2146876.80000
2960       2149921.50000
2961       2152969.70000
2962       2156021.40000
2963       2159076.60000
2964       2162135.20000
2965       2165197.40000
2966       2168263.00000
2967       2171332.10000
2968       2174404.80000
2969       2177480.90000
2970       2180560.50000
2971       2183643.70000
2972       2186730.30000
2973       2189820.50000
2974       2192914.20000
2975       2196011.40000
2976       2199112.10000
2977       2202216.30000
2978       2205324.10000
2979       2208435.40000
2980       2211550.20000
2981       2214668.60000
2982       2217790.50000
2983       2220916.00000
2984       2224045.00000
2985       2227177.60000
2986       2230313.70000
2987       2233453.30000
2988       2236596.60000
2989       2239743.30000
2990       2242893.70000
2991       2246047.60000
2992       2249205.10000
2993       2252366.20000
2994       2255530.80000
2995       2258699.00000
2996       2261870.80000
2997       2265046.20000
2998       2268225.20000
2999       2271407.80000
3000       2274593.90000
3001       2277783.70000
3002       2280977.10000
3003       2284174.10000
3004       2287374.60000
3005       2290578.80000
3006       2293786.60000
3007       2296998.00000
3008       2300213.10000
3009       2303431.80000
3010       2306654.00000
3011       2309880.00000
3012       2313109.50000
3013       2316342.70000
3014       2319579.50000
3015       2322820.00000
3016       2326064.10000
3017       2329311.90000
3018       2332563.30000
3019       2335818.40000
3020       2339077.10000
3021       2342339.50000
3022       2345605.50000
3023       2348875.20000
3024       2352148.60000
3025       2355425.70000
3026       2358706.40000
3027       2361990.80000
3028       2365278.90000
3029       2368570.70000
3030       2371866.20000
3031       2375165.40000
3032       2378468.20000
3033       2381774.80000
3034       2385085.00000
3035       2388399.00000
3036       2391716.70000
3037       2395038.00000
3038       2398363.10000
3039       2401691.90000
3040       2405024.50000
3041       2408360.70000
3042       2411700.70000
3043       2415044.40000
3044       2418391.80000
3045       2421743.00000
3046       2425097.90000
3047       2428456.60000
3048       2431819.00000
3049       2435185.10000
3050       2438555.00000
3051       2441928.70000
3052       2445306.10000
3053       2448687.30000
3054       2452072.20000
3055       2455460.90000
3056       2458853.40000
3057       2462249.70000
3058       2465649.70000
3059       2469053.50000
3060       2472461.10000
3061       2475872.50000
3062       2479287.60000
3063       2482706.60000
3064       2486129.40000
3065       2489555.90000
3066       2492986.30000
3067       2496420.40000
3068       2499858.40000
3069       2503300.20000
3070       2506745.80000
3071       2510195.20000
3072       2513648.50000
3073       2517105.50000
3074       2520566.40000
3075       2524031.20000
3076       2527499.70000
3077       2530972.10000
3078       2534448.40000
3079       2537928.40000
3080       2541412.40000
3081       2544900.10000
3082       2548391.80000
3083       2551887.30000
3084       2555386.60000
3085       2558889.80000
3086       2562396.90000
3087       2565907.90000
3088       2569422.70000
3089       2572941.40000
3090       2576464.00000
3091       2579990.40000
3092       2583520.80000
3093       2587055.00000
3094       2590593.20000
3095       2594135.20000
3096       2597681.10000
3097       2601231.00000
3098       2604784.70000
3099       2608342.30000
3100       2611903.90000
3101       2615469.40000
3102       2619038.80000
3103       2622612.10000
3104       2626189.30000
3105       2629770.50000
3106       2633355.60000
3107       2636944.60000
3108       2640537.60000
3109       2644134.50000
3110       2647735.40000
3111       2651340.20000
3112       2654948.90000
3113       2658561.60000
3114       2662178.30000
3115       2665798.90000
3116       2669423.50000
3117       2673052.10000
3118       2676684.60000
3119       2680321.10000
3120       2683961.60000
3121       2687606.10000
3122       2691254.60000
3123       2694907.00000
3124       2698563.40000
3125       2702223.90000
3126       2705888.30000
3127       2709556.70000
3128       2713229.10000
3129       2716905.60000
3130       2720586.00000
3131       2724270.50000
3132       2727959.00000
3133       2731651.40000
3134       2735348.00000
3135       2739048.50000
3136       2742753.10000
3137       2746461.70000
3138       2750174.40000
3139       2753891.10000
3140       2757611.80000
3141       2761336.60000
3142       2765065.40000
3143       2768798.30000
3144       2772535.30000
3145       2776276.30000
3146       2780021.30000
3147       2783770.50000
3148       2787523.70000
3149       2791281.00000
3150       2795042.30000
3151       2798807.80000
3152       2802577.30000
3153       2806350.90000
3154       2810128.60000
3155       2813910.40000
3156       2817696.30000
3157       2821486.30000
3158       2825280.40000
3159       2829078.60000
3160       2832880.90000
3161       2836687.40000
3162       2840497.90000
3163       2844312.60000
3164       2848131.40000
3165       2851954.30000
3166       2855781.40000
3167       2859612.60000
3168       2863447.90000
3169       2867287.40000
3170       2871131.00000
3171       2874978.70000
3172       2878830.70000
3173       2882686.70000
3174       2886547.00000
3175       2890411.40000
3176       2894279.90000
3177       2898152.60000
3178       2902029.50000
3179       2905910.60000
3180       2909795.90000
3181       2913685.30000
3182       2917578.90000
3183       2921476.70000
3184       2925378.70000
3185       2929284.90000
3186       2933195.30000
3187       2937109.90000
3188       2941028.70000
3189       2944951.70000
3190       2948879.00000
3191       2952810.40000
3192       2956746.10000
3193       2960685.90000
3194       2964630.10000
3195       2968578.40000
3196       2972531.00000
3197       2976487.80000
3198       2980448.90000
3199       2984414.10000
3200       2988383.70000
3201       2992357.50000
3202       2996335.50000
3203       3000317.90000
3204       3004304.40000
3205       3008295.30000
3206       3012290.40000
3207       3016289.70000
3208       3020293.40000
3209       3024301.30000
3210       3028313.50000
3211       3032330.00000
3212       3036350.80000
3213       3040375.90000
3214       3044405.30000
3215       3048438.90000
3216       3052476.90000
3217       3056519.20000
3218       3060565.80000
3219       3064616.70000
3220       3068671.90000
3221       3072731.40000
3222       3076795.30000
3223       3080863.50000
3224       3084936.00000
3225       3089012.90000
3226       3093094.10000
3227       3097179.60000
3228       3101269.50000
3229       3105363.70000
3230       3109462.30000
3231       3113565.20000
3232       3117672.50000
3233       3121784.20000
3234       3125900.20000
3235       3130020.60000
3236       3134145.30000
3237       3138274.50000
3238       3142408.00000
3239       3146545.90000
3240       3150688.20000
3241       3154834.90000
3242       3158985.90000
3243       3163141.40000
3244       3167301.30000
3245       3171465.50000
3246       3175634.20000
3247       3179807.30000
3248       3183984.80000
3249       3188166.80000
3250       3192353.10000
3251       3196543.90000
3252       3200739.10000
3253       3204938.70000
3254       3209142.80000
3255       3213351.30000
3256       3217564.30000
3257       3221781.70000
3258       3226003.50000
3259       3230229.80000
3260       3234460.60000
3261       3238695.80000
3262       3242935.50000
3263       3247179.70000
3264       3251428.30000
3265       3255681.40000
3266       3259939.00000
3267       3264201.10000
3268       3268467.60000
3269       3272738.70000
3270       3277014.20000
3271       3281294.20000
3272       3285578.80000
3273       3289867.80000
3274       3294161.40000
3275       3298459.40000
3276       3302762.00000
3277       3307069.10000
3278       3311380.70000
3279       3315696.80000
3280       3320017.50000
3281       3324342.70000
3282       3328672.50000
3283       3333006.70000
3284       3337345.60000
3285       3341688.90000
3286       3346036.80000
3287       3350389.30000
3288       3354746.30000
3289       3359107.90000
3290       3363474.10000
3291       3367844.80000
3292       3372220.10000
3293       3376600.00000
3294       3380984.50000
3295       3385373.50000
3296       3389767.10000
3297       3394165.30000
3298       3398568.20000
3299       3402975.60000
3300       3407387.60000
3301       3411804.20000
3302       3416225.40000
3303       3420651.30000
3304       3425081.70000
3305       3429516.80000
3306       3433956.50000
3307       3438400.80000
3308       3442849.80000
3309       3447303.40000
3310       3451761.60000
3311       3456224.50000
3312       3460692.00000
3313       3465164.10000
3314       3469641.00000
3315       3474122.40000
3316       3478608.60000
3317       3483099.40000
3318       3487594.80000
3319       3492095.00000
3320       3496599.80000
3321       3501109.30000
3322       3505623.40000
3323       3510142.30000
3324       3514665.80000
3325       3519194.10000
3326       3523727.00000
3327       3528264.60000
3328       3532807.00000
3329       3537354.00000
3330       3541905.80000
3331       3546462.30000
3332       3551023.50000
3333       3555589.40000
3334       3560160.00000
3335       3564735.40000
3336       3569315.50000
3337       3573900.40000
3338       3578490.00000
3339       3583084.30000
3340       3587683.40000
3341       3592287.20000
3342       3596895.80000
3343       3601509.20000
3344       3606127.30000
3345       3610750.20000
3346       3615377.80000
3347       3620010.20000
3348       3624647.40000
3349       3629289.40000
3350       3633936.20000
3351       3638587.80000
3352       3643244.10000
3353       3647905.30000
3354       3652571.20000
3355       3657242.00000
3356       3661917.60000
3357       3666597.90000
3358       3671283.10000
3359       3675973.20000
3360       3680668.00000
3361       3685367.70000
3362       3690072.20000
3363       3694781.50000
3364       3699495.70000
3365       3704214.70000
3366       3708938.60000
3367       3713667.30000
3368       3718400.80000
3369       3723139.30000
3370       3727882.50000
3371       3732630.70000
3372       3737383.70000
3373       3742141.60000
3374       3746904.40000
3375       3751672.00000
3376       3756444.50000
3377       3761222.00000
3378       3766004.30000
3379       3770791.50000
3380       3775583.60000
3381       3780380.60000
3382       3785182.50000
3383       3789989.30000
3384       3794801.10000
3385       3799617.70000
3386       3804439.30000
3387       3809265.80000
3388       3814097.20000
3389       3818933.60000
3390       3823774.90000
3391       3828621.20000
3392       3833472.30000
3393       3838328.50000
3394       3843189.60000
3395       3848055.60000
3396       3852926.60000
3397       3857802.60000
3398       3862683.50000
3399       3867569.50000
3400       3872460.30000
3401       3877356.20000
3402       3882257.10000
3403       3887162.90000
3404       3892073.70000
3405       3896989.50000
3406       3901910.40000
3407       3906836.20000
3408       3911767.00000
3409       3916702.90000
3410       3921643.70000
3411       3926589.60000
3412       3931540.50000
3413       3936496.40000
3414       3941457.30000
3415       3946423.30000
3416       3951394.30000
3417       3956370.40000
3418       3961351.50000
3419       3966337.60000
3420       3971328.90000
3421       3976325.10000
3422       3981326.40000
3423       3986332.80000
3424       3991344.30000
3425       3996360.80000
3426       4001382.40000
3427       4006409.10000
3428       4011440.90000
3429       4016477.70000
3430       4021519.70000
3431       4026566.70000
3432       4031618.80000
3433       4036676.10000
3434       4041738.40000
3435       4046805.90000
3436       4051878.50000
3437       4056956.20000
3438       4062039.00000
3439       4067126.90000
3440       4072220.00000
3441       4077318.20000
3442       4082421.60000
3443       4087530.10000
3444       4092643.70000
3445       4097762.50000
3446       4102886.40000
3447       4108015.50000
3448       4113149.80000
3449       4118289.20000
3450       4123433.80000
3451       4128583.60000
3452       4133738.50000
3453       4138898.70000
3454       4144064.00000
3455       4149234.50000
3456       4154410.20000
3457       4159591.10000
3458       4164777.20000
3459       4169968.50000
3460       4175165.00000
3461       4180366.70000
3462       4185573.70000
3463       4190785.80000
3464       4196003.20000
3465       4201225.90000
3466       4206453.70000
3467       4211686.80000
3468       4216925.10000
3469       4222168.70000
3470       4227417.50000
3471       4232671.60000
3472       4237931.00000
3473       4243195.60000
3474       4248465.40000
3475       4253740.50000
3476       4259021.00000
3477       4264306.60000
3478       4269597.60000
3479       4274893.80000
3480       4280195.40000
3481       4285502.20000
3482       4290814.30000
3483       4296131.80000
3484       4301454.50000
3485       4306782.60000
3486       4312115.90000
3487       4317454.60000
3488       4322798.60000
3489       4328147.90000
3490       4333502.50000
3491       4338862.50000
3492       4344227.80000
3493       4349598.50000
3494       4354974.50000
3495       4360355.90000
3496       4365742.60000
3497       4371134.60000
3498       4376532.10000
3499       4381934.90000
3500       4387343.00000
3501       4392756.60000
3502       4398175.50000
3503       4403599.80000
3504       4409029.50000
3505       4414464.50000
3506       4419905.00000
3507       4425350.80000
3508       4430802.10000
3509       4436258.80000
3510       4441720.90000
3511       4447188.40000
3512       4452661.30000
3513       4458139.60000
3514       4463623.40000
3515       4469112.60000
3516       4474607.20000
3517       4480107.20000
3518       4485612.80000
3519       4491123.70000
3520       4496640.10000
3521       4502162.00000
3522       4507689.30000
3523       4513222.10000
3524       4518760.30000
3525       4524304.00000
3526       4529853.20000
3527       4535407.90000
3528       4540968.10000
3529       4546533.70000
3530       4552104.90000
3531       4557681.50000
3532       4563263.60000
3533       4568851.30000
3534       4574444.40000
3535       4580043.10000
3536       4585647.20000
3537       4591256.90000
3538       4596872.20000
3539       4602492.90000
3540       4608119.20000
3541       4613751.00000
3542       4619388.40000
3543       4625031.30000
3544       4630679.70000
3545       4636333.70000
3546       4641993.30000
3547       4647658.40000
3548       4653329.10000
3549       4659005.40000
3550       4664687.20000
3551       4670374.60000
3552       4676067.60000
3553       4681766.20000
3554       4687470.40000
3555       4693180.20000
3556       4698895.50000
3557       4704616.50000
3558       4710343.10000
3559       4716075.30000
3560       4721813.10000
3561       4727556.50000
3562       4733305.60000
3563       4739060.30000
3564       4744820.60000
3565       4750586.50000
3566       4756358.10000
3567       4762135.40000
3568       4767918.30000
3569       4773706.80000
3570       4779501.00000
3571       4785300.90000
3572       4791106.40000
3573       4796917.60000
3574       4802734.40000
3575       4808557.00000
3576       4814385.20000
3577       4820219.10000
3578       4826058.80000
3579       4831904.10000
3580       4837755.10000
3581       4843611.80000
3582       4849474.20000
3583       4855342.30000
3584       4861216.20000
3585       4867095.70000
3586       4872981.00000
3587       4878872.00000
3588       4884768.80000
3589       4890671.30000
3590       4896579.50000
3591       4902493.50000
3592       4908413.20000
3593       4914338.70000
3594       4920270.00000
3595       4926207.00000
3596       4932149.80000
3597       4938098.30000
3598       4944052.60000
3599       4950012.70000
3600       4955978.60000
3601       4961950.30000
3602       4967927.80000
3603       4973911.00000
3604       4979900.10000
3605       4985895.00000
3606       4991895.60000
3607       4997902.10000
3608       5003914.40000
3609       5009932.60000
3610       5015956.60000
3611       5021986.30000
3612       5028022.00000
3613       5034063.40000
3614       5040110.80000
3615       5046163.90000
3616       5052222.90000
3617       5058287.80000
3618       5064358.50000
3619       5070435.10000
3620       5076517.60000
3621       5082606.00000
3622       5088700.20000
3623       5094800.30000
3624       5100906.30000
3625       5107018.20000
3626       5113135.90000
3627       5119259.60000
3628       5125389.20000
3629       5131524.70000
3630       5137666.10000
3631       5143813.40000
3632       5149966.70000
3633       5156125.80000
3634       5162290.90000
3635       5168462.00000
3636       5174638.90000
3637       5180821.90000
3638       5187010.70000
3639       5193205.50000
3640       5199406.30000
3641       5205613.00000
3642       5211825.70000
3643       5218044.40000
3644       5224269.00000
3645       5230499.70000
3646       5236736.30000
3647       5242978.80000
3648       5249227.40000
3649       5255482.00000
3650       5261742.60000
3651       5268009.10000
3652       5274281.70000
3653       5280560.30000
3654       5286844.90000
3655       5293135.60000
3656       5299432.20000
3657       5305734.90000
3658       5312043.70000
3659       5318358.40000
3660       5324679.20000
3661       5331006.10000
3662       5337339.00000
3663       5343678.00000
3664       5350023.00000
3665       5356374.10000
3666       5362731.20000
3667       5369094.50000
3668       5375463.80000
3669       5381839.20000
3670       5388220.70000
3671       5394608.30000
3672       5401001.90000
3673       5407401.70000
3674       5413807.60000
3675       5420219.60000
3676       5426637.70000
3677       5433061.90000
3678       5439492.20000
3679       5445928.70000
3680       5452371.30000
3681       5458820.00000
3682       5465274.90000
3683       5471735.90000
3684       5478203.10000
3685       5484676.40000
3686       5491155.90000
3687       5497641.60000
3688       5504133.40000
3689       5510631.40000
3690       5517135.50000
3691       5523645.90000
3692       5530162.40000
3693       5536685.10000
3694       5543214.00000
3695       5549749.10000
3696       5556290.40000
3697       5562838.00000
3698       5569391.70000
3699       5575951.60000
3700       5582517.80000
3701       5589090.20000
3702       5595668.80000
3703       5602253.60000
3704       5608844.70000
3705       5615442.10000
3706       5622045.70000
3707       5628655.50000
3708       5635271.60000
3709       5641893.90000
3710       5648522.50000
3711       5655157.40000
3712       5661798.60000
3713       5668446.00000
3714       5675099.70000
3715       5681759.80000
3716       5688426.10000
3717       5695098.70000
3718       5701777.60000
3719       5708462.80000
3720       5715154.30000
3721       5721852.10000
3722       5728556.30000
3723       5735266.70000
3724       5741983.50000
3725       5748706.70000
3726       5755436.10000
3727       5762172.00000
3728       5768914.10000
3729       5775662.60000
3730       5782417.50000
3731       5789178.70000
3732       5795946.30000
3733       5802720.30000
3734       5809500.60000
3735       5816287.30000
3736       5823080.40000
3737       5829879.90000
3738       5836685.80000
3739       5843498.10000
3740       5850316.70000
3741       5857141.80000
3742       5863973.30000
3743       5870811.20000
3744       5877655.50000
3745       5884506.30000
3746       5891363.40000
3747       5898227.10000
3748       5905097.10000
3749       5911973.60000
3750       5918856.50000
3751       5925745.90000
3752       5932641.80000
3753       5939544.10000
3754       5946452.80000
3755       5953368.10000
3756       5960289.80000
3757       5967218.00000
3758       5974152.60000
3759       5981093.80000
3760       5988041.50000
3761       5994995.60000
3762       6001956.30000
3763       6008923.40000
3764       6015897.10000
3765       6022877.30000
3766       6029864.00000
3767       6036857.20000
3768       6043857.00000
3769       6050863.30000
3770       6057876.10000
3771       6064895.50000
3772       6071921.40000
3773       6078953.90000
3774       6085992.90000
3775       6093038.50000
3776       6100090.70000
3777       6107149.40000
3778       6114214.70000
3779       6121286.60000
3780       6128365.10000
3781       6135450.20000
3782       6142541.80000
3783       6149640.10000
3784       6156745.00000
3785       6163856.40000
3786       6170974.50000
3787       6178099.20000
3788       6185230.60000
3789       6192368.50000
3790       6199513.10000
3791       6206664.30000
3792       6213822.20000
3793       6220986.70000
3794       6228157.80000
3795       6235335.70000
3796       6242520.10000
3797       6249711.30000
3798       6256909.10000
3799       6264113.60000
3800       6271324.70000
3801       6278542.60000
3802       6285767.10000
3803       6292998.30000
3804       6300236.20000
3805       6307480.90000
3806       6314732.20000
3807       6321990.20000
3808       6329255.00000
3809       6336526.50000
3810       6343804.70000
3811       6351089.60000
3812       6358381.30000
3813       6365679.70000
3814       6372984.80000
3815       6380296.70000
3816       6387615.40000
3817       6394940.80000
3818       6402273.00000
3819       6409611.90000
3820       6416957.70000
3821       6424310.20000
3822       6431669.40000
3823       6439035.50000
3824       6446408.40000
3825       6453788.00000
3826       6461174.50000
3827       6468567.70000
3828       6475967.80000
3829       6483374.70000
3830       6490788.40000
3831       6498208.90000
3832       6505636.30000
3833       6513070.50000
3834       6520511.50000
3835       6527959.40000
3836       6535414.10000
3837       6542875.70000
3838       6550344.20000
3839       6557819.50000
3840       6565301.70000
3841       6572790.70000
3842       6580286.60000
3843       6587789.40000
3844       6595299.10000
3845       6602815.70000
3846       6610339.20000
3847       6617869.60000
3848       6625406.90000
3849       6632951.10000
3850       6640502.20000
3851       6648060.20000
3852       6655625.20000
3853       6663197.10000
3854       6670775.90000
3855       6678361.70000
3856       6685954.40000
3857       6693554.10000
3858       6701160.70000
3859       6708774.30000
3860       6716394.80000
3861       6724022.30000
3862       6731656.80000
3863       6739298.30000
3864       6746946.70000
3865       6754602.20000
3866       6762264.60000
3867       6769934.00000
3868       6777610.50000
3869       6785293.90000
3870       6792984.30000
3871       6800681.80000
3872       6808386.30000
3873       6816097.80000
3874       6823816.40000
3875       6831542.00000
3876       6839274.60000
3877       6847014.30000
3878       6854761.00000
3879       6862514.80000
3880       6870275.60000
3881       6878043.50000
3882       6885818.50000
3883       6893600.60000
3884       6901389.70000
3885       6909185.90000
3886       6916989.20000
3887       6924799.60000
3888       6932617.10000
3889       6940441.80000
3890       6948273.50000
3891       6956112.30000
3892       6963958.30000
3893       6971811.40000
3894       6979671.60000
3895       6987538.90000
3896       6995413.40000
3897       7003295.00000
3898       7011183.80000
3899       7019079.80000
3900       7026982.90000
3901       7034893.10000
3902       7042810.50000
3903       7050735.10000
3904       7058666.90000
3905       7066605.90000
3906       7074552.00000
3907       7082505.40000
3908       7090465.90000
3909       7098433.70000
3910       7106408.60000
3911       7114390.80000
3912       7122380.20000
3913       7130376.80000
3914       7138380.70000
3915       7146391.70000
3916       7154410.00000
3917       7162435.60000
3918       7170468.40000
3919       7178508.40000
3920       7186555.80000
3921       7194610.30000
3922       7202672.20000
3923       7210741.30000
3924       7218817.70000
3925       7226901.40000
3926       7234992.30000
3927       7243090.60000
3928       7251196.20000
3929       7259309.00000
3930       7267429.20000
3931       7275556.70000
3932       7283691.50000
3933       7291833.60000
3934       7299983.00000
3935       7308139.80000
3936       7316303.90000
3937       7324475.40000
3938       7332654.20000
3939       7340840.40000
3940       7349033.90000
3941       7357234.80000
3942       7365443.00000
3943       7373658.60000
3944       7381881.60000
3945       7390112.00000
3946       7398349.80000
3947       7406595.00000
3948       7414847.50000
3949       7423107.50000
3950       7431374.90000
3951       7439649.70000
3952       7447931.90000
3953       7456221.50000
3954       7464518.50000
3955       7472823.00000
3956       7481135.00000
3957       7489454.30000
3958       7497781.20000
3959       7506115.40000
3960       7514457.20000
3961       7522806.40000
3962       7531163.00000
3963       7539527.20000
3964       7547898.80000
3965       7556277.90000
3966       7564664.50000
3967       7573058.50000
3968       7581460.10000
3969       7589869.20000
3970       7598285.80000
3971       7606709.90000
3972       7615141.60000
3973       7623580.70000
3974       7632027.40000
3975       7640481.60000
3976       7648943.40000
3977       7657412.70000
3978       7665889.50000
3979       7674373.90000
3980       7682865.90000
3981       7691365.40000
3982       7699872.50000
3983       7708387.20000
3984       7716909.50000
3985       7725439.30000
3986       7733976.80000
3987       7742521.80000
3988       7751074.40000
3989       7759634.70000
3990       7768202.50000
3991       7776778.00000
3992       7785361.10000
3993       7793951.80000
3994       7802550.20000
3995       7811156.10000
3996       7819769.80000
3997       7828391.00000
3998       7837020.00000
3999       7845656.60000
4000       7854300.80000
4001       7862952.70000
4002       7871612.30000
4003       7880279.60000
4004       7888954.50000
4005       7897637.20000
4006       7906327.50000
4007       7915025.50000
4008       7923731.30000
4009       7932444.70000
4010       7941165.90000
4011       7949894.80000
4012       7958631.40000
4013       7967375.70000
4014       7976127.80000
4015       7984887.60000
4016       7993655.10000
4017       8002430.40000
4018       8011213.50000
4019       8020004.30000
4020       8028802.90000
4021       8037609.30000
4022       8046423.40000
4023       8055245.30000
4024       8064075.00000
4025       8072912.60000
4026       8081757.80000
4027       8090610.90000
4028       8099471.90000
4029       8108340.60000
4030       8117217.10000
4031       8126101.50000
4032       8134993.70000
4033       8143893.70000
4034       8152801.60000
4035       8161717.30000
4036       8170640.80000
4037       8179572.30000
4038       8188511.50000
4039       8197458.70000
4040       8206413.70000
4041       8215376.60000
4042       8224347.40000
4043       8233326.00000
4044       8242312.60000
4045       8251307.00000
4046       8260309.40000
4047       8269319.60000
4048       8278337.80000
4049       8287363.90000
4050       8296397.90000
4051       8305439.80000
4052       8314489.70000
4053       8323547.50000
4054       8332613.30000
4055       8341687.00000
4056       8350768.60000
4057       8359858.30000
4058       8368955.90000
4059       8378061.40000
4060       8387175.00000
4061       8396296.50000
4062       8405426.00000
4063       8414563.50000
4064       8423709.00000
4065       8432862.50000
4066       8442024.00000
4067       8451193.50000
4068       8460371.00000
4069       8469556.60000
4070       8478750.20000
4071       8487951.80000
4072       8497161.50000
4073       8506379.20000
4074       8515605.00000
4075       8524838.80000
4076       8534080.70000
4077       8543330.60000
4078       8552588.60000
4079       8561854.70000
4080       8571128.90000
4081       8580411.20000
4082       8589701.50000
4083       8599000.00000
4084       8608306.60000
4085       8617621.20000
4086       8626944.00000
4087       8636274.90000
4088       8645614.00000
4089       8654961.10000
4090       8664316.40000
4091       8673679.90000
4092       8683051.50000
4093       8692431.20000
4094       8701819.10000
4095       8711215.20000
4096       8720619.40000
4097       8730031.80000
4098       8739452.40000
4099       8748881.20000
4100       8758318.10000
4101       8767763.30000
4102       8777216.70000
4103       8786678.20000
4104       8796148.00000
4105       8805626.00000
4106       8815112.20000
4107       8824606.70000
4108       8834109.30000
4109       8843620.30000
4110       8853139.40000
4111       8862666.80000
4112       8872202.50000
4113       8881746.40000
4114       8891298.60000
4115       8900859.10000
4116       8910427.80000
4117       8920004.80000
4118       8929590.10000
4119       8939183.70000
4120       8948785.60000
4121       8958395.80000
4122       8968014.40000
4123       8977641.20000
4124       8987276.30000
4125       8996919.80000
4126       9006571.60000
4127       9016231.80000
4128       9025900.30000
4129       9035577.10000
4130       9045262.30000
4131       9054955.80000
4132       9064657.70000
4133       9074368.00000
4134       9084086.70000
4135       9093813.70000
4136       9103549.10000
4137       9113292.90000
4138       9123045.10000
4139       9132805.70000
4140       9142574.80000
4141       9152352.20000
4142       9162138.00000
4143       9171932.30000
4144       9181735.00000
4145       9191546.20000
4146       9201365.70000
4147       9211193.80000
4148       9221030.30000
4149       9230875.20000
4150       9240728.60000
4151       9250590.50000
4152       9260460.80000
4153       9270339.60000
4154       9280226.90000
4155       9290122.70000
4156       9300027.00000
4157       9309939.80000
4158       9319861.10000
4159       9329790.90000
4160       9339729.30000
4161       9349676.10000
4162       9359631.50000
4163       9369595.40000
4164       9379567.90000
4165       9389548.90000
4166       9399538.50000
4167       9409536.60000
4168       9419543.30000
4169       9429558.50000
4170       9439582.30000
4171       9449614.70000
4172       9459655.70000
4173       9469705.30000
4174       9479763.40000
4175       9489830.20000
4176       9499905.60000
4177       9509989.60000
4178       9520082.20000
4179       9530183.40000
4180       9540293.30000
4181       9550411.80000
4182       9560538.90000
4183       9570674.70000
4184       9580819.20000
4185       9590972.30000
4186       9601134.00000
4187       9611304.40000
4188       9621483.60000
4189       9631671.30000
4190       9641867.80000
4191       9652073.00000
4192       9662286.80000
4193       9672509.40000
4194       9682740.60000
4195       9692980.60000
4196       9703229.30000
4197       9713486.70000
4198       9723752.90000
4199       9734027.80000
4200       9744311.40000
4201       9754603.80000
4202       9764904.90000
4203       9775214.80000
4204       9785533.50000
4205       9795860.90000
4206       9806197.10000
4207       9816542.10000
4208       9826895.90000
4209       9837258.40000
4210       9847629.80000
4211       9858009.90000
4212       9868398.90000
4213       9878796.70000
4214       9889203.30000
4215       9899618.80000
4216       9910043.00000
4217       9920476.10000
4218       9930918.10000
4219       9941368.90000
4220       9951828.50000
4221       9962297.10000
4222       9972774.40000
4223       9983260.70000
4224       9993755.80000
4225      10004260.00000
4226      10014773.00000
4227      10025295.00000
4228      10035825.00000
4229      10046365.00000
4230      10056913.00000
4231      10067471.00000
4232      10078037.00000
4233      10088612.00000
4234      10099197.00000
4235      10109790.00000
4236      10120392.00000
4237      10131003.00000
4238      10141623.00000
4239      10152252.00000
4240      10162890.00000
4241      10173537.00000
4242      10184193.00000
4243      10194858.00000
4244      10205532.00000
4245      10216215.00000
4246      10226906.00000
4247      10237607.00000
4248      10248317.00000
4249      10259036.00000
4250      10269764.00000
4251      10280501.00000
4252      10291247.00000
4253      10302002.00000
4254      10312766.00000
4255      10323540.00000
4256      10334322.00000
4257      10345113.00000
4258      10355914.00000
4259      10366723.00000
4260      10377542.00000
4261      10388369.00000
4262      10399206.00000
4263      10410052.00000
4264      10420907.00000
4265      10431771.00000
4266      10442644.00000
4267      10453526.00000
4268      10464418.00000
4269      10475318.00000
4270      10486228.00000
4271      10497147.00000
4272      10508075.00000
4273      10519012.00000
4274      10529958.00000
4275      10540914.00000
4276      10551879.00000
4277      10562853.00000
4278      10573836.00000
4279      10584828.00000
4280      10595829.00000
4281      10606840.00000
4282      10617860.00000
4283      10628889.00000
4284      10639927.00000
4285      10650975.00000
4286      10662032.00000
4287      10673098.00000
4288      10684173.00000
4289      10695258.00000
4290      10706351.00000
4291      10717454.00000
4292      10728567.00000
4293      10739688.00000
4294      10750819.00000
4295      10761960.00000
4296      10773109.00000
4297      10784268.00000
4298      10795436.00000
4299      10806613.00000
4300      10817800.00000
4301      10828996.00000
4302      10840201.00000
4303      10851416.00000
4304      10862640.00000
4305      10873874.00000
4306      10885116.00000
4307      10896368.00000
4308      10907630.00000
4309      10918901.00000
4310      10930181.00000
4311      10941471.00000
4312      10952770.00000
4313      10964078.00000
4314      10975396.00000
4315      10986723.00000
4316      10998060.00000
4317      11009406.00000
4318      11020761.00000
4319      11032126.00000
4320      11043500.00000
4321      11054884.00000
4322      11066277.00000
4323      11077680.00000
4324      11089092.00000
4325      11100514.00000
4326      11111945.00000
4327      11123385.00000
4328      11134835.00000
4329      11146295.00000
4330      11157764.00000
4331      11169242.00000
4332      11180730.00000
4333      11192228.00000
4334      11203735.00000
4335      11215252.00000
4336      11226778.00000
4337      11238313.00000
4338      11249859.00000
4339      11261413.00000
4340      11272978.00000
4341      11284552.00000
4342      11296135.00000
4343      11307728.00000
4344      11319331.00000
4345      11330943.00000
4346      11342565.00000
4347      11354196.00000
4348      11365837.00000
4349      11377487.00000
4350      11389148.00000
4351      11400818.00000
4352      11412497.00000
4353      11424186.00000
4354      11435885.00000
4355      11447593.00000
4356      11459311.00000
4357      11471039.00000
4358      11482776.00000
4359      11494523.00000
4360      11506280.00000
4361      11518046.00000
4362      11529822.00000
4363      11541608.00000
4364      11553404.00000
4365      11565209.00000
4366      11577024.00000
4367      11588848.00000
4368      11600683.00000
4369      11612527.00000
4370      11624380.00000
4371      11636244.00000
4372      11648117.00000
4373      11660000.00000
4374      11671893.00000
4375      11683796.00000
4376      11695708.00000
4377      11707630.00000
4378      11719562.00000
4379      11731504.00000
4380      11743455.00000
4381      11755416.00000
4382      11767388.00000
4383      11779369.00000
4384      11791359.00000
4385      11803360.00000
4386      11815370.00000
4387      11827391.00000
4388      11839421.00000
4389      11851461.00000
4390      11863510.00000
4391      11875570.00000
4392      11887640.00000
4393      11899719.00000
4394      11911808.00000
4395      11923908.00000
4396      11936017.00000
4397      11948136.00000
4398      11960265.00000
4399      11972403.00000
4400      11984552.00000
4401      11996711.00000
4402      12008879.00000
4403      12021058.00000
4404      12033246.00000
4405      12045445.00000
4406      12057653.00000
4407      12069872.00000
4408      12082100.00000
4409      12094338.00000
4410      12106586.00000
4411      12118845.00000
4412      12131113.00000
4413      12143391.00000
4414      12155679.00000
4415      12167978.00000
4416      12180286.00000
4417      12192604.00000
4418      12204933.00000
4419      12217271.00000
4420      12229620.00000
4421      12241978.00000
4422      12254347.00000
4423      12266725.00000
4424      12279114.00000
4425      12291513.00000
4426      12303921.00000
4427      12316340.00000
4428      12328769.00000
4429      12341209.00000
4430      12353658.00000
4431      12366117.00000
4432      12378587.00000
4433      12391066.00000
4434      12403556.00000
4435      12416056.00000
4436      12428566.00000
4437      12441086.00000
4438      12453616.00000
4439      12466157.00000
4440      12478707.00000
4441      12491268.00000
4442      12503839.00000
4443      12516420.00000
4444      12529011.00000
4445      12541613.00000
4446      12554225.00000
4447      12566847.00000
4448      12579479.00000
4449      12592121.00000
4450      12604774.00000
4451      12617437.00000
4452      12630110.00000
4453      12642793.00000
4454      12655487.00000
4455      12668191.00000
4456      12680905.00000
4457      12693630.00000
4458      12706364.00000
4459      12719109.00000
4460      12731865.00000
4461      12744630.00000
4462      12757406.00000
4463      12770192.00000
4464      12782989.00000
4465      12795796.00000
4466      12808613.00000
4467      12821441.00000
4468      12834278.00000
4469      12847127.00000
4470      12859985.00000
4471      12872854.00000
4472      12885734.00000
4473      12898623.00000
4474      12911523.00000
4475      12924434.00000
4476      12937355.00000
4477      12950286.00000
4478      12963228.00000
4479      12976180.00000
4480      12989142.00000
4481      13002115.00000
4482      13015099.00000
4483      13028092.00000
4484      13041097.00000
4485      13054111.00000
4486      13067137.00000
4487      13080172.00000
4488      13093218.00000
4489      13106275.00000
4490      13119342.00000
4491      13132420.00000
4492      13145508.00000
4493      13158606.00000
4494      13171715.00000
4495      13184835.00000
4496      13197965.00000
4497      13211106.00000
4498      13224257.00000
4499      13237418.00000
4500      13250591.00000
4501      13263774.00000
4502      13276967.00000
4503      13290171.00000
4504      13303385.00000
4505      13316611.00000
4506      13329846.00000
4507      13343093.00000
4508      13356349.00000
4509      13369617.00000
4510      13382895.00000
4511      13396184.00000
4512      13409483.00000
4513      13422793.00000
4514      13436114.00000
4515      13449445.00000
4516      13462787.00000
4517      13476139.00000
4518      13489503.00000
4519      13502877.00000
4520      13516261.00000
4521      13529656.00000
4522      13543062.00000
4523      13556479.00000
4524      13569906.00000
4525      13583344.00000
4526      13596793.00000
4527      13610253.00000
4528      13623723.00000
4529      13637204.00000
4530      13650696.00000
4531      13664198.00000
4532      13677711.00000
4533      13691235.00000
4534      13704770.00000
4535      13718316.00000
4536      13731872.00000
4537      13745439.00000
4538      13759017.00000
4539      13772606.00000
4540      13786205.00000
4541      13799815.00000
4542      13813437.00000
4543      13827069.00000
4544      13840711.00000
4545      13854365.00000
4546      13868029.00000
4547      13881705.00000
4548      13895391.00000
4549      13909088.00000
4550      13922796.00000
4551      13936515.00000
4552      13950244.00000
4553      13963985.00000
4554      13977736.00000
4555      13991499.00000
4556      14005272.00000
4557      14019056.00000
4558      14032851.00000
4559      14046658.00000
4560      14060475.00000
4561      14074303.00000
4562      14088141.00000
4563      14101991.00000
4564      14115852.00000
4565      14129724.00000
4566      14143607.00000
4567      14157500.00000
4568      14171405.00000
4569      14185321.00000
4570      14199248.00000
4571      14213185.00000
4572      14227134.00000
4573      14241094.00000
4574      14255065.00000
4575      14269047.00000
4576      14283040.00000
4577      14297044.00000
4578      14311059.00000
4579      14325085.00000
4580      14339122.00000
4581      14353170.00000
4582      14367229.00000
4583      14381300.00000
4584      14395381.00000
4585      14409474.00000
4586      14423578.00000
4587      14437692.00000
4588      14451818.00000
4589      14465955.00000
4590      14480104.00000
4591      14494263.00000
4592      14508434.00000
4593      14522615.00000
4594      14536808.00000
4595      14551012.00000
4596      14565227.00000
4597      14579454.00000
4598      14593691.00000
4599      14607940.00000
4600      14622200.00000
4601      14636471.00000
4602      14650753.00000
4603      14665047.00000
4604      14679352.00000
4605      14693668.00000
4606      14707995.00000
4607      14722334.00000
4608      14736684.00000
4609      14751045.00000
4610      14765417.00000
4611      14779801.00000
4612      14794196.00000
4613      14808602.00000
4614      14823019.00000
4615      14837448.00000
4616      14851888.00000
4617      14866340.00000
4618      14880802.00000
4619      14895276.00000
4620      14909762.00000
4621      14924259.00000
4622      14938767.00000
4623      14953286.00000
4624      14967817.00000
4625      14982359.00000
4626      14996913.00000
4627      15011478.00000
4628      15026054.00000
4629      15040642.00000
4630      15055241.00000
4631      15069852.00000
4632      15084474.00000
4633      15099107.00000
4634      15113752.00000
4635      15128408.00000
4636      15143076.00000
4637      15157755.00000
4638      15172446.00000
4639      15187148.00000
4640      15201862.00000
4641      15216587.00000
4642      15231323.00000
4643      15246071.00000
4644      15260831.00000
4645      15275602.00000
4646      15290384.00000
4647      15305178.00000
4648      15319984.00000
4649      15334801.00000
4650      15349630.00000
4651      15364470.00000
4652      15379322.00000
4653      15394185.00000
4654      15409060.00000
4655      15423947.00000
4656      15438845.00000
4657      15453754.00000
4658      15468676.00000
4659      15483609.00000
4660      15498553.00000
4661      15513509.00000
4662      15528477.00000
4663      15543456.00000
4664      15558447.00000
4665      15573450.00000
4666      15588464.00000
4667      15603490.00000
4668      15618528.00000
4669      15633577.00000
4670      15648638.00000
4671      15663710.00000
4672      15678795.00000
4673      15693891.00000
4674      15708999.00000
4675      15724118.00000
4676      15739249.00000
4677      15754392.00000
4678      15769547.00000
4679      15784713.00000
4680      15799891.00000
4681      15815081.00000
4682      15830282.00000
4683      15845496.00000
4684      15860721.00000
4685      15875958.00000
4686      15891207.00000
4687      15906467.00000
4688      15921740.00000
4689      15937024.00000
4690      15952320.00000
4691      15967627.00000
4692      15982947.00000
4693      15998278.00000
4694      16013622.00000
4695      16028977.00000
4696      16044344.00000
4697      16059723.00000
4698      16075113.00000
4699      16090516.00000
4700      16105930.00000
4701      16121357.00000
4702      16136795.00000
4703      16152245.00000
4704      16167707.00000
4705      16183181.00000
4706      16198667.00000
4707      16214165.00000
4708      16229675.00000
4709      16245197.00000
4710      16260730.00000
4711      16276276.00000
4712      16291834.00000
4713      16307403.00000
4714      16322985.00000
4715      16338579.00000
4716      16354184.00000
4717      16369802.00000
4718      16385431.00000
4719      16401073.00000
4720      16416727.00000
4721      16432392.00000
4722      16448070.00000
4723      16463760.00000
4724      16479462.00000
4725      16495176.00000
4726      16510902.00000
4727      16526640.00000
4728      16542390.00000
4729      16558152.00000
4730      16573926.00000
4731      16589713.00000
4732      16605511.00000
4733      16621322.00000
4734      16637144.00000
4735      16652979.00000
4736      16668826.00000
4737      16684685.00000
4738      16700557.00000
4739      16716440.00000
4740      16732336.00000
4741      16748244.00000
4742      16764164.00000
4743      16780096.00000
4744      16796040.00000
4745      16811997.00000
4746      16827966.00000
4747      16843947.00000
4748      16859940.00000
4749      16875945.00000
4750      16891963.00000
4751      16907993.00000
4752      16924035.00000
4753      16940089.00000
4754      16956156.00000
4755      16972235.00000
4756      16988326.00000
4757      17004430.00000
4758      17020546.00000
4759      17036674.00000
4760      17052814.00000
4761      17068967.00000
4762      17085132.00000
4763      17101309.00000
4764      17117499.00000
4765      17133701.00000
4766      17149916.00000
4767      17166142.00000
4768      17182382.00000
4769      17198633.00000
4770      17214897.00000
4771      17231173.00000
4772      17247462.00000
4773      17263763.00000
4774      17280077.00000
4775      17296403.00000
4776      17312741.00000
4777      17329092.00000
4778      17345455.00000
4779      17361830.00000
4780      17378219.00000
4781      17394619.00000
4782      17411032.00000
4783      17427458.00000
4784      17443896.00000
4785      17460346.00000
4786      17476809.00000
4787      17493284.00000
4788      17509772.00000
4789      17526273.00000
4790      17542786.00000
4791      17559311.00000
4792      17575850.00000
4793      17592400.00000
4794      17608963.00000
4795      17625539.00000
4796      17642127.00000
4797      17658728.00000
4798      17675342.00000
4799      17691968.00000
4800      17708606.00000
4801      17725257.00000
4802      17741921.00000
4803      17758598.00000
4804      17775287.00000
4805      17791989.00000
4806      17808703.00000
4807      17825430.00000
4808      17842170.00000
4809      17858922.00000
4810      17875687.00000
4811      17892465.00000
4812      17909255.00000
4813      17926058.00000
4814      17942874.00000
4815      17959702.00000
4816      17976543.00000
4817      17993397.00000
4818      18010264.00000
4819      18027143.00000
4820      18044035.00000
4821      18060940.00000
4822      18077857.00000
4823      18094788.00000
4824      18111731.00000
4825      18128687.00000
4826      18145655.00000
4827      18162637.00000
4828      18179631.00000
4829      18196638.00000
4830      18213658.00000
4831      18230691.00000
4832      18247736.00000
4833      18264794.00000
4834      18281866.00000
4835      18298950.00000
4836      18316047.00000
4837      18333156.00000
4838      18350279.00000
4839      18367414.00000
4840      18384563.00000
4841      18401724.00000
4842      18418898.00000
4843      18436085.00000
4844      18453285.00000
4845      18470498.00000
4846      18487724.00000
4847      18504963.00000
4848      18522215.00000
4849      18539480.00000
4850      18556757.00000
4851      18574048.00000
4852      18591352.00000
4853      18608668.00000
4854      18625998.00000
4855      18643340.00000
4856      18660696.00000
4857      18678065.00000
4858      18695446.00000
4859      18712841.00000
4860      18730249.00000
4861      18747669.00000
4862      18765103.00000
4863      18782550.00000
4864      18800010.00000
4865      18817483.00000
4866      18834969.00000
4867      18852468.00000
4868      18869980.00000
4869      18887506.00000
4870      18905044.00000
4871      18922596.00000
4872      18940160.00000
4873      18957738.00000
4874      18975329.00000
4875      18992933.00000
4876      19010551.00000
4877      19028181.00000
4878      19045825.00000
4879      19063481.00000
4880      19081151.00000
4881      19098834.00000
4882      19116531.00000
4883      19134240.00000
4884      19151963.00000
4885      19169699.00000
4886      19187448.00000
4887      19205211.00000
4888      19222986.00000
4889      19240775.00000
4890      19258578.00000
4891      19276393.00000
4892      19294222.00000
4893      19312064.00000
4894      19329919.00000
4895      19347788.00000
4896      19365670.00000
4897      19383565.00000
4898      19401473.00000
4899      19419395.00000
4900      19437331.00000
4901      19455279.00000
4902      19473241.00000
4903      19491216.00000
4904      19509205.00000
4905      19527207.00000
4906      19545222.00000
4907      19563251.00000
4908      19581293.00000
4909      19599349.00000
4910      19617418.00000
4911      19635500.00000
4912      19653596.00000
4913      19671705.00000
4914      19689828.00000
4915      19707964.00000
4916      19726113.00000
4917      19744276.00000
4918      19762453.00000
4919      19780643.00000
4920      19798846.00000
4921      19817063.00000
4922      19835294.00000
4923      19853538.00000
4924      19871795.00000
4925      19890066.00000
4926      19908351.00000
4927      19926649.00000
4928      19944960.00000
4929      19963286.00000
4930      19981624.00000
4931      19999977.00000
4932      20018342.00000
4933      20036722.00000
4934      20055115.00000
4935      20073522.00000
4936      20091942.00000
4937      20110376.00000
4938      20128823.00000
4939      20147284.00000
4940      20165759.00000
4941      20184247.00000
4942      20202750.00000
4943      20221265.00000
4944      20239795.00000
4945      20258338.00000
4946      20276894.00000
4947      20295465.00000
4948      20314049.00000
4949      20332647.00000
4950      20351258.00000
4951      20369884.00000
4952      20388523.00000
4953      20407175.00000
4954      20425842.00000
4955      20444522.00000
4956      20463216.00000
4957      20481924.00000
4958      20500645.00000
4959      20519381.00000
4960      20538130.00000
4961      20556893.00000
4962      20575670.00000
4963      20594460.00000
4964      20613264.00000
4965      20632083.00000
4966      20650915.00000
4967      20669760.00000
4968      20688620.00000
4969      20707494.00000
4970      20726381.00000
4971      20745283.00000
4972      20764198.00000
4973      20783127.00000
4974      20802070.00000
4975      20821027.00000
4976      20839998.00000
4977      20858982.00000
4978      20877981.00000
4979      20896994.00000
4980      20916020.00000
4981      20935061.00000
4982      20954115.00000
4983      20973184.00000
4984      20992266.00000
4985      21011362.00000
4986      21030473.00000
4987      21049597.00000
4988      21068736.00000
4989      21087888.00000
4990      21107054.00000
4991      21126235.00000
4992      21145429.00000
4993      21164638.00000
4994      21183860.00000
4995      21203097.00000
4996      21222348.00000
4997      21241613.00000
4998      21260892.00000
4999      21280185.00000
5000      21299492.00000