   1             3.86556
   2             7.36743
   3            10.87641
   4            14.38714
   5            17.89862
   6            21.41051
   7            24.92266
   8            28.43501
   9            31.94752
  10            35.46016
  11            38.97293
  12            42.48580
  13            45.99877
  14            49.51185
  15            53.02502
  16            56.53828
  17            60.05163
  18            63.56507
  19            67.07860
  20            70.59221
  21            74.10591
  22            77.61969
  23            81.13356
  24            84.64751
  25            88.16155
  26            91.67567
  27            95.18987
  28            98.70416
  29           102.21852
  30           105.73297
  31           109.24750
  32           112.76212
  33           116.27682
  34           119.79159
  35           123.30645
  36           126.82139
  37           130.33642
  38           133.85152
  39           137.36671
  40           140.88198
  41           144.39733
  42           147.91276
  43           151.42828
  44           154.94387
  45           158.45955
  46           161.97532
  47           165.49117
  48           169.00710
  49           172.52313
  50           176.03924
  51           179.55544
  52           183.07174
  53           186.58813
  54           190.10462
  55           193.62122
  56           197.13794
  57           200.65476
  58           204.17171
  59           207.68880
  60           211.20602
  61           214.72340
  62           218.24094
  63           221.75865
  64           225.27656
  65           228.79467
  66           232.31302
  67           235.83160
  68           239.35046
  69           242.86960
  70           246.38907
  71           249.90887
  72           253.42906
  73           256.94965
  74           260.47068
  75           263.99219
  76           267.51422
  77           271.03681
  78           274.56001
  79           278.08386
  80           281.60841
  81           285.13372
  82           288.65984
  83           292.18682
  84           295.71473
  85           299.24363
  86           302.77359
  87           306.30467
  88           309.83695
  89           313.37049
  90           316.90538
  91           320.44170
  92           323.97951
  93           327.51892
  94           331.06000
  95           334.60284
  96           338.14754
  97           341.69418
  98           345.24286
  99           348.79369
 100           352.34675
 101           355.90216
 102           359.46001
 103           363.02042
 104           366.58349
 105           370.14932
 106           373.71804
 107           377.28975
 108           380.86457
 109           384.44263
 110           388.02402
 111           391.60888
 112           395.19733
 113           398.78949
 114           402.38549
 115           405.98544
 116           409.58947
 117           413.19773
 118           416.81032
 119           420.42738
 120           424.04905
 121           427.67545
 122           431.30672
 123           434.94299
 124           438.58439
 125           442.23106
 126           445.88314
 127           449.54075
 128           453.20404
 129           456.87315
 130           460.54821
 131           464.22935
 132           467.91672
 133           471.61046
 134           475.31070
 135           479.01758
 136           482.73125
 137           486.45183
 138           490.17948
 139           493.91433
 140           497.65652
 141           501.40619
 142           505.16348
 143           508.92853
 144           512.70148
 145           516.48247
 146           520.27163
 147           524.06911
 148           527.87505
 149           531.68958
 150           535.51285
 151           539.34499
 152           543.18614
 153           547.03644
 154           550.89603
 155           554.76504
 156           558.64361
 157           562.53188
 158           566.42998
 159           570.33805
 160           574.25623
 161           578.18465
 162           582.12344
 163           586.07275
 164           590.03270
 165           594.00343
 166           597.98507
 167           601.97776
 168           605.98162
 169           609.99680
 170           614.02341
 171           618.06160
 172           622.11148
 173           626.17321
 174           630.24689
 175           634.33267
 176           638.43066
 177           642.54101
 178           646.66383
 179           650.79925
 180           654.94741
 181           659.10842
 182           663.28242
 183           667.46953
 184           671.66987
 185           675.88356
 186           680.11074
 187           684.35153
 188           688.60604
 189           692.87441
 190           697.15675
 191           701.45318
 192           705.76383
 193           710.08882
 194           714.42826
 195           718.78228
 196           723.15100
 197           727.53454
 198           731.93300
 199           736.34652
 200           740.77521
 201           745.21919
 202           749.67856
 203           754.15346
 204           758.64399
 205           763.15028
 206           767.67243
 207           772.21056
 208           776.76478
 209           781.33522
 210           785.92197
 211           790.52516
 212           795.14490
 213           799.78129
 214           804.43446
 215           809.10451
 216           813.79156
 217           818.49571
 218           823.21707
 219           827.95576
 220           832.71189
 221           837.48556
 222           842.27688
 223           847.08597
 224           851.91292
 225           856.75786
 226           861.62088
 227           866.50209
 228           871.40160
 229           876.31952
 230           881.25596
 231           886.21101
 232           891.18479
 233           896.17740
 234           901.18895
 235           906.21954
 236           911.26927
 237           916.33826
 238           921.42660
 239           926.53441
 240           931.66177
 241           936.80880
 242           941.97560
 243           947.16228
 244           952.36893
 245           957.59566
 246           962.84257
 247           968.10976
 248           973.39733
 249           978.70540
 250           984.03405
 251           989.38339
 252           994.75352
 253          1000.14450
 254          1005.55660
 255          1010.98970
 256          1016.44400
 257          1021.91960
 258          1027.41660
 259          1032.93500
 260          1038.47510
 261          1044.03690
 262          1049.62040
 263          1055.22590
 264          1060.85330
 265          1066.50290
 266          1072.17460
 267          1077.86860
 268          1083.58500
 269          1089.32390
 270          1095.08530
 271          1100.86950
 272          1106.67640
 273          1112.50620
 274          1118.35900
 275          1124.23480
 276          1130.13390
 277          1136.05620
 278          1142.00180
 279          1147.97090
 280          1153.96360
 281          1159.98000
 282          1166.02010
 283          1172.08400
 284          1178.17190
 285          1184.28390
 286          1190.42000
 287          1196.58030
 288          1202.76500
 289          1208.97410
 290          1215.20780
 291          1221.46610
 292          1227.74910
 293          1234.05690
 294          1240.38960
 295          1246.74740
 296          1253.13030
 297          1259.53840
 298          1265.97180
 299          1272.43060
 300          1278.91490
 301          1285.42480
 302          1291.96030
 303          1298.52170
 304          1305.10900
 305          1311.72220
 306          1318.36150
 307          1325.02700
 308          1331.71880
 309          1338.43690
 310          1345.18150
 311          1351.95270
 312          1358.75050
 313          1365.57500
 314          1372.42650
 315          1379.30480
 316          1386.21020
 317          1393.14280
 318          1400.10260
 319          1407.08970
 320          1414.10420
 321          1421.14630
 322          1428.21600
 323          1435.31350
 324          1442.43870
 325          1449.59190
 326          1456.77300
 327          1463.98230
 328          1471.21980
 329          1478.48560
 330          1485.77980
 331          1493.10250
 332          1500.45370
 333          1507.83370
 334          1515.24250
 335          1522.68010
 336          1530.14680
 337          1537.64250
 338          1545.16740
 339          1552.72160
 340          1560.30510
 341          1567.91820
 342          1575.56080
 343          1583.23310
 344          1590.93510
 345          1598.66700
 346          1606.42890
 347          1614.22080
 348          1622.04290
 349          1629.89530
 350          1637.77800
 351          1645.69120
 352          1653.63490
 353          1661.60930
 354          1669.61450
 355          1677.65050
 356          1685.71750
 357          1693.81550
 358          1701.94460
 359          1710.10510
 360          1718.29680
 361          1726.52010
 362          1734.77480
 363          1743.06130
 364          1751.37950
 365          1759.72950
 366          1768.11150
 367          1776.52550
 368          1784.97170
 369          1793.45020
 370          1801.96100
 371          1810.50430
 372          1819.08010
 373          1827.68860
 374          1836.32980
 375          1845.00390
 376          1853.71100
 377          1862.45110
 378          1871.22440
 379          1880.03100
 380          1888.87100
 381          1897.74440
 382          1906.65140
 383          1915.59210
 384          1924.56650
 385          1933.57490
 386          1942.61720
 387          1951.69360
 388          1960.80430
 389          1969.94920
 390          1979.12850
 391          1988.34230
 392          1997.59080
 393          2006.87390
 394          2016.19190
 395          2025.54480
 396          2034.93270
 397          2044.35570
 398          2053.81400
 399          2063.30760
 400          2072.83670
 401          2082.40130
 402          2092.00160
 403          2101.63760
 404          2111.30950
 405          2121.01740
 406          2130.76130
 407          2140.54150
 408          2150.35790
 409          2160.21080
 410          2170.10010
 411          2180.02600
 412          2189.98870
 413          2199.98820
 414          2210.02460
 415          2220.09810
 416          2230.20870
 417          2240.35660
 418          2250.54180
 419          2260.76460
 420          2271.02490
 421          2281.32280
 422          2291.65860
 423          2302.03230
 424          2312.44400
 425          2322.89390
 426          2333.38190
 427          2343.90830
 428          2354.47320
 429          2365.07660
 430          2375.71880
 431          2386.39970
 432          2397.11940
 433          2407.87820
 434          2418.67620
 435          2429.51330
 436          2440.38980
 437          2451.30570
 438          2462.26120
 439          2473.25640
 440          2484.29140
 441          2495.36620
 442          2506.48110
 443          2517.63610
 444          2528.83130
 445          2540.06690
 446          2551.34290
 447          2562.65950
 448          2574.01680
 449          2585.41500
 450          2596.85400
 451          2608.33400
 452          2619.85520
 453          2631.41770
 454          2643.02160
 455          2654.66690
 456          2666.35380
 457          2678.08250
 458          2689.85290
 459          2701.66540
 460          2713.51990
 461          2725.41660
 462          2737.35560
 463          2749.33700
 464          2761.36090
 465          2773.42750
 466          2785.53680
 467          2797.68910
 468          2809.88430
 469          2822.12270
 470          2834.40420
 471          2846.72920
 472          2859.09760
 473          2871.50960
 474          2883.96530
 475          2896.46490
 476          2909.00840
 477          2921.59590
 478          2934.22770
 479          2946.90380
 480          2959.62420
 481          2972.38930
 482          2985.19900
 483          2998.05350
 484          3010.95290
 485          3023.89730
 486          3036.88690
 487          3049.92170
 488          3063.00200
 489          3076.12770
 490          3089.29910
 491          3102.51630
 492          3115.77930
 493          3129.08840
 494          3142.44350
 495          3155.84500
 496          3169.29280
 497          3182.78710
 498          3196.32800
 499          3209.91560
 500          3223.55020
 501          3237.23170
 502          3250.96040
 503          3264.73630
 504          3278.55950
 505          3292.43030
 506          3306.34870
 507          3320.31480
 508          3334.32880
 509          3348.39080
 510          3362.50100
 511          3376.65940
 512          3390.86610
 513          3405.12140
 514          3419.42530
 515          3433.77790
 516          3448.17950
 517          3462.63010
 518          3477.12980
 519          3491.67880
 520          3506.27710
 521          3520.92510
 522          3535.62260
 523          3550.37000
 524          3565.16730
 525          3580.01460
 526          3594.91210
 527          3609.86000
 528          3624.85820
 529          3639.90710
 530          3655.00660
 531          3670.15700
 532          3685.35830
 533          3700.61070
 534          3715.91440
 535          3731.26940
 536          3746.67590
 537          3762.13410
 538          3777.64390
 539          3793.20570
 540          3808.81950
 541          3824.48550
 542          3840.20380
 543          3855.97440
 544          3871.79770
 545          3887.67360
 546          3903.60240
 547          3919.58410
 548          3935.61890
 549          3951.70700
 550          3967.84840
 551          3984.04340
 552          4000.29190
 553          4016.59430
 554          4032.95060
 555          4049.36090
 556          4065.82540
 557          4082.34430
 558          4098.91760
 559          4115.54550
 560          4132.22810
 561          4148.96560
 562          4165.75820
 563          4182.60590
 564          4199.50880
 565          4216.46730
 566          4233.48130
 567          4250.55100
 568          4267.67650
 569          4284.85810
 570          4302.09580
 571          4319.38970
 572          4336.74010
 573          4354.14700
 574          4371.61060
 575          4389.13110
 576          4406.70850
 577          4424.34310
 578          4442.03490
 579          4459.78420
 580          4477.59100
 581          4495.45540
 582          4513.37780
 583          4531.35810
 584          4549.39650
 585          4567.49320
 586          4585.64830
 587          4603.86200
 588          4622.13430
 589          4640.46550
 590          4658.85570
 591          4677.30510
 592          4695.81370
 593          4714.38180
 594          4733.00940
 595          4751.69680
 596          4770.44400
 597          4789.25130
 598          4808.11870
 599          4827.04640
 600          4846.03460
 601          4865.08340
 602          4884.19290
 603          4903.36340
 604          4922.59490
 605          4941.88760
 606          4961.24170
 607          4980.65720
 608          5000.13450
 609          5019.67350
 610          5039.27450
 611          5058.93750
 612          5078.66290
 613          5098.45060
 614          5118.30090
 615          5138.21390
 616          5158.18970
 617          5178.22860
 618          5198.33070
 619          5218.49600
 620          5238.72480
 621          5259.01730
 622          5279.37350
 623          5299.79360
 624          5320.27790
 625          5340.82640
 626          5361.43920
 627          5382.11660
 628          5402.85880
 629          5423.66570
 630          5444.53770
 631          5465.47490
 632          5486.47740
 633          5507.54530
 634          5528.67890
 635          5549.87830
 636          5571.14370
 637          5592.47510
 638          5613.87280
 639          5635.33700
 640          5656.86770
 641          5678.46520
 642          5700.12950
 643          5721.86100
 644          5743.65960
 645          5765.52560
 646          5787.45920
 647          5809.46040
 648          5831.52950
 649          5853.66670
 650          5875.87200
 651          5898.14560
 652          5920.48780
 653          5942.89860
 654          5965.37820
 655          5987.92680
 656          6010.54450
 657          6033.23160
 658          6055.98810
 659          6078.81430
 660          6101.71030
 661          6124.67620
 662          6147.71230
 663          6170.81860
 664          6193.99540
 665          6217.24290
 666          6240.56110
 667          6263.95020
 668          6287.41050
 669          6310.94210
 670          6334.54510
 671          6358.21970
 672          6381.96610
 673          6405.78450
 674          6429.67490
 675          6453.63770
 676          6477.67280
 677          6501.78070
 678          6525.96120
 679          6550.21480
 680          6574.54150
 681          6598.94140
 682          6623.41480
 683          6647.96190
 684          6672.58270
 685          6697.27760
 686          6722.04650
 687          6746.88980
 688          6771.80750
 689          6796.79990
 690          6821.86720
 691          6847.00940
 692          6872.22680
 693          6897.51950
 694          6922.88780
 695          6948.33170
 696          6973.85150
 697          6999.44730
 698          7025.11930
 699          7050.86770
 700          7076.69270
 701          7102.59440
 702          7128.57300
 703          7154.62860
 704          7180.76160
 705          7206.97190
 706          7233.25990
 707          7259.62560
 708          7286.06930
 709          7312.59110
 710          7339.19130
 711          7365.86990
 712          7392.62720
 713          7419.46330
 714          7446.37850
 715          7473.37280
 716          7500.44660
 717          7527.59980
 718          7554.83290
 719          7582.14580
 720          7609.53880
 721          7637.01220
 722          7664.56590
 723          7692.20030
 724          7719.91550
 725          7747.71180
 726          7775.58920
 727          7803.54790
 728          7831.58820
 729          7859.71020
 730          7887.91420
 731          7916.20020
 732          7944.56850
 733          7973.01930
 734          8001.55270
 735          8030.16890
 736          8058.86810
 737          8087.65050
 738          8116.51630
 739          8145.46570
 740          8174.49880
 741          8203.61590
 742          8232.81700
 743          8262.10250
 744          8291.47250
 745          8320.92710
 746          8350.46670
 747          8380.09120
 748          8409.80100
 749          8439.59630
 750          8469.47720
 751          8499.44380
 752          8529.49650
 753          8559.63530
 754          8589.86060
 755          8620.17230
 756          8650.57090
 757          8681.05640
 758          8711.62900
 759          8742.28890
 760          8773.03640
 761          8803.87160
 762          8834.79460
 763          8865.80580
 764          8896.90520
 765          8928.09310
 766          8959.36970
 767          8990.73520
 768          9022.18970
 769          9053.73340
 770          9085.36660
 771          9117.08950
 772          9148.90210
 773          9180.80480
 774          9212.79770
 775          9244.88110
 776          9277.05500
 777          9309.31980
 778          9341.67550
 779          9374.12250
 780          9406.66080
 781          9439.29080
 782          9472.01260
 783          9504.82630
 784          9537.73220
 785          9570.73060
 786          9603.82150
 787          9637.00520
 788          9670.28180
 789          9703.65170
 790          9737.11490
 791          9770.67180
 792          9804.32240
 793          9838.06700
 794          9871.90580
 795          9905.83900
 796          9939.86670
 797          9973.98930
 798         10008.20700
 799         10042.52000
 800         10076.92800
 801         10111.43100
 802         10146.03100
 803         10180.72700
 804         10215.51800
 805         10250.40700
 806         10285.39100
 807         10320.47300
 808         10355.65200
 809         10390.92800
 810         10426.30100
 811         10461.77200
 812         10497.34100
 813         10533.00800
 814         10568.77300
 815         10604.63700
 816         10640.59900
 817         10676.66000
 818         10712.82100
 819         10749.08000
 820         10785.44000
 821         10821.89900
 822         10858.45700
 823         10895.11600
 824         10931.87600
 825         10968.73600
 826         11005.69600
 827         11042.75800
 828         11079.92100
 829         11117.18500
 830         11154.55100
 831         11192.01900
 832         11229.58900
 833         11267.26100
 834         11305.03600
 835         11342.91300
 836         11380.89300
 837         11418.97600
 838         11457.16300
 839         11495.45300
 840         11533.84700
 841         11572.34500
 842         11610.94700
 843         11649.65300
 844         11688.46400
 845         11727.38000
 846         11766.40100
 847         11805.52700
 848         11844.75900
 849         11884.09700
 850         11923.54000
 851         11963.08900
 852         12002.74500
 853         12042.50800
 854         12082.37700
 855         12122.35300
 856         12162.43700
 857         12202.62800
 858         12242.92700
 859         12283.33300
 860         12323.84800
 861         12364.47100
 862         12405.20200
 863         12446.04300
 864         12486.99200
 865         12528.05100
 866         12569.21900
 867         12610.49700
 868         12651.88400
 869         12693.38200
 870         12734.99000
 871         12776.70900
 872         12818.53800
 873         12860.47900
 874         12902.53100
 875         12944.69400
 876         12986.96900
 877         13029.35600
 878         13071.85500
 879         13114.46600
 880         13157.19000
 881         13200.02700
 882         13242.97700
 883         13286.04100
 884         13329.21700
 885         13372.50800
 886         13415.91200
 887         13459.43100
 888         13503.06400
 889         13546.81200
 890         13590.67500
 891         13634.65300
 892         13678.74600
 893         13722.95500
 894         13767.27900
 895         13811.72000
 896         13856.27700
 897         13900.95000
 898         13945.74100
 899         13990.64800
 900         14035.67300
 901         14080.81400
 902         14126.07400
 903         14171.45200
 904         14216.94700
 905         14262.56100
 906         14308.29400
 907         14354.14600
 908         14400.11700
 909         14446.20700
 910         14492.41600
 911         14538.74600
 912         14585.19500
 913         14631.76500
 914         14678.45500
 915         14725.26700
 916         14772.19900
 917         14819.25200
 918         14866.42700
 919         14913.72300
 920         14961.14200
 921         15008.68300
 922         15056.34600
 923         15104.13200
 924         15152.04100
 925         15200.07300
 926         15248.22800
 927         15296.50700
 928         15344.91000
 929         15393.43700
 930         15442.08900
 931         15490.86500
 932         15539.76600
 933         15588.79200
 934         15637.94300
 935         15687.22000
 936         15736.62300
 937         15786.15200
 938         15835.80800
 939         15885.59000
 940         15935.49800
 941         15985.53400
 942         16035.69800
 943         16085.98800
 944         16136.40700
 945         16186.95400
 946         16237.62900
 947         16288.43200
 948         16339.36500
 949         16390.42600
 950         16441.61700
 951         16492.93800
 952         16544.38800
 953         16595.96800
 954         16647.67900
 955         16699.52000
 956         16751.49200
 957         16803.59500
 958         16855.82900
 959         16908.19600
 960         16960.69300
 961         17013.32300
 962         17066.08600
 963         17118.98100
 964         17172.00800
 965         17225.16900
 966         17278.46400
 967         17331.89100
 968         17385.45300
 969         17439.14900
 970         17492.97900
 971         17546.94400
 972         17601.04400
 973         17655.27900
 974         17709.65000
 975         17764.15600
 976         17818.79800
 977         17873.57600
 978         17928.49100
 979         17983.54200
 980         18038.73100
 981         18094.05700
 982         18149.52000
 983         18205.12100
 984         18260.86000
 985         18316.73700
 986         18372.75300
 987         18428.90700
 988         18485.20100
 989         18541.63400
 990         18598.20700
 991         18654.91900
 992         18711.77200
 993         18768.76500
 994         18825.89800
 995         18883.17300
 996         18940.58900
 997         18998.14600
 998         19055.84500
 999         19113.68600
1000         19171.66900
1001         19229.79400
1002         19288.06300
1003         19346.47400
1004         19405.02900
1005         19463.72800
1006         19522.57000
1007         19581.55600
1008         19640.68700
1009         19699.96300
1010         19759.38300
1011         19818.94900
1012         19878.66000
1013         19938.51700
1014         19998.51900
1015         20058.66900
1016         20118.96400
1017         20179.40700
1018         20239.99700
1019         20300.73400
1020         20361.61800
1021         20422.65100
1022         20483.83200
1023         20545.16100
1024         20606.64000
1025         20668.26700
1026         20730.04300
1027         20791.96900
1028         20854.04500
1029         20916.27100
1030         20978.64800
1031         21041.17500
1032         21103.85300
1033         21166.68300
1034         21229.66300
1035         21292.79600
1036         21356.08100
1037         21419.51800
1038         21483.10800
1039         21546.85100
1040         21610.74700
1041         21674.79600
1042         21739.00000
1043         21803.35700
1044         21867.86900
1045         21932.53500
1046         21997.35600
1047         22062.33200
1048         22127.46400
1049         22192.75200
1050         22258.19500
1051         22323.79500
1052         22389.55200
1053         22455.46500
1054         22521.53600
1055         22587.76400
1056         22654.15000
1057         22720.69400
1058         22787.39600
1059         22854.25700
1060         22921.27600
1061         22988.45500
1062         23055.79400
1063         23123.29200
1064         23190.95000
1065         23258.76900
1066         23326.74800
1067         23394.88800
1068         23463.18900
1069         23531.65200
1070         23600.27600
1071         23669.06300
1072         23738.01200
1073         23807.12400
1074         23876.39900
1075         23945.83700
1076         24015.43800
1077         24085.20400
1078         24155.13300
1079         24225.22700
1080         24295.48600
1081         24365.90900
1082         24436.49800
1083         24507.25300
1084         24578.17400
1085         24649.26000
1086         24720.51400
1087         24791.93400
1088         24863.52100
1089         24935.27500
1090         25007.19800
1091         25079.28800
1092         25151.54700
1093         25223.97400
1094         25296.57000
1095         25369.33500
1096         25442.27000
1097         25515.37500
1098         25588.64900
1099         25662.09400
1100         25735.71000
1101         25809.49700
1102         25883.45500
1103         25957.58500
1104         26031.88700
1105         26106.36000
1106         26181.00700
1107         26255.82600
1108         26330.81900
1109         26405.98400
1110         26481.32400
1111         26556.83800
1112         26632.52600
1113         26708.38800
1114         26784.42600
1115         26860.63900
1116         26937.02700
1117         27013.59200
1118         27090.33300
1119         27167.25000
1120         27244.34400
1121         27321.61500
1122         27399.06300
1123         27476.69000
1124         27554.49400
1125         27632.47700
1126         27710.63900
1127         27788.97900
1128         27867.49900
1129         27946.19800
1130         28025.07800
1131         28104.13700
1132         28183.37800
1133         28262.79900
1134         28342.40100
1135         28422.18500
1136         28502.15100
1137         28582.29900
1138         28662.62900
1139         28743.14200
1140         28823.83800
1141         28904.71800
1142         28985.78100
1143         29067.02900
1144         29148.46000
1145         29230.07700
1146         29311.87800
1147         29393.86500
1148         29476.03800
1149         29558.39600
1150         29640.94100
1151         29723.67200
1152         29806.59000
1153         29889.69600
1154         29972.98900
1155         30056.47000
1156         30140.13900
1157         30223.99700
1158         30308.04400
1159         30392.28000
1160         30476.70500
1161         30561.32000
1162         30646.12600
1163         30731.12200
1164         30816.30800
1165         30901.68600
1166         30987.25600
1167         31073.01700
1168         31158.97000
1169         31245.11600
1170         31331.45400
1171         31417.98600
1172         31504.71100
1173         31591.63000
1174         31678.74300
1175         31766.05000
1176         31853.55300
1177         31941.25000
1178         32029.14300
1179         32117.23100
1180         32205.51600
1181         32293.99700
1182         32382.67400
1183         32471.54900
1184         32560.62200
1185         32649.89200
1186         32739.36000
1187         32829.02600
1188         32918.89200
1189         33008.95600
1190         33099.22000
1191         33189.68400
1192         33280.34700
1193         33371.21200
1194         33462.27700
1195         33553.54300
1196         33645.01000
1197         33736.68000
1198         33828.55100
1199         33920.62500
1200         34012.90200
1201         34105.38200
1202         34198.06600
1203         34290.95300
1204         34384.04400
1205         34477.34000
1206         34570.84100
1207         34664.54800
1208         34758.45900
1209         34852.57700
1210         34946.90100
1211         35041.43100
1212         35136.16800
1213         35231.11300
1214         35326.26500
1215         35421.62500
1216         35517.19400
1217         35612.97100
1218         35708.95700
1219         35805.15300
1220         35901.55800
1221         35998.17300
1222         36094.99900
1223         36192.03500
1224         36289.28300
1225         36386.74200
1226         36484.41300
1227         36582.29600
1228         36680.39100
1229         36778.69900
1230         36877.22100
1231         36975.95600
1232         37074.90500
1233         37174.06800
1234         37273.44600
1235         37373.03900
1236         37472.84700
1237         37572.87000
1238         37673.11000
1239         37773.56600
1240         37874.23900
1241         37975.12900
1242         38076.23700
1243         38177.56200
1244         38279.10500
1245         38380.86700
1246         38482.84800
1247         38585.04800
1248         38687.46800
1249         38790.10800
1250         38892.96800
1251         38996.04800
1252         39099.35000
1253         39202.87300
1254         39306.61800
1255         39410.58500
1256         39514.77500
1257         39619.18700
1258         39723.82200
1259         39828.68200
1260         39933.76500
1261         40039.07200
1262         40144.60400
1263         40250.36100
1264         40356.34400
1265         40462.55200
1266         40568.98600
1267         40675.64700
1268         40782.53500
1269         40889.65000
1270         40996.99200
1271         41104.56300
1272         41212.36200
1273         41320.38900
1274         41428.64600
1275         41537.13200
1276         41645.84800
1277         41754.79400
1278         41863.97000
1279         41973.37800
1280         42083.01700
1281         42192.88700
1282         42302.99000
1283         42413.32500
1284         42523.89300
1285         42634.69300
1286         42745.72800
1287         42856.99600
1288         42968.49900
1289         43080.23600
1290         43192.20900
1291         43304.41600
1292         43416.86000
1293         43529.54000
1294         43642.45600
1295         43755.60900
1296         43869.00000
1297         43982.62800
1298         44096.49400
1299         44210.59900
1300         44324.94200
1301         44439.52500
1302         44554.34800
1303         44669.41000
1304         44784.71200
1305         44900.25600
1306         45016.04000
1307         45132.06600
1308         45248.33400
1309         45364.84400
1310         45481.59700
1311         45598.59200
1312         45715.83200
1313         45833.31500
1314         45951.04200
1315         46069.01300
1316         46187.23000
1317         46305.69200
1318         46424.40000
1319         46543.35400
1320         46662.55400
1321         46782.00100
1322         46901.69600
1323         47021.63800
1324         47141.82800
1325         47262.26700
1326         47382.95500
1327         47503.89200
1328         47625.07800
1329         47746.51500
1330         47868.20100
1331         47990.13900
1332         48112.32800
1333         48234.76900
1334         48357.46100
1335         48480.40600
1336         48603.60400
1337         48727.05400
1338         48850.75900
1339         48974.71700
1340         49098.93000
1341         49223.39700
1342         49348.12000
1343         49473.09800
1344         49598.33200
1345         49723.82300
1346         49849.57000
1347         49975.57400
1348         50101.83600
1349         50228.35600
1350         50355.13400
1351         50482.17100
1352         50609.46700
1353         50737.02300
1354         50864.83900
1355         50992.91500
1356         51121.25200
1357         51249.85000
1358         51378.70900
1359         51507.83100
1360         51637.21400
1361         51766.86100
1362         51896.77100
1363         52026.94400
1364         52157.38200
1365         52288.08400
1366         52419.05100
1367         52550.28200
1368         52681.78000
1369         52813.54400
1370         52945.57400
1371         53077.87100
1372         53210.43500
1373         53343.26700
1374         53476.36700
1375         53609.73500
1376         53743.37300
1377         53877.28000
1378         54011.45600
1379         54145.90300
1380         54280.62000
1381         54415.60900
1382         54550.86800
1383         54686.40000
1384         54822.20300
1385         54958.28000
1386         55094.62900
1387         55231.25200
1388         55368.14900
1389         55505.32000
1390         55642.76600
1391         55780.48700
1392         55918.48400
1393         56056.75600
1394         56195.30500
1395         56334.13100
1396         56473.23400
1397         56612.61500
1398         56752.27400
1399         56892.21100
1400         57032.42800
1401         57172.92300
1402         57313.69900
1403         57454.75500
1404         57596.09100
1405         57737.70800
1406         57879.60700
1407         58021.78800
1408         58164.25100
1409         58306.99700
1410         58450.02600
1411         58593.33900
1412         58736.93600
1413         58880.81700
1414         59024.98300
1415         59169.43400
1416         59314.17200
1417         59459.19500
1418         59604.50500
1419         59750.10200
1420         59895.98600
1421         60042.15900
1422         60188.62000
1423         60335.36900
1424         60482.40800
1425         60629.73600
1426         60777.35500
1427         60925.26400
1428         61073.46400
1429         61221.95500
1430         61370.73800
1431         61519.81400
1432         61669.18200
1433         61818.84300
1434         61968.79800
1435         62119.04600
1436         62269.59000
1437         62420.42800
1438         62571.56100
1439         62722.99000
1440         62874.71500
1441         63026.73700
1442         63179.05600
1443         63331.67300
1444         63484.58800
1445         63637.80000
1446         63791.31200
1447         63945.12300
1448         64099.23400
1449         64253.64500
1450         64408.35700
1451         64563.36900
1452         64718.68300
1453         64874.29900
1454         65030.21800
1455         65186.43900
1456         65342.96400
1457         65499.79200
1458         65656.92500
1459         65814.36200
1460         65972.10400
1461         66130.15200
1462         66288.50600
1463         66447.16600
1464         66606.13300
1465         66765.40800
1466         66924.99000
1467         67084.88100
1468         67245.08000
1469         67405.58800
1470         67566.40600
1471         67727.53400
1472         67888.97300
1473         68050.72200
1474         68212.78300
1475         68375.15600
1476         68537.84100
1477         68700.83900
1478         68864.15000
1479         69027.77500
1480         69191.71400
1481         69355.96800
1482         69520.53600
1483         69685.42100
1484         69850.62100
1485         70016.13800
1486         70181.97100
1487         70348.12200
1488         70514.59100
1489         70681.37800
1490         70848.48400
1491         71015.90900
1492         71183.65400
1493         71351.71900
1494         71520.10500
1495         71688.81100
1496         71857.84000
1497         72027.19000
1498         72196.86300
1499         72366.85800
1500         72537.17700
1501         72707.82000
1502         72878.78800
1503         73050.08000
1504         73221.69700
1505         73393.64000
1506         73565.91000
1507         73738.50600
1508         73911.42900
1509         74084.68000
1510         74258.25900
1511         74432.16700
1512         74606.40300
1513         74780.97000
1514         74955.86600
1515         75131.09200
1516         75306.65000
1517         75482.53900
1518         75658.76000
1519         75835.31300
1520         76012.20000
1521         76189.41900
1522         76366.97200
1523         76544.86000
1524         76723.08200
1525         76901.64000
1526         77080.53300
1527         77259.76300
1528         77439.32900
1529         77619.23200
1530         77799.47300
1531         77980.05200
1532         78160.97000
1533         78342.22700
1534         78523.82300
1535         78705.76000
1536         78888.03700
1537         79070.65500
1538         79253.61400
1539         79436.91600
1540         79620.56000
1541         79804.54700
1542         79988.87700
1543         80173.55100
1544         80358.57000
1545         80543.93400
1546         80729.64300
1547         80915.69800
1548         81102.09900
1549         81288.84700
1550         81475.94300
1551         81663.38600
1552         81851.17800
1553         82039.31900
1554         82227.80800
1555         82416.64800
1556         82605.83800
1557         82795.37900
1558         82985.27100
1559         83175.51500
1560         83366.11100
1561         83557.06000
1562         83748.36200
1563         83940.01800
1564         84132.02900
1565         84324.39400
1566         84517.11400
1567         84710.19000
1568         84903.62300
1569         85097.41200
1570         85291.55800
1571         85486.06200
1572         85680.92500
1573         85876.14600
1574         86071.72700
1575         86267.66700
1576         86463.96700
1577         86660.62900
1578         86857.65100
1579         87055.03500
1580         87252.78200
1581         87450.89200
1582         87649.36400
1583         87848.20100
1584         88047.40200
1585         88246.96700
1586         88446.89800
1587         88647.19500
1588         88847.85800
1589         89048.88800
1590         89250.28600
1591         89452.05100
1592         89654.18400
1593         89856.68700
1594         90059.55900
1595         90262.80100
1596         90466.41300
1597         90670.39600
1598         90874.75100
1599         91079.47700
1600         91284.57600
1601         91490.04800
1602         91695.89400
1603         91902.11400
1604         92108.70800
1605         92315.67700
1606         92523.02200
1607         92730.74300
1608         92938.84000
1609         93147.31500
1610         93356.16700
1611         93565.39700
1612         93775.00600
1613         93984.99500
1614         94195.36300
1615         94406.11100
1616         94617.24000
1617         94828.75000
1618         95040.64300
1619         95252.91700
1620         95465.57400
1621         95678.61500
1622         95892.04000
1623         96105.84900
1624         96320.04300
1625         96534.62300
1626         96749.58800
1627         96964.94000
1628         97180.67900
1629         97396.80600
1630         97613.32100
1631         97830.22500
1632         98047.51800
1633         98265.20000
1634         98483.27300
1635         98701.73600
1636         98920.59100
1637         99139.83800
1638         99359.47700
1639         99579.50900
1640         99799.93400
1641        100020.75000
1642        100241.97000
1643        100463.58000
1644        100685.58000
1645        100907.98000
1646        101130.78000
1647        101353.97000
1648        101577.57000
1649        101801.56000
1650        102025.95000
1651        102250.73000
1652        102475.92000
1653        102701.51000
1654        102927.50000
1655        103153.89000
1656        103380.69000
1657        103607.88000
1658        103835.48000
1659        104063.48000
1660        104291.89000
1661        104520.70000
1662        104749.92000
1663        104979.54000
1664        105209.57000
1665        105440.01000
1666        105670.85000
1667        105902.10000
1668        106133.77000
1669        106365.83000
1670        106598.31000
1671        106831.20000
1672        107064.50000
1673        107298.22000
1674        107532.34000
1675        107766.87000
1676        108001.82000
1677        108237.19000
1678        108472.96000
1679        108709.15000
1680        108945.76000
1681        109182.78000
1682        109420.22000
1683        109658.08000
1684        109896.35000
1685        110135.04000
1686        110374.15000
1687        110613.68000
1688        110853.63000
1689        111093.99000
1690        111334.78000
1691        111575.99000
1692        111817.62000
1693        112059.68000
1694        112302.16000
1695        112545.06000
1696        112788.38000
1697        113032.13000
1698        113276.31000
1699        113520.91000
1700        113765.94000
1701        114011.39000
1702        114257.27000
1703        114503.58000
1704        114750.32000
1705        114997.49000
1706        115245.08000
1707        115493.11000
1708        115741.57000
1709        115990.46000
1710        116239.78000
1711        116489.54000
1712        116739.73000
1713        116990.35000
1714        117241.40000
1715        117492.89000
1716        117744.82000
1717        117997.18000
1718        118249.98000
1719        118503.22000
1720        118756.89000
1721        119011.00000
1722        119265.55000
1723        119520.55000
1724        119775.98000
1725        120031.85000
1726        120288.16000
1727        120544.91000
1728        120802.11000
1729        121059.75000
1730        121317.83000
1731        121576.36000
1732        121835.33000
1733        122094.75000
1734        122354.61000
1735        122614.92000
1736        122875.68000
1737        123136.88000
1738        123398.53000
1739        123660.63000
1740        123923.18000
1741        124186.18000
1742        124449.63000
1743        124713.54000
1744        124977.89000
1745        125242.69000
1746        125507.95000
1747        125773.67000
1748        126039.83000
1749        126306.45000
1750        126573.53000
1751        126841.06000
1752        127109.05000
1753        127377.49000
1754        127646.39000
1755        127915.75000
1756        128185.57000
1757        128455.85000
1758        128726.59000
1759        128997.79000
1760        129269.45000
1761        129541.57000
1762        129814.16000
1763        130087.20000
1764        130360.71000
1765        130634.69000
1766        130909.13000
1767        131184.03000
1768        131459.40000
1769        131735.24000
1770        132011.54000
1771        132288.32000
1772        132565.56000
1773        132843.27000
1774        133121.44000
1775        133400.09000
1776        133679.21000
1777        133958.80000
1778        134238.87000
1779        134519.40000
1780        134800.41000
1781        135081.89000
1782        135363.85000
1783        135646.28000
1784        135929.19000
1785        136212.57000
1786        136496.43000
1787        136780.77000
1788        137065.58000
1789        137350.87000
1790        137636.65000
1791        137922.90000
1792        138209.63000
1793        138496.85000
1794        138784.54000
1795        139072.72000
1796        139361.38000
1797        139650.53000
1798        139940.16000
1799        140230.27000
1800        140520.87000
1801        140811.95000
1802        141103.52000
1803        141395.58000
1804        141688.13000
1805        141981.16000
1806        142274.68000
1807        142568.70000
1808        142863.20000
1809        143158.20000
1810        143453.68000
1811        143749.66000
1812        144046.13000
1813        144343.09000
1814        144640.55000
1815        144938.50000
1816        145236.95000
1817        145535.90000
1818        145835.34000
1819        146135.27000
1820        146435.71000
1821        146736.64000
1822        147038.08000
1823        147340.01000
1824        147642.44000
1825        147945.37000
1826        148248.81000
1827        148552.75000
1828        148857.19000
1829        149162.13000
1830        149467.58000
1831        149773.53000
1832        150079.98000
1833        150386.95000
1834        150694.42000
1835        151002.39000
1836        151310.88000
1837        151619.87000
1838        151929.37000
1839        152239.39000
1840        152549.91000
1841        152860.94000
1842        153172.49000
1843        153484.55000
1844        153797.12000
1845        154110.20000
1846        154423.80000
1847        154737.91000
1848        155052.54000
1849        155367.68000
1850        155683.35000
1851        155999.52000
1852        156316.22000
1853        156633.44000
1854        156951.17000
1855        157269.43000
1856        157588.20000
1857        157907.50000
1858        158227.32000
1859        158547.66000
1860        158868.53000
1861        159189.91000
1862        159511.83000
1863        159834.27000
1864        160157.23000
1865        160480.72000
1866        160804.74000
1867        161129.28000
1868        161454.36000
1869        161779.96000
1870        162106.09000
1871        162432.76000
1872        162759.95000
1873        163087.68000
1874        163415.94000
1875        163744.73000
1876        164074.05000
1877        164403.91000
1878        164734.31000
1879        165065.24000
1880        165396.70000
1881        165728.71000
1882        166061.25000
1883        166394.33000
1884        166727.94000
1885        167062.10000
1886        167396.80000
1887        167732.04000
1888        168067.82000
1889        168404.14000
1890        168741.01000
1891        169078.42000
1892        169416.37000
1893        169754.87000
1894        170093.91000
1895        170433.50000
1896        170773.64000
1897        171114.33000
1898        171455.56000
1899        171797.34000
1900        172139.67000
1901        172482.56000
1902        172825.99000
1903        173169.97000
1904        173514.51000
1905        173859.60000
1906        174205.24000
1907        174551.44000
1908        174898.19000
1909        175245.50000
1910        175593.37000
1911        175941.79000
1912        176290.77000
1913        176640.30000
1914        176990.40000
1915        177341.06000
1916        177692.27000
1917        178044.05000
1918        178396.39000
1919        178749.29000
1920        179102.76000
1921        179456.79000
1922        179811.38000
1923        180166.54000
1924        180522.26000
1925        180878.55000
1926        181235.41000
1927        181592.84000
1928        181950.83000
1929        182309.40000
1930        182668.53000
1931        183028.23000
1932        183388.51000
1933        183749.36000
1934        184110.78000
1935        184472.77000
1936        184835.34000
1937        185198.48000
1938        185562.20000
1939        185926.49000
1940        186291.36000
1941        186656.81000
1942        187022.84000
1943        187389.44000
1944        187756.63000
1945        188124.40000
1946        188492.74000
1947        188861.67000
1948        189231.18000
1949        189601.28000
1950        189971.95000
1951        190343.21000
1952        190715.06000
1953        191087.50000
1954        191460.51000
1955        191834.12000
1956        192208.32000
1957        192583.10000
1958        192958.47000
1959        193334.44000
1960        193710.99000
1961        194088.14000
1962        194465.87000
1963        194844.21000
1964        195223.13000
1965        195602.65000
1966        195982.76000
1967        196363.47000
1968        196744.78000
1969        197126.68000
1970        197509.18000
1971        197892.28000
1972        198275.98000
1973        198660.28000
1974        199045.18000
1975        199430.68000
1976        199816.78000
1977        200203.49000
1978        200590.80000
1979        200978.71000
1980        201367.23000
1981        201756.35000
1982        202146.08000
1983        202536.42000
1984        202927.37000
1985        203318.92000
1986        203711.09000
1987        204103.86000
1988        204497.24000
1989        204891.24000
1990        205285.85000
1991        205681.07000
1992        206076.90000
1993        206473.35000
1994        206870.42000
1995        207268.10000
1996        207666.39000
1997        208065.31000
1998        208464.84000
1999        208864.99000
2000        209265.76000
2001        209667.15000
2002        210069.16000
2003        210471.79000
2004        210875.04000
2005        211278.92000
2006        211683.42000
2007        212088.55000
2008        212494.30000
2009        212900.68000
2010        213307.68000
2011        213715.31000
2012        214123.57000
2013        214532.46000
2014        214941.98000
2015        215352.12000
2016        215762.90000
2017        216174.31000
2018        216586.36000
2019        216999.04000
2020        217412.35000
2021        217826.29000
2022        218240.87000
2023        218656.09000
2024        219071.95000
2025        219488.44000
2026        219905.57000
2027        220323.34000
2028        220741.75000
2029        221160.80000
2030        221580.49000
2031        222000.83000
2032        222421.81000
2033        222843.43000
2034        223265.69000
2035        223688.60000
2036        224112.16000
2037        224536.37000
2038        224961.22000
2039        225386.72000
2040        225812.86000
2041        226239.66000
2042        226667.11000
2043        227095.21000
2044        227523.96000
2045        227953.37000
2046        228383.42000
2047        228814.14000
2048        229245.50000
2049        229677.52000
2050        230110.20000
2051        230543.54000
2052        230977.53000
2053        231412.19000
2054        231847.50000
2055        232283.47000
2056        232720.11000
2057        233157.40000
2058        233595.36000
2059        234033.98000
2060        234473.27000
2061        234913.22000
2062        235353.83000
2063        235795.12000
2064        236237.06000
2065        236679.68000
2066        237122.97000
2067        237566.92000
2068        238011.55000
2069        238456.85000
2070        238902.81000
2071        239349.45000
2072        239796.77000
2073        240244.76000
2074        240693.42000
2075        241142.76000
2076        241592.77000
2077        242043.46000
2078        242494.83000
2079        242946.88000
2080        243399.61000
2081        243853.02000
2082        244307.10000
2083        244761.88000
2084        245217.33000
2085        245673.46000
2086        246130.29000
2087        246587.79000
2088        247045.98000
2089        247504.86000
2090        247964.42000
2091        248424.68000
2092        248885.62000
2093        249347.25000
2094        249809.57000
2095        250272.58000
2096        250736.28000
2097        251200.68000
2098        251665.77000
2099        252131.56000
2100        252598.04000
2101        253065.21000
2102        253533.08000
2103        254001.65000
2104        254470.92000
2105        254940.89000
2106        255411.55000
2107        255882.92000
2108        256354.99000
2109        256827.76000
2110        257301.23000
2111        257775.41000
2112        258250.29000
2113        258725.87000
2114        259202.17000
2115        259679.16000
2116        260156.87000
2117        260635.29000
2118        261114.41000
2119        261594.25000
2120        262074.79000
2121        262556.05000
2122        263038.02000
2123        263520.70000
2124        264004.10000
2125        264488.21000
2126        264973.04000
2127        265458.58000
2128        265944.84000
2129        266431.82000
2130        266919.52000
2131        267407.94000
2132        267897.08000
2133        268386.94000
2134        268877.52000
2135        269368.82000
2136        269860.85000
2137        270353.61000
2138        270847.08000
2139        271341.29000
2140        271836.22000
2141        272331.88000
2142        272828.27000
2143        273325.38000
2144        273823.23000
2145        274321.81000
2146        274821.12000
2147        275321.16000
2148        275821.94000
2149        276323.45000
2150        276825.69000
2151        277328.67000
2152        277832.39000
2153        278336.85000
2154        278842.04000
2155        279347.97000
2156        279854.64000
2157        280362.06000
2158        280870.21000
2159        281379.11000
2160        281888.75000
2161        282399.14000
2162        282910.27000
2163        283422.14000
2164        283934.77000
2165        284448.14000
2166        284962.25000
2167        285477.12000
2168        285992.74000
2169        286509.10000
2170        287026.22000
2171        287544.09000
2172        288062.72000
2173        288582.10000
2174        289102.23000
2175        289623.12000
2176        290144.77000
2177        290667.17000
2178        291190.33000
2179        291714.25000
2180        292238.93000
2181        292764.37000
2182        293290.57000
2183        293817.54000
2184        294345.26000
2185        294873.76000
2186        295403.01000
2187        295933.03000
2188        296463.82000
2189        296995.38000
2190        297527.70000
2191        298060.80000
2192        298594.66000
2193        299129.29000
2194        299664.70000
2195        300200.88000
2196        300737.83000
2197        301275.56000
2198        301814.06000
2199        302353.33000
2200        302893.38000
2201        303434.22000
2202        303975.82000
2203        304518.21000
2204        305061.38000
2205        305605.33000
2206        306150.06000
2207        306695.57000
2208        307241.87000
2209        307788.95000
2210        308336.82000
2211        308885.47000
2212        309434.91000
2213        309985.14000
2214        310536.15000
2215        311087.96000
2216        311640.55000
2217        312193.94000
2218        312748.12000
2219        313303.09000
2220        313858.85000
2221        314415.41000
2222        314972.77000
2223        315530.92000
2224        316089.87000
2225        316649.61000
2226        317210.16000
2227        317771.51000
2228        318333.65000
2229        318896.60000
2230        319460.35000
2231        320024.90000
2232        320590.26000
2233        321156.42000
2234        321723.39000
2235        322291.16000
2236        322859.75000
2237        323429.14000
2238        323999.34000
2239        324570.35000
2240        325142.17000
2241        325714.80000
2242        326288.25000
2243        326862.51000
2244        327437.58000
2245        328013.47000
2246        328590.18000
2247        329167.70000
2248        329746.04000
2249        330325.20000
2250        330905.18000
2251        331485.98000
2252        332067.61000
2253        332650.05000
2254        333233.32000
2255        333817.41000
2256        334402.33000
2257        334988.07000
2258        335574.64000
2259        336162.04000
2260        336750.27000
2261        337339.33000
2262        337929.21000
2263        338519.93000
2264        339111.48000
2265        339703.87000
2266        340297.08000
2267        340891.13000
2268        341486.02000
2269        342081.75000
2270        342678.31000
2271        343275.71000
2272        343873.95000
2273        344473.03000
2274        345072.95000
2275        345673.72000
2276        346275.32000
2277        346877.77000
2278        347481.07000
2279        348085.21000
2280        348690.19000
2281        349296.03000
2282        349902.71000
2283        350510.24000
2284        351118.62000
2285        351727.86000
2286        352337.94000
2287        352948.88000
2288        353560.67000
2289        354173.32000
2290        354786.82000
2291        355401.18000
2292        356016.39000
2293        356632.46000
2294        357249.40000
2295        357867.19000
2296        358485.84000
2297        359105.36000
2298        359725.74000
2299        360346.98000
2300        360969.08000
2301        361592.06000
2302        362215.89000
2303        362840.60000
2304        363466.17000
2305        364092.62000
2306        364719.93000
2307        365348.11000
2308        365977.17000
2309        366607.10000
2310        367237.90000
2311        367869.58000
2312        368502.13000
2313        369135.56000
2314        369769.87000
2315        370405.05000
2316        371041.12000
2317        371678.06000
2318        372315.89000
2319        372954.59000
2320        373594.18000
2321        374234.66000
2322        374876.02000
2323        375518.26000
2324        376161.39000
2325        376805.41000
2326        377450.32000
2327        378096.12000
2328        378742.81000
2329        379390.39000
2330        380038.86000
2331        380688.22000
2332        381338.48000
2333        381989.63000
2334        382641.68000
2335        383294.63000
2336        383948.47000
2337        384603.21000
2338        385258.86000
2339        385915.40000
2340        386572.85000
2341        387231.19000
2342        387890.44000
2343        388550.60000
2344        389211.66000
2345        389873.63000
2346        390536.50000
2347        391200.28000
2348        391864.97000
2349        392530.57000
2350        393197.09000
2351        393864.51000
2352        394532.85000
2353        395202.10000
2354        395872.27000
2355        396543.35000
2356        397215.34000
2357        397888.26000
2358        398562.09000
2359        399236.85000
2360        399912.52000
2361        400589.12000
2362        401266.64000
2363        401945.08000
2364        402624.44000
2365        403304.74000
2366        403985.95000
2367        404668.10000
2368        405351.17000
2369        406035.17000
2370        406720.10000
2371        407405.96000
2372        408092.76000
2373        408780.49000
2374        409469.15000
2375        410158.74000
2376        410849.27000
2377        411540.74000
2378        412233.15000
2379        412926.49000
2380        413620.78000
2381        414316.00000
2382        415012.17000
2383        415709.28000
2384        416407.33000
2385        417106.33000
2386        417806.27000
2387        418507.16000
2388        419209.00000
2389        419911.78000
2390        420615.52000
2391        421320.20000
2392        422025.84000
2393        422732.42000
2394        423439.96000
2395        424148.46000
2396        424857.91000
2397        425568.32000
2398        426279.68000
2399        426992.00000
2400        427705.28000
2401        428419.52000
2402        429134.72000
2403        429850.89000
2404        430568.01000
2405        431286.10000
2406        432005.16000
2407        432725.18000
2408        433446.17000
2409        434168.13000
2410        434891.05000
2411        435614.95000
2412        436339.81000
2413        437065.65000
2414        437792.46000
2415        438520.24000
2416        439249.00000
2417        439978.74000
2418        440709.45000
2419        441441.14000
2420        442173.81000
2421        442907.45000
2422        443642.08000
2423        444377.69000
2424        445114.29000
2425        445851.86000
2426        446590.42000
2427        447329.97000
2428        448070.51000
2429        448812.03000
2430        449554.54000
2431        450298.04000
2432        451042.53000
2433        451788.01000
2434        452534.49000
2435        453281.95000
2436        454030.42000
2437        454779.88000
2438        455530.33000
2439        456281.79000
2440        457034.24000
2441        457787.69000
2442        458542.14000
2443        459297.60000
2444        460054.06000
2445        460811.52000
2446        461569.98000
2447        462329.45000
2448        463089.93000
2449        463851.42000
2450        464613.91000
2451        465377.42000
2452        466141.94000
2453        466907.46000
2454        467674.00000
2455        468441.56000
2456        469210.13000
2457        469979.71000
2458        470750.31000
2459        471521.93000
2460        472294.57000
2461        473068.23000
2462        473842.91000
2463        474618.62000
2464        475395.34000
2465        476173.09000
2466        476951.86000
2467        477731.66000
2468        478512.49000
2469        479294.35000
2470        480077.23000
2471        480861.15000
2472        481646.09000
2473        482432.07000
2474        483219.09000
2475        484007.13000
2476        484796.21000
2477        485586.33000
2478        486377.49000
2479        487169.68000
2480        487962.91000
2481        488757.19000
2482        489552.50000
2483        490348.86000
2484        491146.26000
2485        491944.71000
2486        492744.20000
2487        493544.74000
2488        494346.33000
2489        495148.96000
2490        495952.65000
2491        496757.39000
2492        497563.18000
2493        498370.02000
2494        499177.91000
2495        499986.86000
2496        500796.87000
2497        501607.93000
2498        502420.05000
2499        503233.24000
2500        504047.48000
2501        504862.78000
2502        505679.15000
2503        506496.57000
2504        507315.07000
2505        508134.63000
2506        508955.25000
2507        509776.94000
2508        510599.71000
2509        511423.54000
2510        512248.44000
2511        513074.41000
2512        513901.46000
2513        514729.58000
2514        515558.78000
2515        516389.05000
2516        517220.40000
2517        518052.83000
2518        518886.33000
2519        519720.92000
2520        520556.59000
2521        521393.34000
2522        522231.17000
2523        523070.09000
2524        523910.10000
2525        524751.19000
2526        525593.37000
2527        526436.64000
2528        527280.99000
2529        528126.44000
2530        528972.98000
2531        529820.62000
2532        530669.34000
2533        531519.17000
2534        532370.09000
2535        533222.10000
2536        534075.22000
2537        534929.43000
2538        535784.75000
2539        536641.17000
2540        537498.69000
2541        538357.31000
2542        539217.04000
2543        540077.88000
2544        540939.82000
2545        541802.87000
2546        542667.03000
2547        543532.30000
2548        544398.68000
2549        545266.17000
2550        546134.78000
2551        547004.50000
2552        547875.34000
2553        548747.29000
2554        549620.36000
2555        550494.55000
2556        551369.86000
2557        552246.29000
2558        553123.85000
2559        554002.53000
2560        554882.33000
2561        555763.26000
2562        556645.31000
2563        557528.49000
2564        558412.80000
2565        559298.24000
2566        560184.81000
2567        561072.52000
2568        561961.35000
2569        562851.32000
2570        563742.43000
2571        564634.67000
2572        565528.05000
2573        566422.57000
2574        567318.23000
2575        568215.03000
2576        569112.97000
2577        570012.06000
2578        570912.28000
2579        571813.66000
2580        572716.18000
2581        573619.84000
2582        574524.66000
2583        575430.63000
2584        576337.74000
2585        577246.01000
2586        578155.43000
2587        579066.01000
2588        579977.74000
2589        580890.63000
2590        581804.67000
2591        582719.87000
2592        583636.24000
2593        584553.76000
2594        585472.44000
2595        586392.29000
2596        587313.30000
2597        588235.48000
2598        589158.83000
2599        590083.34000
2600        591009.02000
2601        591935.87000
2602        592863.89000
2603        593793.08000
2604        594723.44000
2605        595654.98000
2606        596587.70000
2607        597521.59000
2608        598456.66000
2609        599392.91000
2610        600330.33000
2611        601268.94000
2612        602208.73000
2613        603149.71000
2614        604091.86000
2615        605035.21000
2616        605979.74000
2617        606925.46000
2618        607872.36000
2619        608820.46000
2620        609769.75000
2621        610720.23000
2622        611671.90000
2623        612624.77000
2624        613578.83000
2625        614534.09000
2626        615490.55000
2627        616448.20000
2628        617407.06000
2629        618367.12000
2630        619328.38000
2631        620290.84000
2632        621254.51000
2633        622219.39000
2634        623185.47000
2635        624152.76000
2636        625121.26000
2637        626090.97000
2638        627061.89000
2639        628034.03000
2640        629007.38000
2641        629981.94000
2642        630957.72000
2643        631934.72000
2644        632912.93000
2645        633892.37000
2646        634873.02000
2647        635854.90000
2648        636838.00000
2649        637822.33000
2650        638807.88000
2651        639794.66000
2652        640782.66000
2653        641771.90000
2654        642762.36000
2655        643754.06000
2656        644746.98000
2657        645741.15000
2658        646736.54000
2659        647733.17000
2660        648731.04000
2661        649730.15000
2662        650730.50000
2663        651732.08000
2664        652734.91000
2665        653738.98000
2666        654744.30000
2667        655750.86000
2668        656758.67000
2669        657767.72000
2670        658778.03000
2671        659789.58000
2672        660802.38000
2673        661816.44000
2674        662831.75000
2675        663848.31000
2676        664866.13000
2677        665885.21000
2678        666905.55000
2679        667927.14000
2680        668949.99000
2681        669974.11000
2682        670999.49000
2683        672026.13000
2684        673054.04000
2685        674083.22000
2686        675113.66000
2687        676145.37000
2688        677178.35000
2689        678212.60000
2690        679248.13000
2691        680284.92000
2692        681323.00000
2693        682362.34000
2694        683402.97000
2695        684444.87000
2696        685488.05000
2697        686532.52000
2698        687578.26000
2699        688625.29000
2700        689673.60000
2701        690723.20000
2702        691774.08000
2703        692826.25000
2704        693879.71000
2705        694934.46000
2706        695990.51000
2707        697047.84000
2708        698106.47000
2709        699166.39000
2710        700227.61000
2711        701290.13000
2712        702353.94000
2713        703419.06000
2714        704485.47000
2715        705553.19000
2716        706622.21000
2717        707692.54000
2718        708764.17000
2719        709837.10000
2720        710911.35000
2721        711986.91000
2722        713063.77000
2723        714141.95000
2724        715221.44000
2725        716302.25000
2726        717384.37000
2727        718467.80000
2728        719552.56000
2729        720638.63000
2730        721726.03000
2731        722814.74000
2732        723904.78000
2733        724996.14000
2734        726088.83000
2735        727182.85000
2736        728278.19000
2737        729374.86000
2738        730472.86000
2739        731572.19000
2740        732672.85000
2741        733774.85000
2742        734878.18000
2743        735982.85000
2744        737088.86000
2745        738196.20000
2746        739304.89000
2747        740414.91000
2748        741526.28000
2749        742638.99000
2750        743753.05000
2751        744868.45000
2752        745985.20000
2753        747103.30000
2754        748222.75000
2755        749343.54000
2756        750465.69000
2757        751589.20000
2758        752714.06000
2759        753840.27000
2760        754967.84000
2761        756096.77000
2762        757227.06000
2763        758358.71000
2764        759491.72000
2765        760626.10000
2766        761761.84000
2767        762898.94000
2768        764037.42000
2769        765177.26000
2770        766318.47000
2771        767461.05000
2772        768605.00000
2773        769750.33000
2774        770897.03000
2775        772045.10000
2776        773194.56000
2777        774345.39000
2778        775497.60000
2779        776651.19000
2780        777806.17000
2781        778962.53000
2782        780120.27000
2783        781279.39000
2784        782439.91000
2785        783601.81000
2786        784765.10000
2787        785929.79000
2788        787095.86000
2789        788263.33000
2790        789432.20000
2791        790602.45000
2792        791774.11000
2793        792947.17000
2794        794121.62000
2795        795297.47000
2796        796474.73000
2797        797653.39000
2798        798833.46000
2799        800014.93000
2800        801197.81000
2801        802382.10000
2802        803567.79000
2803        804754.90000
2804        805943.42000
2805        807133.36000
2806        808324.70000
2807        809517.47000
2808        810711.65000
2809        811907.25000
2810        813104.27000
2811        814302.72000
2812        815502.58000
2813        816703.87000
2814        817906.58000
2815        819110.72000
2816        820316.29000
2817        821523.29000
2818        822731.71000
2819        823941.57000
2820        825152.86000
2821        826365.59000
2822        827579.75000
2823        828795.35000
2824        830012.38000
2825        831230.86000
2826        832450.77000
2827        833672.13000
2828        834894.93000
2829        836119.17000
2830        837344.86000
2831        838572.00000
2832        839800.59000
2833        841030.62000
2834        842262.11000
2835        843495.04000
2836        844729.44000
2837        845965.28000
2838        847202.58000
2839        848441.34000
2840        849681.56000
2841        850923.24000
2842        852166.38000
2843        853410.98000
2844        854657.05000
2845        855904.58000
2846        857153.57000
2847        858404.04000
2848        859655.97000
2849        860909.38000
2850        862164.25000
2851        863420.60000
2852        864678.43000
2853        865937.73000
2854        867198.50000
2855        868460.76000
2856        869724.49000
2857        870989.71000
2858        872256.40000
2859        873524.58000
2860        874794.25000
2861        876065.40000
2862        877338.04000
2863        878612.17000
2864        879887.79000
2865        881164.90000
2866        882443.50000
2867        883723.59000
2868        885005.19000
2869        886288.27000
2870        887572.86000
2871        888858.95000
2872        890146.53000
2873        891435.62000
2874        892726.21000
2875        894018.31000
2876        895311.91000
2877        896607.02000
2878        897903.64000
2879        899201.77000
2880        900501.41000
2881        901802.56000
2882        903105.23000
2883        904409.41000
2884        905715.11000
2885        907022.32000
2886        908331.06000
2887        909641.31000
2888        910953.09000
2889        912266.39000
2890        913581.22000
2891        914897.57000
2892        916215.45000
2893        917534.86000
2894        918855.80000
2895        920178.27000
2896        921502.27000
2897        922827.81000
2898        924154.88000
2899        925483.49000
2900        926813.64000
2901        928145.32000
2902        929478.55000
2903        930813.32000
2904        932149.64000
2905        933487.49000
2906        934826.90000
2907        936167.85000
2908        937510.35000
2909        938854.40000
2910        940200.00000
2911        941547.16000
2912        942895.87000
2913        944246.14000
2914        945597.96000
2915        946951.34000
2916        948306.28000
2917        949662.79000
2918        951020.85000
2919        952380.48000
2920        953741.67000
2921        955104.44000
2922        956468.76000
2923        957834.66000
2924        959202.13000
2925        960571.17000
2926        961941.79000
2927        963313.98000
2928        964687.74000
2929        966063.09000
2930        967440.01000
2931        968818.51000
2932        970198.60000
2933        971580.26000
2934        972963.52000
2935        974348.35000
2936        975734.78000
2937        977122.79000
2938        978512.40000
2939        979903.59000
2940        981296.38000
2941        982690.76000
2942        984086.74000
2943        985484.31000
2944        986883.48000
2945        988284.26000
2946        989686.63000
2947        991090.61000
2948        992496.18000
2949        993903.37000
2950        995312.16000
2951        996722.56000
2952        998134.57000
2953        999548.19000
2954       1000963.40000
2955       1002380.30000
2956       1003798.70000
2957       1005218.80000
2958       1006640.50000
2959       1008063.80000
2960       1009488.70000
2961       1010915.30000
2962       1012343.50000
2963       1013773.30000
2964       1015204.70000
2965       1016637.80000
2966       1018072.50000
2967       1019508.80000
2968       1020946.70000
2969       1022386.30000
2970       1023827.50000
2971       1025270.40000
2972       1026714.90000
2973       1028161.00000
2974       1029608.80000
2975       1031058.20000
2976       1032509.20000
2977       1033961.90000
2978       1035416.30000
2979       1036872.20000
2980       1038329.90000
2981       1039789.20000
2982       1041250.10000
2983       1042712.70000
2984       1044177.00000
2985       1045642.90000
2986       1047110.40000
2987       1048579.60000
2988       1050050.50000
2989       1051523.10000
2990       1052997.30000
2991       1054473.10000
2992       1055950.70000
2993       1057429.90000
2994       1058910.70000
2995       1060393.30000
2996       1061877.50000
2997       1063363.40000
2998       1064850.90000
2999       1066340.20000
3000       1067831.10000
3001       1069323.60000
3002       1070817.90000
3003       1072313.90000
3004       1073811.50000
3005       1075310.80000
3006       1076811.80000
3007       1078314.50000
3008       1079818.90000
3009       1081325.00000
3010       1082832.70000
3011       1084342.20000
3012       1085853.30000
3013       1087366.20000
3014       1088880.70000
3015       1090396.90000
3016       1091914.90000
3017       1093434.50000
3018       1094955.90000
3019       1096478.90000
3020       1098003.70000
3021       1099530.10000
3022       1101058.30000
3023       1102588.20000
3024       1104119.80000
3025       1105653.10000
3026       1107188.10000
3027       1108724.80000
3028       1110263.30000
3029       1111803.40000
3030       1113345.30000
3031       1114888.90000
3032       1116434.30000
3033       1117981.30000
3034       1119530.10000
3035       1121080.60000
3036       1122632.90000
3037       1124186.90000
3038       1125742.60000
3039       1127300.00000
3040       1128859.20000
3041       1130420.10000
3042       1131982.70000
3043       1133547.10000
3044       1135113.30000
3045       1136681.10000
3046       1138250.80000
3047       1139822.10000
3048       1141395.20000
3049       1142970.10000
3050       1144546.70000
3051       1146125.00000
3052       1147705.20000
3053       1149287.00000
3054       1150870.60000
3055       1152456.00000
3056       1154043.10000
3057       1155632.00000
3058       1157222.70000
3059       1158815.10000
3060       1160409.30000
3061       1162005.30000
3062       1163603.00000
3063       1165202.50000
3064       1166803.70000
3065       1168406.70000
3066       1170011.50000
3067       1171618.10000
3068       1173226.50000
3069       1174836.60000
3070       1176448.50000
3071       1178062.20000
3072       1179677.70000
3073       1181294.90000
3074       1182914.00000
3075       1184534.80000
3076       1186157.40000
3077       1187781.80000
3078       1189408.00000
3079       1191036.00000
3080       1192665.80000
3081       1194297.40000
3082       1195930.80000
3083       1197565.90000
3084       1199202.90000
3085       1200841.70000
3086       1202482.30000
3087       1204124.70000
3088       1205768.80000
3089       1207414.80000
3090       1209062.70000
3091       1210712.30000
3092       1212363.70000
3093       1214017.00000
3094       1215672.00000
3095       1217328.90000
3096       1218987.60000
3097       1220648.10000
3098       1222310.40000
3099       1223974.60000
3100       1225640.60000
3101       1227308.40000
3102       1228978.00000
3103       1230649.50000
3104       1232322.80000
3105       1233997.90000
3106       1235674.90000
3107       1237353.70000
3108       1239034.30000
3109       1240716.80000
3110       1242401.10000
3111       1244087.30000
3112       1245775.30000
3113       1247465.10000
3114       1249156.80000
3115       1250850.30000
3116       1252545.70000
3117       1254242.90000
3118       1255942.00000
3119       1257642.90000
3120       1259345.70000
3121       1261050.40000
3122       1262756.90000
3123       1264465.30000
3124       1266175.50000
3125       1267887.60000
3126       1269601.50000
3127       1271317.30000
3128       1273035.00000
3129       1274754.60000
3130       1276476.00000
3131       1278199.30000
3132       1279924.50000
3133       1281651.50000
3134       1283380.40000
3135       1285111.20000
3136       1286843.90000
3137       1288578.50000
3138       1290314.90000
3139       1292053.20000
3140       1293793.40000
3141       1295535.50000
3142       1297279.50000
3143       1299025.40000
3144       1300773.20000
3145       1302522.80000
3146       1304274.40000
3147       1306027.80000
3148       1307783.20000
3149       1309540.40000
3150       1311299.60000
3151       1313060.60000
3152       1314823.60000
3153       1316588.50000
3154       1318355.20000
3155       1320123.90000
3156       1321894.50000
3157       1323667.00000
3158       1325441.40000
3159       1327217.80000
3160       1328996.00000
3161       1330776.20000
3162       1332558.30000
3163       1334342.30000
3164       1336128.20000
3165       1337916.10000
3166       1339705.90000
3167       1341497.60000
3168       1343291.20000
3169       1345086.80000
3170       1346884.30000
3171       1348683.70000
3172       1350485.10000
3173       1352288.40000
3174       1354093.70000
3175       1355900.80000
3176       1357710.00000
3177       1359521.00000
3178       1361334.10000
3179       1363149.00000
3180       1364966.00000
3181       1366784.80000
3182       1368605.60000
3183       1370428.40000
3184       1372253.10000
3185       1374079.80000
3186       1375908.40000
3187       1377739.00000
3188       1379571.60000
3189       1381406.10000
3190       1383242.60000
3191       1385081.10000
3192       1386921.50000
3193       1388763.90000
3194       1390608.20000
3195       1392454.60000
3196       1394302.90000
3197       1396153.20000
3198       1398005.40000
3199       1399859.60000
3200       1401715.90000
3201       1403574.10000
3202       1405434.20000
3203       1407296.40000
3204       1409160.60000
3205       1411026.70000
3206       1412894.80000
3207       1414765.00000
3208       1416637.10000
3209       1418511.20000
3210       1420387.30000
3211       1422265.40000
3212       1424145.50000
3213       1426027.60000
3214       1427911.70000
3215       1429797.80000
3216       1431685.90000
3217       1433576.10000
3218       1435468.20000
3219       1437362.30000
3220       1439258.50000
3221       1441156.70000
3222       1443056.80000
3223       1444959.10000
3224       1446863.30000
3225       1448769.50000
3226       1450677.80000
3227       1452588.10000
3228       1454500.40000
3229       1456414.70000
3230       1458331.10000
3231       1460249.50000
3232       1462169.90000
3233       1464092.40000
3234       1466016.90000
3235       1467943.40000
3236       1469872.00000
3237       1471802.60000
3238       1473735.30000
3239       1475670.00000
3240       1477606.70000
3241       1479545.50000
3242       1481486.40000
3243       1483429.30000
3244       1485374.20000
3245       1487321.20000
3246       1489270.20000
3247       1491221.40000
3248       1493174.50000
3249       1495129.70000
3250       1497087.00000
3251       1499046.40000
3252       1501007.80000
3253       1502971.30000
3254       1504936.80000
3255       1506904.40000
3256       1508874.10000
3257       1510845.90000
3258       1512819.70000
3259       1514795.60000
3260       1516773.60000
3261       1518753.70000
3262       1520735.90000
3263       1522720.10000
3264       1524706.40000
3265       1526694.80000
3266       1528685.30000
3267       1530677.90000
3268       1532672.60000
3269       1534669.30000
3270       1536668.20000
3271       1538669.10000
3272       1540672.20000
3273       1542677.40000
3274       1544684.60000
3275       1546694.00000
3276       1548705.40000
3277       1550719.00000
3278       1552734.70000
3279       1554752.50000
3280       1556772.40000
3281       1558794.40000
3282       1560818.50000
3283       1562844.70000
3284       1564873.10000
3285       1566903.60000
3286       1568936.20000
3287       1570970.90000
3288       1573007.70000
3289       1575046.70000
3290       1577087.80000
3291       1579131.00000
3292       1581176.40000
3293       1583223.90000
3294       1585273.50000
3295       1587325.30000
3296       1589379.20000
3297       1591435.20000
3298       1593493.40000
3299       1595553.80000
3300       1597616.20000
3301       1599680.90000
3302       1601747.60000
3303       1603816.50000
3304       1605887.60000
3305       1607960.80000
3306       1610036.20000
3307       1612113.70000
3308       1614193.40000
3309       1616275.30000
3310       1618359.30000
3311       1620445.50000
3312       1622533.80000
3313       1624624.30000
3314       1626717.00000
3315       1628811.90000
3316       1630908.90000
3317       1633008.10000
3318       1635109.50000
3319       1637213.00000
3320       1639318.70000
3321       1641426.60000
3322       1643536.70000
3323       1645649.00000
3324       1647763.50000
3325       1649880.10000
3326       1651999.00000
3327       1654120.00000
3328       1656243.20000
3329       1658368.60000
3330       1660496.20000
3331       1662626.00000
3332       1664758.00000
3333       1666892.20000
3334       1669028.70000
3335       1671167.30000
3336       1673308.10000
3337       1675451.10000
3338       1677596.40000
3339       1679743.80000
3340       1681893.50000
3341       1684045.40000
3342       1686199.40000
3343       1688355.80000
3344       1690514.30000
3345       1692675.10000
3346       1694838.00000
3347       1697003.20000
3348       1699170.70000
3349       1701340.30000
3350       1703512.20000
3351       1705686.30000
3352       1707862.70000
3353       1710041.30000
3354       1712222.10000
3355       1714405.20000
3356       1716590.50000
3357       1718778.10000
3358       1720967.90000
3359       1723159.90000
3360       1725354.20000
3361       1727550.70000
3362       1729749.50000
3363       1731950.60000
3364       1734153.90000
3365       1736359.40000
3366       1738567.30000
3367       1740777.30000
3368       1742989.70000
3369       1745204.30000
3370       1747421.20000
3371       1749640.30000
3372       1751861.70000
3373       1754085.40000
3374       1756311.30000
3375       1758539.50000
3376       1760770.00000
3377       1763002.80000
3378       1765237.90000
3379       1767475.20000
3380       1769714.80000
3381       1771956.70000
3382       1774200.90000
3383       1776447.40000
3384       1778696.20000
3385       1780947.20000
3386       1783200.60000
3387       1785456.30000
3388       1787714.20000
3389       1789974.40000
3390       1792237.00000
3391       1794501.80000
3392       1796769.00000
3393       1799038.50000
3394       1801310.20000
3395       1803584.30000
3396       1805860.70000
3397       1808139.40000
3398       1810420.40000
3399       1812703.80000
3400       1814989.40000
3401       1817277.40000
3402       1819567.70000
3403       1821860.30000
3404       1824155.30000
3405       1826452.50000
3406       1828752.10000
3407       1831054.10000
3408       1833358.30000
3409       1835664.90000
3410       1837973.90000
3411       1840285.20000
3412       1842598.80000
3413       1844914.70000
3414       1847233.00000
3415       1849553.70000
3416       1851876.70000
3417       1854202.00000
3418       1856529.70000
3419       1858859.80000
3420       1861192.20000
3421       1863526.90000
3422       1865864.00000
3423       1868203.50000
3424       1870545.40000
3425       1872889.60000
3426       1875236.10000
3427       1877585.10000
3428       1879936.40000
3429       1882290.00000
3430       1884646.10000
3431       1887004.50000
3432       1889365.30000
3433       1891728.50000
3434       1894094.00000
3435       1896462.00000
3436       1898832.30000
3437       1901205.00000
3438       1903580.10000
3439       1905957.50000
3440       1908337.40000
3441       1910719.70000
3442       1913104.30000
3443       1915491.40000
3444       1917880.80000
3445       1920272.70000
3446       1922667.00000
3447       1925063.60000
3448       1927462.70000
3449       1929864.10000
3450       1932268.00000
3451       1934674.30000
3452       1937083.00000
3453       1939494.10000
3454       1941907.70000
3455       1944323.60000
3456       1946742.00000
3457       1949162.80000
3458       1951586.00000
3459       1954011.60000
3460       1956439.70000
3461       1958870.20000
3462       1961303.10000
3463       1963738.50000
3464       1966176.30000
3465       1968616.50000
3466       1971059.20000
3467       1973504.30000
3468       1975951.80000
3469       1978401.80000
3470       1980854.30000
3471       1983309.20000
3472       1985766.50000
3473       1988226.30000
3474       1990688.60000
3475       1993153.30000
3476       1995620.40000
3477       1998090.00000
3478       2000562.10000
3479       2003036.60000
3480       2005513.60000
3481       2007993.10000
3482       2010475.00000
3483       2012959.50000
3484       2015446.30000
3485       2017935.70000
3486       2020427.50000
3487       2022921.80000
3488       2025418.60000
3489       2027917.90000
3490       2030419.60000
3491       2032923.80000
3492       2035430.60000
3493       2037939.80000
3494       2040451.50000
3495       2042965.70000
3496       2045482.30000
3497       2048001.50000
3498       2050523.20000
3499       2053047.40000
3500       2055574.10000
3501       2058103.30000
3502       2060634.90000
3503       2063169.10000
3504       2065705.80000
3505       2068245.10000
3506       2070786.80000
3507       2073331.00000
3508       2075877.80000
3509       2078427.10000
3510       2080978.90000
3511       2083533.20000
3512       2086090.10000
3513       2088649.40000
3514       2091211.30000
3515       2093775.80000
3516       2096342.70000
3517       2098912.20000
3518       2101484.30000
3519       2104058.80000
3520       2106635.90000
3521       2109215.60000
3522       2111797.80000
3523       2114382.50000
3524       2116969.80000
3525       2119559.60000
3526       2122152.00000
3527       2124747.00000
3528       2127344.50000
3529       2129944.50000
3530       2132547.10000
3531       2135152.30000
3532       2137760.00000
3533       2140370.30000
3534       2142983.20000
3535       2145598.60000
3536       2148216.60000
3537       2150837.20000
3538       2153460.30000
3539       2156086.10000
3540       2158714.40000
3541       2161345.20000
3542       2163978.70000
3543       2166614.70000
3544       2169253.40000
3545       2171894.60000
3546       2174538.40000
3547       2177184.80000
3548       2179833.80000
3549       2182485.40000
3550       2185139.60000
3551       2187796.30000
3552       2190455.70000
3553       2193117.70000
3554       2195782.30000
3555       2198449.50000
3556       2201119.30000
3557       2203791.70000
3558       2206466.70000
3559       2209144.40000
3560       2211824.60000
3561       2214507.50000
3562       2217193.00000
3563       2219881.10000
3564       2222571.80000
3565       2225265.20000
3566       2227961.20000
3567       2230659.80000
3568       2233361.10000
3569       2236065.00000
3570       2238771.50000
3571       2241480.70000
3572       2244192.50000
3573       2246906.90000
3574       2249624.00000
3575       2252343.70000
3576       2255066.10000
3577       2257791.10000
3578       2260518.80000
3579       2263249.10000
3580       2265982.10000
3581       2268717.80000
3582       2271456.10000
3583       2274197.00000
3584       2276940.70000
3585       2279687.00000
3586       2282435.90000
3587       2285187.50000
3588       2287941.80000
3589       2290698.80000
3590       2293458.50000
3591       2296220.80000
3592       2298985.80000
3593       2301753.50000
3594       2304523.80000
3595       2307296.90000
3596       2310072.60000
3597       2312851.00000
3598       2315632.20000
3599       2318416.00000
3600       2321202.50000
3601       2323991.70000
3602       2326783.60000
3603       2329578.20000
3604       2332375.50000
3605       2335175.50000
3606       2337978.20000
3607       2340783.60000
3608       2343591.70000
3609       2346402.60000
3610       2349216.10000
3611       2352032.40000
3612       2354851.40000
3613       2357673.10000
3614       2360497.50000
3615       2363324.70000
3616       2366154.50000
3617       2368987.20000
3618       2371822.50000
3619       2374660.60000
3620       2377501.40000
3621       2380344.90000
3622       2383191.20000
3623       2386040.20000
3624       2388892.00000
3625       2391746.50000
3626       2394603.70000
3627       2397463.70000
3628       2400326.50000
3629       2403192.00000
3630       2406060.30000
3631       2408931.30000
3632       2411805.00000
3633       2414681.60000
3634       2417560.90000
3635       2420442.90000
3636       2423327.80000
3637       2426215.40000
3638       2429105.70000
3639       2431998.90000
3640       2434894.80000
3641       2437793.50000
3642       2440694.90000
3643       2443599.20000
3644       2446506.20000
3645       2449416.00000
3646       2452328.60000
3647       2455244.00000
3648       2458162.20000
3649       2461083.10000
3650       2464006.90000
3651       2466933.50000
3652       2469862.80000
3653       2472795.00000
3654       2475729.90000
3655       2478667.70000
3656       2481608.30000
3657       2484551.70000
3658       2487497.90000
3659       2490446.90000
3660       2493398.70000
3661       2496353.30000
3662       2499310.80000
3663       2502271.10000
3664       2505234.20000
3665       2508200.10000
3666       2511168.80000
3667       2514140.40000
3668       2517114.80000
3669       2520092.10000
3670       2523072.20000
3671       2526055.10000
3672       2529040.80000
3673       2532029.40000
3674       2535020.90000
3675       2538015.20000
3676       2541012.30000
3677       2544012.30000
3678       2547015.10000
3679       2550020.80000
3680       2553029.30000
3681       2556040.70000
3682       2559055.00000
3683       2562072.10000
3684       2565092.10000
3685       2568115.00000
3686       2571140.70000
3687       2574169.30000
3688       2577200.80000
3689       2580235.10000
3690       2583272.30000
3691       2586312.40000
3692       2589355.40000
3693       2592401.20000
3694       2595450.00000
3695       2598501.60000
3696       2601556.10000
3697       2604613.50000
3698       2607673.80000
3699       2610737.00000
3700       2613803.10000
3701       2616872.10000
3702       2619944.00000
3703       2623018.80000
3704       2626096.50000
3705       2629177.10000
3706       2632260.70000
3707       2635347.10000
3708       2638436.40000
3709       2641528.70000
3710       2644623.90000
3711       2647722.00000
3712       2650823.00000
3713       2653926.90000
3714       2657033.80000
3715       2660143.60000
3716       2663256.30000
3717       2666372.00000
3718       2669490.60000
3719       2672612.10000
3720       2675736.60000
3721       2678864.00000
3722       2681994.40000
3723       2685127.70000
3724       2688263.90000
3725       2691403.10000
3726       2694545.30000
3727       2697690.40000
3728       2700838.40000
3729       2703989.40000
3730       2707143.40000
3731       2710300.30000
3732       2713460.20000
3733       2716623.10000
3734       2719789.00000
3735       2722957.80000
3736       2726129.50000
3737       2729304.30000
3738       2732482.00000
3739       2735662.70000
3740       2738846.40000
3741       2742033.10000
3742       2745222.70000
3743       2748415.40000
3744       2751611.00000
3745       2754809.70000
3746       2758011.30000
3747       2761215.90000
3748       2764423.50000
3749       2767634.10000
3750       2770847.70000
3751       2774064.40000
3752       2777284.00000
3753       2780506.60000
3754       2783732.30000
3755       2786960.90000
3756       2790192.60000
3757       2793427.30000
3758       2796665.00000
3759       2799905.70000
3760       2803149.50000
3761       2806396.30000
3762       2809646.10000
3763       2812898.90000
3764       2816154.80000
3765       2819413.70000
3766       2822675.60000
3767       2825940.60000
3768       2829208.60000
3769       2832479.70000
3770       2835753.80000
3771       2839030.90000
3772       2842311.10000
3773       2845594.40000
3774       2848880.70000
3775       2852170.10000
3776       2855462.50000
3777       2858758.00000
3778       2862056.50000
3779       2865358.10000
3780       2868662.80000
3781       2871970.50000
3782       2875281.40000
3783       2878595.20000
3784       2881912.20000
3785       2885232.20000
3786       2888555.40000
3787       2891881.60000
3788       2895210.80000
3789       2898543.20000
3790       2901878.70000
3791       2905217.20000
3792       2908558.90000
3793       2911903.60000
3794       2915251.40000
3795       2918602.40000
3796       2921956.40000
3797       2925313.50000
3798       2928673.80000
3799       2932037.10000
3800       2935403.60000
3801       2938773.10000
3802       2942145.80000
3803       2945521.60000
3804       2948900.60000
3805       2952282.60000
3806       2955667.80000
3807       2959056.00000
3808       2962447.50000
3809       2965842.00000
3810       2969239.70000
3811       2972640.50000
3812       2976044.40000
3813       2979451.50000
3814       2982861.80000
3815       2986275.10000
3816       2989691.60000
3817       2993111.30000
3818       2996534.10000
3819       2999960.10000
3820       3003389.20000
3821       3006821.40000
3822       3010256.90000
3823       3013695.50000
3824       3017137.20000
3825       3020582.10000
3826       3024030.20000
3827       3027481.50000
3828       3030935.90000
3829       3034393.50000
3830       3037854.30000
3831       3041318.20000
3832       3044785.30000
3833       3048255.60000
3834       3051729.10000
3835       3055205.80000
3836       3058685.70000
3837       3062168.80000
3838       3065655.00000
3839       3069144.50000
3840       3072637.10000
3841       3076133.00000
3842       3079632.00000
3843       3083134.30000
3844       3086639.80000
3845       3090148.40000
3846       3093660.30000
3847       3097175.40000
3848       3100693.70000
3849       3104215.30000
3850       3107740.00000
3851       3111268.00000
3852       3114799.20000
3853       3118333.60000
3854       3121871.30000
3855       3125412.10000
3856       3128956.30000
3857       3132503.60000
3858       3136054.20000
3859       3139608.00000
3860       3143165.10000
3861       3146725.40000
3862       3150289.00000
3863       3153855.80000
3864       3157425.90000
3865       3160999.20000
3866       3164575.80000
3867       3168155.60000
3868       3171738.70000
3869       3175325.10000
3870       3178914.70000
3871       3182507.60000
3872       3186103.80000
3873       3189703.20000
3874       3193305.90000
3875       3196911.90000
3876       3200521.20000
3877       3204133.70000
3878       3207749.50000
3879       3211368.60000
3880       3214991.00000
3881       3218616.70000
3882       3222245.70000
3883       3225878.00000
3884       3229513.50000
3885       3233152.40000
3886       3236794.60000
3887       3240440.10000
3888       3244088.80000
3889       3247740.90000
3890       3251396.30000
3891       3255055.00000
3892       3258717.10000
3893       3262382.40000
3894       3266051.10000
3895       3269723.10000
3896       3273398.40000
3897       3277077.00000
3898       3280759.00000
3899       3284444.30000
3900       3288132.90000
3901       3291824.80000
3902       3295520.10000
3903       3299218.80000
3904       3302920.80000
3905       3306626.10000
3906       3310334.80000
3907       3314046.80000
3908       3317762.20000
3909       3321480.90000
3910       3325203.00000
3911       3328928.40000
3912       3332657.20000
3913       3336389.40000
3914       3340124.90000
3915       3343863.80000
3916       3347606.10000
3917       3351351.70000
3918       3355100.70000
3919       3358853.10000
3920       3362608.90000
3921       3366368.00000
3922       3370130.60000
3923       3373896.50000
3924       3377665.80000
3925       3381438.50000
3926       3385214.60000
3927       3388994.10000
3928       3392777.00000
3929       3396563.20000
3930       3400352.90000
3931       3404146.00000
3932       3407942.50000
3933       3411742.40000
3934       3415545.70000
3935       3419352.50000
3936       3423162.60000
3937       3426976.20000
3938       3430793.20000
3939       3434613.60000
3940       3438437.40000
3941       3442264.70000
3942       3446095.40000
3943       3449929.50000
3944       3453767.10000
3945       3457608.10000
3946       3461452.50000
3947       3465300.40000
3948       3469151.70000
3949       3473006.50000
3950       3476864.70000
3951       3480726.30000
3952       3484591.50000
3953       3488460.00000
3954       3492332.10000
3955       3496207.60000
3956       3500086.50000
3957       3503968.90000
3958       3507854.80000
3959       3511744.20000
3960       3515637.00000
3961       3519533.30000
3962       3523433.10000
3963       3527336.40000
3964       3531243.10000
3965       3535153.30000
3966       3539067.10000
3967       3542984.30000
3968       3546904.90000
3969       3550829.10000
3970       3554756.80000
3971       3558688.00000
3972       3562622.70000
3973       3566560.90000
3974       3570502.50000
3975       3574447.70000
3976       3578396.40000
3977       3582348.70000
3978       3586304.40000
3979       3590263.60000
3980       3594226.40000
3981       3598192.70000
3982       3602162.50000
3983       3606135.90000
3984       3610112.70000
3985       3614093.10000
3986       3618077.10000
3987       3622064.50000
3988       3626055.50000
3989       3630050.10000
3990       3634048.20000
3991       3638049.80000
3992       3642055.00000
3993       3646063.70000
3994       3650076.00000
3995       3654091.90000
3996       3658111.30000
3997       3662134.20000
3998       3666160.80000
3999       3670190.90000
4000       3674224.50000
4001       3678261.70000
4002       3682302.50000
4003       3686346.90000
4004       3690394.80000
4005       3694446.40000
4006       3698501.50000
4007       3702560.20000
4008       3706622.40000
4009       3710688.30000
4010       3714757.80000
4011       3718830.80000
4012       3722907.50000
4013       3726987.70000
4014       3731071.50000
4015       3735159.00000
4016       3739250.00000
4017       3743344.70000
4018       3747443.00000
4019       3751544.90000
4020       3755650.40000
4021       3759759.50000
4022       3763872.20000
4023       3767988.60000
4024       3772108.50000
4025       3776232.20000
4026       3780359.40000
4027       3784490.30000
4028       3788624.80000
4029       3792762.90000
4030       3796904.70000
4031       3801050.10000
4032       3805199.20000
4033       3809351.90000
4034       3813508.30000
4035       3817668.30000
4036       3821831.90000
4037       3825999.30000
4038       3830170.30000
4039       3834344.90000
4040       3838523.20000
4041       3842705.20000
4042       3846890.80000
4043       3851080.10000
4044       3855273.10000
4045       3859469.80000
4046       3863670.10000
4047       3867874.20000
4048       3872081.90000
4049       3876293.20000
4050       3880508.30000
4051       3884727.10000
4052       3888949.60000
4053       3893175.70000
4054       3897405.60000
4055       3901639.10000
4056       3905876.40000
4057       3910117.30000
4058       3914362.00000
4059       3918610.40000
4060       3922862.50000
4061       3927118.30000
4062       3931377.80000
4063       3935641.10000
4064       3939908.00000
4065       3944178.70000
4066       3948453.20000
4067       3952731.30000
4068       3957013.20000
4069       3961298.80000
4070       3965588.20000
4071       3969881.30000
4072       3974178.10000
4073       3978478.70000
4074       3982783.00000
4075       3987091.10000
4076       3991402.90000
4077       3995718.50000
4078       4000037.80000
4079       4004360.90000
4080       4008687.80000
4081       4013018.40000
4082       4017352.80000
4083       4021691.00000
4084       4026032.90000
4085       4030378.60000
4086       4034728.10000
4087       4039081.40000
4088       4043438.40000
4089       4047799.30000
4090       4052163.90000
4091       4056532.30000
4092       4060904.50000
4093       4065280.50000
4094       4069660.30000
4095       4074043.90000
4096       4078431.30000
4097       4082822.50000
4098       4087217.50000
4099       4091616.30000
4100       4096018.90000
4101       4100425.40000
4102       4104835.60000
4103       4109249.70000
4104       4113667.60000
4105       4118089.30000
4106       4122514.90000
4107       4126944.20000
4108       4131377.50000
4109       4135814.50000
4110       4140255.40000
4111       4144700.10000
4112       4149148.70000
4113       4153601.10000
4114       4158057.30000
4115       4162517.40000
4116       4166981.40000
4117       4171449.20000
4118       4175920.90000
4119       4180396.40000
4120       4184875.80000
4121       4189359.10000
4122       4193846.20000
4123       4198337.20000
4124       4202832.00000
4125       4207330.80000
4126       4211833.40000
4127       4216339.90000
4128       4220850.30000
4129       4225364.50000
4130       4229882.70000
4131       4234404.70000
4132       4238930.70000
4133       4243460.50000
4134       4247994.20000
4135       4252531.80000
4136       4257073.40000
4137       4261618.80000
4138       4266168.20000
4139       4270721.40000
4140       4275278.60000
4141       4279839.70000
4142       4284404.70000
4143       4288973.60000
4144       4293546.40000
4145       4298123.20000
4146       4302703.90000
4147       4307288.50000
4148       4311877.10000
4149       4316469.60000
4150       4321066.00000
4151       4325666.40000
4152       4330270.70000
4153       4334879.00000
4154       4339491.20000
4155       4344107.40000
4156       4348727.50000
4157       4353351.60000
4158       4357979.60000
4159       4362611.60000
4160       4367247.60000
4161       4371887.50000
4162       4376531.40000
4163       4381179.30000
4164       4385831.10000
4165       4390486.90000
4166       4395146.70000
4167       4399810.50000
4168       4404478.30000
4169       4409150.10000
4170       4413825.80000
4171       4418505.50000
4172       4423189.30000
4173       4427877.00000
4174       4432568.70000
4175       4437264.50000
4176       4441964.20000
4177       4446668.00000
4178       4451375.70000
4179       4456087.50000
4180       4460803.30000
4181       4465523.10000
4182       4470246.90000
4183       4474974.80000
4184       4479706.70000
4185       4484442.60000
4186       4489182.50000
4187       4493926.50000
4188       4498674.50000
4189       4503426.50000
4190       4508182.60000
4191       4512942.80000
4192       4517706.90000
4193       4522475.20000
4194       4527247.50000
4195       4532023.80000
4196       4536804.20000
4197       4541588.60000
4198       4546377.20000
4199       4551169.80000
4200       4555966.40000
4201       4560767.10000
4202       4565571.90000
4203       4570380.80000
4204       4575193.70000
4205       4580010.80000
4206       4584831.90000
4207       4589657.10000
4208       4594486.40000
4209       4599319.80000
4210       4604157.20000
4211       4608998.80000
4212       4613844.50000
4213       4618694.30000
4214       4623548.20000
4215       4628406.10000
4216       4633268.20000
4217       4638134.40000
4218       4643004.80000
4219       4647879.20000
4220       4652757.80000
4221       4657640.50000
4222       4662527.30000
4223       4667418.20000
4224       4672313.30000
4225       4677212.50000
4226       4682115.80000
4227       4687023.30000
4228       4691935.00000
4229       4696850.70000
4230       4701770.60000
4231       4706694.70000
4232       4711622.90000
4233       4716555.30000
4234       4721491.80000
4235       4726432.50000
4236       4731377.40000
4237       4736326.40000
4238       4741279.60000
4239       4746236.90000
4240       4751198.50000
4241       4756164.20000
4242       4761134.10000
4243       4766108.10000
4244       4771086.40000
4245       4776068.80000
4246       4781055.50000
4247       4786046.30000
4248       4791041.30000
4249       4796040.50000
4250       4801043.90000
4251       4806051.60000
4252       4811063.40000
4253       4816079.40000
4254       4821099.70000
4255       4826124.10000
4256       4831152.80000
4257       4836185.70000
4258       4841222.80000
4259       4846264.20000
4260       4851309.70000
4261       4856359.50000
4262       4861413.60000
4263       4866471.80000
4264       4871534.30000
4265       4876601.10000
4266       4881672.10000
4267       4886747.30000
4268       4891826.80000
4269       4896910.50000
4270       4901998.50000
4271       4907090.70000
4272       4912187.20000
4273       4917288.00000
4274       4922393.00000
4275       4927502.30000
4276       4932615.90000
4277       4937733.80000
4278       4942855.90000
4279       4947982.30000
4280       4953112.90000
4281       4958247.90000
4282       4963387.20000
4283       4968530.70000
4284       4973678.50000
4285       4978830.60000
4286       4983987.10000
4287       4989147.80000
4288       4994312.80000
4289       4999482.20000
4290       5004655.80000
4291       5009833.70000
4292       5015016.00000
4293       5020202.60000
4294       5025393.50000
4295       5030588.70000
4296       5035788.30000
4297       5040992.10000
4298       5046200.30000
4299       5051412.90000
4300       5056629.70000
4301       5061851.00000
4302       5067076.50000
4303       5072306.40000
4304       5077540.70000
4305       5082779.20000
4306       5088022.20000
4307       5093269.50000
4308       5098521.20000
4309       5103777.20000
4310       5109037.50000
4311       5114302.30000
4312       5119571.40000
4313       5124844.90000
4314       5130122.80000
4315       5135405.00000
4316       5140691.60000
4317       5145982.60000
4318       5151278.00000
4319       5156577.80000
4320       5161881.90000
4321       5167190.50000
4322       5172503.40000
4323       5177820.80000
4324       5183142.50000
4325       5188468.70000
4326       5193799.30000
4327       5199134.20000
4328       5204473.60000
4329       5209817.40000
4330       5215165.70000
4331       5220518.30000
4332       5225875.40000
4333       5231236.90000
4334       5236602.80000
4335       5241973.10000
4336       5247347.90000
4337       5252727.10000
4338       5258110.80000
4339       5263498.90000
4340       5268891.50000
4341       5274288.50000
4342       5279689.90000
4343       5285095.90000
4344       5290506.20000
4345       5295921.10000
4346       5301340.30000
4347       5306764.10000
4348       5312192.30000
4349       5317625.00000
4350       5323062.20000
4351       5328503.80000
4352       5333950.00000
4353       5339400.60000
4354       5344855.70000
4355       5350315.30000
4356       5355779.30000
4357       5361247.90000
4358       5366721.00000
4359       5372198.50000
4360       5377680.60000
4361       5383167.10000
4362       5388658.20000
4363       5394153.80000
4364       5399653.90000
4365       5405158.50000
4366       5410667.70000
4367       5416181.30000
4368       5421699.50000
4369       5427222.20000
4370       5432749.40000
4371       5438281.20000
4372       5443817.50000
4373       5449358.40000
4374       5454903.70000
4375       5460453.70000
4376       5466008.10000
4377       5471567.20000
4378       5477130.80000
4379       5482698.90000
4380       5488271.60000
4381       5493848.80000
4382       5499430.70000
4383       5505017.00000
4384       5510608.00000
4385       5516203.50000
4386       5521803.60000
4387       5527408.30000
4388       5533017.60000
4389       5538631.40000
4390       5544249.80000
4391       5549872.90000
4392       5555500.50000
4393       5561132.70000
4394       5566769.50000
4395       5572410.90000
4396       5578056.90000
4397       5583707.50000
4398       5589362.80000
4399       5595022.60000
4400       5600687.00000
4401       5606356.10000
4402       5612029.80000
4403       5617708.10000
4404       5623391.10000
4405       5629078.70000
4406       5634770.90000
4407       5640467.70000
4408       5646169.20000
4409       5651875.30000
4410       5657586.10000
4411       5663301.50000
4412       5669021.50000
4413       5674746.20000
4414       5680475.60000
4415       5686209.60000
4416       5691948.30000
4417       5697691.70000
4418       5703439.70000
4419       5709192.40000
4420       5714949.70000
4421       5720711.80000
4422       5726478.50000
4423       5732249.90000
4424       5738026.00000
4425       5743806.70000
4426       5749592.20000
4427       5755382.30000
4428       5761177.20000
4429       5766976.70000
4430       5772780.90000
4431       5778589.90000
4432       5784403.50000
4433       5790221.90000
4434       5796045.00000
4435       5801872.80000
4436       5807705.30000
4437       5813542.50000
4438       5819384.50000
4439       5825231.20000
4440       5831082.60000
4441       5836938.70000
4442       5842799.60000
4443       5848665.20000
4444       5854535.60000
4445       5860410.70000
4446       5866290.60000
4447       5872175.20000
4448       5878064.50000
4449       5883958.70000
4450       5889857.50000
4451       5895761.20000
4452       5901669.60000
4453       5907582.80000
4454       5913500.70000
4455       5919423.40000
4456       5925350.90000
4457       5931283.20000
4458       5937220.30000
4459       5943162.10000
4460       5949108.70000
4461       5955060.20000
4462       5961016.40000
4463       5966977.40000
4464       5972943.20000
4465       5978913.80000
4466       5984889.30000
4467       5990869.50000
4468       5996854.50000
4469       6002844.40000
4470       6008839.10000
4471       6014838.60000
4472       6020842.90000
4473       6026852.10000
4474       6032866.00000
4475       6038884.90000
4476       6044908.50000
4477       6050937.00000
4478       6056970.30000
4479       6063008.50000
4480       6069051.50000
4481       6075099.40000
4482       6081152.10000
4483       6087209.70000
4484       6093272.10000
4485       6099339.40000
4486       6105411.60000
4487       6111488.60000
4488       6117570.60000
4489       6123657.30000
4490       6129749.00000
4491       6135845.50000
4492       6141947.00000
4493       6148053.30000
4494       6154164.50000
4495       6160280.50000
4496       6166401.50000
4497       6172527.40000
4498       6178658.20000
4499       6184793.90000
4500       6190934.50000
4501       6197080.00000
4502       6203230.40000
4503       6209385.70000
4504       6215546.00000
4505       6221711.10000
4506       6227881.20000
4507       6234056.20000
4508       6240236.20000
4509       6246421.10000
4510       6252610.90000
4511       6258805.70000
4512       6265005.40000
4513       6271210.00000
4514       6277419.60000
4515       6283634.20000
4516       6289853.70000
4517       6296078.10000
4518       6302307.60000
4519       6308541.90000
4520       6314781.30000
4521       6321025.60000
4522       6327274.90000
4523       6333529.20000
4524       6339788.40000
4525       6346052.70000
4526       6352321.90000
4527       6358596.10000
4528       6364875.30000
4529       6371159.50000
4530       6377448.60000
4531       6383742.80000
4532       6390042.00000
4533       6396346.20000
4534       6402655.40000
4535       6408969.60000
4536       6415288.80000
4537       6421613.10000
4538       6427942.30000
4539       6434276.60000
4540       6440615.90000
4541       6446960.30000
4542       6453309.70000
4543       6459664.10000
4544       6466023.50000
4545       6472388.00000
4546       6478757.60000
4547       6485132.20000
4548       6491511.80000
4549       6497896.50000
4550       6504286.20000
4551       6510681.00000
4552       6517080.90000
4553       6523485.90000
4554       6529895.90000
4555       6536310.90000
4556       6542731.10000
4557       6549156.30000
4558       6555586.60000
4559       6562022.00000
4560       6568462.50000
4561       6574908.10000
4562       6581358.80000
4563       6587814.60000
4564       6594275.40000
4565       6600741.40000
4566       6607212.50000
4567       6613688.70000
4568       6620170.00000
4569       6626656.40000
4570       6633147.90000
4571       6639644.60000
4572       6646146.30000
4573       6652653.20000
4574       6659165.30000
4575       6665682.40000
4576       6672204.70000
4577       6678732.20000
4578       6685264.80000
4579       6691802.50000
4580       6698345.40000
4581       6704893.40000
4582       6711446.60000
4583       6718005.00000
4584       6724568.50000
4585       6731137.10000
4586       6737711.00000
4587       6744290.00000
4588       6750874.20000
4589       6757463.50000
4590       6764058.10000
4591       6770657.80000
4592       6777262.70000
4593       6783872.80000
4594       6790488.10000
4595       6797108.60000
4596       6803734.20000
4597       6810365.10000
4598       6817001.20000
4599       6823642.50000
4600       6830289.00000
4601       6836940.70000
4602       6843597.70000
4603       6850259.80000
4604       6856927.20000
4605       6863599.80000
4606       6870277.60000
4607       6876960.70000
4608       6883649.00000
4609       6890342.60000
4610       6897041.30000
4611       6903745.40000
4612       6910454.60000
4613       6917169.20000
4614       6923889.00000
4615       6930614.00000
4616       6937344.30000
4617       6944079.90000
4618       6950820.70000
4619       6957566.80000
4620       6964318.20000
4621       6971074.80000
4622       6977836.70000
4623       6984603.90000
4624       6991376.40000
4625       6998154.20000
4626       7004937.30000
4627       7011725.70000
4628       7018519.30000
4629       7025318.30000
4630       7032122.60000
4631       7038932.20000
4632       7045747.00000
4633       7052567.20000
4634       7059392.80000
4635       7066223.60000
4636       7073059.80000
4637       7079901.30000
4638       7086748.10000
4639       7093600.20000
4640       7100457.70000
4641       7107320.60000
4642       7114188.70000
4643       7121062.20000
4644       7127941.10000
4645       7134825.30000
4646       7141714.90000
4647       7148609.80000
4648       7155510.10000
4649       7162415.80000
4650       7169326.80000
4651       7176243.20000
4652       7183164.90000
4653       7190092.10000
4654       7197024.60000
4655       7203962.50000
4656       7210905.80000
4657       7217854.50000
4658       7224808.50000
4659       7231768.00000
4660       7238732.90000
4661       7245703.10000
4662       7252678.80000
4663       7259659.90000
4664       7266646.40000
4665       7273638.30000
4666       7280635.60000
4667       7287638.40000
4668       7294646.60000
4669       7301660.20000
4670       7308679.20000
4671       7315703.70000
4672       7322733.60000
4673       7329768.90000
4674       7336809.70000
4675       7343855.90000
4676       7350907.60000
4677       7357964.70000
4678       7365027.30000
4679       7372095.40000
4680       7379168.90000
4681       7386247.90000
4682       7393332.30000
4683       7400422.30000
4684       7407517.70000
4685       7414618.60000
4686       7421724.90000
4687       7428836.80000
4688       7435954.10000
4689       7443076.90000
4690       7450205.20000
4691       7457339.10000
4692       7464478.40000
4693       7471623.20000
4694       7478773.50000
4695       7485929.40000
4696       7493090.80000
4697       7500257.60000
4698       7507430.00000
4699       7514607.90000
4700       7521791.40000
4701       7528980.40000
4702       7536174.90000
4703       7543374.90000
4704       7550580.50000
4705       7557791.70000
4706       7565008.30000
4707       7572230.60000
4708       7579458.40000
4709       7586691.70000
4710       7593930.60000
4711       7601175.10000
4712       7608425.10000
4713       7615680.70000
4714       7622941.80000
4715       7630208.60000
4716       7637480.90000
4717       7644758.80000
4718       7652042.30000
4719       7659331.40000
4720       7666626.10000
4721       7673926.30000
4722       7681232.20000
4723       7688543.70000
4724       7695860.70000
4725       7703183.40000
4726       7710511.70000
4727       7717845.60000
4728       7725185.20000
4729       7732530.30000
4730       7739881.10000
4731       7747237.50000
4732       7754599.50000
4733       7761967.20000
4734       7769340.50000
4735       7776719.40000
4736       7784104.00000
4737       7791494.20000
4738       7798890.10000
4739       7806291.70000
4740       7813698.90000
4741       7821111.70000
4742       7828530.30000
4743       7835954.50000
4744       7843384.30000
4745       7850819.90000
4746       7858261.10000
4747       7865708.00000
4748       7873160.50000
4749       7880618.80000
4750       7888082.80000
4751       7895552.40000
4752       7903027.70000
4753       7910508.80000
4754       7917995.50000
4755       7925488.00000
4756       7932986.20000
4757       7940490.00000
4758       7947999.60000
4759       7955514.90000
4760       7963036.00000
4761       7970562.80000
4762       7978095.20000
4763       7985633.50000
4764       7993177.40000
4765       8000727.10000
4766       8008282.60000
4767       8015843.80000
4768       8023410.70000
4769       8030983.40000
4770       8038561.90000
4771       8046146.10000
4772       8053736.10000
4773       8061331.80000
4774       8068933.30000
4775       8076540.60000
4776       8084153.70000
4777       8091772.50000
4778       8099397.20000
4779       8107027.60000
4780       8114663.80000
4781       8122305.80000
4782       8129953.60000
4783       8137607.10000
4784       8145266.50000
4785       8152931.70000
4786       8160602.80000
4787       8168279.60000
4788       8175962.20000
4789       8183650.70000
4790       8191345.00000
4791       8199045.10000
4792       8206751.00000
4793       8214462.80000
4794       8222180.40000
4795       8229903.80000
4796       8237633.10000
4797       8245368.30000
4798       8253109.30000
4799       8260856.10000
4800       8268608.80000
4801       8276367.40000
4802       8284131.80000
4803       8291902.10000
4804       8299678.20000
4805       8307460.30000
4806       8315248.20000
4807       8323042.00000
4808       8330841.60000
4809       8338647.20000
4810       8346458.60000
4811       8354276.00000
4812       8362099.20000
4813       8369928.40000
4814       8377763.40000
4815       8385604.40000
4816       8393451.20000
4817       8401304.00000
4818       8409162.70000
4819       8417027.30000
4820       8424897.90000
4821       8432774.30000
4822       8440656.70000
4823       8448545.10000
4824       8456439.30000
4825       8464339.60000
4826       8472245.70000
4827       8480157.80000
4828       8488075.90000
4829       8495999.90000
4830       8503929.80000
4831       8511865.80000
4832       8519807.70000
4833       8527755.50000
4834       8535709.40000
4835       8543669.20000
4836       8551635.00000
4837       8559606.70000
4838       8567584.50000
4839       8575568.20000
4840       8583558.00000
4841       8591553.70000
4842       8599555.40000
4843       8607563.20000
4844       8615576.90000
4845       8623596.70000
4846       8631622.40000
4847       8639654.20000
4848       8647692.00000
4849       8655735.80000
4850       8663785.70000
4851       8671841.50000
4852       8679903.50000
4853       8687971.40000
4854       8696045.40000
4855       8704125.40000
4856       8712211.50000
4857       8720303.60000
4858       8728401.80000
4859       8736506.00000
4860       8744616.30000
4861       8752732.70000
4862       8760855.10000
4863       8768983.60000
4864       8777118.20000
4865       8785258.90000
4866       8793405.60000
4867       8801558.40000
4868       8809717.30000
4869       8817882.30000
4870       8826053.40000
4871       8834230.60000
4872       8842413.90000
4873       8850603.30000
4874       8858798.80000
4875       8867000.50000
4876       8875208.20000
4877       8883422.10000
4878       8891642.00000
4879       8899868.10000
4880       8908100.40000
4881       8916338.80000
4882       8924583.30000
4883       8932833.90000
4884       8941090.70000
4885       8949353.60000
4886       8957622.70000
4887       8965898.00000
4888       8974179.40000
4889       8982466.90000
4890       8990760.70000
4891       8999060.60000
4892       9007366.60000
4893       9015678.90000
4894       9023997.30000
4895       9032321.90000
4896       9040652.70000
4897       9048989.60000
4898       9057332.80000
4899       9065682.20000
4900       9074037.70000
4901       9082399.50000
4902       9090767.50000
4903       9099141.70000
4904       9107522.10000
4905       9115908.70000
4906       9124301.50000
4907       9132700.60000
4908       9141105.90000
4909       9149517.40000
4910       9157935.10000
4911       9166359.10000
4912       9174789.30000
4913       9183225.80000
4914       9191668.50000
4915       9200117.50000
4916       9208572.70000
4917       9217034.20000
4918       9225502.00000
4919       9233976.00000
4920       9242456.30000
4921       9250942.80000
4922       9259435.70000
4923       9267934.80000
4924       9276440.20000
4925       9284951.90000
4926       9293469.90000
4927       9301994.10000
4928       9310524.70000
4929       9319061.60000
4930       9327604.80000
4931       9336154.20000
4932       9344710.00000
4933       9353272.20000
4934       9361840.60000
4935       9370415.30000
4936       9378996.40000
4937       9387583.80000
4938       9396177.60000
4939       9404777.70000
4940       9413384.10000
4941       9421996.80000
4942       9430616.00000
4943       9439241.40000
4944       9447873.20000
4945       9456511.40000
4946       9465155.90000
4947       9473806.80000
4948       9482464.10000
4949       9491127.80000
4950       9499797.80000
4951       9508474.20000
4952       9517156.90000
4953       9525846.10000
4954       9534541.70000
4955       9543243.60000
4956       9551952.00000
4957       9560666.70000
4958       9569387.90000
4959       9578115.40000
4960       9586849.40000
4961       9595589.80000
4962       9604336.60000
4963       9613089.80000
4964       9621849.50000
4965       9630615.60000
4966       9639388.10000
4967       9648167.00000
4968       9656952.40000
4969       9665744.30000
4970       9674542.50000
4971       9683347.30000
4972       9692158.50000
4973       9700976.10000
4974       9709800.20000
4975       9718630.80000
4976       9727467.80000
4977       9736311.40000
4978       9745161.40000
4979       9754017.80000
4980       9762880.80000
4981       9771750.20000
4982       9780626.20000
4983       9789508.60000
4984       9798397.50000
4985       9807292.90000
4986       9816194.90000
4987       9825103.30000
4988       9834018.30000
4989       9842939.70000
4990       9851867.70000
4991       9860802.20000
4992       9869743.30000
4993       9878690.80000
4994       9887644.90000
4995       9896605.60000
4996       9905572.70000
4997       9914546.50000
4998       9923526.70000
4999       9932513.60000
5000       9941506.90000