   1             7.58246
   2            14.43612
   3            21.30433
   4            28.17614
   5            35.04946
   6            41.92360
   7            48.79828
   8            55.67335
   9            62.54874
  10            69.42440
  11            76.30029
  12            83.17641
  13            90.05272
  14            96.92923
  15           103.80593
  16           110.68280
  17           117.55986
  18           124.43708
  19           131.31448
  20           138.19205
  21           145.06979
  22           151.94769
  23           158.82575
  24           165.70399
  25           172.58238
  26           179.46094
  27           186.33966
  28           193.21854
  29           200.09758
  30           206.97678
  31           213.85615
  32           220.73567
  33           227.61536
  34           234.49520
  35           241.37521
  36           248.25537
  37           255.13570
  38           262.01618
  39           268.89682
  40           275.77763
  41           282.65859
  42           289.53972
  43           296.42101
  44           303.30246
  45           310.18407
  46           317.06585
  47           323.94780
  48           330.82992
  49           337.71222
  50           344.59470
  51           351.47737
  52           358.36023
  53           365.24329
  54           372.12657
  55           379.01007
  56           385.89381
  57           392.77780
  58           399.66207
  59           406.54663
  60           413.43150
  61           420.31672
  62           427.20232
  63           434.08832
  64           440.97477
  65           447.86169
  66           454.74915
  67           461.63719
  68           468.52585
  69           475.41521
  70           482.30531
  71           489.19624
  72           496.08805
  73           502.98083
  74           509.87466
  75           516.76962
  76           523.66582
  77           530.56335
  78           537.46230
  79           544.36280
  80           551.26496
  81           558.16890
  82           565.07474
  83           571.98261
  84           578.89266
  85           585.80503
  86           592.71987
  87           599.63733
  88           606.55756
  89           613.48075
  90           620.40705
  91           627.33664
  92           634.26970
  93           641.20642
  94           648.14699
  95           655.09160
  96           662.04046
  97           668.99377
  98           675.95174
  99           682.91458
 100           689.88251
 101           696.85575
 102           703.83453
 103           710.81907
 104           717.80962
 105           724.80640
 106           731.80967
 107           738.81965
 108           745.83660
 109           752.86077
 110           759.89240
 111           766.93177
 112           773.97911
 113           781.03470
 114           788.09879
 115           795.17165
 116           802.25354
 117           809.34474
 118           816.44551
 119           823.55613
 120           830.67687
 121           837.80800
 122           844.94981
 123           852.10256
 124           859.26654
 125           866.44202
 126           873.62929
 127           880.82863
 128           888.04031
 129           895.26463
 130           902.50187
 131           909.75230
 132           917.01622
 133           924.29390
 134           931.58563
 135           938.89170
 136           946.21239
 137           953.54798
 138           960.89876
 139           968.26501
 140           975.64703
 141           983.04508
 142           990.45946
 143           997.89044
 144          1005.33830
 145          1012.80340
 146          1020.28590
 147          1027.78610
 148          1035.30440
 149          1042.84090
 150          1050.39610
 151          1057.97000
 152          1065.56320
 153          1073.17570
 154          1080.80790
 155          1088.46010
 156          1096.13250
 157          1103.82540
 158          1111.53920
 159          1119.27390
 160          1127.03000
 161          1134.80770
 162          1142.60730
 163          1150.42900
 164          1158.27310
 165          1166.13990
 166          1174.02960
 167          1181.94250
 168          1189.87890
 169          1197.83900
 170          1205.82310
 171          1213.83150
 172          1221.86430
 173          1229.92200
 174          1238.00460
 175          1246.11260
 176          1254.24600
 177          1262.40530
 178          1270.59060
 179          1278.80220
 180          1287.04040
 181          1295.30540
 182          1303.59740
 183          1311.91670
 184          1320.26360
 185          1328.63820
 186          1337.04090
 187          1345.47190
 188          1353.93140
 189          1362.41970
 190          1370.93690
 191          1379.48350
 192          1388.05950
 193          1396.66520
 194          1405.30090
 195          1413.96690
 196          1422.66320
 197          1431.39020
 198          1440.14820
 199          1448.93730
 200          1457.75770
 201          1466.60980
 202          1475.49370
 203          1484.40960
 204          1493.35790
 205          1502.33870
 206          1511.35220
 207          1520.39870
 208          1529.47840
 209          1538.59160
 210          1547.73840
 211          1556.91910
 212          1566.13380
 213          1575.38290
 214          1584.66650
 215          1593.98490
 216          1603.33830
 217          1612.72690
 218          1622.15090
 219          1631.61050
 220          1641.10600
 221          1650.63760
 222          1660.20540
 223          1669.80980
 224          1679.45090
 225          1689.12890
 226          1698.84400
 227          1708.59650
 228          1718.38660
 229          1728.21440
 230          1738.08030
 231          1747.98430
 232          1757.92680
 233          1767.90790
 234          1777.92780
 235          1787.98670
 236          1798.08500
 237          1808.22260
 238          1818.39990
 239          1828.61710
 240          1838.87440
 241          1849.17200
 242          1859.51000
 243          1869.88870
 244          1880.30840
 245          1890.76910
 246          1901.27110
 247          1911.81470
 248          1922.40000
 249          1933.02710
 250          1943.69640
 251          1954.40800
 252          1965.16210
 253          1975.95900
 254          1986.79880
 255          1997.68170
 256          2008.60790
 257          2019.57760
 258          2030.59110
 259          2041.64850
 260          2052.75000
 261          2063.89580
 262          2075.08620
 263          2086.32130
 264          2097.60120
 265          2108.92630
 266          2120.29680
 267          2131.71270
 268          2143.17430
 269          2154.68190
 270          2166.23550
 271          2177.83550
 272          2189.48190
 273          2201.17510
 274          2212.91510
 275          2224.70220
 276          2236.53660
 277          2248.41850
 278          2260.34810
 279          2272.32550
 280          2284.35100
 281          2296.42480
 282          2308.54700
 283          2320.71780
 284          2332.93760
 285          2345.20630
 286          2357.52430
 287          2369.89180
 288          2382.30880
 289          2394.77570
 290          2407.29260
 291          2419.85980
 292          2432.47730
 293          2445.14540
 294          2457.86440
 295          2470.63430
 296          2483.45550
 297          2496.32800
 298          2509.25210
 299          2522.22790
 300          2535.25580
 301          2548.33580
 302          2561.46810
 303          2574.65300
 304          2587.89070
 305          2601.18130
 306          2614.52510
 307          2627.92210
 308          2641.37280
 309          2654.87710
 310          2668.43540
 311          2682.04770
 312          2695.71440
 313          2709.43560
 314          2723.21150
 315          2737.04230
 316          2750.92820
 317          2764.86940
 318          2778.86600
 319          2792.91840
 320          2807.02660
 321          2821.19090
 322          2835.41150
 323          2849.68850
 324          2864.02220
 325          2878.41280
 326          2892.86040
 327          2907.36530
 328          2921.92770
 329          2936.54760
 330          2951.22550
 331          2965.96140
 332          2980.75550
 333          2995.60810
 334          3010.51930
 335          3025.48930
 336          3040.51840
 337          3055.60670
 338          3070.75450
 339          3085.96190
 340          3101.22910
 341          3116.55630
 342          3131.94380
 343          3147.39170
 344          3162.90030
 345          3178.46970
 346          3194.10010
 347          3209.79170
 348          3225.54480
 349          3241.35960
 350          3257.23610
 351          3273.17470
 352          3289.17560
 353          3305.23880
 354          3321.36480
 355          3337.55350
 356          3353.80540
 357          3370.12050
 358          3386.49900
 359          3402.94120
 360          3419.44730
 361          3436.01740
 362          3452.65180
 363          3469.35070
 364          3486.11420
 365          3502.94270
 366          3519.83620
 367          3536.79510
 368          3553.81940
 369          3570.90940
 370          3588.06540
 371          3605.28750
 372          3622.57590
 373          3639.93090
 374          3657.35260
 375          3674.84120
 376          3692.39700
 377          3710.02020
 378          3727.71100
 379          3745.46950
 380          3763.29600
 381          3781.19080
 382          3799.15390
 383          3817.18570
 384          3835.28640
 385          3853.45600
 386          3871.69490
 387          3890.00330
 388          3908.38140
 389          3926.82940
 390          3945.34740
 391          3963.93580
 392          3982.59480
 393          4001.32440
 394          4020.12500
 395          4038.99680
 396          4057.94000
 397          4076.95480
 398          4096.04140
 399          4115.20000
 400          4134.43090
 401          4153.73420
 402          4173.11030
 403          4192.55920
 404          4212.08120
 405          4231.67660
 406          4251.34550
 407          4271.08820
 408          4290.90480
 409          4310.79570
 410          4330.76100
 411          4350.80090
 412          4370.91570
 413          4391.10560
 414          4411.37080
 415          4431.71150
 416          4452.12800
 417          4472.62040
 418          4493.18900
 419          4513.83400
 420          4534.55570
 421          4555.35420
 422          4576.22980
 423          4597.18280
 424          4618.21320
 425          4639.32140
 426          4660.50760
 427          4681.77200
 428          4703.11480
 429          4724.53630
 430          4746.03660
 431          4767.61610
 432          4789.27490
 433          4811.01330
 434          4832.83150
 435          4854.72970
 436          4876.70810
 437          4898.76710
 438          4920.90670
 439          4943.12730
 440          4965.42910
 441          4987.81230
 442          5010.27710
 443          5032.82380
 444          5055.45260
 445          5078.16370
 446          5100.95740
 447          5123.83380
 448          5146.79340
 449          5169.83610
 450          5192.96240
 451          5216.17240
 452          5239.46640
 453          5262.84460
 454          5286.30730
 455          5309.85460
 456          5333.48690
 457          5357.20430
 458          5381.00710
 459          5404.89550
 460          5428.86980
 461          5452.93020
 462          5477.07700
 463          5501.31040
 464          5525.63060
 465          5550.03780
 466          5574.53240
 467          5599.11460
 468          5623.78450
 469          5648.54250
 470          5673.38870
 471          5698.32350
 472          5723.34710
 473          5748.45970
 474          5773.66150
 475          5798.95290
 476          5824.33400
 477          5849.80510
 478          5875.36640
 479          5901.01830
 480          5926.76090
 481          5952.59450
 482          5978.51930
 483          6004.53560
 484          6030.64360
 485          6056.84360
 486          6083.13590
 487          6109.52060
 488          6135.99810
 489          6162.56860
 490          6189.23230
 491          6215.98950
 492          6242.84040
 493          6269.78540
 494          6296.82460
 495          6323.95830
 496          6351.18670
 497          6378.51020
 498          6405.92900
 499          6433.44330
 500          6461.05340
 501          6488.75950
 502          6516.56190
 503          6544.46090
 504          6572.45670
 505          6600.54960
 506          6628.73980
 507          6657.02760
 508          6685.41330
 509          6713.89710
 510          6742.47930
 511          6771.16010
 512          6799.93980
 513          6828.81870
 514          6857.79700
 515          6886.87500
 516          6916.05290
 517          6945.33110
 518          6974.70980
 519          7004.18920
 520          7033.76960
 521          7063.45130
 522          7093.23460
 523          7123.11960
 524          7153.10680
 525          7183.19630
 526          7213.38850
 527          7243.68350
 528          7274.08170
 529          7304.58330
 530          7335.18870
 531          7365.89800
 532          7396.71150
 533          7427.62960
 534          7458.65250
 535          7489.78040
 536          7521.01370
 537          7552.35260
 538          7583.79730
 539          7615.34830
 540          7647.00570
 541          7678.76970
 542          7710.64080
 543          7742.61920
 544          7774.70510
 545          7806.89880
 546          7839.20060
 547          7871.61080
 548          7904.12970
 549          7936.75750
 550          7969.49450
 551          8002.34100
 552          8035.29730
 553          8068.36370
 554          8101.54040
 555          8134.82780
 556          8168.22610
 557          8201.73560
 558          8235.35650
 559          8269.08930
 560          8302.93410
 561          8336.89120
 562          8370.96090
 563          8405.14360
 564          8439.43950
 565          8473.84890
 566          8508.37200
 567          8543.00920
 568          8577.76080
 569          8612.62700
 570          8647.60820
 571          8682.70460
 572          8717.91650
 573          8753.24420
 574          8788.68810
 575          8824.24830
 576          8859.92520
 577          8895.71920
 578          8931.63040
 579          8967.65910
 580          9003.80580
 581          9040.07060
 582          9076.45390
 583          9112.95600
 584          9149.57710
 585          9186.31750
 586          9223.17770
 587          9260.15780
 588          9297.25810
 589          9334.47900
 590          9371.82080
 591          9409.28370
 592          9446.86810
 593          9484.57430
 594          9522.40250
 595          9560.35310
 596          9598.42640
 597          9636.62270
 598          9674.94220
 599          9713.38540
 600          9751.95240
 601          9790.64360
 602          9829.45940
 603          9868.39990
 604          9907.46560
 605          9946.65680
 606          9985.97370
 607         10025.41700
 608         10064.98600
 609         10104.68200
 610         10144.50500
 611         10184.45500
 612         10224.53300
 613         10264.73900
 614         10305.07300
 615         10345.53500
 616         10386.12700
 617         10426.84800
 618         10467.69800
 619         10508.67800
 620         10549.78800
 621         10591.02800
 622         10632.40000
 623         10673.90200
 624         10715.53600
 625         10757.30100
 626         10799.19900
 627         10841.22900
 628         10883.39100
 629         10925.68700
 630         10968.11600
 631         11010.67900
 632         11053.37500
 633         11096.20600
 634         11139.17200
 635         11182.27200
 636         11225.50800
 637         11268.87900
 638         11312.38600
 639         11356.03000
 640         11399.81000
 641         11443.72700
 642         11487.78100
 643         11531.97300
 644         11576.30300
 645         11620.77100
 646         11665.37700
 647         11710.12200
 648         11755.00700
 649         11800.03100
 650         11845.19500
 651         11890.50000
 652         11935.94400
 653         11981.53000
 654         12027.25700
 655         12073.12500
 656         12119.13600
 657         12165.28800
 658         12211.58400
 659         12258.02200
 660         12304.60300
 661         12351.32800
 662         12398.19700
 663         12445.21000
 664         12492.36800
 665         12539.67000
 666         12587.11800
 667         12634.71200
 668         12682.45100
 669         12730.33700
 670         12778.37000
 671         12826.55000
 672         12874.87600
 673         12923.35100
 674         12971.97400
 675         13020.74500
 676         13069.66500
 677         13118.73400
 678         13167.95200
 679         13217.32000
 680         13266.83800
 681         13316.50700
 682         13366.32700
 683         13416.29700
 684         13466.42000
 685         13516.69400
 686         13567.12000
 687         13617.70000
 688         13668.43200
 689         13719.31700
 690         13770.35600
 691         13821.54900
 692         13872.89600
 693         13924.39900
 694         13976.05600
 695         14027.86800
 696         14079.83700
 697         14131.96200
 698         14184.24300
 699         14236.68100
 700         14289.27600
 701         14342.02900
 702         14394.94000
 703         14448.01000
 704         14501.23800
 705         14554.62500
 706         14608.17100
 707         14661.87700
 708         14715.74400
 709         14769.77100
 710         14823.95900
 711         14878.30800
 712         14932.81900
 713         14987.49200
 714         15042.32700
 715         15097.32500
 716         15152.48600
 717         15207.81000
 718         15263.29900
 719         15318.95100
 720         15374.76800
 721         15430.75100
 722         15486.89800
 723         15543.21100
 724         15599.69100
 725         15656.33600
 726         15713.14900
 727         15770.12900
 728         15827.27700
 729         15884.59200
 730         15942.07600
 731         15999.72800
 732         16057.55000
 733         16115.54100
 734         16173.70200
 735         16232.03400
 736         16290.53600
 737         16349.20900
 738         16408.05300
 739         16467.06900
 740         16526.25800
 741         16585.61900
 742         16645.15300
 743         16704.86000
 744         16764.74100
 745         16824.79600
 746         16885.02600
 747         16945.43000
 748         17006.01000
 749         17066.76500
 750         17127.69700
 751         17188.80500
 752         17250.09000
 753         17311.55200
 754         17373.19100
 755         17435.00900
 756         17497.00500
 757         17559.18000
 758         17621.53400
 759         17684.06800
 760         17746.78200
 761         17809.67600
 762         17872.75100
 763         17936.00700
 764         17999.44400
 765         18063.06400
 766         18126.86600
 767         18190.85100
 768         18255.01900
 769         18319.37100
 770         18383.90700
 771         18448.62700
 772         18513.53200
 773         18578.62200
 774         18643.89700
 775         18709.35900
 776         18775.00700
 777         18840.84200
 778         18906.86400
 779         18973.07400
 780         19039.47200
 781         19106.05900
 782         19172.83400
 783         19239.79900
 784         19306.95300
 785         19374.29700
 786         19441.83200
 787         19509.55800
 788         19577.47500
 789         19645.58400
 790         19713.88500
 791         19782.37900
 792         19851.06600
 793         19919.94600
 794         19989.02000
 795         20058.28900
 796         20127.75200
 797         20197.41000
 798         20267.26300
 799         20337.31300
 800         20407.55900
 801         20478.00200
 802         20548.64100
 803         20619.47900
 804         20690.51500
 805         20761.74900
 806         20833.18200
 807         20904.81400
 808         20976.64600
 809         21048.67900
 810         21120.91100
 811         21193.34500
 812         21265.98100
 813         21338.81800
 814         21411.85800
 815         21485.10000
 816         21558.54600
 817         21632.19500
 818         21706.04800
 819         21780.10600
 820         21854.36900
 821         21928.83700
 822         22003.51000
 823         22078.39000
 824         22153.47700
 825         22228.77100
 826         22304.27200
 827         22379.98200
 828         22455.89900
 829         22532.02600
 830         22608.36200
 831         22684.90700
 832         22761.66300
 833         22838.62900
 834         22915.80700
 835         22993.19600
 836         23070.79700
 837         23148.61000
 838         23226.63600
 839         23304.87600
 840         23383.32900
 841         23461.99600
 842         23540.87800
 843         23619.97500
 844         23699.28700
 845         23778.81600
 846         23858.56100
 847         23938.52300
 848         24018.70200
 849         24099.09900
 850         24179.71400
 851         24260.54800
 852         24341.60100
 853         24422.87300
 854         24504.36600
 855         24586.07900
 856         24668.01300
 857         24750.16800
 858         24832.54500
 859         24915.14500
 860         24997.96800
 861         25081.01300
 862         25164.28300
 863         25247.77600
 864         25331.49500
 865         25415.43800
 866         25499.60700
 867         25584.00200
 868         25668.62300
 869         25753.47100
 870         25838.54700
 871         25923.85100
 872         26009.38300
 873         26095.14400
 874         26181.13400
 875         26267.35400
 876         26353.80400
 877         26440.48500
 878         26527.39700
 879         26614.54100
 880         26701.91600
 881         26789.52500
 882         26877.36600
 883         26965.44100
 884         27053.75000
 885         27142.29400
 886         27231.07200
 887         27320.08600
 888         27409.33600
 889         27498.82200
 890         27588.54500
 891         27678.50600
 892         27768.70400
 893         27859.14100
 894         27949.81600
 895         28040.73100
 896         28131.88500
 897         28223.28000
 898         28314.91600
 899         28406.79200
 900         28498.91100
 901         28591.27100
 902         28683.87500
 903         28776.72100
 904         28869.81100
 905         28963.14500
 906         29056.72400
 907         29150.54800
 908         29244.61800
 909         29338.93400
 910         29433.49600
 911         29528.30500
 912         29623.36200
 913         29718.66800
 914         29814.22100
 915         29910.02400
 916         30006.07600
 917         30102.37900
 918         30198.93200
 919         30295.73600
 920         30392.79200
 921         30490.09900
 922         30587.65900
 923         30685.47300
 924         30783.54000
 925         30881.86100
 926         30980.43600
 927         31079.26700
 928         31178.35300
 929         31277.69500
 930         31377.29400
 931         31477.15000
 932         31577.26400
 933         31677.63500
 934         31778.26600
 935         31879.15500
 936         31980.30400
 937         32081.71400
 938         32183.38400
 939         32285.31500
 940         32387.50800
 941         32489.96300
 942         32592.68000
 943         32695.66100
 944         32798.90600
 945         32902.41500
 946         33006.18900
 947         33110.22800
 948         33214.53300
 949         33319.10400
 950         33423.94300
 951         33529.04800
 952         33634.42200
 953         33740.06300
 954         33845.97400
 955         33952.15400
 956         34058.60500
 957         34165.32600
 958         34272.31700
 959         34379.58100
 960         34487.11600
 961         34594.92500
 962         34703.00600
 963         34811.36100
 964         34919.99000
 965         35028.89400
 966         35138.07300
 967         35247.52800
 968         35357.26000
 969         35467.26800
 970         35577.55400
 971         35688.11700
 972         35798.95900
 973         35910.08000
 974         36021.48100
 975         36133.16200
 976         36245.12300
 977         36357.36600
 978         36469.89000
 979         36582.69600
 980         36695.78600
 981         36809.15800
 982         36922.81500
 983         37036.75600
 984         37150.98100
 985         37265.49300
 986         37380.29000
 987         37495.37400
 988         37610.74500
 989         37726.40400
 990         37842.35100
 991         37958.58700
 992         38075.11200
 993         38191.92700
 994         38309.03200
 995         38426.42900
 996         38544.11700
 997         38662.09700
 998         38780.36900
 999         38898.93500
1000         39017.79500
1001         39136.94900
1002         39256.39800
1003         39376.14200
1004         39496.18200
1005         39616.51900
1006         39737.15300
1007         39858.08400
1008         39979.31400
1009         40100.84300
1010         40222.67000
1011         40344.79800
1012         40467.22600
1013         40589.95600
1014         40712.98700
1015         40836.32000
1016         40959.95600
1017         41083.89500
1018         41208.13800
1019         41332.68500
1020         41457.53700
1021         41582.69500
1022         41708.16000
1023         41833.93000
1024         41960.00900
1025         42086.39500
1026         42213.08900
1027         42340.09300
1028         42467.40600
1029         42595.02900
1030         42722.96300
1031         42851.20800
1032         42979.76500
1033         43108.63500
1034         43237.81800
1035         43367.31400
1036         43497.12500
1037         43627.25000
1038         43757.69100
1039         43888.44800
1040         44019.52100
1041         44150.91200
1042         44282.62000
1043         44414.64600
1044         44546.99200
1045         44679.65700
1046         44812.64200
1047         44945.94700
1048         45079.57400
1049         45213.52300
1050         45347.79400
1051         45482.38800
1052         45617.30600
1053         45752.54800
1054         45888.11500
1055         46024.00700
1056         46160.22500
1057         46296.77000
1058         46433.64200
1059         46570.84200
1060         46708.37100
1061         46846.22800
1062         46984.41500
1063         47122.93200
1064         47261.78000
1065         47400.95900
1066         47540.47000
1067         47680.31400
1068         47820.49100
1069         47961.00200
1070         48101.84700
1071         48243.02800
1072         48384.54400
1073         48526.39600
1074         48668.58500
1075         48811.11200
1076         48953.97600
1077         49097.18000
1078         49240.72200
1079         49384.60500
1080         49528.82800
1081         49673.39300
1082         49818.29900
1083         49963.54700
1084         50109.13800
1085         50255.07400
1086         50401.35300
1087         50547.97700
1088         50694.94700
1089         50842.26200
1090         50989.92500
1091         51137.93500
1092         51286.29200
1093         51434.99900
1094         51584.05400
1095         51733.46000
1096         51883.21600
1097         52033.32300
1098         52183.78100
1099         52334.59200
1100         52485.75600
1101         52637.27400
1102         52789.14600
1103         52941.37200
1104         53093.95500
1105         53246.89300
1106         53400.18800
1107         53553.84100
1108         53707.85100
1109         53862.22100
1110         54016.94900
1111         54172.03800
1112         54327.48700
1113         54483.29700
1114         54639.46900
1115         54796.00400
1116         54952.90200
1117         55110.16400
1118         55267.79000
1119         55425.78100
1120         55584.13800
1121         55742.86100
1122         55901.95100
1123         56061.40900
1124         56221.23600
1125         56381.43100
1126         56541.99600
1127         56702.93100
1128         56864.23700
1129         57025.91500
1130         57187.96500
1131         57350.38700
1132         57513.18300
1133         57676.35400
1134         57839.89900
1135         58003.82000
1136         58168.11700
1137         58332.79000
1138         58497.84200
1139         58663.27100
1140         58829.07900
1141         58995.26600
1142         59161.83400
1143         59328.78200
1144         59496.11200
1145         59663.82400
1146         59831.91900
1147         60000.39700
1148         60169.25900
1149         60338.50600
1150         60508.13900
1151         60678.15700
1152         60848.56300
1153         61019.35500
1154         61190.53600
1155         61362.10600
1156         61534.06500
1157         61706.41400
1158         61879.15400
1159         62052.28600
1160         62225.81000
1161         62399.72600
1162         62574.03600
1163         62748.74000
1164         62923.83900
1165         63099.33400
1166         63275.22500
1167         63451.51300
1168         63628.19800
1169         63805.28200
1170         63982.76500
1171         64160.64700
1172         64338.93000
1173         64517.61300
1174         64696.69900
1175         64876.18600
1176         65056.07700
1177         65236.37200
1178         65417.07100
1179         65598.17500
1180         65779.68600
1181         65961.60200
1182         66143.92600
1183         66326.65800
1184         66509.79800
1185         66693.34800
1186         66877.30800
1187         67061.67900
1188         67246.46100
1189         67431.65500
1190         67617.26100
1191         67803.28200
1192         67989.71700
1193         68176.56600
1194         68363.83100
1195         68551.51300
1196         68739.61100
1197         68928.12800
1198         69117.06200
1199         69306.41600
1200         69496.19000
1201         69686.38400
1202         69877.00000
1203         70068.03800
1204         70259.49800
1205         70451.38200
1206         70643.69000
1207         70836.42200
1208         71029.58100
1209         71223.16500
1210         71417.17700
1211         71611.61600
1212         71806.48400
1213         72001.78100
1214         72197.50700
1215         72393.66500
1216         72590.25300
1217         72787.27400
1218         72984.72700
1219         73182.61400
1220         73380.93500
1221         73579.69100
1222         73778.88300
1223         73978.51100
1224         74178.57600
1225         74379.07900
1226         74580.02100
1227         74781.40200
1228         74983.22200
1229         75185.48400
1230         75388.18700
1231         75591.33300
1232         75794.92100
1233         75998.95300
1234         76203.43000
1235         76408.35100
1236         76613.71900
1237         76819.53300
1238         77025.79500
1239         77232.50500
1240         77439.66300
1241         77647.27200
1242         77855.33000
1243         78063.84000
1244         78272.80200
1245         78482.21600
1246         78692.08300
1247         78902.40500
1248         79113.18100
1249         79324.41300
1250         79536.10200
1251         79748.24700
1252         79960.85000
1253         80173.91200
1254         80387.43400
1255         80601.41500
1256         80815.85700
1257         81030.76100
1258         81246.12700
1259         81461.95600
1260         81678.24900
1261         81895.00700
1262         82112.23000
1263         82329.91900
1264         82548.07600
1265         82766.70000
1266         82985.79200
1267         83205.35300
1268         83425.38500
1269         83645.88700
1270         83866.86100
1271         84088.30700
1272         84310.22600
1273         84532.61900
1274         84755.48600
1275         84978.82900
1276         85202.64800
1277         85426.94400
1278         85651.71800
1279         85876.97000
1280         86102.70100
1281         86328.91200
1282         86555.60400
1283         86782.77700
1284         87010.43300
1285         87238.57200
1286         87467.19500
1287         87696.30200
1288         87925.89500
1289         88155.97400
1290         88386.54100
1291         88617.59400
1292         88849.13700
1293         89081.16900
1294         89313.69100
1295         89546.70400
1296         89780.20900
1297         90014.20600
1298         90248.69700
1299         90483.68100
1300         90719.16100
1301         90955.13600
1302         91191.60800
1303         91428.57700
1304         91666.04400
1305         91904.01100
1306         92142.47600
1307         92381.44200
1308         92620.91000
1309         92860.87900
1310         93101.35200
1311         93342.32800
1312         93583.80800
1313         93825.79400
1314         94068.28600
1315         94311.28500
1316         94554.79100
1317         94798.80600
1318         95043.33100
1319         95288.36500
1320         95533.91000
1321         95779.96700
1322         96026.53700
1323         96273.62000
1324         96521.21700
1325         96769.32900
1326         97017.95700
1327         97267.10200
1328         97516.76400
1329         97766.94400
1330         98017.64400
1331         98268.86300
1332         98520.60300
1333         98772.86400
1334         99025.64800
1335         99278.95500
1336         99532.78600
1337         99787.14200
1338        100042.02000
1339        100297.43000
1340        100553.37000
1341        100809.83000
1342        101066.82000
1343        101324.34000
1344        101582.40000
1345        101840.98000
1346        102100.10000
1347        102359.75000
1348        102619.93000
1349        102880.65000
1350        103141.90000
1351        103403.69000
1352        103666.02000
1353        103928.89000
1354        104192.29000
1355        104456.24000
1356        104720.72000
1357        104985.75000
1358        105251.32000
1359        105517.43000
1360        105784.09000
1361        106051.29000
1362        106319.04000
1363        106587.33000
1364        106856.17000
1365        107125.56000
1366        107395.50000
1367        107665.99000
1368        107937.03000
1369        108208.62000
1370        108480.76000
1371        108753.46000
1372        109026.71000
1373        109300.52000
1374        109574.88000
1375        109849.80000
1376        110125.27000
1377        110401.31000
1378        110677.90000
1379        110955.06000
1380        111232.77000
1381        111511.05000
1382        111789.89000
1383        112069.30000
1384        112349.27000
1385        112629.80000
1386        112910.90000
1387        113192.57000
1388        113474.81000
1389        113757.61000
1390        114040.99000
1391        114324.93000
1392        114609.45000
1393        114894.54000
1394        115180.20000
1395        115466.44000
1396        115753.25000
1397        116040.64000
1398        116328.60000
1399        116617.15000
1400        116906.27000
1401        117195.97000
1402        117486.25000
1403        117777.11000
1404        118068.56000
1405        118360.58000
1406        118653.19000
1407        118946.39000
1408        119240.17000
1409        119534.54000
1410        119829.50000
1411        120125.04000
1412        120421.17000
1413        120717.90000
1414        121015.21000
1415        121313.12000
1416        121611.62000
1417        121910.71000
1418        122210.39000
1419        122510.68000
1420        122811.56000
1421        123113.03000
1422        123415.11000
1423        123717.78000
1424        124021.05000
1425        124324.93000
1426        124629.41000
1427        124934.48000
1428        125240.17000
1429        125546.45000
1430        125853.35000
1431        126160.85000
1432        126468.95000
1433        126777.67000
1434        127086.99000
1435        127396.92000
1436        127707.47000
1437        128018.62000
1438        128330.39000
1439        128642.78000
1440        128955.77000
1441        129269.39000
1442        129583.61000
1443        129898.46000
1444        130213.93000
1445        130530.01000
1446        130846.71000
1447        131164.04000
1448        131481.99000
1449        131800.55000
1450        132119.75000
1451        132439.57000
1452        132760.01000
1453        133081.08000
1454        133402.78000
1455        133725.11000
1456        134048.06000
1457        134371.65000
1458        134695.87000
1459        135020.72000
1460        135346.20000
1461        135672.32000
1462        135999.07000
1463        136326.45000
1464        136654.48000
1465        136983.14000
1466        137312.44000
1467        137642.38000
1468        137972.97000
1469        138304.19000
1470        138636.06000
1471        138968.56000
1472        139301.72000
1473        139635.52000
1474        139969.96000
1475        140305.06000
1476        140640.80000
1477        140977.19000
1478        141314.23000
1479        141651.92000
1480        141990.26000
1481        142329.26000
1482        142668.91000
1483        143009.22000
1484        143350.18000
1485        143691.80000
1486        144034.07000
1487        144377.01000
1488        144720.60000
1489        145064.86000
1490        145409.77000
1491        145755.35000
1492        146101.60000
1493        146448.50000
1494        146796.08000
1495        147144.32000
1496        147493.23000
1497        147842.80000
1498        148193.05000
1499        148543.96000
1500        148895.55000
1501        149247.81000
1502        149600.74000
1503        149954.35000
1504        150308.63000
1505        150663.59000
1506        151019.23000
1507        151375.54000
1508        151732.53000
1509        152090.21000
1510        152448.56000
1511        152807.60000
1512        153167.32000
1513        153527.72000
1514        153888.81000
1515        154250.59000
1516        154613.05000
1517        154976.20000
1518        155340.04000
1519        155704.57000
1520        156069.79000
1521        156435.70000
1522        156802.31000
1523        157169.61000
1524        157537.61000
1525        157906.30000
1526        158275.69000
1527        158645.77000
1528        159016.56000
1529        159388.04000
1530        159760.23000
1531        160133.12000
1532        160506.71000
1533        160881.01000
1534        161256.01000
1535        161631.71000
1536        162008.13000
1537        162385.25000
1538        162763.08000
1539        163141.62000
1540        163520.88000
1541        163900.84000
1542        164281.52000
1543        164662.91000
1544        165045.02000
1545        165427.84000
1546        165811.39000
1547        166195.65000
1548        166580.62000
1549        166966.32000
1550        167352.74000
1551        167739.89000
1552        168127.75000
1553        168516.34000
1554        168905.66000
1555        169295.70000
1556        169686.47000
1557        170077.97000
1558        170470.20000
1559        170863.16000
1560        171256.85000
1561        171651.27000
1562        172046.43000
1563        172442.32000
1564        172838.95000
1565        173236.31000
1566        173634.42000
1567        174033.26000
1568        174432.84000
1569        174833.16000
1570        175234.23000
1571        175636.03000
1572        176038.59000
1573        176441.88000
1574        176845.92000
1575        177250.72000
1576        177656.25000
1577        178062.54000
1578        178469.58000
1579        178877.37000
1580        179285.91000
1581        179695.21000
1582        180105.26000
1583        180516.07000
1584        180927.63000
1585        181339.95000
1586        181753.03000
1587        182166.87000
1588        182581.47000
1589        182996.83000
1590        183412.96000
1591        183829.85000
1592        184247.50000
1593        184665.93000
1594        185085.11000
1595        185505.07000
1596        185925.80000
1597        186347.30000
1598        186769.57000
1599        187192.61000
1600        187616.42000
1601        188041.01000
1602        188466.38000
1603        188892.53000
1604        189319.45000
1605        189747.15000
1606        190175.63000
1607        190604.89000
1608        191034.94000
1609        191465.77000
1610        191897.38000
1611        192329.78000
1612        192762.96000
1613        193196.94000
1614        193631.70000
1615        194067.25000
1616        194503.60000
1617        194940.73000
1618        195378.66000
1619        195817.39000
1620        196256.91000
1621        196697.22000
1622        197138.34000
1623        197580.25000
1624        198022.96000
1625        198466.47000
1626        198910.79000
1627        199355.91000
1628        199801.83000
1629        200248.56000
1630        200696.09000
1631        201144.44000
1632        201593.59000
1633        202043.55000
1634        202494.32000
1635        202945.90000
1636        203398.30000
1637        203851.51000
1638        204305.54000
1639        204760.38000
1640        205216.04000
1641        205672.52000
1642        206129.82000
1643        206587.94000
1644        207046.88000
1645        207506.65000
1646        207967.24000
1647        208428.65000
1648        208890.90000
1649        209353.96000
1650        209817.86000
1651        210282.59000
1652        210748.15000
1653        211214.54000
1654        211681.77000
1655        212149.83000
1656        212618.72000
1657        213088.45000
1658        213559.02000
1659        214030.43000
1660        214502.68000
1661        214975.77000
1662        215449.70000
1663        215924.48000
1664        216400.10000
1665        216876.56000
1666        217353.87000
1667        217832.04000
1668        218311.05000
1669        218790.91000
1670        219271.62000
1671        219753.18000
1672        220235.60000
1673        220718.88000
1674        221203.01000
1675        221687.99000
1676        222173.84000
1677        222660.54000
1678        223148.11000
1679        223636.54000
1680        224125.83000
1681        224615.98000
1682        225107.00000
1683        225598.89000
1684        226091.64000
1685        226585.27000
1686        227079.76000
1687        227575.12000
1688        228071.36000
1689        228568.47000
1690        229066.46000
1691        229565.32000
1692        230065.05000
1693        230565.67000
1694        231067.16000
1695        231569.54000
1696        232072.80000
1697        232576.94000
1698        233081.96000
1699        233587.87000
1700        234094.67000
1701        234602.35000
1702        235110.92000
1703        235620.39000
1704        236130.74000
1705        236641.98000
1706        237154.12000
1707        237667.16000
1708        238181.09000
1709        238695.91000
1710        239211.64000
1711        239728.26000
1712        240245.79000
1713        240764.21000
1714        241283.54000
1715        241803.78000
1716        242324.91000
1717        242846.96000
1718        243369.91000
1719        243893.78000
1720        244418.55000
1721        244944.23000
1722        245470.83000
1723        245998.34000
1724        246526.76000
1725        247056.10000
1726        247586.36000
1727        248117.54000
1728        248649.64000
1729        249182.66000
1730        249716.60000
1731        250251.46000
1732        250787.25000
1733        251323.96000
1734        251861.60000
1735        252400.17000
1736        252939.67000
1737        253480.10000
1738        254021.46000
1739        254563.76000
1740        255106.99000
1741        255651.15000
1742        256196.25000
1743        256742.29000
1744        257289.27000
1745        257837.19000
1746        258386.05000
1747        258935.86000
1748        259486.60000
1749        260038.30000
1750        260590.94000
1751        261144.52000
1752        261699.06000
1753        262254.55000
1754        262810.99000
1755        263368.38000
1756        263926.73000
1757        264486.03000
1758        265046.28000
1759        265607.50000
1760        266169.67000
1761        266732.81000
1762        267296.90000
1763        267861.96000
1764        268427.99000
1765        268994.97000
1766        269562.93000
1767        270131.85000
1768        270701.74000
1769        271272.60000
1770        271844.44000
1771        272417.24000
1772        272991.02000
1773        273565.78000
1774        274141.51000
1775        274718.22000
1776        275295.90000
1777        275874.57000
1778        276454.22000
1779        277034.86000
1780        277616.47000
1781        278199.07000
1782        278782.66000
1783        279367.24000
1784        279952.81000
1785        280539.36000
1786        281126.91000
1787        281715.45000
1788        282304.99000
1789        282895.52000
1790        283487.04000
1791        284079.57000
1792        284673.09000
1793        285267.62000
1794        285863.15000
1795        286459.68000
1796        287057.21000
1797        287655.75000
1798        288255.30000
1799        288855.86000
1800        289457.42000
1801        290060.00000
1802        290663.59000
1803        291268.19000
1804        291873.81000
1805        292480.44000
1806        293088.09000
1807        293696.76000
1808        294306.45000
1809        294917.16000
1810        295528.89000
1811        296141.64000
1812        296755.43000
1813        297370.23000
1814        297986.07000
1815        298602.93000
1816        299220.83000
1817        299839.75000
1818        300459.71000
1819        301080.71000
1820        301702.74000
1821        302325.80000
1822        302949.91000
1823        303575.05000
1824        304201.23000
1825        304828.46000
1826        305456.73000
1827        306086.05000
1828        306716.41000
1829        307347.81000
1830        307980.27000
1831        308613.78000
1832        309248.34000
1833        309883.95000
1834        310520.61000
1835        311158.33000
1836        311797.11000
1837        312436.94000
1838        313077.84000
1839        313719.79000
1840        314362.81000
1841        315006.89000
1842        315652.03000
1843        316298.25000
1844        316945.52000
1845        317593.87000
1846        318243.29000
1847        318893.77000
1848        319545.33000
1849        320197.97000
1850        320851.68000
1851        321506.47000
1852        322162.33000
1853        322819.27000
1854        323477.30000
1855        324136.41000
1856        324796.60000
1857        325457.87000
1858        326120.23000
1859        326783.68000
1860        327448.22000
1861        328113.84000
1862        328780.56000
1863        329448.38000
1864        330117.28000
1865        330787.28000
1866        331458.38000
1867        332130.58000
1868        332803.88000
1869        333478.27000
1870        334153.77000
1871        334830.38000
1872        335508.09000
1873        336186.90000
1874        336866.83000
1875        337547.86000
1876        338230.00000
1877        338913.26000
1878        339597.63000
1879        340283.11000
1880        340969.71000
1881        341657.43000
1882        342346.27000
1883        343036.22000
1884        343727.30000
1885        344419.50000
1886        345112.83000
1887        345807.28000
1888        346502.86000
1889        347199.57000
1890        347897.40000
1891        348596.37000
1892        349296.47000
1893        349997.71000
1894        350700.08000
1895        351403.59000
1896        352108.24000
1897        352814.02000
1898        353520.95000
1899        354229.02000
1900        354938.23000
1901        355648.59000
1902        356360.10000
1903        357072.75000
1904        357786.56000
1905        358501.51000
1906        359217.62000
1907        359934.88000
1908        360653.30000
1909        361372.87000
1910        362093.60000
1911        362815.49000
1912        363538.54000
1913        364262.75000
1914        364988.13000
1915        365714.67000
1916        366442.38000
1917        367171.26000
1918        367901.30000
1919        368632.52000
1920        369364.91000
1921        370098.47000
1922        370833.21000
1923        371569.12000
1924        372306.21000
1925        373044.48000
1926        373783.93000
1927        374524.57000
1928        375266.39000
1929        376009.39000
1930        376753.58000
1931        377498.95000
1932        378245.52000
1933        378993.28000
1934        379742.23000
1935        380492.37000
1936        381243.71000
1937        381996.24000
1938        382749.98000
1939        383504.91000
1940        384261.04000
1941        385018.38000
1942        385776.92000
1943        386536.66000
1944        387297.61000
1945        388059.77000
1946        388823.14000
1947        389587.72000
1948        390353.51000
1949        391120.52000
1950        391888.74000
1951        392658.18000
1952        393428.84000
1953        394200.71000
1954        394973.81000
1955        395748.13000
1956        396523.68000
1957        397300.45000
1958        398078.45000
1959        398857.68000
1960        399638.13000
1961        400419.82000
1962        401202.74000
1963        401986.90000
1964        402772.29000
1965        403558.92000
1966        404346.79000
1967        405135.90000
1968        405926.25000
1969        406717.84000
1970        407510.68000
1971        408304.77000
1972        409100.10000
1973        409896.69000
1974        410694.52000
1975        411493.60000
1976        412293.94000
1977        413095.54000
1978        413898.39000
1979        414702.50000
1980        415507.87000
1981        416314.50000
1982        417122.40000
1983        417931.55000
1984        418741.98000
1985        419553.67000
1986        420366.63000
1987        421180.86000
1988        421996.36000
1989        422813.14000
1990        423631.19000
1991        424450.51000
1992        425271.12000
1993        426093.00000
1994        426916.17000
1995        427740.61000
1996        428566.34000
1997        429393.36000
1998        430221.66000
1999        431051.25000
2000        431882.14000
2001        432714.31000
2002        433547.77000
2003        434382.53000
2004        435218.59000
2005        436055.94000
2006        436894.60000
2007        437734.55000
2008        438575.81000
2009        439418.37000
2010        440262.23000
2011        441107.40000
2012        441953.88000
2013        442801.67000
2014        443650.77000
2015        444501.18000
2016        445352.91000
2017        446205.96000
2018        447060.32000
2019        447916.00000
2020        448773.00000
2021        449631.32000
2022        450490.97000
2023        451351.94000
2024        452214.24000
2025        453077.87000
2026        453942.82000
2027        454809.11000
2028        455676.73000
2029        456545.69000
2030        457415.98000
2031        458287.61000
2032        459160.58000
2033        460034.89000
2034        460910.54000
2035        461787.54000
2036        462665.88000
2037        463545.57000
2038        464426.60000
2039        465308.99000
2040        466192.73000
2041        467077.82000
2042        467964.27000
2043        468852.07000
2044        469741.23000
2045        470631.75000
2046        471523.63000
2047        472416.88000
2048        473311.49000
2049        474207.46000
2050        475104.80000
2051        476003.52000
2052        476903.60000
2053        477805.05000
2054        478707.88000
2055        479612.08000
2056        480517.66000
2057        481424.62000
2058        482332.96000
2059        483242.68000
2060        484153.79000
2061        485066.27000
2062        485980.15000
2063        486895.41000
2064        487812.07000
2065        488730.11000
2066        489649.55000
2067        490570.38000
2068        491492.61000
2069        492416.24000
2070        493341.26000
2071        494267.69000
2072        495195.52000
2073        496124.75000
2074        497055.39000
2075        497987.44000
2076        498920.89000
2077        499855.76000
2078        500792.04000
2079        501729.73000
2080        502668.83000
2081        503609.36000
2082        504551.30000
2083        505494.67000
2084        506439.45000
2085        507385.66000
2086        508333.30000
2087        509282.36000
2088        510232.85000
2089        511184.77000
2090        512138.12000
2091        513092.90000
2092        514049.12000
2093        515006.78000
2094        515965.87000
2095        516926.41000
2096        517888.38000
2097        518851.80000
2098        519816.67000
2099        520782.98000
2100        521750.74000
2101        522719.94000
2102        523690.60000
2103        524662.72000
2104        525636.28000
2105        526611.31000
2106        527587.79000
2107        528565.73000
2108        529545.13000
2109        530526.00000
2110        531508.33000
2111        532492.13000
2112        533477.39000
2113        534464.13000
2114        535452.33000
2115        536442.01000
2116        537433.16000
2117        538425.79000
2118        539419.90000
2119        540415.49000
2120        541412.55000
2121        542411.10000
2122        543411.14000
2123        544412.66000
2124        545415.67000
2125        546420.17000
2126        547426.16000
2127        548433.64000
2128        549442.62000
2129        550453.09000
2130        551465.07000
2131        552478.54000
2132        553493.51000
2133        554509.99000
2134        555527.97000
2135        556547.46000
2136        557568.45000
2137        558590.96000
2138        559614.98000
2139        560640.51000
2140        561667.55000
2141        562696.11000
2142        563726.19000
2143        564757.79000
2144        565790.91000
2145        566825.56000
2146        567861.73000
2147        568899.43000
2148        569938.65000
2149        570979.41000
2150        572021.69000
2151        573065.51000
2152        574110.87000
2153        575157.76000
2154        576206.20000
2155        577256.17000
2156        578307.68000
2157        579360.74000
2158        580415.35000
2159        581471.50000
2160        582529.20000
2161        583588.45000
2162        584649.25000
2163        585711.61000
2164        586775.53000
2165        587841.00000
2166        588908.03000
2167        589976.62000
2168        591046.78000
2169        592118.50000
2170        593191.78000
2171        594266.64000
2172        595343.06000
2173        596421.06000
2174        597500.63000
2175        598581.77000
2176        599664.49000
2177        600748.79000
2178        601834.67000
2179        602922.13000
2180        604011.18000
2181        605101.81000
2182        606194.02000
2183        607287.83000
2184        608383.23000
2185        609480.22000
2186        610578.80000
2187        611678.98000
2188        612780.76000
2189        613884.14000
2190        614989.12000
2191        616095.70000
2192        617203.89000
2193        618313.68000
2194        619425.08000
2195        620538.09000
2196        621652.72000
2197        622768.95000
2198        623886.81000
2199        625006.28000
2200        626127.37000
2201        627250.08000
2202        628374.41000
2203        629500.36000
2204        630627.95000
2205        631757.16000
2206        632888.00000
2207        634020.47000
2208        635154.57000
2209        636290.31000
2210        637427.69000
2211        638566.70000
2212        639707.36000
2213        640849.65000
2214        641993.59000
2215        643139.18000
2216        644286.41000
2217        645435.30000
2218        646585.83000
2219        647738.02000
2220        648891.86000
2221        650047.36000
2222        651204.52000
2223        652363.33000
2224        653523.81000
2225        654685.96000
2226        655849.76000
2227        657015.24000
2228        658182.38000
2229        659351.20000
2230        660521.69000
2231        661693.85000
2232        662867.69000
2233        664043.21000
2234        665220.40000
2235        666399.28000
2236        667579.85000
2237        668762.10000
2238        669946.03000
2239        671131.66000
2240        672318.97000
2241        673507.98000
2242        674698.68000
2243        675891.08000
2244        677085.18000
2245        678280.98000
2246        679478.48000
2247        680677.68000
2248        681878.59000
2249        683081.21000
2250        684285.53000
2251        685491.57000
2252        686699.32000
2253        687908.79000
2254        689119.97000
2255        690332.87000
2256        691547.49000
2257        692763.83000
2258        693981.90000
2259        695201.69000
2260        696423.21000
2261        697646.46000
2262        698871.44000
2263        700098.16000
2264        701326.61000
2265        702556.80000
2266        703788.72000
2267        705022.39000
2268        706257.80000
2269        707494.95000
2270        708733.85000
2271        709974.50000
2272        711216.90000
2273        712461.05000
2274        713706.96000
2275        714954.62000
2276        716204.03000
2277        717455.21000
2278        718708.15000
2279        719962.85000
2280        721219.32000
2281        722477.55000
2282        723737.55000
2283        724999.33000
2284        726262.87000
2285        727528.20000
2286        728795.29000
2287        730064.17000
2288        731334.82000
2289        732607.26000
2290        733881.48000
2291        735157.49000
2292        736435.29000
2293        737714.87000
2294        738996.25000
2295        740279.42000
2296        741564.38000
2297        742851.15000
2298        744139.71000
2299        745430.07000
2300        746722.24000
2301        748016.21000
2302        749311.99000
2303        750609.57000
2304        751908.97000
2305        753210.18000
2306        754513.20000
2307        755818.05000
2308        757124.70000
2309        758433.18000
2310        759743.48000
2311        761055.61000
2312        762369.56000
2313        763685.34000
2314        765002.95000
2315        766322.39000
2316        767643.67000
2317        768966.78000
2318        770291.72000
2319        771618.51000
2320        772947.14000
2321        774277.61000
2322        775609.93000
2323        776944.09000
2324        778280.11000
2325        779617.97000
2326        780957.69000
2327        782299.27000
2328        783642.70000
2329        784987.98000
2330        786335.13000
2331        787684.15000
2332        789035.03000
2333        790387.77000
2334        791742.38000
2335        793098.87000
2336        794457.22000
2337        795817.45000
2338        797179.56000
2339        798543.55000
2340        799909.41000
2341        801277.16000
2342        802646.79000
2343        804018.31000
2344        805391.72000
2345        806767.02000
2346        808144.21000
2347        809523.29000
2348        810904.27000
2349        812287.15000
2350        813671.93000
2351        815058.61000
2352        816447.20000
2353        817837.69000
2354        819230.09000
2355        820624.40000
2356        822020.62000
2357        823418.75000
2358        824818.80000
2359        826220.77000
2360        827624.66000
2361        829030.47000
2362        830438.21000
2363        831847.87000
2364        833259.46000
2365        834672.98000
2366        836088.43000
2367        837505.81000
2368        838925.14000
2369        840346.39000
2370        841769.59000
2371        843194.73000
2372        844621.82000
2373        846050.85000
2374        847481.83000
2375        848914.76000
2376        850349.64000
2377        851786.47000
2378        853225.26000
2379        854666.01000
2380        856108.72000
2381        857553.39000
2382        859000.03000
2383        860448.63000
2384        861899.20000
2385        863351.74000
2386        864806.25000
2387        866262.74000
2388        867721.20000
2389        869181.64000
2390        870644.07000
2391        872108.47000
2392        873574.86000
2393        875043.23000
2394        876513.60000
2395        877985.95000
2396        879460.30000
2397        880936.64000
2398        882414.98000
2399        883895.31000
2400        885377.65000
2401        886861.99000
2402        888348.33000
2403        889836.69000
2404        891327.05000
2405        892819.42000
2406        894313.80000
2407        895810.20000
2408        897308.62000
2409        898809.06000
2410        900311.52000
2411        901816.00000
2412        903322.51000
2413        904831.04000
2414        906341.60000
2415        907854.20000
2416        909368.83000
2417        910885.49000
2418        912404.20000
2419        913924.94000
2420        915447.73000
2421        916972.55000
2422        918499.43000
2423        920028.35000
2424        921559.33000
2425        923092.35000
2426        924627.44000
2427        926164.57000
2428        927703.77000
2429        929245.03000
2430        930788.35000
2431        932333.73000
2432        933881.18000
2433        935430.70000
2434        936982.30000
2435        938535.96000
2436        940091.70000
2437        941649.52000
2438        943209.42000
2439        944771.40000
2440        946335.46000
2441        947901.61000
2442        949469.85000
2443        951040.18000
2444        952612.60000
2445        954187.11000
2446        955763.72000
2447        957342.43000
2448        958923.24000
2449        960506.16000
2450        962091.18000
2451        963678.30000
2452        965267.54000
2453        966858.88000
2454        968452.34000
2455        970047.92000
2456        971645.61000
2457        973245.42000
2458        974847.36000
2459        976451.42000
2460        978057.60000
2461        979665.91000
2462        981276.36000
2463        982888.94000
2464        984503.65000
2465        986120.49000
2466        987739.48000
2467        989360.61000
2468        990983.88000
2469        992609.30000
2470        994236.87000
2471        995866.58000
2472        997498.45000
2473        999132.47000
2474       1000768.60000
2475       1002407.00000
2476       1004047.50000
2477       1005690.10000
2478       1007335.00000
2479       1008982.00000
2480       1010631.10000
2481       1012282.40000
2482       1013936.00000
2483       1015591.60000
2484       1017249.50000
2485       1018909.50000
2486       1020571.80000
2487       1022236.20000
2488       1023902.70000
2489       1025571.50000
2490       1027242.50000
2491       1028915.70000
2492       1030591.00000
2493       1032268.60000
2494       1033948.30000
2495       1035630.30000
2496       1037314.50000
2497       1039000.80000
2498       1040689.40000
2499       1042380.20000
2500       1044073.20000
2501       1045768.40000
2502       1047465.90000
2503       1049165.50000
2504       1050867.40000
2505       1052571.50000
2506       1054277.80000
2507       1055986.40000
2508       1057697.10000
2509       1059410.20000
2510       1061125.40000
2511       1062842.90000
2512       1064562.60000
2513       1066284.60000
2514       1068008.80000
2515       1069735.30000
2516       1071464.00000
2517       1073194.90000
2518       1074928.10000
2519       1076663.60000
2520       1078401.30000
2521       1080141.30000
2522       1081883.50000
2523       1083628.00000
2524       1085374.80000
2525       1087123.90000
2526       1088875.20000
2527       1090628.70000
2528       1092384.60000
2529       1094142.70000
2530       1095903.10000
2531       1097665.80000
2532       1099430.80000
2533       1101198.10000
2534       1102967.60000
2535       1104739.50000
2536       1106513.60000
2537       1108290.00000
2538       1110068.80000
2539       1111849.80000
2540       1113633.10000
2541       1115418.80000
2542       1117206.70000
2543       1118996.90000
2544       1120789.50000
2545       1122584.40000
2546       1124381.60000
2547       1126181.10000
2548       1127982.90000
2549       1129787.00000
2550       1131593.50000
2551       1133402.30000
2552       1135213.40000
2553       1137026.90000
2554       1138842.70000
2555       1140660.80000
2556       1142481.30000
2557       1144304.10000
2558       1146129.20000
2559       1147956.70000
2560       1149786.50000
2561       1151618.70000
2562       1153453.30000
2563       1155290.20000
2564       1157129.40000
2565       1158971.00000
2566       1160815.00000
2567       1162661.30000
2568       1164510.00000
2569       1166361.10000
2570       1168214.50000
2571       1170070.30000
2572       1171928.50000
2573       1173789.10000
2574       1175652.00000
2575       1177517.30000
2576       1179385.00000
2577       1181255.10000
2578       1183127.60000
2579       1185002.50000
2580       1186879.70000
2581       1188759.40000
2582       1190641.40000
2583       1192525.90000
2584       1194412.80000
2585       1196302.00000
2586       1198193.70000
2587       1200087.80000
2588       1201984.30000
2589       1203883.20000
2590       1205784.50000
2591       1207688.20000
2592       1209594.40000
2593       1211503.00000
2594       1213414.00000
2595       1215327.40000
2596       1217243.30000
2597       1219161.60000
2598       1221082.30000
2599       1223005.50000
2600       1224931.10000
2601       1226859.10000
2602       1228789.60000
2603       1230722.60000
2604       1232658.00000
2605       1234595.80000
2606       1236536.10000
2607       1238478.90000
2608       1240424.10000
2609       1242371.70000
2610       1244321.90000
2611       1246274.50000
2612       1248229.60000
2613       1250187.10000
2614       1252147.10000
2615       1254109.60000
2616       1256074.60000
2617       1258042.00000
2618       1260011.90000
2619       1261984.30000
2620       1263959.20000
2621       1265936.60000
2622       1267916.50000
2623       1269898.90000
2624       1271883.70000
2625       1273871.10000
2626       1275861.00000
2627       1277853.30000
2628       1279848.20000
2629       1281845.60000
2630       1283845.50000
2631       1285847.90000
2632       1287852.80000
2633       1289860.30000
2634       1291870.20000
2635       1293882.70000
2636       1295897.70000
2637       1297915.30000
2638       1299935.30000
2639       1301957.90000
2640       1303983.10000
2641       1306010.70000
2642       1308041.00000
2643       1310073.70000
2644       1312109.00000
2645       1314146.80000
2646       1316187.20000
2647       1318230.20000
2648       1320275.70000
2649       1322323.70000
2650       1324374.30000
2651       1326427.50000
2652       1328483.30000
2653       1330541.60000
2654       1332602.40000
2655       1334665.90000
2656       1336731.90000
2657       1338800.50000
2658       1340871.70000
2659       1342945.40000
2660       1345021.70000
2661       1347100.70000
2662       1349182.20000
2663       1351266.30000
2664       1353353.00000
2665       1355442.20000
2666       1357534.10000
2667       1359628.60000
2668       1361725.70000
2669       1363825.40000
2670       1365927.70000
2671       1368032.60000
2672       1370140.10000
2673       1372250.20000
2674       1374363.00000
2675       1376478.40000
2676       1378596.40000
2677       1380717.00000
2678       1382840.20000
2679       1384966.10000
2680       1387094.60000
2681       1389225.70000
2682       1391359.50000
2683       1393495.90000
2684       1395635.00000
2685       1397776.70000
2686       1399921.10000
2687       1402068.10000
2688       1404217.70000
2689       1406370.00000
2690       1408525.00000
2691       1410682.60000
2692       1412842.90000
2693       1415005.80000
2694       1417171.50000
2695       1419339.70000
2696       1421510.70000
2697       1423684.30000
2698       1425860.60000
2699       1428039.60000
2700       1430221.30000
2701       1432405.70000
2702       1434592.70000
2703       1436782.40000
2704       1438974.80000
2705       1441170.00000
2706       1443367.80000
2707       1445568.30000
2708       1447771.50000
2709       1449977.40000
2710       1452186.00000
2711       1454397.40000
2712       1456611.40000
2713       1458828.20000
2714       1461047.70000
2715       1463269.90000
2716       1465494.80000
2717       1467722.40000
2718       1469952.80000
2719       1472185.90000
2720       1474421.70000
2721       1476660.30000
2722       1478901.60000
2723       1481145.60000
2724       1483392.40000
2725       1485641.90000
2726       1487894.20000
2727       1490149.20000
2728       1492407.00000
2729       1494667.60000
2730       1496930.80000
2731       1499196.90000
2732       1501465.70000
2733       1503737.30000
2734       1506011.60000
2735       1508288.80000
2736       1510568.60000
2737       1512851.30000
2738       1515136.80000
2739       1517425.00000
2740       1519716.00000
2741       1522009.80000
2742       1524306.40000
2743       1526605.70000
2744       1528907.90000
2745       1531212.80000
2746       1533520.60000
2747       1535831.20000
2748       1538144.50000
2749       1540460.70000
2750       1542779.70000
2751       1545101.50000
2752       1547426.10000
2753       1549753.50000
2754       1552083.70000
2755       1554416.80000
2756       1556752.70000
2757       1559091.40000
2758       1561432.90000
2759       1563777.30000
2760       1566124.50000
2761       1568474.50000
2762       1570827.40000
2763       1573183.10000
2764       1575541.70000
2765       1577903.10000
2766       1580267.40000
2767       1582634.50000
2768       1585004.50000
2769       1587377.30000
2770       1589753.00000
2771       1592131.60000
2772       1594513.00000
2773       1596897.30000
2774       1599284.50000
2775       1601674.50000
2776       1604067.40000
2777       1606463.20000
2778       1608861.90000
2779       1611263.40000
2780       1613667.90000
2781       1616075.20000
2782       1618485.50000
2783       1620898.60000
2784       1623314.60000
2785       1625733.50000
2786       1628155.30000
2787       1630580.10000
2788       1633007.70000
2789       1635438.20000
2790       1637871.70000
2791       1640308.10000
2792       1642747.40000
2793       1645189.60000
2794       1647634.70000
2795       1650082.80000
2796       1652533.80000
2797       1654987.70000
2798       1657444.60000
2799       1659904.40000
2800       1662367.10000
2801       1664832.80000
2802       1667301.40000
2803       1669773.00000
2804       1672247.50000
2805       1674725.00000
2806       1677205.40000
2807       1679688.80000
2808       1682175.10000
2809       1684664.40000
2810       1687156.70000
2811       1689652.00000
2812       1692150.20000
2813       1694651.40000
2814       1697155.60000
2815       1699662.70000
2816       1702172.80000
2817       1704686.00000
2818       1707202.10000
2819       1709721.20000
2820       1712243.30000
2821       1714768.30000
2822       1717296.40000
2823       1719827.50000
2824       1722361.60000
2825       1724898.70000
2826       1727438.80000
2827       1729981.90000
2828       1732528.10000
2829       1735077.20000
2830       1737629.40000
2831       1740184.60000
2832       1742742.80000
2833       1745304.10000
2834       1747868.30000
2835       1750435.70000
2836       1753006.00000
2837       1755579.40000
2838       1758155.80000
2839       1760735.30000
2840       1763317.80000
2841       1765903.40000
2842       1768492.00000
2843       1771083.70000
2844       1773678.50000
2845       1776276.30000
2846       1778877.10000
2847       1781481.10000
2848       1784088.10000
2849       1786698.10000
2850       1789311.30000
2851       1791927.50000
2852       1794546.80000
2853       1797169.20000
2854       1799794.70000
2855       1802423.20000
2856       1805054.90000
2857       1807689.60000
2858       1810327.50000
2859       1812968.40000
2860       1815612.50000
2861       1818259.60000
2862       1820909.90000
2863       1823563.30000
2864       1826219.80000
2865       1828879.40000
2866       1831542.10000
2867       1834207.90000
2868       1836876.90000
2869       1839549.00000
2870       1842224.20000
2871       1844902.60000
2872       1847584.10000
2873       1850268.70000
2874       1852956.50000
2875       1855647.40000
2876       1858341.40000
2877       1861038.60000
2878       1863739.00000
2879       1866442.50000
2880       1869149.20000
2881       1871859.00000
2882       1874572.00000
2883       1877288.20000
2884       1880007.50000
2885       1882730.00000
2886       1885455.70000
2887       1888184.60000
2888       1890916.60000
2889       1893651.90000
2890       1896390.30000
2891       1899131.90000
2892       1901876.60000
2893       1904624.60000
2894       1907375.80000
2895       1910130.20000
2896       1912887.80000
2897       1915648.60000
2898       1918412.60000
2899       1921179.80000
2900       1923950.20000
2901       1926723.80000
2902       1929500.70000
2903       1932280.80000
2904       1935064.10000
2905       1937850.60000
2906       1940640.40000
2907       1943433.40000
2908       1946229.60000
2909       1949029.10000
2910       1951831.80000
2911       1954637.80000
2912       1957447.00000
2913       1960259.50000
2914       1963075.20000
2915       1965894.10000
2916       1968716.40000
2917       1971541.90000
2918       1974370.60000
2919       1977202.70000
2920       1980038.00000
2921       1982876.50000
2922       1985718.40000
2923       1988563.50000
2924       1991411.90000
2925       1994263.60000
2926       1997118.60000
2927       1999976.90000
2928       2002838.50000
2929       2005703.30000
2930       2008571.50000
2931       2011443.00000
2932       2014317.70000
2933       2017195.80000
2934       2020077.20000
2935       2022961.90000
2936       2025849.90000
2937       2028741.30000
2938       2031636.00000
2939       2034534.00000
2940       2037435.30000
2941       2040339.90000
2942       2043247.90000
2943       2046159.20000
2944       2049073.90000
2945       2051991.90000
2946       2054913.30000
2947       2057838.00000
2948       2060766.00000
2949       2063697.40000
2950       2066632.20000
2951       2069570.30000
2952       2072511.80000
2953       2075456.70000
2954       2078404.90000
2955       2081356.50000
2956       2084311.50000
2957       2087269.80000
2958       2090231.60000
2959       2093196.70000
2960       2096165.20000
2961       2099137.10000
2962       2102112.40000
2963       2105091.00000
2964       2108073.10000
2965       2111058.60000
2966       2114047.50000
2967       2117039.80000
2968       2120035.50000
2969       2123034.60000
2970       2126037.10000
2971       2129043.10000
2972       2132052.40000
2973       2135065.20000
2974       2138081.50000
2975       2141101.10000
2976       2144124.20000
2977       2147150.70000
2978       2150180.70000
2979       2153214.10000
2980       2156251.00000
2981       2159291.30000
2982       2162335.00000
2983       2165382.20000
2984       2168432.90000
2985       2171487.00000
2986       2174544.60000
2987       2177605.70000
2988       2180670.20000
2989       2183738.20000
2990       2186809.70000
2991       2189884.70000
2992       2192963.10000
2993       2196045.00000
2994       2199130.40000
2995       2202219.30000
2996       2205311.70000
2997       2208407.60000
2998       2211507.00000
2999       2214609.90000
3000       2217716.30000
3001       2220826.20000
3002       2223939.60000
3003       2227056.50000
3004       2230177.00000
3005       2233300.90000
3006       2236428.40000
3007       2239559.40000
3008       2242694.00000
3009       2245832.10000
3010       2248973.70000
3011       2252118.80000
3012       2255267.50000
3013       2258419.80000
3014       2261575.50000
3015       2264734.90000
3016       2267897.80000
3017       2271064.20000
3018       2274234.20000
3019       2277407.80000
3020       2280584.90000
3021       2283765.60000
3022       2286949.90000
3023       2290137.70000
3024       2293329.20000
3025       2296524.20000
3026       2299722.80000
3027       2302924.90000
3028       2306130.70000
3029       2309340.10000
3030       2312553.00000
3031       2315769.60000
3032       2318989.80000
3033       2322213.50000
3034       2325440.90000
3035       2328671.90000
3036       2331906.50000
3037       2335144.70000
3038       2338386.50000
3039       2341632.00000
3040       2344881.10000
3041       2348133.80000
3042       2351390.10000
3043       2354650.10000
3044       2357913.80000
3045       2361181.00000
3046       2364451.90000
3047       2367726.50000
3048       2371004.70000
3049       2374286.60000
3050       2377572.10000
3051       2380861.30000
3052       2384154.10000
3053       2387450.60000
3054       2390750.80000
3055       2394054.70000
3056       2397362.20000
3057       2400673.40000
3058       2403988.30000
3059       2407306.90000
3060       2410629.20000
3061       2413955.10000
3062       2417284.80000
3063       2420618.10000
3064       2423955.20000
3065       2427295.90000
3066       2430640.40000
3067       2433988.60000
3068       2437340.50000
3069       2440696.10000
3070       2444055.40000
3071       2447418.50000
3072       2450785.20000
3073       2454155.70000
3074       2457530.00000
3075       2460907.90000
3076       2464289.60000
3077       2467675.10000
3078       2471064.30000
3079       2474457.20000
3080       2477853.90000
3081       2481254.40000
3082       2484658.60000
3083       2488066.50000
3084       2491478.30000
3085       2494893.80000
3086       2498313.00000
3087       2501736.10000
3088       2505162.90000
3089       2508593.50000
3090       2512027.80000
3091       2515466.00000
3092       2518907.90000
3093       2522353.70000
3094       2525803.20000
3095       2529256.60000
3096       2532713.70000
3097       2536174.60000
3098       2539639.40000
3099       2543107.90000
3100       2546580.30000
3101       2550056.50000
3102       2553536.50000
3103       2557020.30000
3104       2560508.00000
3105       2563999.50000
3106       2567494.80000
3107       2570994.00000
3108       2574497.00000
3109       2578003.80000
3110       2581514.50000
3111       2585029.10000
3112       2588547.40000
3113       2592069.70000
3114       2595595.80000
3115       2599125.80000
3116       2602659.60000
3117       2606197.30000
3118       2609738.90000
3119       2613284.30000
3120       2616833.60000
3121       2620386.80000
3122       2623943.90000
3123       2627504.90000
3124       2631069.80000
3125       2634638.50000
3126       2638211.20000
3127       2641787.80000
3128       2645368.20000
3129       2648952.60000
3130       2652540.90000
3131       2656133.10000
3132       2659729.20000
3133       2663329.20000
3134       2666933.20000
3135       2670541.10000
3136       2674152.90000
3137       2677768.60000
3138       2681388.30000
3139       2685011.90000
3140       2688639.50000
3141       2692271.00000
3142       2695906.40000
3143       2699545.80000
3144       2703189.20000
3145       2706836.50000
3146       2710487.80000
3147       2714143.10000
3148       2717802.30000
3149       2721465.50000
3150       2725132.60000
3151       2728803.80000
3152       2732478.90000
3153       2736158.00000
3154       2739841.10000
3155       2743528.20000
3156       2747219.30000
3157       2750914.40000
3158       2754613.50000
3159       2758316.60000
3160       2762023.70000
3161       2765734.80000
3162       2769449.90000
3163       2773169.00000
3164       2776892.20000
3165       2780619.40000
3166       2784350.60000
3167       2788085.90000
3168       2791825.10000
3169       2795568.50000
3170       2799315.80000
3171       2803067.20000
3172       2806822.70000
3173       2810582.20000
3174       2814345.70000
3175       2818113.30000
3176       2821885.00000
3177       2825660.80000
3178       2829440.60000
3179       2833224.40000
3180       2837012.40000
3181       2840804.40000
3182       2844600.50000
3183       2848400.70000
3184       2852205.00000
3185       2856013.40000
3186       2859825.80000
3187       2863642.40000
3188       2867463.10000
3189       2871287.80000
3190       2875116.70000
3191       2878949.70000
3192       2882786.80000
3193       2886628.00000
3194       2890473.30000
3195       2894322.80000
3196       2898176.40000
3197       2902034.10000
3198       2905896.00000
3199       2909762.00000
3200       2913632.10000
3201       2917506.40000
3202       2921384.80000
3203       2925267.40000
3204       2929154.10000
3205       2933045.00000
3206       2936940.00000
3207       2940839.20000
3208       2944742.60000
3209       2948650.20000
3210       2952561.90000
3211       2956477.80000
3212       2960397.90000
3213       2964322.20000
3214       2968250.60000
3215       2972183.30000
3216       2976120.10000
3217       2980061.20000
3218       2984006.40000
3219       2987955.80000
3220       2991909.50000
3221       2995867.40000
3222       2999829.50000
3223       3003795.80000
3224       3007766.30000
3225       3011741.00000
3226       3015720.00000
3227       3019703.20000
3228       3023690.70000
3229       3027682.40000
3230       3031678.30000
3231       3035678.50000
3232       3039682.90000
3233       3043691.60000
3234       3047704.50000
3235       3051721.70000
3236       3055743.20000
3237       3059768.90000
3238       3063798.90000
3239       3067833.10000
3240       3071871.70000
3241       3075914.50000
3242       3079961.60000
3243       3084013.00000
3244       3088068.70000
3245       3092128.70000
3246       3096192.90000
3247       3100261.50000
3248       3104334.40000
3249       3108411.60000
3250       3112493.10000
3251       3116578.90000
3252       3120669.00000
3253       3124763.50000
3254       3128862.30000
3255       3132965.40000
3256       3137072.80000
3257       3141184.60000
3258       3145300.70000
3259       3149421.10000
3260       3153545.90000
3261       3157675.10000
3262       3161808.60000
3263       3165946.50000
3264       3170088.70000
3265       3174235.30000
3266       3178386.20000
3267       3182541.50000
3268       3186701.20000
3269       3190865.30000
3270       3195033.70000
3271       3199206.60000
3272       3203383.80000
3273       3207565.40000
3274       3211751.40000
3275       3215941.80000
3276       3220136.60000
3277       3224335.80000
3278       3228539.50000
3279       3232747.50000
3280       3236959.90000
3281       3241176.80000
3282       3245398.10000
3283       3249623.80000
3284       3253854.00000
3285       3258088.60000
3286       3262327.60000
3287       3266571.00000
3288       3270818.90000
3289       3275071.30000
3290       3279328.10000
3291       3283589.30000
3292       3287855.00000
3293       3292125.20000
3294       3296399.80000
3295       3300679.00000
3296       3304962.50000
3297       3309250.60000
3298       3313543.10000
3299       3317840.10000
3300       3322141.60000
3301       3326447.60000
3302       3330758.10000
3303       3335073.10000
3304       3339392.60000
3305       3343716.60000
3306       3348045.10000
3307       3352378.10000
3308       3356715.60000
3309       3361057.60000
3310       3365404.20000
3311       3369755.30000
3312       3374110.90000
3313       3378471.00000
3314       3382835.70000
3315       3387204.90000
3316       3391578.70000
3317       3395957.00000
3318       3400339.90000
3319       3404727.30000
3320       3409119.30000
3321       3413515.80000
3322       3417916.90000
3323       3422322.60000
3324       3426732.80000
3325       3431147.60000
3326       3435567.00000
3327       3439991.00000
3328       3444419.50000
3329       3448852.70000
3330       3453290.40000
3331       3457732.80000
3332       3462179.70000
3333       3466631.30000
3334       3471087.40000
3335       3475548.20000
3336       3480013.60000
3337       3484483.60000
3338       3488958.20000
3339       3493437.50000
3340       3497921.40000
3341       3502409.90000
3342       3506903.00000
3343       3511400.80000
3344       3515903.30000
3345       3520410.30000
3346       3524922.10000
3347       3529438.50000
3348       3533959.50000
3349       3538485.20000
3350       3543015.60000
3351       3547550.60000
3352       3552090.40000
3353       3556634.80000
3354       3561183.80000
3355       3565737.60000
3356       3570296.10000
3357       3574859.20000
3358       3579427.00000
3359       3583999.60000
3360       3588576.80000
3361       3593158.70000
3362       3597745.40000
3363       3602336.80000
3364       3606932.90000
3365       3611533.70000
3366       3616139.20000
3367       3620749.50000
3368       3625364.40000
3369       3629984.20000
3370       3634608.60000
3371       3639237.80000
3372       3643871.80000
3373       3648510.50000
3374       3653154.00000
3375       3657802.20000
3376       3662455.20000
3377       3667112.90000
3378       3671775.40000
3379       3676442.70000
3380       3681114.80000
3381       3685791.60000
3382       3690473.20000
3383       3695159.70000
3384       3699850.90000
3385       3704546.90000
3386       3709247.60000
3387       3713953.20000
3388       3718663.70000
3389       3723378.90000
3390       3728098.90000
3391       3732823.70000
3392       3737553.40000
3393       3742287.90000
3394       3747027.20000
3395       3751771.40000
3396       3756520.40000
3397       3761274.20000
3398       3766032.90000
3399       3770796.40000
3400       3775564.70000
3401       3780338.00000
3402       3785116.00000
3403       3789899.00000
3404       3794686.80000
3405       3799479.50000
3406       3804277.00000
3407       3809079.40000
3408       3813886.70000
3409       3818698.90000
3410       3823516.00000
3411       3828338.00000
3412       3833164.90000
3413       3837996.60000
3414       3842833.30000
3415       3847674.90000
3416       3852521.40000
3417       3857372.80000
3418       3862229.10000
3419       3867090.30000
3420       3871956.50000
3421       3876827.60000
3422       3881703.60000
3423       3886584.60000
3424       3891470.50000
3425       3896361.40000
3426       3901257.20000
3427       3906157.90000
3428       3911063.60000
3429       3915974.30000
3430       3920889.90000
3431       3925810.50000
3432       3930736.10000
3433       3935666.70000
3434       3940602.20000
3435       3945542.70000
3436       3950488.20000
3437       3955438.70000
3438       3960394.20000
3439       3965354.70000
3440       3970320.20000
3441       3975290.70000
3442       3980266.20000
3443       3985246.70000
3444       3990232.20000
3445       3995222.70000
3446       4000218.30000
3447       4005218.90000
3448       4010224.60000
3449       4015235.20000
3450       4020251.00000
3451       4025271.70000
3452       4030297.50000
3453       4035328.40000
3454       4040364.30000
3455       4045405.30000
3456       4050451.30000
3457       4055502.40000
3458       4060558.60000
3459       4065619.80000
3460       4070686.20000
3461       4075757.60000
3462       4080834.10000
3463       4085915.70000
3464       4091002.30000
3465       4096094.10000
3466       4101191.00000
3467       4106293.00000
3468       4111400.10000
3469       4116512.30000
3470       4121629.60000
3471       4126752.10000
3472       4131879.70000
3473       4137012.40000
3474       4142150.20000
3475       4147293.20000
3476       4152441.30000
3477       4157594.60000
3478       4162753.00000
3479       4167916.50000
3480       4173085.20000
3481       4178259.10000
3482       4183438.20000
3483       4188622.40000
3484       4193811.80000
3485       4199006.30000
3486       4204206.10000
3487       4209411.00000
3488       4214621.10000
3489       4219836.40000
3490       4225056.90000
3491       4230282.60000
3492       4235513.50000
3493       4240749.60000
3494       4245990.90000
3495       4251237.40000
3496       4256489.20000
3497       4261746.20000
3498       4267008.40000
3499       4272275.80000
3500       4277548.50000
3501       4282826.40000
3502       4288109.50000
3503       4293397.90000
3504       4298691.60000
3505       4303990.50000
3506       4309294.60000
3507       4314604.10000
3508       4319918.70000
3509       4325238.70000
3510       4330563.90000
3511       4335894.50000
3512       4341230.20000
3513       4346571.30000
3514       4351917.70000
3515       4357269.40000
3516       4362626.30000
3517       4367988.60000
3518       4373356.20000
3519       4378729.00000
3520       4384107.20000
3521       4389490.80000
3522       4394879.60000
3523       4400273.80000
3524       4405673.20000
3525       4411078.10000
3526       4416488.20000
3527       4421903.70000
3528       4427324.60000
3529       4432750.80000
3530       4438182.30000
3531       4443619.30000
3532       4449061.50000
3533       4454509.20000
3534       4459962.20000
3535       4465420.60000
3536       4470884.30000
3537       4476353.50000
3538       4481828.00000
3539       4487307.90000
3540       4492793.30000
3541       4498284.00000
3542       4503780.10000
3543       4509281.60000
3544       4514788.50000
3545       4520300.90000
3546       4525818.70000
3547       4531341.80000
3548       4536870.50000
3549       4542404.50000
3550       4547944.00000
3551       4553488.90000
3552       4559039.30000
3553       4564595.10000
3554       4570156.30000
3555       4575723.00000
3556       4581295.20000
3557       4586872.80000
3558       4592455.90000
3559       4598044.50000
3560       4603638.60000
3561       4609238.10000
3562       4614843.10000
3563       4620453.60000
3564       4626069.60000
3565       4631691.10000
3566       4637318.00000
3567       4642950.50000
3568       4648588.50000
3569       4654232.00000
3570       4659881.00000
3571       4665535.60000
3572       4671195.60000
3573       4676861.20000
3574       4682532.40000
3575       4688209.00000
3576       4693891.20000
3577       4699579.00000
3578       4705272.30000
3579       4710971.10000
3580       4716675.50000
3581       4722385.50000
3582       4728101.00000
3583       4733822.10000
3584       4739548.80000
3585       4745281.00000
3586       4751018.90000
3587       4756762.30000
3588       4762511.30000
3589       4768265.90000
3590       4774026.10000
3591       4779791.90000
3592       4785563.30000
3593       4791340.30000
3594       4797122.90000
3595       4802911.20000
3596       4808705.00000
3597       4814504.50000
3598       4820309.70000
3599       4826120.40000
3600       4831936.80000
3601       4837758.90000
3602       4843586.60000
3603       4849419.90000
3604       4855258.90000
3605       4861103.60000
3606       4866953.90000
3607       4872809.90000
3608       4878671.50000
3609       4884538.90000
3610       4890411.90000
3611       4896290.60000
3612       4902175.00000
3613       4908065.10000
3614       4913960.90000
3615       4919862.40000
3616       4925769.60000
3617       4931682.50000
3618       4937601.10000
3619       4943525.40000
3620       4949455.50000
3621       4955391.30000
3622       4961332.80000
3623       4967280.10000
3624       4973233.10000
3625       4979191.80000
3626       4985156.30000
3627       4991126.50000
3628       4997102.50000
3629       5003084.30000
3630       5009071.80000
3631       5015065.10000
3632       5021064.10000
3633       5027069.00000
3634       5033079.60000
3635       5039096.00000
3636       5045118.20000
3637       5051146.20000
3638       5057179.90000
3639       5063219.50000
3640       5069264.90000
3641       5075316.10000
3642       5081373.10000
3643       5087436.00000
3644       5093504.70000
3645       5099579.10000
3646       5105659.50000
3647       5111745.60000
3648       5117837.60000
3649       5123935.50000
3650       5130039.20000
3651       5136148.70000
3652       5142264.10000
3653       5148385.40000
3654       5154512.50000
3655       5160645.50000
3656       5166784.40000
3657       5172929.20000
3658       5179079.80000
3659       5185236.30000
3660       5191398.80000
3661       5197567.10000
3662       5203741.30000
3663       5209921.40000
3664       5216107.50000
3665       5222299.40000
3666       5228497.30000
3667       5234701.00000
3668       5240910.80000
3669       5247126.40000
3670       5253348.00000
3671       5259575.50000
3672       5265808.90000
3673       5272048.30000
3674       5278293.70000
3675       5284545.00000
3676       5290802.30000
3677       5297065.50000
3678       5303334.70000
3679       5309609.90000
3680       5315891.10000
3681       5322178.20000
3682       5328471.30000
3683       5334770.50000
3684       5341075.60000
3685       5347386.70000
3686       5353703.80000
3687       5360026.90000
3688       5366356.10000
3689       5372691.20000
3690       5379032.40000
3691       5385379.60000
3692       5391732.80000
3693       5398092.10000
3694       5404457.40000
3695       5410828.70000
3696       5417206.10000
3697       5423589.50000
3698       5429979.00000
3699       5436374.60000
3700       5442776.20000
3701       5449183.90000
3702       5455597.70000
3703       5462017.50000
3704       5468443.40000
3705       5474875.40000
3706       5481313.50000
3707       5487757.70000
3708       5494208.00000
3709       5500664.40000
3710       5507126.90000
3711       5513595.50000
3712       5520070.30000
3713       5526551.10000
3714       5533038.10000
3715       5539531.20000
3716       5546030.50000
3717       5552535.90000
3718       5559047.40000
3719       5565565.10000
3720       5572088.90000
3721       5578618.90000
3722       5585155.00000
3723       5591697.30000
3724       5598245.80000
3725       5604800.50000
3726       5611361.30000
3727       5617928.30000
3728       5624501.50000
3729       5631080.90000
3730       5637666.50000
3731       5644258.30000
3732       5650856.30000
3733       5657460.50000
3734       5664070.90000
3735       5670687.50000
3736       5677310.40000
3737       5683939.50000
3738       5690574.80000
3739       5697216.40000
3740       5703864.20000
3741       5710518.20000
3742       5717178.50000
3743       5723845.00000
3744       5730517.80000
3745       5737196.90000
3746       5743882.20000
3747       5750573.80000
3748       5757271.70000
3749       5763975.90000
3750       5770686.30000
3751       5777403.00000
3752       5784126.10000
3753       5790855.40000
3754       5797591.00000
3755       5804333.00000
3756       5811081.20000
3757       5817835.80000
3758       5824596.70000
3759       5831363.90000
3760       5838137.40000
3761       5844917.30000
3762       5851703.50000
3763       5858496.10000
3764       5865295.00000
3765       5872100.20000
3766       5878911.80000
3767       5885729.80000
3768       5892554.10000
3769       5899384.90000
3770       5906221.90000
3771       5913065.40000
3772       5919915.30000
3773       5926771.50000
3774       5933634.10000
3775       5940503.20000
3776       5947378.60000
3777       5954260.40000
3778       5961148.70000
3779       5968043.30000
3780       5974944.40000
3781       5981851.90000
3782       5988765.80000
3783       5995686.20000
3784       6002613.00000
3785       6009546.30000
3786       6016486.00000
3787       6023432.10000
3788       6030384.70000
3789       6037343.80000
3790       6044309.30000
3791       6051281.30000
3792       6058259.80000
3793       6065244.70000
3794       6072236.20000
3795       6079234.10000
3796       6086238.50000
3797       6093249.40000
3798       6100266.80000
3799       6107290.80000
3800       6114321.20000
3801       6121358.20000
3802       6128401.60000
3803       6135451.60000
3804       6142508.10000
3805       6149571.20000
3806       6156640.80000
3807       6163716.90000
3808       6170799.60000
3809       6177888.90000
3810       6184984.70000
3811       6192087.00000
3812       6199195.90000
3813       6206311.40000
3814       6213433.50000
3815       6220562.20000
3816       6227697.40000
3817       6234839.20000
3818       6241987.60000
3819       6249142.60000
3820       6256304.30000
3821       6263472.50000
3822       6270647.30000
3823       6277828.80000
3824       6285016.80000
3825       6292211.60000
3826       6299412.90000
3827       6306620.90000
3828       6313835.50000
3829       6321056.70000
3830       6328284.60000
3831       6335519.20000
3832       6342760.40000
3833       6350008.30000
3834       6357262.80000
3835       6364524.00000
3836       6371791.90000
3837       6379066.50000
3838       6386347.80000
3839       6393635.70000
3840       6400930.40000
3841       6408231.70000
3842       6415539.80000
3843       6422854.50000
3844       6430176.00000
3845       6437504.20000
3846       6444839.10000
3847       6452180.80000
3848       6459529.20000
3849       6466884.30000
3850       6474246.10000
3851       6481614.70000
3852       6488990.10000
3853       6496372.20000
3854       6503761.10000
3855       6511156.80000
3856       6518559.20000
3857       6525968.40000
3858       6533384.30000
3859       6540807.10000
3860       6548236.60000
3861       6555673.00000
3862       6563116.10000
3863       6570566.10000
3864       6578022.80000
3865       6585486.40000
3866       6592956.80000
3867       6600434.00000
3868       6607918.00000
3869       6615408.90000
3870       6622906.60000
3871       6630411.10000
3872       6637922.50000
3873       6645440.70000
3874       6652965.80000
3875       6660497.80000
3876       6668036.60000
3877       6675582.30000
3878       6683134.80000
3879       6690694.30000
3880       6698260.60000
3881       6705833.80000
3882       6713413.90000
3883       6721000.90000
3884       6728594.80000
3885       6736195.70000
3886       6743803.40000
3887       6751418.00000
3888       6759039.60000
3889       6766668.10000
3890       6774303.50000
3891       6781945.90000
3892       6789595.20000
3893       6797251.50000
3894       6804914.70000
3895       6812584.80000
3896       6820261.90000
3897       6827946.00000
3898       6835637.10000
3899       6843335.10000
3900       6851040.10000
3901       6858752.10000
3902       6866471.10000
3903       6874197.10000
3904       6881930.00000
3905       6889670.00000
3906       6897417.00000
3907       6905171.00000
3908       6912932.00000
3909       6920700.00000
3910       6928475.10000
3911       6936257.20000
3912       6944046.40000
3913       6951842.50000
3914       6959645.80000
3915       6967456.00000
3916       6975273.40000
3917       6983097.80000
3918       6990929.20000
3919       6998767.80000
3920       7006613.40000
3921       7014466.10000
3922       7022325.80000
3923       7030192.70000
3924       7038066.60000
3925       7045947.70000
3926       7053835.90000
3927       7061731.10000
3928       7069633.50000
3929       7077543.00000
3930       7085459.70000
3931       7093383.40000
3932       7101314.30000
3933       7109252.40000
3934       7117197.60000
3935       7125149.90000
3936       7133109.40000
3937       7141076.00000
3938       7149049.80000
3939       7157030.80000
3940       7165018.90000
3941       7173014.30000
3942       7181016.80000
3943       7189026.50000
3944       7197043.30000
3945       7205067.40000
3946       7213098.70000
3947       7221137.20000
3948       7229182.90000
3949       7237235.80000
3950       7245296.00000
3951       7253363.40000
3952       7261438.00000
3953       7269519.80000
3954       7277608.90000
3955       7285705.20000
3956       7293808.80000
3957       7301919.70000
3958       7310037.80000
3959       7318163.10000
3960       7326295.80000
3961       7334435.70000
3962       7342582.90000
3963       7350737.40000
3964       7358899.10000
3965       7367068.20000
3966       7375244.60000
3967       7383428.20000
3968       7391619.20000
3969       7399817.50000
3970       7408023.20000
3971       7416236.10000
3972       7424456.40000
3973       7432684.00000
3974       7440919.00000
3975       7449161.30000
3976       7457410.90000
3977       7465667.90000
3978       7473932.30000
3979       7482204.00000
3980       7490483.10000
3981       7498769.60000
3982       7507063.50000
3983       7515364.70000
3984       7523673.40000
3985       7531989.40000
3986       7540312.80000
3987       7548643.70000
3988       7556981.90000
3989       7565327.60000
3990       7573680.70000
3991       7582041.20000
3992       7590409.10000
3993       7598784.50000
3994       7607167.30000
3995       7615557.60000
3996       7623955.30000
3997       7632360.50000
3998       7640773.10000
3999       7649193.20000
4000       7657620.70000
4001       7666055.80000
4002       7674498.30000
4003       7682948.30000
4004       7691405.80000
4005       7699870.80000
4006       7708343.30000
4007       7716823.30000
4008       7725310.80000
4009       7733805.80000
4010       7742308.40000
4011       7750818.40000
4012       7759336.00000
4013       7767861.20000
4014       7776393.90000
4015       7784934.10000
4016       7793481.90000
4017       7802037.20000
4018       7810600.10000
4019       7819170.50000
4020       7827748.60000
4021       7836334.20000
4022       7844927.40000
4023       7853528.20000
4024       7862136.50000
4025       7870752.50000
4026       7879376.10000
4027       7888007.20000
4028       7896646.00000
4029       7905292.40000
4030       7913946.50000
4031       7922608.10000
4032       7931277.40000
4033       7939954.30000
4034       7948638.90000
4035       7957331.10000
4036       7966031.00000
4037       7974738.50000
4038       7983453.70000
4039       7992176.50000
4040       8000907.10000
4041       8009645.30000
4042       8018391.20000
4043       8027144.80000
4044       8035906.00000
4045       8044675.00000
4046       8053451.70000
4047       8062236.10000
4048       8071028.20000
4049       8079828.00000
4050       8088635.50000
4051       8097450.80000
4052       8106273.80000
4053       8115104.60000
4054       8123943.10000
4055       8132789.30000
4056       8141643.30000
4057       8150505.10000
4058       8159374.60000
4059       8168251.90000
4060       8177137.00000
4061       8186029.90000
4062       8194930.50000
4063       8203838.90000
4064       8212755.20000
4065       8221679.20000
4066       8230611.00000
4067       8239550.70000
4068       8248498.20000
4069       8257453.50000
4070       8266416.60000
4071       8275387.50000
4072       8284366.30000
4073       8293353.00000
4074       8302347.50000
4075       8311349.80000
4076       8320360.00000
4077       8329378.10000
4078       8338404.00000
4079       8347437.80000
4080       8356479.50000
4081       8365529.10000
4082       8374586.50000
4083       8383651.90000
4084       8392725.10000
4085       8401806.30000
4086       8410895.40000
4087       8419992.40000
4088       8429097.30000
4089       8438210.10000
4090       8447330.90000
4091       8456459.60000
4092       8465596.30000
4093       8474740.90000
4094       8483893.40000
4095       8493053.90000
4096       8502222.40000
4097       8511398.90000
4098       8520583.30000
4099       8529775.70000
4100       8538976.10000
4101       8548184.40000
4102       8557400.80000
4103       8566625.20000
4104       8575857.60000
4105       8585097.90000
4106       8594346.30000
4107       8603602.80000
4108       8612867.20000
4109       8622139.70000
4110       8631420.20000
4111       8640708.80000
4112       8650005.40000
4113       8659310.10000
4114       8668622.80000
4115       8677943.60000
4116       8687272.40000
4117       8696609.40000
4118       8705954.40000
4119       8715307.50000
4120       8724668.60000
4121       8734037.90000
4122       8743415.30000
4123       8752800.80000
4124       8762194.40000
4125       8771596.10000
4126       8781005.90000
4127       8790423.90000
4128       8799850.00000
4129       8809284.20000
4130       8818726.60000
4131       8828177.20000
4132       8837635.80000
4133       8847102.70000
4134       8856577.70000
4135       8866060.90000
4136       8875552.20000
4137       8885051.70000
4138       8894559.50000
4139       8904075.40000
4140       8913599.50000
4141       8923131.80000
4142       8932672.30000
4143       8942221.00000
4144       8951778.00000
4145       8961343.20000
4146       8970916.60000
4147       8980498.20000
4148       8990088.10000
4149       8999686.20000
4150       9009292.60000
4151       9018907.20000
4152       9028530.10000
4153       9038161.20000
4154       9047800.70000
4155       9057448.40000
4156       9067104.40000
4157       9076768.60000
4158       9086441.20000
4159       9096122.10000
4160       9105811.20000
4161       9115508.70000
4162       9125214.50000
4163       9134928.60000
4164       9144651.10000
4165       9154381.90000
4166       9164121.00000
4167       9173868.40000
4168       9183624.20000
4169       9193388.40000
4170       9203160.90000
4171       9212941.80000
4172       9222731.00000
4173       9232528.70000
4174       9242334.70000
4175       9252149.00000
4176       9261971.80000
4177       9271803.00000
4178       9281642.60000
4179       9291490.60000
4180       9301347.00000
4181       9311211.80000
4182       9321085.00000
4183       9330966.70000
4184       9340856.80000
4185       9350755.30000
4186       9360662.30000
4187       9370577.80000
4188       9380501.70000
4189       9390434.00000
4190       9400374.90000
4191       9410324.20000
4192       9420282.00000
4193       9430248.20000
4194       9440223.00000
4195       9450206.20000
4196       9460198.00000
4197       9470198.20000
4198       9480207.00000
4199       9490224.30000
4200       9500250.10000
4201       9510284.40000
4202       9520327.30000
4203       9530378.70000
4204       9540438.60000
4205       9550507.10000
4206       9560584.20000
4207       9570669.80000
4208       9580764.00000
4209       9590866.70000
4210       9600978.10000
4211       9611098.00000
4212       9621226.50000
4213       9631363.60000
4214       9641509.30000
4215       9651663.60000
4216       9661826.50000
4217       9671998.00000
4218       9682178.20000
4219       9692367.00000
4220       9702564.40000
4221       9712770.40000
4222       9722985.10000
4223       9733208.50000
4224       9743440.50000
4225       9753681.10000
4226       9763930.50000
4227       9774188.50000
4228       9784455.10000
4229       9794730.50000
4230       9805014.50000
4231       9815307.30000
4232       9825608.70000
4233       9835918.90000
4234       9846237.70000
4235       9856565.30000
4236       9866901.60000
4237       9877246.60000
4238       9887600.40000
4239       9897962.90000
4240       9908334.10000
4241       9918714.10000
4242       9929102.80000
4243       9939500.30000
4244       9949906.60000
4245       9960321.60000
4246       9970745.50000
4247       9981178.10000
4248       9991619.50000
4249      10002070.00000
4250      10012529.00000
4251      10022996.00000
4252      10033473.00000
4253      10043958.00000
4254      10054453.00000
4255      10064956.00000
4256      10075468.00000
4257      10085988.00000
4258      10096518.00000
4259      10107056.00000
4260      10117604.00000
4261      10128160.00000
4262      10138725.00000
4263      10149299.00000
4264      10159882.00000
4265      10170473.00000
4266      10181074.00000
4267      10191683.00000
4268      10202302.00000
4269      10212929.00000
4270      10223565.00000
4271      10234210.00000
4272      10244864.00000
4273      10255527.00000
4274      10266199.00000
4275      10276880.00000
4276      10287570.00000
4277      10298268.00000
4278      10308976.00000
4279      10319693.00000
4280      10330418.00000
4281      10341153.00000
4282      10351897.00000
4283      10362649.00000
4284      10373411.00000
4285      10384181.00000
4286      10394961.00000
4287      10405749.00000
4288      10416547.00000
4289      10427354.00000
4290      10438169.00000
4291      10448994.00000
4292      10459828.00000
4293      10470670.00000
4294      10481522.00000
4295      10492383.00000
4296      10503253.00000
4297      10514132.00000
4298      10525020.00000
4299      10535917.00000
4300      10546823.00000
4301      10557739.00000
4302      10568663.00000
4303      10579597.00000
4304      10590539.00000
4305      10601491.00000
4306      10612452.00000
4307      10623422.00000
4308      10634401.00000
4309      10645389.00000
4310      10656387.00000
4311      10667393.00000
4312      10678409.00000
4313      10689434.00000
4314      10700468.00000
4315      10711511.00000
4316      10722563.00000
4317      10733625.00000
4318      10744696.00000
4319      10755775.00000
4320      10766865.00000
4321      10777963.00000
4322      10789070.00000
4323      10800187.00000
4324      10811313.00000
4325      10822448.00000
4326      10833593.00000
4327      10844747.00000
4328      10855909.00000
4329      10867082.00000
4330      10878263.00000
4331      10889454.00000
4332      10900654.00000
4333      10911863.00000
4334      10923082.00000
4335      10934309.00000
4336      10945546.00000
4337      10956793.00000
4338      10968049.00000
4339      10979314.00000
4340      10990588.00000
4341      11001872.00000
4342      11013165.00000
4343      11024467.00000
4344      11035779.00000
4345      11047100.00000
4346      11058430.00000
4347      11069770.00000
4348      11081119.00000
4349      11092477.00000
4350      11103845.00000
4351      11115222.00000
4352      11126609.00000
4353      11138005.00000
4354      11149410.00000
4355      11160825.00000
4356      11172249.00000
4357      11183683.00000
4358      11195126.00000
4359      11206578.00000
4360      11218040.00000
4361      11229512.00000
4362      11240992.00000
4363      11252483.00000
4364      11263982.00000
4365      11275491.00000
4366      11287010.00000
4367      11298538.00000
4368      11310076.00000
4369      11321623.00000
4370      11333179.00000
4371      11344745.00000
4372      11356321.00000
4373      11367906.00000
4374      11379501.00000
4375      11391105.00000
4376      11402718.00000
4377      11414341.00000
4378      11425974.00000
4379      11437616.00000
4380      11449268.00000
4381      11460930.00000
4382      11472601.00000
4383      11484281.00000
4384      11495971.00000
4385      11507671.00000
4386      11519380.00000
4387      11531099.00000
4388      11542827.00000
4389      11554565.00000
4390      11566313.00000
4391      11578070.00000
4392      11589837.00000
4393      11601614.00000
4394      11613400.00000
4395      11625196.00000
4396      11637001.00000
4397      11648816.00000
4398      11660641.00000
4399      11672475.00000
4400      11684319.00000
4401      11696173.00000
4402      11708037.00000
4403      11719910.00000
4404      11731793.00000
4405      11743685.00000
4406      11755588.00000
4407      11767499.00000
4408      11779421.00000
4409      11791353.00000
4410      11803294.00000
4411      11815245.00000
4412      11827205.00000
4413      11839176.00000
4414      11851156.00000
4415      11863146.00000
4416      11875145.00000
4417      11887155.00000
4418      11899174.00000
4419      11911203.00000
4420      11923242.00000
4421      11935290.00000
4422      11947349.00000
4423      11959417.00000
4424      11971495.00000
4425      11983583.00000
4426      11995680.00000
4427      12007788.00000
4428      12019905.00000
4429      12032032.00000
4430      12044169.00000
4431      12056316.00000
4432      12068473.00000
4433      12080640.00000
4434      12092816.00000
4435      12105003.00000
4436      12117199.00000
4437      12129405.00000
4438      12141621.00000
4439      12153847.00000
4440      12166083.00000
4441      12178329.00000
4442      12190585.00000
4443      12202850.00000
4444      12215126.00000
4445      12227411.00000
4446      12239707.00000
4447      12252012.00000
4448      12264328.00000
4449      12276653.00000
4450      12288989.00000
4451      12301334.00000
4452      12313689.00000
4453      12326055.00000
4454      12338430.00000
4455      12350815.00000
4456      12363211.00000
4457      12375616.00000
4458      12388031.00000
4459      12400457.00000
4460      12412892.00000
4461      12425338.00000
4462      12437793.00000
4463      12450259.00000
4464      12462734.00000
4465      12475220.00000
4466      12487716.00000
4467      12500222.00000
4468      12512738.00000
4469      12525264.00000
4470      12537800.00000
4471      12550346.00000
4472      12562902.00000
4473      12575469.00000
4474      12588045.00000
4475      12600632.00000
4476      12613229.00000
4477      12625836.00000
4478      12638453.00000
4479      12651080.00000
4480      12663718.00000
4481      12676366.00000
4482      12689023.00000
4483      12701691.00000
4484      12714369.00000
4485      12727058.00000
4486      12739756.00000
4487      12752465.00000
4488      12765184.00000
4489      12777913.00000
4490      12790653.00000
4491      12803402.00000
4492      12816162.00000
4493      12828932.00000
4494      12841712.00000
4495      12854503.00000
4496      12867304.00000
4497      12880115.00000
4498      12892936.00000
4499      12905768.00000
4500      12918610.00000
4501      12931462.00000
4502      12944325.00000
4503      12957197.00000
4504      12970081.00000
4505      12982974.00000
4506      12995878.00000
4507      13008792.00000
4508      13021716.00000
4509      13034651.00000
4510      13047596.00000
4511      13060552.00000
4512      13073518.00000
4513      13086494.00000
4514      13099480.00000
4515      13112477.00000
4516      13125485.00000
4517      13138502.00000
4518      13151530.00000
4519      13164569.00000
4520      13177618.00000
4521      13190677.00000
4522      13203747.00000
4523      13216827.00000
4524      13229918.00000
4525      13243019.00000
4526      13256130.00000
4527      13269252.00000
4528      13282385.00000
4529      13295528.00000
4530      13308681.00000
4531      13321845.00000
4532      13335019.00000
4533      13348204.00000
4534      13361399.00000
4535      13374605.00000
4536      13387821.00000
4537      13401048.00000
4538      13414286.00000
4539      13427534.00000
4540      13440792.00000
4541      13454061.00000
4542      13467340.00000
4543      13480631.00000
4544      13493931.00000
4545      13507242.00000
4546      13520564.00000
4547      13533897.00000
4548      13547240.00000
4549      13560593.00000
4550      13573957.00000
4551      13587332.00000
4552      13600717.00000
4553      13614113.00000
4554      13627520.00000
4555      13640937.00000
4556      13654365.00000
4557      13667804.00000
4558      13681253.00000
4559      13694713.00000
4560      13708183.00000
4561      13721664.00000
4562      13735156.00000
4563      13748659.00000
4564      13762172.00000
4565      13775696.00000
4566      13789230.00000
4567      13802776.00000
4568      13816332.00000
4569      13829898.00000
4570      13843476.00000
4571      13857064.00000
4572      13870663.00000
4573      13884273.00000
4574      13897893.00000
4575      13911524.00000
4576      13925166.00000
4577      13938819.00000
4578      13952483.00000
4579      13966157.00000
4580      13979842.00000
4581      13993538.00000
4582      14007245.00000
4583      14020962.00000
4584      14034691.00000
4585      14048430.00000
4586      14062180.00000
4587      14075941.00000
4588      14089712.00000
4589      14103495.00000
4590      14117288.00000
4591      14131092.00000
4592      14144908.00000
4593      14158734.00000
4594      14172570.00000
4595      14186418.00000
4596      14200277.00000
4597      14214146.00000
4598      14228027.00000
4599      14241918.00000
4600      14255821.00000
4601      14269734.00000
4602      14283658.00000
4603      14297593.00000
4604      14311539.00000
4605      14325496.00000
4606      14339464.00000
4607      14353443.00000
4608      14367433.00000
4609      14381434.00000
4610      14395446.00000
4611      14409469.00000
4612      14423503.00000
4613      14437548.00000
4614      14451603.00000
4615      14465670.00000
4616      14479748.00000
4617      14493837.00000
4618      14507937.00000
4619      14522048.00000
4620      14536171.00000
4621      14550304.00000
4622      14564448.00000
4623      14578603.00000
4624      14592770.00000
4625      14606947.00000
4626      14621136.00000
4627      14635335.00000
4628      14649546.00000
4629      14663768.00000
4630      14678001.00000
4631      14692245.00000
4632      14706501.00000
4633      14720767.00000
4634      14735045.00000
4635      14749333.00000
4636      14763633.00000
4637      14777944.00000
4638      14792266.00000
4639      14806600.00000
4640      14820944.00000
4641      14835300.00000
4642      14849667.00000
4643      14864045.00000
4644      14878435.00000
4645      14892835.00000
4646      14907247.00000
4647      14921670.00000
4648      14936104.00000
4649      14950550.00000
4650      14965007.00000
4651      14979475.00000
4652      14993954.00000
4653      15008444.00000
4654      15022946.00000
4655      15037459.00000
4656      15051984.00000
4657      15066520.00000
4658      15081067.00000
4659      15095625.00000
4660      15110195.00000
4661      15124776.00000
4662      15139368.00000
4663      15153971.00000
4664      15168586.00000
4665      15183213.00000
4666      15197850.00000
4667      15212500.00000
4668      15227160.00000
4669      15241832.00000
4670      15256515.00000
4671      15271210.00000
4672      15285916.00000
4673      15300633.00000
4674      15315362.00000
4675      15330102.00000
4676      15344854.00000
4677      15359617.00000
4678      15374391.00000
4679      15389177.00000
4680      15403975.00000
4681      15418783.00000
4682      15433604.00000
4683      15448436.00000
4684      15463279.00000
4685      15478134.00000
4686      15493000.00000
4687      15507878.00000
4688      15522767.00000
4689      15537668.00000
4690      15552580.00000
4691      15567504.00000
4692      15582439.00000
4693      15597386.00000
4694      15612345.00000
4695      15627315.00000
4696      15642296.00000
4697      15657289.00000
4698      15672294.00000
4699      15687310.00000
4700      15702338.00000
4701      15717377.00000
4702      15732429.00000
4703      15747491.00000
4704      15762565.00000
4705      15777651.00000
4706      15792749.00000
4707      15807858.00000
4708      15822979.00000
4709      15838111.00000
4710      15853255.00000
4711      15868411.00000
4712      15883579.00000
4713      15898758.00000
4714      15913949.00000
4715      15929151.00000
4716      15944365.00000
4717      15959591.00000
4718      15974829.00000
4719      15990078.00000
4720      16005339.00000
4721      16020612.00000
4722      16035896.00000
4723      16051192.00000
4724      16066500.00000
4725      16081820.00000
4726      16097152.00000
4727      16112495.00000
4728      16127850.00000
4729      16143217.00000
4730      16158596.00000
4731      16173986.00000
4732      16189388.00000
4733      16204802.00000
4734      16220228.00000
4735      16235666.00000
4736      16251115.00000
4737      16266577.00000
4738      16282050.00000
4739      16297535.00000
4740      16313032.00000
4741      16328541.00000
4742      16344061.00000
4743      16359594.00000
4744      16375138.00000
4745      16390695.00000
4746      16406263.00000
4747      16421843.00000
4748      16437435.00000
4749      16453039.00000
4750      16468655.00000
4751      16484283.00000
4752      16499923.00000
4753      16515574.00000
4754      16531238.00000
4755      16546914.00000
4756      16562601.00000
4757      16578301.00000
4758      16594013.00000
4759      16609736.00000
4760      16625472.00000
4761      16641219.00000
4762      16656979.00000
4763      16672751.00000
4764      16688534.00000
4765      16704330.00000
4766      16720138.00000
4767      16735957.00000
4768      16751789.00000
4769      16767633.00000
4770      16783489.00000
4771      16799357.00000
4772      16815237.00000
4773      16831130.00000
4774      16847034.00000
4775      16862950.00000
4776      16878879.00000
4777      16894819.00000
4778      16910772.00000
4779      16926737.00000
4780      16942714.00000
4781      16958703.00000
4782      16974705.00000
4783      16990718.00000
4784      17006744.00000
4785      17022782.00000
4786      17038832.00000
4787      17054894.00000
4788      17070968.00000
4789      17087055.00000
4790      17103153.00000
4791      17119264.00000
4792      17135388.00000
4793      17151523.00000
4794      17167671.00000
4795      17183831.00000
4796      17200003.00000
4797      17216187.00000
4798      17232384.00000
4799      17248593.00000
4800      17264814.00000
4801      17281048.00000
4802      17297294.00000
4803      17313552.00000
4804      17329822.00000
4805      17346105.00000
4806      17362400.00000
4807      17378708.00000
4808      17395028.00000
4809      17411360.00000
4810      17427704.00000
4811      17444061.00000
4812      17460430.00000
4813      17476812.00000
4814      17493206.00000
4815      17509612.00000
4816      17526031.00000
4817      17542462.00000
4818      17558905.00000
4819      17575361.00000
4820      17591829.00000
4821      17608310.00000
4822      17624803.00000
4823      17641309.00000
4824      17657827.00000
4825      17674358.00000
4826      17690901.00000
4827      17707456.00000
4828      17724024.00000
4829      17740604.00000
4830      17757197.00000
4831      17773803.00000
4832      17790421.00000
4833      17807051.00000
4834      17823694.00000
4835      17840350.00000
4836      17857018.00000
4837      17873698.00000
4838      17890391.00000
4839      17907097.00000
4840      17923815.00000
4841      17940546.00000
4842      17957290.00000
4843      17974046.00000
4844      17990814.00000
4845      18007595.00000
4846      18024389.00000
4847      18041196.00000
4848      18058015.00000
4849      18074846.00000
4850      18091690.00000
4851      18108547.00000
4852      18125417.00000
4853      18142299.00000
4854      18159194.00000
4855      18176102.00000
4856      18193022.00000
4857      18209955.00000
4858      18226900.00000
4859      18243859.00000
4860      18260830.00000
4861      18277814.00000
4862      18294810.00000
4863      18311819.00000
4864      18328841.00000
4865      18345876.00000
4866      18362923.00000
4867      18379983.00000
4868      18397056.00000
4869      18414142.00000
4870      18431241.00000
4871      18448352.00000
4872      18465476.00000
4873      18482613.00000
4874      18499763.00000
4875      18516925.00000
4876      18534100.00000
4877      18551289.00000
4878      18568490.00000
4879      18585703.00000
4880      18602930.00000
4881      18620170.00000
4882      18637422.00000
4883      18654687.00000
4884      18671966.00000
4885      18689257.00000
4886      18706561.00000
4887      18723878.00000
4888      18741207.00000
4889      18758550.00000
4890      18775906.00000
4891      18793274.00000
4892      18810656.00000
4893      18828050.00000
4894      18845458.00000
4895      18862878.00000
4896      18880311.00000
4897      18897758.00000
4898      18915217.00000
4899      18932689.00000
4900      18950175.00000
4901      18967673.00000
4902      18985184.00000
4903      19002709.00000
4904      19020246.00000
4905      19037796.00000
4906      19055360.00000
4907      19072936.00000
4908      19090526.00000
4909      19108128.00000
4910      19125744.00000
4911      19143373.00000
4912      19161015.00000
4913      19178670.00000
4914      19196338.00000
4915      19214019.00000
4916      19231713.00000
4917      19249420.00000
4918      19267141.00000
4919      19284875.00000
4920      19302622.00000
4921      19320381.00000
4922      19338155.00000
4923      19355941.00000
4924      19373740.00000
4925      19391553.00000
4926      19409379.00000
4927      19427218.00000
4928      19445070.00000
4929      19462936.00000
4930      19480814.00000
4931      19498706.00000
4932      19516611.00000
4933      19534530.00000
4934      19552461.00000
4935      19570406.00000
4936      19588365.00000
4937      19606336.00000
4938      19624321.00000
4939      19642319.00000
4940      19660330.00000
4941      19678355.00000
4942      19696392.00000
4943      19714444.00000
4944      19732508.00000
4945      19750586.00000
4946      19768677.00000
4947      19786782.00000
4948      19804900.00000
4949      19823031.00000
4950      19841176.00000
4951      19859334.00000
4952      19877505.00000
4953      19895690.00000
4954      19913888.00000
4955      19932100.00000
4956      19950325.00000
4957      19968563.00000
4958      19986815.00000
4959      20005081.00000
4960      20023359.00000
4961      20041652.00000
4962      20059957.00000
4963      20078276.00000
4964      20096609.00000
4965      20114955.00000
4966      20133315.00000
4967      20151688.00000
4968      20170074.00000
4969      20188475.00000
4970      20206888.00000
4971      20225315.00000
4972      20243756.00000
4973      20262210.00000
4974      20280678.00000
4975      20299159.00000
4976      20317654.00000
4977      20336163.00000
4978      20354685.00000
4979      20373220.00000
4980      20391770.00000
4981      20410332.00000
4982      20428909.00000
4983      20447499.00000
4984      20466103.00000
4985      20484720.00000
4986      20503351.00000
4987      20521996.00000
4988      20540654.00000
4989      20559326.00000
4990      20578011.00000
4991      20596711.00000
4992      20615424.00000
4993      20634150.00000
4994      20652891.00000
4995      20671645.00000
4996      20690413.00000
4997      20709194.00000
4998      20727989.00000
4999      20746798.00000
5000      20765621.00000