   1            15.29462
   2            29.13293
   3            43.00001
   4            56.87423
   5            70.75144
   6            84.63029
   7            98.51022
   8           112.39093
   9           126.27227
  10           140.15415
  11           154.03650
  12           167.91930
  13           181.80249
  14           195.68608
  15           209.57005
  16           223.45438
  17           237.33906
  18           251.22410
  19           265.10948
  20           278.99520
  21           292.88126
  22           306.76766
  23           320.65438
  24           334.54144
  25           348.42883
  26           362.31655
  27           376.20459
  28           390.09296
  29           403.98166
  30           417.87068
  31           431.76002
  32           445.64969
  33           459.53968
  34           473.42999
  35           487.32063
  36           501.21159
  37           515.10287
  38           528.99447
  39           542.88640
  40           556.77864
  41           570.67121
  42           584.56410
  43           598.45732
  44           612.35086
  45           626.24474
  46           640.13894
  47           654.03347
  48           667.92834
  49           681.82356
  50           695.71913
  51           709.61506
  52           723.51135
  53           737.40803
  54           751.30511
  55           765.20260
  56           779.10053
  57           792.99891
  58           806.89778
  59           820.79717
  60           834.69712
  61           848.59766
  62           862.49885
  63           876.40073
  64           890.30337
  65           904.20682
  66           918.11116
  67           932.01646
  68           945.92282
  69           959.83032
  70           973.73907
  71           987.64918
  72          1001.56080
  73          1015.47390
  74          1029.38890
  75          1043.30570
  76          1057.22450
  77          1071.14560
  78          1085.06900
  79          1098.99500
  80          1112.92370
  81          1126.85550
  82          1140.79040
  83          1154.72870
  84          1168.67070
  85          1182.61650
  86          1196.56660
  87          1210.52100
  88          1224.48010
  89          1238.44430
  90          1252.41370
  91          1266.38870
  92          1280.36970
  93          1294.35680
  94          1308.35060
  95          1322.35130
  96          1336.35930
  97          1350.37500
  98          1364.39870
  99          1378.43080
 100          1392.47170
 101          1406.52190
 102          1420.58170
 103          1434.65150
 104          1448.73180
 105          1462.82300
 106          1476.92550
 107          1491.03980
 108          1505.16640
 109          1519.30560
 110          1533.45800
 111          1547.62410
 112          1561.80430
 113          1575.99910
 114          1590.20900
 115          1604.43440
 116          1618.67600
 117          1632.93410
 118          1647.20930
 119          1661.50210
 120          1675.81300
 121          1690.14260
 122          1704.49130
 123          1718.85970
 124          1733.24830
 125          1747.65760
 126          1762.08830
 127          1776.54070
 128          1791.01540
 129          1805.51310
 130          1820.03410
 131          1834.57920
 132          1849.14870
 133          1863.74330
 134          1878.36350
 135          1893.00980
 136          1907.68280
 137          1922.38310
 138          1937.11120
 139          1951.86760
 140          1966.65290
 141          1981.46760
 142          1996.31240
 143          2011.18770
 144          2026.09400
 145          2041.03200
 146          2056.00220
 147          2071.00520
 148          2086.04140
 149          2101.11140
 150          2116.21580
 151          2131.35520
 152          2146.53000
 153          2161.74080
 154          2176.98810
 155          2192.27260
 156          2207.59460
 157          2222.95490
 158          2238.35380
 159          2253.79200
 160          2269.27000
 161          2284.78820
 162          2300.34730
 163          2315.94780
 164          2331.59020
 165          2347.27490
 166          2363.00270
 167          2378.77380
 168          2394.58900
 169          2410.44870
 170          2426.35340
 171          2442.30370
 172          2458.30000
 173          2474.34280
 174          2490.43280
 175          2506.57030
 176          2522.75590
 177          2538.99010
 178          2555.27340
 179          2571.60630
 180          2587.98940
 181          2604.42300
 182          2620.90770
 183          2637.44390
 184          2654.03230
 185          2670.67320
 186          2687.36720
 187          2704.11470
 188          2720.91630
 189          2737.77230
 190          2754.68330
 191          2771.64980
 192          2788.67230
 193          2805.75110
 194          2822.88680
 195          2840.07990
 196          2857.33090
 197          2874.64010
 198          2892.00810
 199          2909.43530
 200          2926.92220
 201          2944.46920
 202          2962.07690
 203          2979.74560
 204          2997.47580
 205          3015.26810
 206          3033.12270
 207          3051.04020
 208          3069.02110
 209          3087.06570
 210          3105.17450
 211          3123.34810
 212          3141.58670
 213          3159.89080
 214          3178.26100
 215          3196.69760
 216          3215.20100
 217          3233.77180
 218          3252.41020
 219          3271.11690
 220          3289.89210
 221          3308.73640
 222          3327.65010
 223          3346.63370
 224          3365.68770
 225          3384.81230
 226          3404.00810
 227          3423.27550
 228          3442.61490
 229          3462.02670
 230          3481.51140
 231          3501.06930
 232          3520.70090
 233          3540.40660
 234          3560.18670
 235          3580.04180
 236          3599.97230
 237          3619.97840
 238          3640.06070
 239          3660.21960
 240          3680.45540
 241          3700.76860
 242          3721.15960
 243          3741.62880
 244          3762.17660
 245          3782.80330
 246          3803.50950
 247          3824.29540
 248          3845.16150
 249          3866.10830
 250          3887.13600
 251          3908.24510
 252          3929.43610
 253          3950.70920
 254          3972.06490
 255          3993.50350
 256          4015.02560
 257          4036.63140
 258          4058.32140
 259          4080.09600
 260          4101.95550
 261          4123.90030
 262          4145.93090
 263          4168.04760
 264          4190.25080
 265          4212.54090
 266          4234.91830
 267          4257.38330
 268          4279.93650
 269          4302.57810
 270          4325.30850
 271          4348.12820
 272          4371.03750
 273          4394.03680
 274          4417.12640
 275          4440.30690
 276          4463.57850
 277          4486.94160
 278          4510.39670
 279          4533.94400
 280          4557.58410
 281          4581.31720
 282          4605.14380
 283          4629.06420
 284          4653.07880
 285          4677.18800
 286          4701.39230
 287          4725.69180
 288          4750.08720
 289          4774.57860
 290          4799.16660
 291          4823.85140
 292          4848.63350
 293          4873.51330
 294          4898.49110
 295          4923.56730
 296          4948.74230
 297          4974.01640
 298          4999.39010
 299          5024.86380
 300          5050.43770
 301          5076.11230
 302          5101.88800
 303          5127.76510
 304          5153.74410
 305          5179.82530
 306          5206.00900
 307          5232.29570
 308          5258.68580
 309          5285.17950
 310          5311.77740
 311          5338.47980
 312          5365.28700
 313          5392.19940
 314          5419.21750
 315          5446.34160
 316          5473.57200
 317          5500.90920
 318          5528.35360
 319          5555.90550
 320          5583.56520
 321          5611.33330
 322          5639.21000
 323          5667.19580
 324          5695.29090
 325          5723.49590
 326          5751.81110
 327          5780.23680
 328          5808.77350
 329          5837.42150
 330          5866.18120
 331          5895.05310
 332          5924.03740
 333          5953.13450
 334          5982.34490
 335          6011.66900
 336          6041.10700
 337          6070.65950
 338          6100.32670
 339          6130.10910
 340          6160.00700
 341          6190.02090
 342          6220.15110
 343          6250.39790
 344          6280.76190
 345          6311.24340
 346          6341.84270
 347          6372.56030
 348          6403.39650
 349          6434.35170
 350          6465.42640
 351          6496.62090
 352          6527.93550
 353          6559.37070
 354          6590.92690
 355          6622.60450
 356          6654.40380
 357          6686.32530
 358          6718.36920
 359          6750.53610
 360          6782.82640
 361          6815.24030
 362          6847.77830
 363          6880.44090
 364          6913.22830
 365          6946.14100
 366          6979.17940
 367          7012.34380
 368          7045.63470
 369          7079.05250
 370          7112.59760
 371          7146.27030
 372          7180.07100
 373          7214.00030
 374          7248.05830
 375          7282.24560
 376          7316.56260
 377          7351.00960
 378          7385.58710
 379          7420.29540
 380          7455.13500
 381          7490.10620
 382          7525.20950
 383          7560.44530
 384          7595.81390
 385          7631.31580
 386          7666.95130
 387          7702.72100
 388          7738.62510
 389          7774.66410
 390          7810.83850
 391          7847.14850
 392          7883.59460
 393          7920.17730
 394          7956.89690
 395          7993.75390
 396          8030.74860
 397          8067.88140
 398          8105.15290
 399          8142.56330
 400          8180.11310
 401          8217.80280
 402          8255.63270
 403          8293.60320
 404          8331.71480
 405          8369.96790
 406          8408.36280
 407          8446.90010
 408          8485.58010
 409          8524.40320
 410          8563.36990
 411          8602.48060
 412          8641.73570
 413          8681.13570
 414          8720.68090
 415          8760.37170
 416          8800.20870
 417          8840.19220
 418          8880.32260
 419          8920.60040
 420          8961.02590
 421          9001.59970
 422          9042.32220
 423          9083.19370
 424          9124.21480
 425          9165.38580
 426          9206.70710
 427          9248.17920
 428          9289.80260
 429          9331.57760
 430          9373.50470
 431          9415.58440
 432          9457.81700
 433          9500.20300
 434          9542.74280
 435          9585.43690
 436          9628.28570
 437          9671.28960
 438          9714.44920
 439          9757.76470
 440          9801.23670
 441          9844.86560
 442          9888.65190
 443          9932.59590
 444          9976.69820
 445         10020.95900
 446         10065.37900
 447         10109.95900
 448         10154.69800
 449         10199.59800
 450         10244.65900
 451         10289.88200
 452         10335.26600
 453         10380.81200
 454         10426.52100
 455         10472.39400
 456         10518.42900
 457         10564.62900
 458         10610.99400
 459         10657.52300
 460         10704.21800
 461         10751.07800
 462         10798.10500
 463         10845.29900
 464         10892.66000
 465         10940.18900
 466         10987.88600
 467         11035.75100
 468         11083.78600
 469         11131.99000
 470         11180.36400
 471         11228.90900
 472         11277.62400
 473         11326.51100
 474         11375.57000
 475         11424.80200
 476         11474.20600
 477         11523.78300
 478         11573.53400
 479         11623.45900
 480         11673.55900
 481         11723.83400
 482         11774.28500
 483         11824.91200
 484         11875.71500
 485         11926.69600
 486         11977.85400
 487         12029.19000
 488         12080.70500
 489         12132.39800
 490         12184.27100
 491         12236.32400
 492         12288.55700
 493         12340.97200
 494         12393.56700
 495         12446.34500
 496         12499.30500
 497         12552.44700
 498         12605.77300
 499         12659.28300
 500         12712.97700
 501         12766.85600
 502         12820.92000
 503         12875.17000
 504         12929.60600
 505         12984.22900
 506         13039.03900
 507         13094.03700
 508         13149.22300
 509         13204.59700
 510         13260.16100
 511         13315.91500
 512         13371.85900
 513         13427.99400
 514         13484.32000
 515         13540.83700
 516         13597.54700
 517         13654.45000
 518         13711.54500
 519         13768.83500
 520         13826.31800
 521         13883.99700
 522         13941.87100
 523         13999.94000
 524         14058.20600
 525         14116.66800
 526         14175.32800
 527         14234.18600
 528         14293.24200
 529         14352.49600
 530         14411.95100
 531         14471.60400
 532         14531.45900
 533         14591.51400
 534         14651.77100
 535         14712.22900
 536         14772.89000
 537         14833.75400
 538         14894.82100
 539         14956.09300
 540         15017.56900
 541         15079.25000
 542         15141.13700
 543         15203.22900
 544         15265.52900
 545         15328.03500
 546         15390.74900
 547         15453.67200
 548         15516.80300
 549         15580.14400
 550         15643.69400
 551         15707.45500
 552         15771.42600
 553         15835.60900
 554         15900.00400
 555         15964.61200
 556         16029.43200
 557         16094.46600
 558         16159.71500
 559         16225.17700
 560         16290.85500
 561         16356.74900
 562         16422.85900
 563         16489.18600
 564         16555.73100
 565         16622.49300
 566         16689.47400
 567         16756.67300
 568         16824.09300
 569         16891.73200
 570         16959.59200
 571         17027.67300
 572         17095.97700
 573         17164.50200
 574         17233.25000
 575         17302.22200
 576         17371.41800
 577         17440.83800
 578         17510.48400
 579         17580.35500
 580         17650.45200
 581         17720.77600
 582         17791.32800
 583         17862.10700
 584         17933.11500
 585         18004.35300
 586         18075.81900
 587         18147.51600
 588         18219.44400
 589         18291.60300
 590         18363.99400
 591         18436.61700
 592         18509.47300
 593         18582.56300
 594         18655.88800
 595         18729.44700
 596         18803.24100
 597         18877.27100
 598         18951.53800
 599         19026.04200
 600         19100.78400
 601         19175.76400
 602         19250.98200
 603         19326.44000
 604         19402.13800
 605         19478.07700
 606         19554.25700
 607         19630.67900
 608         19707.34200
 609         19784.24900
 610         19861.40000
 611         19938.79400
 612         20016.43400
 613         20094.31800
 614         20172.44900
 615         20250.82600
 616         20329.45000
 617         20408.32100
 618         20487.44200
 619         20566.81000
 620         20646.42900
 621         20726.29700
 622         20806.41700
 623         20886.78700
 624         20967.41000
 625         21048.28400
 626         21129.41300
 627         21210.79400
 628         21292.43000
 629         21374.32100
 630         21456.46800
 631         21538.87100
 632         21621.53000
 633         21704.44700
 634         21787.62200
 635         21871.05600
 636         21954.74800
 637         22038.70100
 638         22122.91400
 639         22207.38800
 640         22292.12400
 641         22377.12200
 642         22462.38400
 643         22547.90800
 644         22633.69700
 645         22719.75100
 646         22806.07100
 647         22892.65600
 648         22979.50800
 649         23066.62700
 650         23154.01500
 651         23241.67100
 652         23329.59600
 653         23417.79100
 654         23506.25700
 655         23594.99400
 656         23684.00200
 657         23773.28300
 658         23862.83700
 659         23952.66500
 660         24042.76700
 661         24133.14400
 662         24223.79700
 663         24314.72600
 664         24405.93200
 665         24497.41600
 666         24589.17700
 667         24681.21800
 668         24773.53800
 669         24866.13800
 670         24959.02000
 671         25052.18200
 672         25145.62700
 673         25239.35400
 674         25333.36500
 675         25427.66000
 676         25522.24000
 677         25617.10500
 678         25712.25700
 679         25807.69400
 680         25903.42000
 681         25999.43300
 682         26095.73500
 683         26192.32700
 684         26289.20900
 685         26386.38100
 686         26483.84500
 687         26581.60100
 688         26679.64900
 689         26777.99100
 690         26876.62700
 691         26975.55800
 692         27074.78400
 693         27174.30600
 694         27274.12500
 695         27374.24200
 696         27474.65700
 697         27575.37000
 698         27676.38300
 699         27777.69600
 700         27879.31100
 701         27981.22600
 702         28083.44400
 703         28185.96500
 704         28288.78900
 705         28391.91800
 706         28495.35200
 707         28599.09100
 708         28703.13700
 709         28807.49000
 710         28912.15100
 711         29017.12000
 712         29122.39800
 713         29227.98600
 714         29333.88500
 715         29440.09500
 716         29546.61700
 717         29653.45100
 718         29760.59900
 719         29868.06100
 720         29975.83800
 721         30083.93000
 722         30192.33900
 723         30301.06400
 724         30410.10700
 725         30519.46900
 726         30629.14900
 727         30739.14900
 728         30849.47000
 729         30960.11100
 730         31071.07500
 731         31182.36100
 732         31293.97100
 733         31405.90500
 734         31518.16300
 735         31630.74700
 736         31743.65700
 737         31856.89400
 738         31970.45900
 739         32084.35200
 740         32198.57400
 741         32313.12700
 742         32428.00900
 743         32543.22300
 744         32658.76900
 745         32774.64800
 746         32890.86100
 747         33007.40700
 748         33124.28900
 749         33241.50600
 750         33359.06000
 751         33476.95100
 752         33595.18000
 753         33713.74800
 754         33832.65500
 755         33951.90200
 756         34071.49000
 757         34191.42000
 758         34311.69200
 759         34432.30800
 760         34553.26700
 761         34674.57100
 762         34796.22100
 763         34918.21600
 764         35040.55900
 765         35163.24900
 766         35286.28800
 767         35409.67500
 768         35533.41300
 769         35657.50200
 770         35781.94200
 771         35906.73400
 772         36031.88000
 773         36157.37900
 774         36283.23200
 775         36409.44100
 776         36536.00600
 777         36662.92800
 778         36790.20700
 779         36917.84500
 780         37045.84200
 781         37174.19900
 782         37302.91700
 783         37431.99600
 784         37561.43800
 785         37691.24200
 786         37821.41000
 787         37951.94300
 788         38082.84200
 789         38214.10600
 790         38345.73800
 791         38477.73700
 792         38610.10400
 793         38742.84200
 794         38875.94900
 795         39009.42700
 796         39143.27600
 797         39277.49900
 798         39412.09400
 799         39547.06400
 800         39682.40800
 801         39818.12800
 802         39954.22500
 803         40090.69900
 804         40227.55100
 805         40364.78100
 806         40502.39200
 807         40640.38300
 808         40778.75500
 809         40917.50900
 810         41056.64700
 811         41196.16700
 812         41336.07300
 813         41476.36400
 814         41617.04100
 815         41758.10400
 816         41899.55600
 817         42041.39600
 818         42183.62600
 819         42326.24600
 820         42469.25700
 821         42612.65900
 822         42756.45500
 823         42900.64400
 824         43045.22700
 825         43190.20500
 826         43335.58000
 827         43481.35100
 828         43627.52000
 829         43774.08700
 830         43921.05400
 831         44068.42100
 832         44216.18900
 833         44364.35800
 834         44512.93100
 835         44661.90600
 836         44811.28600
 837         44961.07200
 838         45111.26300
 839         45261.86100
 840         45412.86700
 841         45564.28100
 842         45716.10500
 843         45868.33900
 844         46020.98400
 845         46174.04100
 846         46327.51000
 847         46481.39400
 848         46635.69200
 849         46790.40500
 850         46945.53400
 851         47101.08100
 852         47257.04500
 853         47413.42800
 854         47570.23100
 855         47727.45400
 856         47885.09900
 857         48043.16600
 858         48201.65500
 859         48360.56900
 860         48519.90800
 861         48679.67200
 862         48839.86300
 863         49000.48200
 864         49161.52800
 865         49323.00400
 866         49484.91000
 867         49647.24700
 868         49810.01600
 869         49973.21700
 870         50136.85200
 871         50300.92100
 872         50465.42600
 873         50630.36700
 874         50795.74500
 875         50961.56100
 876         51127.81600
 877         51294.51100
 878         51461.64600
 879         51629.22300
 880         51797.24200
 881         51965.70500
 882         52134.61200
 883         52303.96400
 884         52473.76200
 885         52644.00700
 886         52814.69900
 887         52985.84100
 888         53157.43200
 889         53329.47400
 890         53501.96700
 891         53674.91200
 892         53848.31100
 893         54022.16400
 894         54196.47100
 895         54371.23500
 896         54546.45600
 897         54722.13500
 898         54898.27200
 899         55074.86900
 900         55251.92600
 901         55429.44500
 902         55607.42700
 903         55785.87100
 904         55964.78000
 905         56144.15400
 906         56323.99400
 907         56504.30200
 908         56685.07700
 909         56866.32100
 910         57048.03400
 911         57230.21900
 912         57412.87500
 913         57596.00400
 914         57779.60600
 915         57963.68300
 916         58148.23500
 917         58333.26400
 918         58518.76900
 919         58704.75300
 920         58891.21700
 921         59078.16000
 922         59265.58400
 923         59453.49100
 924         59641.88000
 925         59830.75300
 926         60020.11100
 927         60209.95500
 928         60400.28600
 929         60591.10400
 930         60782.41100
 931         60974.20800
 932         61166.49500
 933         61359.27400
 934         61552.54500
 935         61746.31000
 936         61940.56900
 937         62135.32400
 938         62330.57500
 939         62526.32300
 940         62722.57000
 941         62919.31600
 942         63116.56200
 943         63314.30900
 944         63512.55900
 945         63711.31100
 946         63910.56800
 947         64110.33000
 948         64310.59800
 949         64511.37300
 950         64712.65600
 951         64914.44800
 952         65116.75000
 953         65319.56300
 954         65522.88900
 955         65726.72700
 956         65931.07900
 957         66135.94600
 958         66341.32900
 959         66547.22900
 960         66753.64700
 961         66960.58400
 962         67168.04000
 963         67376.01800
 964         67584.51800
 965         67793.54000
 966         68003.08700
 967         68213.15800
 968         68423.75600
 969         68634.88000
 970         68846.53200
 971         69058.71300
 972         69271.42500
 973         69484.66700
 974         69698.44100
 975         69912.74800
 976         70127.58900
 977         70342.96600
 978         70558.87800
 979         70775.32800
 980         70992.31500
 981         71209.84200
 982         71427.90900
 983         71646.51700
 984         71865.66700
 985         72085.36000
 986         72305.59800
 987         72526.38100
 988         72747.71000
 989         72969.58700
 990         73192.01200
 991         73414.98600
 992         73638.51100
 993         73862.58800
 994         74087.21700
 995         74312.39900
 996         74538.13600
 997         74764.42900
 998         74991.27900
 999         75218.68600
1000         75446.65200
1001         75675.17800
1002         75904.26500
1003         76133.91400
1004         76364.12600
1005         76594.90100
1006         76826.24200
1007         77058.15000
1008         77290.62400
1009         77523.66700
1010         77757.27900
1011         77991.46100
1012         78226.21500
1013         78461.54200
1014         78697.44200
1015         78933.91600
1016         79170.96700
1017         79408.59400
1018         79646.79900
1019         79885.58400
1020         80124.94800
1021         80364.89300
1022         80605.42100
1023         80846.53100
1024         81088.22700
1025         81330.50700
1026         81573.37400
1027         81816.82900
1028         82060.87200
1029         82305.50500
1030         82550.72900
1031         82796.54500
1032         83042.95400
1033         83289.95700
1034         83537.55600
1035         83785.75000
1036         84034.54200
1037         84283.93300
1038         84533.92300
1039         84784.51400
1040         85035.70700
1041         85287.50300
1042         85539.90200
1043         85792.90700
1044         86046.51800
1045         86300.73700
1046         86555.56300
1047         86811.00000
1048         87067.04700
1049         87323.70600
1050         87580.97800
1051         87838.86400
1052         88097.36500
1053         88356.48200
1054         88616.21700
1055         88876.57000
1056         89137.54300
1057         89399.13600
1058         89661.35200
1059         89924.19000
1060         90187.65300
1061         90451.74100
1062         90716.45500
1063         90981.79700
1064         91247.76800
1065         91514.36800
1066         91781.60000
1067         92049.46300
1068         92317.96000
1069         92587.09100
1070         92856.85700
1071         93127.26100
1072         93398.30200
1073         93669.98200
1074         93942.30200
1075         94215.26300
1076         94488.86700
1077         94763.11500
1078         95038.00700
1079         95313.54500
1080         95589.73000
1081         95866.56300
1082         96144.04600
1083         96422.17900
1084         96700.96400
1085         96980.40200
1086         97260.49300
1087         97541.24000
1088         97822.64400
1089         98104.70400
1090         98387.42400
1091         98670.80300
1092         98954.84400
1093         99239.54600
1094         99524.91200
1095         99810.94300
1096        100097.64000
1097        100385.00000
1098        100673.03000
1099        100961.74000
1100        101251.11000
1101        101541.15000
1102        101831.87000
1103        102123.26000
1104        102415.32000
1105        102708.06000
1106        103001.48000
1107        103295.58000
1108        103590.36000
1109        103885.82000
1110        104181.96000
1111        104478.78000
1112        104776.29000
1113        105074.49000
1114        105373.37000
1115        105672.95000
1116        105973.21000
1117        106274.16000
1118        106575.81000
1119        106878.14000
1120        107181.18000
1121        107484.91000
1122        107789.33000
1123        108094.45000
1124        108400.28000
1125        108706.80000
1126        109014.03000
1127        109321.95000
1128        109630.59000
1129        109939.93000
1130        110249.97000
1131        110560.72000
1132        110872.19000
1133        111184.36000
1134        111497.24000
1135        111810.84000
1136        112125.15000
1137        112440.18000
1138        112755.92000
1139        113072.39000
1140        113389.57000
1141        113707.47000
1142        114026.09000
1143        114345.44000
1144        114665.51000
1145        114986.30000
1146        115307.82000
1147        115630.07000
1148        115953.05000
1149        116276.76000
1150        116601.20000
1151        116926.38000
1152        117252.28000
1153        117578.93000
1154        117906.31000
1155        118234.43000
1156        118563.28000
1157        118892.88000
1158        119223.22000
1159        119554.30000
1160        119886.13000
1161        120218.70000
1162        120552.02000
1163        120886.09000
1164        121220.91000
1165        121556.48000
1166        121892.80000
1167        122229.87000
1168        122567.70000
1169        122906.28000
1170        123245.62000
1171        123585.72000
1172        123926.58000
1173        124268.20000
1174        124610.59000
1175        124953.73000
1176        125297.64000
1177        125642.32000
1178        125987.77000
1179        126333.98000
1180        126680.96000
1181        127028.72000
1182        127377.25000
1183        127726.55000
1184        128076.63000
1185        128427.48000
1186        128779.12000
1187        129131.53000
1188        129484.72000
1189        129838.69000
1190        130193.45000
1191        130548.99000
1192        130905.32000
1193        131262.44000
1194        131620.34000
1195        131979.03000
1196        132338.52000
1197        132698.80000
1198        133059.87000
1199        133421.73000
1200        133784.40000
1201        134147.86000
1202        134512.12000
1203        134877.18000
1204        135243.04000
1205        135609.71000
1206        135977.18000
1207        136345.45000
1208        136714.54000
1209        137084.43000
1210        137455.13000
1211        137826.65000
1212        138198.97000
1213        138572.11000
1214        138946.07000
1215        139320.84000
1216        139696.43000
1217        140072.84000
1218        140450.07000
1219        140828.12000
1220        141207.00000
1221        141586.70000
1222        141967.23000
1223        142348.59000
1224        142730.77000
1225        143113.78000
1226        143497.63000
1227        143882.31000
1228        144267.82000
1229        144654.17000
1230        145041.36000
1231        145429.39000
1232        145818.25000
1233        146207.96000
1234        146598.51000
1235        146989.91000
1236        147382.15000
1237        147775.23000
1238        148169.17000
1239        148563.96000
1240        148959.59000
1241        149356.08000
1242        149753.42000
1243        150151.62000
1244        150550.68000
1245        150950.59000
1246        151351.36000
1247        151753.00000
1248        152155.49000
1249        152558.85000
1250        152963.08000
1251        153368.17000
1252        153774.13000
1253        154180.96000
1254        154588.66000
1255        154997.23000
1256        155406.68000
1257        155817.00000
1258        156228.20000
1259        156640.28000
1260        157053.23000
1261        157467.07000
1262        157881.79000
1263        158297.39000
1264        158713.88000
1265        159131.25000
1266        159549.51000
1267        159968.67000
1268        160388.71000
1269        160809.64000
1270        161231.47000
1271        161654.20000
1272        162077.82000
1273        162502.34000
1274        162927.75000
1275        163354.07000
1276        163781.29000
1277        164209.42000
1278        164638.45000
1279        165068.39000
1280        165499.24000
1281        165930.99000
1282        166363.66000
1283        166797.24000
1284        167231.73000
1285        167667.14000
1286        168103.47000
1287        168540.72000
1288        168978.88000
1289        169417.97000
1290        169857.98000
1291        170298.91000
1292        170740.77000
1293        171183.56000
1294        171627.28000
1295        172071.93000
1296        172517.50000
1297        172964.02000
1298        173411.46000
1299        173859.85000
1300        174309.17000
1301        174759.43000
1302        175210.63000
1303        175662.78000
1304        176115.86000
1305        176569.90000
1306        177024.88000
1307        177480.80000
1308        177937.68000
1309        178395.51000
1310        178854.29000
1311        179314.03000
1312        179774.72000
1313        180236.37000
1314        180698.98000
1315        181162.55000
1316        181627.08000
1317        182092.57000
1318        182559.03000
1319        183026.46000
1320        183494.85000
1321        183964.22000
1322        184434.55000
1323        184905.86000
1324        185378.14000
1325        185851.39000
1326        186325.63000
1327        186800.84000
1328        187277.03000
1329        187754.21000
1330        188232.36000
1331        188711.51000
1332        189191.64000
1333        189672.75000
1334        190154.86000
1335        190637.96000
1336        191122.05000
1337        191607.13000
1338        192093.21000
1339        192580.29000
1340        193068.37000
1341        193557.44000
1342        194047.52000
1343        194538.60000
1344        195030.69000
1345        195523.78000
1346        196017.89000
1347        196513.00000
1348        197009.12000
1349        197506.26000
1350        198004.41000
1351        198503.57000
1352        199003.76000
1353        199504.96000
1354        200007.18000
1355        200510.43000
1356        201014.70000
1357        201520.00000
1358        202026.32000
1359        202533.67000
1360        203042.05000
1361        203551.47000
1362        204061.91000
1363        204573.40000
1364        205085.91000
1365        205599.47000
1366        206114.07000
1367        206629.71000
1368        207146.39000
1369        207664.12000
1370        208182.89000
1371        208702.71000
1372        209223.58000
1373        209745.50000
1374        210268.48000
1375        210792.50000
1376        211317.59000
1377        211843.73000
1378        212370.93000
1379        212899.19000
1380        213428.52000
1381        213958.91000
1382        214490.36000
1383        215022.88000
1384        215556.47000
1385        216091.13000
1386        216626.87000
1387        217163.67000
1388        217701.56000
1389        218240.52000
1390        218780.55000
1391        219321.67000
1392        219863.87000
1393        220407.16000
1394        220951.53000
1395        221496.99000
1396        222043.53000
1397        222591.17000
1398        223139.90000
1399        223689.72000
1400        224240.63000
1401        224792.65000
1402        225345.76000
1403        225899.97000
1404        226455.29000
1405        227011.71000
1406        227569.23000
1407        228127.86000
1408        228687.60000
1409        229248.45000
1410        229810.41000
1411        230373.49000
1412        230937.68000
1413        231502.98000
1414        232069.41000
1415        232636.95000
1416        233205.62000
1417        233775.41000
1418        234346.33000
1419        234918.38000
1420        235491.55000
1421        236065.85000
1422        236641.29000
1423        237217.86000
1424        237795.56000
1425        238374.41000
1426        238954.39000
1427        239535.51000
1428        240117.77000
1429        240701.18000
1430        241285.74000
1431        241871.44000
1432        242458.29000
1433        243046.29000
1434        243635.45000
1435        244225.76000
1436        244817.22000
1437        245409.85000
1438        246003.63000
1439        246598.57000
1440        247194.68000
1441        247791.95000
1442        248390.39000
1443        248989.99000
1444        249590.77000
1445        250192.72000
1446        250795.84000
1447        251400.14000
1448        252005.61000
1449        252612.26000
1450        253220.09000
1451        253829.11000
1452        254439.30000
1453        255050.69000
1454        255663.26000
1455        256277.02000
1456        256891.97000
1457        257508.11000
1458        258125.45000
1459        258743.98000
1460        259363.72000
1461        259984.65000
1462        260606.78000
1463        261230.12000
1464        261854.66000
1465        262480.41000
1466        263107.36000
1467        263735.53000
1468        264364.91000
1469        264995.50000
1470        265627.31000
1471        266260.33000
1472        266894.58000
1473        267530.04000
1474        268166.73000
1475        268804.64000
1476        269443.78000
1477        270084.15000
1478        270725.74000
1479        271368.57000
1480        272012.64000
1481        272657.93000
1482        273304.47000
1483        273952.24000
1484        274601.25000
1485        275251.51000
1486        275903.01000
1487        276555.76000
1488        277209.75000
1489        277865.00000
1490        278521.49000
1491        279179.24000
1492        279838.25000
1493        280498.51000
1494        281160.03000
1495        281822.81000
1496        282486.86000
1497        283152.16000
1498        283818.74000
1499        284486.58000
1500        285155.69000
1501        285826.08000
1502        286497.73000
1503        287170.67000
1504        287844.87000
1505        288520.36000
1506        289197.13000
1507        289875.18000
1508        290554.52000
1509        291235.14000
1510        291917.05000
1511        292600.26000
1512        293284.75000
1513        293970.54000
1514        294657.62000
1515        295346.00000
1516        296035.68000
1517        296726.66000
1518        297418.94000
1519        298112.53000
1520        298807.43000
1521        299503.63000
1522        300201.15000
1523        300899.97000
1524        301600.11000
1525        302301.57000
1526        303004.35000
1527        303708.44000
1528        304413.86000
1529        305120.60000
1530        305828.67000
1531        306538.07000
1532        307248.79000
1533        307960.84000
1534        308674.23000
1535        309388.96000
1536        310105.02000
1537        310822.42000
1538        311541.16000
1539        312261.24000
1540        312982.67000
1541        313705.44000
1542        314429.56000
1543        315155.04000
1544        315881.86000
1545        316610.04000
1546        317339.58000
1547        318070.47000
1548        318802.72000
1549        319536.34000
1550        320271.32000
1551        321007.66000
1552        321745.37000
1553        322484.45000
1554        323224.91000
1555        323966.73000
1556        324709.94000
1557        325454.52000
1558        326200.47000
1559        326947.81000
1560        327696.54000
1561        328446.64000
1562        329198.14000
1563        329951.02000
1564        330705.30000
1565        331460.96000
1566        332218.02000
1567        332976.48000
1568        333736.34000
1569        334497.60000
1570        335260.26000
1571        336024.33000
1572        336789.80000
1573        337556.68000
1574        338324.97000
1575        339094.67000
1576        339865.79000
1577        340638.32000
1578        341412.28000
1579        342187.65000
1580        342964.44000
1581        343742.66000
1582        344522.31000
1583        345303.38000
1584        346085.89000
1585        346869.82000
1586        347655.20000
1587        348442.00000
1588        349230.25000
1589        350019.93000
1590        350811.06000
1591        351603.63000
1592        352397.65000
1593        353193.12000
1594        353990.04000
1595        354788.40000
1596        355588.23000
1597        356389.51000
1598        357192.25000
1599        357996.44000
1600        358802.10000
1601        359609.23000
1602        360417.82000
1603        361227.88000
1604        362039.41000
1605        362852.41000
1606        363666.89000
1607        364482.84000
1608        365300.28000
1609        366119.19000
1610        366939.58000
1611        367761.46000
1612        368584.83000
1613        369409.69000
1614        370236.03000
1615        371063.87000
1616        371893.20000
1617        372724.03000
1618        373556.36000
1619        374390.19000
1620        375225.53000
1621        376062.37000
1622        376900.71000
1623        377740.57000
1624        378581.93000
1625        379424.81000
1626        380269.21000
1627        381115.12000
1628        381962.56000
1629        382811.51000
1630        383661.99000
1631        384513.99000
1632        385367.52000
1633        386222.58000
1634        387079.18000
1635        387937.31000
1636        388796.97000
1637        389658.17000
1638        390520.91000
1639        391385.20000
1640        392251.03000
1641        393118.41000
1642        393987.33000
1643        394857.81000
1644        395729.84000
1645        396603.42000
1646        397478.56000
1647        398355.26000
1648        399233.52000
1649        400113.35000
1650        400994.74000
1651        401877.70000
1652        402762.23000
1653        403648.33000
1654        404536.00000
1655        405425.26000
1656        406316.09000
1657        407208.49000
1658        408102.49000
1659        408998.06000
1660        409895.23000
1661        410793.98000
1662        411694.33000
1663        412596.26000
1664        413499.80000
1665        414404.93000
1666        415311.66000
1667        416219.99000
1668        417129.93000
1669        418041.47000
1670        418954.62000
1671        419869.38000
1672        420785.75000
1673        421703.74000
1674        422623.35000
1675        423544.57000
1676        424467.42000
1677        425391.89000
1678        426317.98000
1679        427245.70000
1680        428175.06000
1681        429106.04000
1682        430038.66000
1683        430972.91000
1684        431908.81000
1685        432846.34000
1686        433785.52000
1687        434726.34000
1688        435668.81000
1689        436612.93000
1690        437558.70000
1691        438506.13000
1692        439455.21000
1693        440405.95000
1694        441358.35000
1695        442312.42000
1696        443268.14000
1697        444225.54000
1698        445184.60000
1699        446145.34000
1700        447107.75000
1701        448071.84000
1702        449037.60000
1703        450005.05000
1704        450974.17000
1705        451944.99000
1706        452917.49000
1707        453891.67000
1708        454867.55000
1709        455845.13000
1710        456824.40000
1711        457805.37000
1712        458788.04000
1713        459772.41000
1714        460758.48000
1715        461746.27000
1716        462735.76000
1717        463726.97000
1718        464719.88000
1719        465714.52000
1720        466710.87000
1721        467708.95000
1722        468708.74000
1723        469710.26000
1724        470713.51000
1725        471718.49000
1726        472725.21000
1727        473733.65000
1728        474743.83000
1729        475755.75000
1730        476769.42000
1731        477784.82000
1732        478801.97000
1733        479820.87000
1734        480841.52000
1735        481863.92000
1736        482888.08000
1737        483913.99000
1738        484941.66000
1739        485971.10000
1740        487002.29000
1741        488035.26000
1742        489069.99000
1743        490106.49000
1744        491144.77000
1745        492184.82000
1746        493226.65000
1747        494270.26000
1748        495315.65000
1749        496362.83000
1750        497411.79000
1751        498462.54000
1752        499515.09000
1753        500569.42000
1754        501625.56000
1755        502683.49000
1756        503743.22000
1757        504804.76000
1758        505868.10000
1759        506933.25000
1760        508000.21000
1761        509068.98000
1762        510139.57000
1763        511211.97000
1764        512286.20000
1765        513362.24000
1766        514440.11000
1767        515519.81000
1768        516601.33000
1769        517684.69000
1770        518769.88000
1771        519856.90000
1772        520945.77000
1773        522036.47000
1774        523129.02000
1775        524223.41000
1776        525319.65000
1777        526417.75000
1778        527517.69000
1779        528619.49000
1780        529723.14000
1781        530828.66000
1782        531936.03000
1783        533045.27000
1784        534156.38000
1785        535269.36000
1786        536384.21000
1787        537500.93000
1788        538619.53000
1789        539740.01000
1790        540862.37000
1791        541986.61000
1792        543112.74000
1793        544240.75000
1794        545370.66000
1795        546502.46000
1796        547636.15000
1797        548771.75000
1798        549909.24000
1799        551048.64000
1800        552189.94000
1801        553333.14000
1802        554478.26000
1803        555625.29000
1804        556774.24000
1805        557925.10000
1806        559077.89000
1807        560232.59000
1808        561389.22000
1809        562547.78000
1810        563708.26000
1811        564870.68000
1812        566035.03000
1813        567201.32000
1814        568369.55000
1815        569539.72000
1816        570711.83000
1817        571885.89000
1818        573061.90000
1819        574239.86000
1820        575419.77000
1821        576601.64000
1822        577785.47000
1823        578971.26000
1824        580159.01000
1825        581348.73000
1826        582540.42000
1827        583734.08000
1828        584929.71000
1829        586127.32000
1830        587326.91000
1831        588528.48000
1832        589732.03000
1833        590937.57000
1834        592145.10000
1835        593354.61000
1836        594566.12000
1837        595779.63000
1838        596995.14000
1839        598212.64000
1840        599432.15000
1841        600653.67000
1842        601877.19000
1843        603102.73000
1844        604330.28000
1845        605559.84000
1846        606791.42000
1847        608025.03000
1848        609260.65000
1849        610498.31000
1850        611737.99000
1851        612979.70000
1852        614223.45000
1853        615469.23000
1854        616717.05000
1855        617966.91000
1856        619218.82000
1857        620472.77000
1858        621728.77000
1859        622986.83000
1860        624246.93000
1861        625509.09000
1862        626773.32000
1863        628039.60000
1864        629307.95000
1865        630578.36000
1866        631850.84000
1867        633125.40000
1868        634402.02000
1869        635680.73000
1870        636961.51000
1871        638244.38000
1872        639529.33000
1873        640816.37000
1874        642105.50000
1875        643396.72000
1876        644690.03000
1877        645985.45000
1878        647282.96000
1879        648582.57000
1880        649884.29000
1881        651188.12000
1882        652494.06000
1883        653802.11000
1884        655112.27000
1885        656424.56000
1886        657738.96000
1887        659055.49000
1888        660374.15000
1889        661694.93000
1890        663017.84000
1891        664342.89000
1892        665670.07000
1893        666999.40000
1894        668330.86000
1895        669664.47000
1896        671000.22000
1897        672338.13000
1898        673678.18000
1899        675020.39000
1900        676364.76000
1901        677711.29000
1902        679059.98000
1903        680410.84000
1904        681763.86000
1905        683119.05000
1906        684476.42000
1907        685835.96000
1908        687197.68000
1909        688561.59000
1910        689927.67000
1911        691295.94000
1912        692666.40000
1913        694039.06000
1914        695413.90000
1915        696790.95000
1916        698170.19000
1917        699551.64000
1918        700935.29000
1919        702321.14000
1920        703709.21000
1921        705099.49000
1922        706491.99000
1923        707886.71000
1924        709283.64000
1925        710682.80000
1926        712084.19000
1927        713487.80000
1928        714893.65000
1929        716301.73000
1930        717712.05000
1931        719124.61000
1932        720539.41000
1933        721956.45000
1934        723375.75000
1935        724797.29000
1936        726221.09000
1937        727647.14000
1938        729075.46000
1939        730506.03000
1940        731938.87000
1941        733373.97000
1942        734811.35000
1943        736250.99000
1944        737692.91000
1945        739137.11000
1946        740583.59000
1947        742032.36000
1948        743483.41000
1949        744936.74000
1950        746392.37000
1951        747850.30000
1952        749310.52000
1953        750773.04000
1954        752237.86000
1955        753704.99000
1956        755174.42000
1957        756646.17000
1958        758120.23000
1959        759596.60000
1960        761075.30000
1961        762556.31000
1962        764039.65000
1963        765525.32000
1964        767013.32000
1965        768503.65000
1966        769996.32000
1967        771491.32000
1968        772988.67000
1969        774488.36000
1970        775990.39000
1971        777494.78000
1972        779001.52000
1973        780510.61000
1974        782022.06000
1975        783535.87000
1976        785052.04000
1977        786570.59000
1978        788091.49000
1979        789614.78000
1980        791140.43000
1981        792668.47000
1982        794198.88000
1983        795731.68000
1984        797266.86000
1985        798804.43000
1986        800344.39000
1987        801886.75000
1988        803431.50000
1989        804978.66000
1990        806528.21000
1991        808080.17000
1992        809634.55000
1993        811191.33000
1994        812750.52000
1995        814312.14000
1996        815876.17000
1997        817442.62000
1998        819011.50000
1999        820582.81000
2000        822156.55000
2001        823732.73000
2002        825311.34000
2003        826892.39000
2004        828475.88000
2005        830061.82000
2006        831650.21000
2007        833241.05000
2008        834834.34000
2009        836430.09000
2010        838028.30000
2011        839628.97000
2012        841232.11000
2013        842837.71000
2014        844445.79000
2015        846056.34000
2016        847669.37000
2017        849284.88000
2018        850902.87000
2019        852523.34000
2020        854146.31000
2021        855771.77000
2022        857399.72000
2023        859030.17000
2024        860663.11000
2025        862298.57000
2026        863936.52000
2027        865576.99000
2028        867219.97000
2029        868865.46000
2030        870513.48000
2031        872164.01000
2032        873817.06000
2033        875472.64000
2034        877130.76000
2035        878791.40000
2036        880454.58000
2037        882120.30000
2038        883788.55000
2039        885459.36000
2040        887132.71000
2041        888808.61000
2042        890487.06000
2043        892168.07000
2044        893851.63000
2045        895537.76000
2046        897226.46000
2047        898917.72000
2048        900611.55000
2049        902307.95000
2050        904006.94000
2051        905708.50000
2052        907412.64000
2053        909119.37000
2054        910828.69000
2055        912540.60000
2056        914255.10000
2057        915972.20000
2058        917691.91000
2059        919414.21000
2060        921139.12000
2061        922866.64000
2062        924596.77000
2063        926329.52000
2064        928064.89000
2065        929802.88000
2066        931543.49000
2067        933286.73000
2068        935032.60000
2069        936781.10000
2070        938532.24000
2071        940286.02000
2072        942042.44000
2073        943801.51000
2074        945563.22000
2075        947327.59000
2076        949094.61000
2077        950864.29000
2078        952636.63000
2079        954411.63000
2080        956189.30000
2081        957969.64000
2082        959752.65000
2083        961538.34000
2084        963326.70000
2085        965117.75000
2086        966911.48000
2087        968707.90000
2088        970507.01000
2089        972308.82000
2090        974113.32000
2091        975920.52000
2092        977730.43000
2093        979543.04000
2094        981358.36000
2095        983176.40000
2096        984997.14000
2097        986820.61000
2098        988646.80000
2099        990475.71000
2100        992307.36000
2101        994141.73000
2102        995978.84000
2103        997818.68000
2104        999661.26000
2105       1001506.60000
2106       1003354.70000
2107       1005205.50000
2108       1007059.10000
2109       1008915.40000
2110       1010774.50000
2111       1012636.30000
2112       1014500.90000
2113       1016368.30000
2114       1018238.50000
2115       1020111.40000
2116       1021987.10000
2117       1023865.60000
2118       1025746.90000
2119       1027630.90000
2120       1029517.80000
2121       1031407.40000
2122       1033299.90000
2123       1035195.10000
2124       1037093.10000
2125       1038994.00000
2126       1040897.60000
2127       1042804.10000
2128       1044713.40000
2129       1046625.50000
2130       1048540.40000
2131       1050458.10000
2132       1052378.70000
2133       1054302.10000
2134       1056228.40000
2135       1058157.40000
2136       1060089.30000
2137       1062024.10000
2138       1063961.70000
2139       1065902.20000
2140       1067845.50000
2141       1069791.60000
2142       1071740.70000
2143       1073692.50000
2144       1075647.30000
2145       1077604.90000
2146       1079565.40000
2147       1081528.80000
2148       1083495.00000
2149       1085464.10000
2150       1087436.20000
2151       1089411.10000
2152       1091388.80000
2153       1093369.50000
2154       1095353.10000
2155       1097339.60000
2156       1099329.00000
2157       1101321.30000
2158       1103316.50000
2159       1105314.60000
2160       1107315.70000
2161       1109319.60000
2162       1111326.50000
2163       1113336.30000
2164       1115349.00000
2165       1117364.70000
2166       1119383.30000
2167       1121404.90000
2168       1123429.40000
2169       1125456.80000
2170       1127487.20000
2171       1129520.50000
2172       1131556.80000
2173       1133596.10000
2174       1135638.30000
2175       1137683.50000
2176       1139731.60000
2177       1141782.70000
2178       1143836.80000
2179       1145893.90000
2180       1147954.00000
2181       1150017.00000
2182       1152083.10000
2183       1154152.10000
2184       1156224.10000
2185       1158299.10000
2186       1160377.10000
2187       1162458.20000
2188       1164542.20000
2189       1166629.20000
2190       1168719.30000
2191       1170812.40000
2192       1172908.50000
2193       1175007.60000
2194       1177109.80000
2195       1179215.00000
2196       1181323.20000
2197       1183434.40000
2198       1185548.70000
2199       1187666.10000
2200       1189786.50000
2201       1191909.90000
2202       1194036.40000
2203       1196166.00000
2204       1198298.60000
2205       1200434.30000
2206       1202573.00000
2207       1204714.80000
2208       1206859.70000
2209       1209007.70000
2210       1211158.80000
2211       1213312.90000
2212       1215470.10000
2213       1217630.50000
2214       1219793.90000
2215       1221960.40000
2216       1224130.00000
2217       1226302.70000
2218       1228478.60000
2219       1230657.50000
2220       1232839.60000
2221       1235024.70000
2222       1237213.00000
2223       1239404.40000
2224       1241599.00000
2225       1243796.70000
2226       1245997.50000
2227       1248201.50000
2228       1250408.50000
2229       1252618.80000
2230       1254832.20000
2231       1257048.70000
2232       1259268.40000
2233       1261491.30000
2234       1263717.30000
2235       1265946.50000
2236       1268178.90000
2237       1270414.40000
2238       1272653.10000
2239       1274895.00000
2240       1277140.00000
2241       1279388.30000
2242       1281639.70000
2243       1283894.40000
2244       1286152.20000
2245       1288413.30000
2246       1290677.50000
2247       1292944.90000
2248       1295215.60000
2249       1297489.50000
2250       1299766.60000
2251       1302046.90000
2252       1304330.40000
2253       1306617.20000
2254       1308907.20000
2255       1311200.40000
2256       1313496.80000
2257       1315796.50000
2258       1318099.50000
2259       1320405.70000
2260       1322715.20000
2261       1325027.90000
2262       1327343.80000
2263       1329663.10000
2264       1331985.60000
2265       1334311.30000
2266       1336640.40000
2267       1338972.70000
2268       1341308.30000
2269       1343647.10000
2270       1345989.30000
2271       1348334.80000
2272       1350683.50000
2273       1353035.50000
2274       1355390.90000
2275       1357749.50000
2276       1360111.50000
2277       1362476.80000
2278       1364845.40000
2279       1367217.30000
2280       1369592.50000
2281       1371971.00000
2282       1374352.90000
2283       1376738.10000
2284       1379126.70000
2285       1381518.60000
2286       1383913.80000
2287       1386312.40000
2288       1388714.30000
2289       1391119.60000
2290       1393528.20000
2291       1395940.20000
2292       1398355.60000
2293       1400774.30000
2294       1403196.40000
2295       1405621.90000
2296       1408050.80000
2297       1410483.00000
2298       1412918.60000
2299       1415357.70000
2300       1417800.10000
2301       1420245.90000
2302       1422695.10000
2303       1425147.70000
2304       1427603.70000
2305       1430063.10000
2306       1432526.00000
2307       1434992.20000
2308       1437461.90000
2309       1439935.00000
2310       1442411.60000
2311       1444891.50000
2312       1447374.90000
2313       1449861.80000
2314       1452352.10000
2315       1454845.80000
2316       1457343.00000
2317       1459843.60000
2318       1462347.70000
2319       1464855.30000
2320       1467366.30000
2321       1469880.80000
2322       1472398.80000
2323       1474920.20000
2324       1477445.10000
2325       1479973.50000
2326       1482505.40000
2327       1485040.80000
2328       1487579.70000
2329       1490122.10000
2330       1492667.90000
2331       1495217.30000
2332       1497770.20000
2333       1500326.60000
2334       1502886.50000
2335       1505450.00000
2336       1508016.90000
2337       1510587.40000
2338       1513161.40000
2339       1515739.00000
2340       1518320.10000
2341       1520904.70000
2342       1523492.90000
2343       1526084.60000
2344       1528679.90000
2345       1531278.70000
2346       1533881.10000
2347       1536487.10000
2348       1539096.60000
2349       1541709.70000
2350       1544326.40000
2351       1546946.60000
2352       1549570.50000
2353       1552197.90000
2354       1554828.90000
2355       1557463.50000
2356       1560101.70000
2357       1562743.50000
2358       1565388.90000
2359       1568037.90000
2360       1570690.50000
2361       1573346.80000
2362       1576006.70000
2363       1578670.10000
2364       1581337.30000
2365       1584008.00000
2366       1586682.40000
2367       1589360.40000
2368       1592042.10000
2369       1594727.40000
2370       1597416.30000
2371       1600108.90000
2372       1602805.20000
2373       1605505.10000
2374       1608208.70000
2375       1610916.00000
2376       1613626.90000
2377       1616341.50000
2378       1619059.80000
2379       1621781.80000
2380       1624507.40000
2381       1627236.80000
2382       1629969.80000
2383       1632706.60000
2384       1635447.00000
2385       1638191.20000
2386       1640939.10000
2387       1643690.60000
2388       1646445.90000
2389       1649204.90000
2390       1651967.70000
2391       1654734.20000
2392       1657504.40000
2393       1660278.30000
2394       1663056.00000
2395       1665837.40000
2396       1668622.60000
2397       1671411.50000
2398       1674204.20000
2399       1677000.60000
2400       1679800.80000
2401       1682604.80000
2402       1685412.60000
2403       1688224.10000
2404       1691039.40000
2405       1693858.40000
2406       1696681.30000
2407       1699508.00000
2408       1702338.40000
2409       1705172.70000
2410       1708010.70000
2411       1710852.60000
2412       1713698.30000
2413       1716547.70000
2414       1719401.00000
2415       1722258.20000
2416       1725119.10000
2417       1727983.90000
2418       1730852.50000
2419       1733724.90000
2420       1736601.20000
2421       1739481.30000
2422       1742365.30000
2423       1745253.20000
2424       1748144.80000
2425       1751040.40000
2426       1753939.80000
2427       1756843.10000
2428       1759750.20000
2429       1762661.30000
2430       1765576.20000
2431       1768495.00000
2432       1771417.70000
2433       1774344.20000
2434       1777274.70000
2435       1780209.10000
2436       1783147.30000
2437       1786089.50000
2438       1789035.60000
2439       1791985.60000
2440       1794939.50000
2441       1797897.40000
2442       1800859.10000
2443       1803824.80000
2444       1806794.50000
2445       1809768.10000
2446       1812745.60000
2447       1815727.10000
2448       1818712.50000
2449       1821701.80000
2450       1824695.20000
2451       1827692.50000
2452       1830693.70000
2453       1833699.00000
2454       1836708.20000
2455       1839721.40000
2456       1842738.50000
2457       1845759.70000
2458       1848784.80000
2459       1851814.00000
2460       1854847.10000
2461       1857884.20000
2462       1860925.40000
2463       1863970.60000
2464       1867019.70000
2465       1870072.90000
2466       1873130.10000
2467       1876191.40000
2468       1879256.60000
2469       1882326.00000
2470       1885399.30000
2471       1888476.70000
2472       1891558.10000
2473       1894643.60000
2474       1897733.10000
2475       1900826.70000
2476       1903924.40000
2477       1907026.10000
2478       1910131.90000
2479       1913241.80000
2480       1916355.80000
2481       1919473.80000
2482       1922595.90000
2483       1925722.10000
2484       1928852.50000
2485       1931986.90000
2486       1935125.40000
2487       1938268.00000
2488       1941414.70000
2489       1944565.60000
2490       1947720.50000
2491       1950879.60000
2492       1954042.90000
2493       1957210.20000
2494       1960381.70000
2495       1963557.30000
2496       1966737.10000
2497       1969921.00000
2498       1973109.10000
2499       1976301.30000
2500       1979497.70000
2501       1982698.30000
2502       1985903.00000
2503       1989111.90000
2504       1992325.00000
2505       1995542.20000
2506       1998763.70000
2507       2001989.30000
2508       2005219.10000
2509       2008453.10000
2510       2011691.40000
2511       2014933.80000
2512       2018180.40000
2513       2021431.30000
2514       2024686.40000
2515       2027945.70000
2516       2031209.20000
2517       2034476.90000
2518       2037748.90000
2519       2041025.20000
2520       2044305.60000
2521       2047590.40000
2522       2050879.30000
2523       2054172.60000
2524       2057470.00000
2525       2060771.80000
2526       2064077.80000
2527       2067388.10000
2528       2070702.70000
2529       2074021.50000
2530       2077344.70000
2531       2080672.10000
2532       2084003.80000
2533       2087339.80000
2534       2090680.10000
2535       2094024.80000
2536       2097373.70000
2537       2100726.90000
2538       2104084.50000
2539       2107446.40000
2540       2110812.60000
2541       2114183.20000
2542       2117558.00000
2543       2120937.30000
2544       2124320.80000
2545       2127708.80000
2546       2131101.00000
2547       2134497.70000
2548       2137898.60000
2549       2141304.00000
2550       2144713.70000
2551       2148127.80000
2552       2151546.30000
2553       2154969.10000
2554       2158396.40000
2555       2161828.00000
2556       2165264.10000
2557       2168704.50000
2558       2172149.30000
2559       2175598.60000
2560       2179052.20000
2561       2182510.30000
2562       2185972.80000
2563       2189439.70000
2564       2192911.00000
2565       2196386.80000
2566       2199867.00000
2567       2203351.70000
2568       2206840.80000
2569       2210334.30000
2570       2213832.30000
2571       2217334.80000
2572       2220841.70000
2573       2224353.10000
2574       2227869.00000
2575       2231389.40000
2576       2234914.20000
2577       2238443.50000
2578       2241977.30000
2579       2245515.60000
2580       2249058.40000
2581       2252605.70000
2582       2256157.50000
2583       2259713.80000
2584       2263274.70000
2585       2266840.00000
2586       2270409.90000
2587       2273984.30000
2588       2277563.30000
2589       2281146.70000
2590       2284734.70000
2591       2288327.30000
2592       2291924.40000
2593       2295526.10000
2594       2299132.30000
2595       2302743.10000
2596       2306358.50000
2597       2309978.40000
2598       2313602.90000
2599       2317232.00000
2600       2320865.70000
2601       2324503.90000
2602       2328146.80000
2603       2331794.30000
2604       2335446.30000
2605       2339103.00000
2606       2342764.30000
2607       2346430.20000
2608       2350100.70000
2609       2353775.80000
2610       2357455.60000
2611       2361140.00000
2612       2364829.00000
2613       2368522.70000
2614       2372221.10000
2615       2375924.10000
2616       2379631.70000
2617       2383344.00000
2618       2387061.00000
2619       2390782.60000
2620       2394508.90000
2621       2398239.90000
2622       2401975.60000
2623       2405715.90000
2624       2409461.00000
2625       2413210.70000
2626       2416965.20000
2627       2420724.30000
2628       2424488.20000
2629       2428256.70000
2630       2432030.00000
2631       2435808.10000
2632       2439590.80000
2633       2443378.30000
2634       2447170.50000
2635       2450967.40000
2636       2454769.10000
2637       2458575.60000
2638       2462386.80000
2639       2466202.70000
2640       2470023.50000
2641       2473848.90000
2642       2477679.20000
2643       2481514.20000
2644       2485354.10000
2645       2489198.70000
2646       2493048.10000
2647       2496902.30000
2648       2500761.30000
2649       2504625.00000
2650       2508493.70000
2651       2512367.10000
2652       2516245.30000
2653       2520128.40000
2654       2524016.20000
2655       2527909.00000
2656       2531806.50000
2657       2535708.90000
2658       2539616.10000
2659       2543528.20000
2660       2547445.10000
2661       2551366.90000
2662       2555293.60000
2663       2559225.10000
2664       2563161.50000
2665       2567102.80000
2666       2571049.00000
2667       2575000.00000
2668       2578955.90000
2669       2582916.80000
2670       2586882.50000
2671       2590853.10000
2672       2594828.70000
2673       2598809.10000
2674       2602794.50000
2675       2606784.80000
2676       2610780.00000
2677       2614780.20000
2678       2618785.20000
2679       2622795.30000
2680       2626810.30000
2681       2630830.20000
2682       2634855.10000
2683       2638884.90000
2684       2642919.70000
2685       2646959.50000
2686       2651004.20000
2687       2655054.00000
2688       2659108.70000
2689       2663168.40000
2690       2667233.10000
2691       2671302.70000
2692       2675377.40000
2693       2679457.10000
2694       2683541.80000
2695       2687631.60000
2696       2691726.30000
2697       2695826.10000
2698       2699930.80000
2699       2704040.70000
2700       2708155.50000
2701       2712275.50000
2702       2716400.40000
2703       2720530.40000
2704       2724665.50000
2705       2728805.60000
2706       2732950.80000
2707       2737101.10000
2708       2741256.40000
2709       2745416.90000
2710       2749582.40000
2711       2753753.00000
2712       2757928.70000
2713       2762109.50000
2714       2766295.40000
2715       2770486.40000
2716       2774682.50000
2717       2778883.70000
2718       2783090.10000
2719       2787301.60000
2720       2791518.20000
2721       2795740.00000
2722       2799966.90000
2723       2804198.90000
2724       2808436.20000
2725       2812678.50000
2726       2816926.00000
2727       2821178.70000
2728       2825436.60000
2729       2829699.60000
2730       2833967.80000
2731       2838241.20000
2732       2842519.80000
2733       2846803.60000
2734       2851092.60000
2735       2855386.80000
2736       2859686.20000
2737       2863990.80000
2738       2868300.60000
2739       2872615.70000
2740       2876936.00000
2741       2881261.50000
2742       2885592.30000
2743       2889928.30000
2744       2894269.50000
2745       2898616.00000
2746       2902967.70000
2747       2907324.80000
2748       2911687.00000
2749       2916054.60000
2750       2920427.40000
2751       2924805.50000
2752       2929188.90000
2753       2933577.60000
2754       2937971.60000
2755       2942370.90000
2756       2946775.50000
2757       2951185.40000
2758       2955600.60000
2759       2960021.10000
2760       2964447.00000
2761       2968878.20000
2762       2973314.70000
2763       2977756.60000
2764       2982203.80000
2765       2986656.30000
2766       2991114.30000
2767       2995577.50000
2768       3000046.20000
2769       3004520.20000
2770       3008999.50000
2771       3013484.30000
2772       3017974.40000
2773       3022470.00000
2774       3026970.90000
2775       3031477.20000
2776       3035988.90000
2777       3040506.00000
2778       3045028.60000
2779       3049556.50000
2780       3054089.90000
2781       3058628.70000
2782       3063173.00000
2783       3067722.60000
2784       3072277.80000
2785       3076838.30000
2786       3081404.40000
2787       3085975.80000
2788       3090552.80000
2789       3095135.20000
2790       3099723.10000
2791       3104316.40000
2792       3108915.20000
2793       3113519.60000
2794       3118129.40000
2795       3122744.70000
2796       3127365.50000
2797       3131991.80000
2798       3136623.70000
2799       3141261.00000
2800       3145903.90000
2801       3150552.30000
2802       3155206.20000
2803       3159865.70000
2804       3164530.70000
2805       3169201.20000
2806       3173877.30000
2807       3178559.00000
2808       3183246.20000
2809       3187939.00000
2810       3192637.40000
2811       3197341.30000
2812       3202050.80000
2813       3206765.90000
2814       3211486.60000
2815       3216212.90000
2816       3220944.80000
2817       3225682.30000
2818       3230425.40000
2819       3235174.10000
2820       3239928.50000
2821       3244688.50000
2822       3249454.10000
2823       3254225.30000
2824       3259002.20000
2825       3263784.70000
2826       3268572.90000
2827       3273366.80000
2828       3278166.30000
2829       3282971.40000
2830       3287782.30000
2831       3292598.80000
2832       3297421.00000
2833       3302248.90000
2834       3307082.50000
2835       3311921.80000
2836       3316766.80000
2837       3321617.50000
2838       3326473.90000
2839       3331336.00000
2840       3336203.80000
2841       3341077.40000
2842       3345956.70000
2843       3350841.80000
2844       3355732.60000
2845       3360629.10000
2846       3365531.40000
2847       3370439.50000
2848       3375353.30000
2849       3380272.90000
2850       3385198.20000
2851       3390129.40000
2852       3395066.30000
2853       3400009.00000
2854       3404957.50000
2855       3409911.80000
2856       3414871.90000
2857       3419837.90000
2858       3424809.60000
2859       3429787.20000
2860       3434770.60000
2861       3439759.80000
2862       3444754.80000
2863       3449755.70000
2864       3454762.50000
2865       3459775.10000
2866       3464793.50000
2867       3469817.80000
2868       3474848.00000
2869       3479884.10000
2870       3484926.00000
2871       3489973.80000
2872       3495027.50000
2873       3500087.10000
2874       3505152.60000
2875       3510224.00000
2876       3515301.30000
2877       3520384.50000
2878       3525473.70000
2879       3530568.70000
2880       3535669.70000
2881       3540776.70000
2882       3545889.50000
2883       3551008.40000
2884       3556133.10000
2885       3561263.80000
2886       3566400.50000
2887       3571543.20000
2888       3576691.80000
2889       3581846.40000
2890       3587007.00000
2891       3592173.50000
2892       3597346.10000
2893       3602524.70000
2894       3607709.20000
2895       3612899.80000
2896       3618096.40000
2897       3623299.00000
2898       3628507.60000
2899       3633722.30000
2900       3638943.00000
2901       3644169.70000
2902       3649402.50000
2903       3654641.30000
2904       3659886.20000
2905       3665137.10000
2906       3670394.10000
2907       3675657.20000
2908       3680926.40000
2909       3686201.60000
2910       3691483.00000
2911       3696770.40000
2912       3702063.90000
2913       3707363.50000
2914       3712669.30000
2915       3717981.10000
2916       3723299.10000
2917       3728623.20000
2918       3733953.40000
2919       3739289.80000
2920       3744632.30000
2921       3749981.00000
2922       3755335.80000
2923       3760696.70000
2924       3766063.90000
2925       3771437.10000
2926       3776816.60000
2927       3782202.30000
2928       3787594.10000
2929       3792992.10000
2930       3798396.30000
2931       3803806.70000
2932       3809223.40000
2933       3814646.20000
2934       3820075.30000
2935       3825510.50000
2936       3830952.00000
2937       3836399.80000
2938       3841853.70000
2939       3847313.90000
2940       3852780.40000
2941       3858253.10000
2942       3863732.10000
2943       3869217.30000
2944       3874708.90000
2945       3880206.60000
2946       3885710.70000
2947       3891221.10000
2948       3896737.70000
2949       3902260.70000
2950       3907789.90000
2951       3913325.50000
2952       3918867.40000
2953       3924415.60000
2954       3929970.10000
2955       3935530.90000
2956       3941098.10000
2957       3946671.60000
2958       3952251.50000
2959       3957837.80000
2960       3963430.30000
2961       3969029.30000
2962       3974634.60000
2963       3980246.30000
2964       3985864.40000
2965       3991488.80000
2966       3997119.70000
2967       4002756.90000
2968       4008400.60000
2969       4014050.60000
2970       4019707.10000
2971       4025370.00000
2972       4031039.30000
2973       4036715.10000
2974       4042397.20000
2975       4048085.90000
2976       4053780.90000
2977       4059482.40000
2978       4065190.40000
2979       4070904.80000
2980       4076625.70000
2981       4082353.10000
2982       4088087.00000
2983       4093827.30000
2984       4099574.20000
2985       4105327.50000
2986       4111087.30000
2987       4116853.70000
2988       4122626.50000
2989       4128405.90000
2990       4134191.80000
2991       4139984.20000
2992       4145783.20000
2993       4151588.70000
2994       4157400.70000
2995       4163219.30000
2996       4169044.50000
2997       4174876.20000
2998       4180714.50000
2999       4186559.30000
3000       4192410.80000
3001       4198268.80000
3002       4204133.40000
3003       4210004.60000
3004       4215882.40000
3005       4221766.90000
3006       4227657.90000
3007       4233555.60000
3008       4239459.80000
3009       4245370.80000
3010       4251288.30000
3011       4257212.50000
3012       4263143.30000
3013       4269080.80000
3014       4275025.00000
3015       4280975.80000
3016       4286933.30000
3017       4292897.40000
3018       4298868.30000
3019       4304845.80000
3020       4310830.00000
3021       4316820.90000
3022       4322818.60000
3023       4328822.90000
3024       4334834.00000
3025       4340851.70000
3026       4346876.20000
3027       4352907.50000
3028       4358945.40000
3029       4364990.10000
3030       4371041.60000
3031       4377099.80000
3032       4383164.80000
3033       4389236.60000
3034       4395315.10000
3035       4401400.40000
3036       4407492.40000
3037       4413591.30000
3038       4419697.00000
3039       4425809.50000
3040       4431928.70000
3041       4438054.80000
3042       4444187.70000
3043       4450327.50000
3044       4456474.00000
3045       4462627.40000
3046       4468787.60000
3047       4474954.70000
3048       4481128.70000
3049       4487309.50000
3050       4493497.10000
3051       4499691.70000
3052       4505893.10000
3053       4512101.40000
3054       4518316.50000
3055       4524538.60000
3056       4530767.60000
3057       4537003.40000
3058       4543246.20000
3059       4549495.90000
3060       4555752.60000
3061       4562016.10000
3062       4568286.60000
3063       4574564.00000
3064       4580848.40000
3065       4587139.70000
3066       4593438.00000
3067       4599743.30000
3068       4606055.50000
3069       4612374.70000
3070       4618700.80000
3071       4625034.00000
3072       4631374.10000
3073       4637721.30000
3074       4644075.40000
3075       4650436.60000
3076       4656804.80000
3077       4663180.00000
3078       4669562.20000
3079       4675951.40000
3080       4682347.70000
3081       4688751.10000
3082       4695161.50000
3083       4701578.90000
3084       4708003.50000
3085       4714435.00000
3086       4720873.70000
3087       4727319.40000
3088       4733772.30000
3089       4740232.20000
3090       4746699.20000
3091       4753173.30000
3092       4759654.50000
3093       4766142.90000
3094       4772638.40000
3095       4779141.00000
3096       4785650.70000
3097       4792167.60000
3098       4798691.60000
3099       4805222.70000
3100       4811761.10000
3101       4818306.50000
3102       4824859.20000
3103       4831419.00000
3104       4837986.00000
3105       4844560.20000
3106       4851141.60000
3107       4857730.20000
3108       4864326.00000
3109       4870929.00000
3110       4877539.30000
3111       4884156.70000
3112       4890781.40000
3113       4897413.30000
3114       4904052.50000
3115       4910698.90000
3116       4917352.50000
3117       4924013.40000
3118       4930681.60000
3119       4937357.00000
3120       4944039.80000
3121       4950729.80000
3122       4957427.10000
3123       4964131.70000
3124       4970843.60000
3125       4977562.80000
3126       4984289.30000
3127       4991023.10000
3128       4997764.30000
3129       5004512.80000
3130       5011268.60000
3131       5018031.80000
3132       5024802.30000
3133       5031580.10000
3134       5038365.40000
3135       5045158.00000
3136       5051958.00000
3137       5058765.30000
3138       5065580.10000
3139       5072402.20000
3140       5079231.70000
3141       5086068.70000
3142       5092913.00000
3143       5099764.80000
3144       5106624.00000
3145       5113490.60000
3146       5120364.60000
3147       5127246.10000
3148       5134135.00000
3149       5141031.40000
3150       5147935.30000
3151       5154846.60000
3152       5161765.40000
3153       5168691.60000
3154       5175625.40000
3155       5182566.60000
3156       5189515.30000
3157       5196471.50000
3158       5203435.30000
3159       5210406.50000
3160       5217385.30000
3161       5224371.60000
3162       5231365.40000
3163       5238366.80000
3164       5245375.70000
3165       5252392.20000
3166       5259416.20000
3167       5266447.80000
3168       5273486.90000
3169       5280533.60000
3170       5287588.00000
3171       5294649.90000
3172       5301719.30000
3173       5308796.40000
3174       5315881.10000
3175       5322973.40000
3176       5330073.40000
3177       5337180.90000
3178       5344296.10000
3179       5351418.90000
3180       5358549.40000
3181       5365687.50000
3182       5372833.30000
3183       5379986.70000
3184       5387147.80000
3185       5394316.60000
3186       5401493.10000
3187       5408677.20000
3188       5415869.10000
3189       5423068.60000
3190       5430275.80000
3191       5437490.80000
3192       5444713.50000
3193       5451943.90000
3194       5459182.00000
3195       5466427.90000
3196       5473681.50000
3197       5480942.80000
3198       5488212.00000
3199       5495488.80000
3200       5502773.50000
3201       5510065.90000
3202       5517366.10000
3203       5524674.10000
3204       5531989.90000
3205       5539313.50000
3206       5546644.90000
3207       5553984.10000
3208       5561331.10000
3209       5568686.00000
3210       5576048.60000
3211       5583419.20000
3212       5590797.50000
3213       5598183.70000
3214       5605577.80000
3215       5612979.80000
3216       5620389.60000
3217       5627807.20000
3218       5635232.80000
3219       5642666.30000
3220       5650107.60000
3221       5657556.80000
3222       5665014.00000
3223       5672479.10000
3224       5679952.10000
3225       5687433.00000
3226       5694921.80000
3227       5702418.60000
3228       5709923.30000
3229       5717436.00000
3230       5724956.70000
3231       5732485.30000
3232       5740021.90000
3233       5747566.40000
3234       5755119.00000
3235       5762679.50000
3236       5770248.00000
3237       5777824.60000
3238       5785409.10000
3239       5793001.70000
3240       5800602.30000
3241       5808210.90000
3242       5815827.50000
3243       5823452.20000
3244       5831085.00000
3245       5838725.80000
3246       5846374.60000
3247       5854031.50000
3248       5861696.50000
3249       5869369.60000
3250       5877050.80000
3251       5884740.00000
3252       5892437.40000
3253       5900142.90000
3254       5907856.40000
3255       5915578.10000
3256       5923308.00000
3257       5931045.90000
3258       5938792.00000
3259       5946546.30000
3260       5954308.70000
3261       5962079.20000
3262       5969857.90000
3263       5977644.80000
3264       5985439.90000
3265       5993243.10000
3266       6001054.60000
3267       6008874.20000
3268       6016702.00000
3269       6024538.10000
3270       6032382.40000
3271       6040234.90000
3272       6048095.60000
3273       6055964.50000
3274       6063841.70000
3275       6071727.20000
3276       6079620.90000
3277       6087522.90000
3278       6095433.10000
3279       6103351.60000
3280       6111278.40000
3281       6119213.50000
3282       6127156.90000
3283       6135108.60000
3284       6143068.60000
3285       6151036.90000
3286       6159013.50000
3287       6166998.50000
3288       6174991.80000
3289       6182993.40000
3290       6191003.40000
3291       6199021.70000
3292       6207048.40000
3293       6215083.50000
3294       6223126.90000
3295       6231178.80000
3296       6239239.00000
3297       6247307.60000
3298       6255384.60000
3299       6263470.00000
3300       6271563.80000
3301       6279666.10000
3302       6287776.80000
3303       6295895.90000
3304       6304023.40000
3305       6312159.40000
3306       6320303.90000
3307       6328456.80000
3308       6336618.20000
3309       6344788.00000
3310       6352966.40000
3311       6361153.20000
3312       6369348.50000
3313       6377552.30000
3314       6385764.70000
3315       6393985.50000
3316       6402214.90000
3317       6410452.80000
3318       6418699.20000
3319       6426954.20000
3320       6435217.70000
3321       6443489.80000
3322       6451770.40000
3323       6460059.60000
3324       6468357.40000
3325       6476663.70000
3326       6484978.70000
3327       6493302.20000
3328       6501634.30000
3329       6509975.10000
3330       6518324.50000
3331       6526682.40000
3332       6535049.00000
3333       6543424.30000
3334       6551808.20000
3335       6560200.70000
3336       6568601.90000
3337       6577011.80000
3338       6585430.30000
3339       6593857.50000
3340       6602293.40000
3341       6610738.00000
3342       6619191.20000
3343       6627653.20000
3344       6636123.90000
3345       6644603.30000
3346       6653091.40000
3347       6661588.30000
3348       6670093.90000
3349       6678608.20000
3350       6687131.30000
3351       6695663.10000
3352       6704203.70000
3353       6712753.10000
3354       6721311.30000
3355       6729878.20000
3356       6738453.90000
3357       6747038.50000
3358       6755631.80000
3359       6764233.90000
3360       6772844.90000
3361       6781464.70000
3362       6790093.30000
3363       6798730.80000
3364       6807377.10000
3365       6816032.30000
3366       6824696.30000
3367       6833369.20000
3368       6842050.90000
3369       6850741.60000
3370       6859441.10000
3371       6868149.50000
3372       6876866.90000
3373       6885593.10000
3374       6894328.30000
3375       6903072.30000
3376       6911825.30000
3377       6920587.30000
3378       6929358.20000
3379       6938138.00000
3380       6946926.80000
3381       6955724.50000
3382       6964531.20000
3383       6973346.90000
3384       6982171.60000
3385       6991005.30000
3386       6999848.00000
3387       7008699.70000
3388       7017560.30000
3389       7026430.00000
3390       7035308.80000
3391       7044196.60000
3392       7053093.40000
3393       7061999.20000
3394       7070914.10000
3395       7079838.10000
3396       7088771.10000
3397       7097713.20000
3398       7106664.40000
3399       7115624.70000
3400       7124594.10000
3401       7133572.60000
3402       7142560.20000
3403       7151556.90000
3404       7160562.70000
3405       7169577.70000
3406       7178601.80000
3407       7187635.00000
3408       7196677.40000
3409       7205729.00000
3410       7214789.70000
3411       7223859.60000
3412       7232938.70000
3413       7242026.90000
3414       7251124.40000
3415       7260231.00000
3416       7269346.90000
3417       7278472.00000
3418       7287606.30000
3419       7296749.80000
3420       7305902.60000
3421       7315064.60000
3422       7324235.90000
3423       7333416.40000
3424       7342606.20000
3425       7351805.20000
3426       7361013.60000
3427       7370231.20000
3428       7379458.10000
3429       7388694.30000
3430       7397939.90000
3431       7407194.70000
3432       7416458.90000
3433       7425732.30000
3434       7435015.20000
3435       7444307.30000
3436       7453608.90000
3437       7462919.70000
3438       7472240.00000
3439       7481569.60000
3440       7490908.60000
3441       7500256.90000
3442       7509614.70000
3443       7518981.90000
3444       7528358.40000
3445       7537744.40000
3446       7547139.80000
3447       7556544.70000
3448       7565959.00000
3449       7575382.70000
3450       7584815.80000
3451       7594258.50000
3452       7603710.60000
3453       7613172.10000
3454       7622643.20000
3455       7632123.70000
3456       7641613.70000
3457       7651113.20000
3458       7660622.30000
3459       7670140.80000
3460       7679668.90000
3461       7689206.50000
3462       7698753.60000
3463       7708310.30000
3464       7717876.50000
3465       7727452.30000
3466       7737037.60000
3467       7746632.60000
3468       7756237.10000
3469       7765851.20000
3470       7775474.80000
3471       7785108.10000
3472       7794751.00000
3473       7804403.50000
3474       7814065.70000
3475       7823737.40000
3476       7833418.80000
3477       7843109.90000
3478       7852810.60000
3479       7862521.00000
3480       7872241.00000
3481       7881970.70000
3482       7891710.10000
3483       7901459.20000
3484       7911217.90000
3485       7920986.40000
3486       7930764.60000
3487       7940552.50000
3488       7950350.10000
3489       7960157.50000
3490       7969974.60000
3491       7979801.50000
3492       7989638.10000
3493       7999484.40000
3494       8009340.60000
3495       8019206.50000
3496       8029082.20000
3497       8038967.70000
3498       8048863.00000
3499       8058768.10000
3500       8068683.00000
3501       8078607.70000
3502       8088542.30000
3503       8098486.70000
3504       8108441.00000
3505       8118405.00000
3506       8128379.00000
3507       8138362.80000
3508       8148356.50000
3509       8158360.10000
3510       8168373.50000
3511       8178396.90000
3512       8188430.20000
3513       8198473.30000
3514       8208526.40000
3515       8218589.40000
3516       8228662.40000
3517       8238745.20000
3518       8248838.10000
3519       8258940.80000
3520       8269053.60000
3521       8279176.30000
3522       8289309.00000
3523       8299451.70000
3524       8309604.30000
3525       8319767.00000
3526       8329939.70000
3527       8340122.40000
3528       8350315.10000
3529       8360517.80000
3530       8370730.60000
3531       8380953.40000
3532       8391186.30000
3533       8401429.20000
3534       8411682.20000
3535       8421945.30000
3536       8432218.40000
3537       8442501.70000
3538       8452795.00000
3539       8463098.50000
3540       8473412.00000
3541       8483735.70000
3542       8494069.50000
3543       8504413.40000
3544       8514767.50000
3545       8525131.70000
3546       8535506.10000
3547       8545890.70000
3548       8556285.40000
3549       8566690.30000
3550       8577105.40000
3551       8587530.60000
3552       8597966.10000
3553       8608411.80000
3554       8618867.70000
3555       8629333.80000
3556       8639810.20000
3557       8650296.80000
3558       8660793.70000
3559       8671300.80000
3560       8681818.20000
3561       8692345.80000
3562       8702883.70000
3563       8713431.90000
3564       8723990.40000
3565       8734559.20000
3566       8745138.30000
3567       8755727.80000
3568       8766327.50000
3569       8776937.60000
3570       8787558.00000
3571       8798188.80000
3572       8808829.90000
3573       8819481.40000
3574       8830143.20000
3575       8840815.50000
3576       8851498.10000
3577       8862191.10000
3578       8872894.50000
3579       8883608.30000
3580       8894332.50000
3581       8905067.20000
3582       8915812.30000
3583       8926567.80000
3584       8937333.70000
3585       8948110.20000
3586       8958897.10000
3587       8969694.40000
3588       8980502.20000
3589       8991320.60000
3590       9002149.40000
3591       9012988.70000
3592       9023838.50000
3593       9034698.80000
3594       9045569.70000
3595       9056451.10000
3596       9067343.00000
3597       9078245.40000
3598       9089158.50000
3599       9100082.10000
3600       9111016.20000
3601       9121960.90000
3602       9132916.30000
3603       9143882.20000
3604       9154858.70000
3605       9165845.80000
3606       9176843.60000
3607       9187851.90000
3608       9198870.90000
3609       9209900.50000
3610       9220940.80000
3611       9231991.80000
3612       9243053.40000
3613       9254125.60000
3614       9265208.60000
3615       9276302.20000
3616       9287406.50000
3617       9298521.60000
3618       9309647.30000
3619       9320783.80000
3620       9331931.00000
3621       9343088.90000
3622       9354257.50000
3623       9365436.90000
3624       9376627.10000
3625       9387828.00000
3626       9399039.70000
3627       9410262.20000
3628       9421495.50000
3629       9432739.60000
3630       9443994.40000
3631       9455260.10000
3632       9466536.60000
3633       9477824.00000
3634       9489122.10000
3635       9500431.10000
3636       9511751.00000
3637       9523081.70000
3638       9534423.30000
3639       9545775.80000
3640       9557139.10000
3641       9568513.30000
3642       9579898.50000
3643       9591294.50000
3644       9602701.50000
3645       9614119.30000
3646       9625548.20000
3647       9636987.90000
3648       9648438.60000
3649       9659900.20000
3650       9671372.90000
3651       9682856.40000
3652       9694351.00000
3653       9705856.50000
3654       9717373.10000
3655       9728900.60000
3656       9740439.20000
3657       9751988.70000
3658       9763549.30000
3659       9775120.90000
3660       9786703.60000
3661       9798297.30000
3662       9809902.10000
3663       9821517.90000
3664       9833144.90000
3665       9844782.90000
3666       9856431.90000
3667       9868092.10000
3668       9879763.40000
3669       9891445.80000
3670       9903139.40000
3671       9914844.00000
3672       9926559.80000
3673       9938286.70000
3674       9950024.80000
3675       9961774.10000
3676       9973534.50000
3677       9985306.10000
3678       9997088.90000
3679      10008883.00000
3680      10020688.00000
3681      10032504.00000
3682      10044332.00000
3683      10056171.00000
3684      10068021.00000
3685      10079882.00000
3686      10091755.00000
3687      10103639.00000
3688      10115534.00000
3689      10127440.00000
3690      10139358.00000
3691      10151287.00000
3692      10163227.00000
3693      10175179.00000
3694      10187141.00000
3695      10199116.00000
3696      10211101.00000
3697      10223098.00000
3698      10235106.00000
3699      10247126.00000
3700      10259157.00000
3701      10271199.00000
3702      10283253.00000
3703      10295318.00000
3704      10307394.00000
3705      10319482.00000
3706      10331581.00000
3707      10343692.00000
3708      10355814.00000
3709      10367948.00000
3710      10380093.00000
3711      10392249.00000
3712      10404417.00000
3713      10416597.00000
3714      10428788.00000
3715      10440990.00000
3716      10453204.00000
3717      10465429.00000
3718      10477666.00000
3719      10489915.00000
3720      10502174.00000
3721      10514446.00000
3722      10526729.00000
3723      10539024.00000
3724      10551330.00000
3725      10563647.00000
3726      10575977.00000
3727      10588318.00000
3728      10600670.00000
3729      10613034.00000
3730      10625410.00000
3731      10637797.00000
3732      10650196.00000
3733      10662606.00000
3734      10675029.00000
3735      10687462.00000
3736      10699908.00000
3737      10712365.00000
3738      10724834.00000
3739      10737315.00000
3740      10749807.00000
3741      10762311.00000
3742      10774826.00000
3743      10787354.00000
3744      10799893.00000
3745      10812444.00000
3746      10825006.00000
3747      10837580.00000
3748      10850167.00000
3749      10862764.00000
3750      10875374.00000
3751      10887995.00000
3752      10900629.00000
3753      10913274.00000
3754      10925930.00000
3755      10938599.00000
3756      10951279.00000
3757      10963972.00000
3758      10976676.00000
3759      10989392.00000
3760      11002120.00000
3761      11014859.00000
3762      11027611.00000
3763      11040375.00000
3764      11053150.00000
3765      11065937.00000
3766      11078736.00000
3767      11091547.00000
3768      11104370.00000
3769      11117205.00000
3770      11130052.00000
3771      11142911.00000
3772      11155782.00000
3773      11168665.00000
3774      11181560.00000
3775      11194466.00000
3776      11207385.00000
3777      11220316.00000
3778      11233259.00000
3779      11246213.00000
3780      11259180.00000
3781      11272159.00000
3782      11285150.00000
3783      11298153.00000
3784      11311168.00000
3785      11324195.00000
3786      11337234.00000
3787      11350285.00000
3788      11363349.00000
3789      11376424.00000
3790      11389512.00000
3791      11402611.00000
3792      11415723.00000
3793      11428847.00000
3794      11441983.00000
3795      11455132.00000
3796      11468292.00000
3797      11481465.00000
3798      11494649.00000
3799      11507846.00000
3800      11521056.00000
3801      11534277.00000
3802      11547511.00000
3803      11560756.00000
3804      11574014.00000
3805      11587285.00000
3806      11600567.00000
3807      11613862.00000
3808      11627169.00000
3809      11640488.00000
3810      11653820.00000
3811      11667164.00000
3812      11680520.00000
3813      11693889.00000
3814      11707270.00000
3815      11720663.00000
3816      11734068.00000
3817      11747486.00000
3818      11760916.00000
3819      11774359.00000
3820      11787814.00000
3821      11801281.00000
3822      11814761.00000
3823      11828253.00000
3824      11841758.00000
3825      11855275.00000
3826      11868804.00000
3827      11882346.00000
3828      11895900.00000
3829      11909467.00000
3830      11923046.00000
3831      11936637.00000
3832      11950241.00000
3833      11963858.00000
3834      11977487.00000
3835      11991128.00000
3836      12004783.00000
3837      12018449.00000
3838      12032128.00000
3839      12045820.00000
3840      12059524.00000
3841      12073241.00000
3842      12086970.00000
3843      12100712.00000
3844      12114466.00000
3845      12128233.00000
3846      12142013.00000
3847      12155805.00000
3848      12169610.00000
3849      12183428.00000
3850      12197258.00000
3851      12211100.00000
3852      12224956.00000
3853      12238824.00000
3854      12252705.00000
3855      12266598.00000
3856      12280504.00000
3857      12294423.00000
3858      12308354.00000
3859      12322298.00000
3860      12336255.00000
3861      12350225.00000
3862      12364207.00000
3863      12378202.00000
3864      12392210.00000
3865      12406231.00000
3866      12420264.00000
3867      12434310.00000
3868      12448369.00000
3869      12462441.00000
3870      12476526.00000
3871      12490623.00000
3872      12504733.00000
3873      12518856.00000
3874      12532992.00000
3875      12547141.00000
3876      12561302.00000
3877      12575477.00000
3878      12589664.00000
3879      12603865.00000
3880      12618078.00000
3881      12632304.00000
3882      12646543.00000
3883      12660794.00000
3884      12675059.00000
3885      12689337.00000
3886      12703628.00000
3887      12717931.00000
3888      12732248.00000
3889      12746578.00000
3890      12760920.00000
3891      12775276.00000
3892      12789644.00000
3893      12804026.00000
3894      12818420.00000
3895      12832828.00000
3896      12847249.00000
3897      12861682.00000
3898      12876129.00000
3899      12890589.00000
3900      12905062.00000
3901      12919548.00000
3902      12934047.00000
3903      12948559.00000
3904      12963085.00000
3905      12977623.00000
3906      12992174.00000
3907      13006739.00000
3908      13021317.00000
3909      13035908.00000
3910      13050512.00000
3911      13065129.00000
3912      13079760.00000
3913      13094404.00000
3914      13109061.00000
3915      13123731.00000
3916      13138414.00000
3917      13153110.00000
3918      13167820.00000
3919      13182543.00000
3920      13197280.00000
3921      13212029.00000
3922      13226792.00000
3923      13241568.00000
3924      13256357.00000
3925      13271160.00000
3926      13285976.00000
3927      13300805.00000
3928      13315648.00000
3929      13330504.00000
3930      13345373.00000
3931      13360256.00000
3932      13375152.00000
3933      13390061.00000
3934      13404984.00000
3935      13419920.00000
3936      13434870.00000
3937      13449833.00000
3938      13464809.00000
3939      13479799.00000
3940      13494803.00000
3941      13509819.00000
3942      13524849.00000
3943      13539893.00000
3944      13554950.00000
3945      13570021.00000
3946      13585105.00000
3947      13600202.00000
3948      13615313.00000
3949      13630438.00000
3950      13645576.00000
3951      13660728.00000
3952      13675893.00000
3953      13691072.00000
3954      13706264.00000
3955      13721470.00000
3956      13736690.00000
3957      13751923.00000
3958      13767169.00000
3959      13782430.00000
3960      13797704.00000
3961      13812991.00000
3962      13828292.00000
3963      13843607.00000
3964      13858936.00000
3965      13874278.00000
3966      13889634.00000
3967      13905003.00000
3968      13920386.00000
3969      13935783.00000
3970      13951194.00000
3971      13966618.00000
3972      13982056.00000
3973      13997508.00000
3974      14012974.00000
3975      14028453.00000
3976      14043946.00000
3977      14059453.00000
3978      14074973.00000
3979      14090508.00000
3980      14106056.00000
3981      14121618.00000
3982      14137194.00000
3983      14152784.00000
3984      14168387.00000
3985      14184005.00000
3986      14199636.00000
3987      14215281.00000
3988      14230940.00000
3989      14246613.00000
3990      14262300.00000
3991      14278000.00000
3992      14293715.00000
3993      14309444.00000
3994      14325186.00000
3995      14340943.00000
3996      14356713.00000
3997      14372497.00000
3998      14388296.00000
3999      14404108.00000
4000      14419934.00000
4001      14435774.00000
4002      14451629.00000
4003      14467497.00000
4004      14483379.00000
4005      14499276.00000
4006      14515186.00000
4007      14531111.00000
4008      14547049.00000
4009      14563002.00000
4010      14578969.00000
4011      14594950.00000
4012      14610944.00000
4013      14626953.00000
4014      14642977.00000
4015      14659014.00000
4016      14675065.00000
4017      14691131.00000
4018      14707211.00000
4019      14723305.00000
4020      14739413.00000
4021      14755535.00000
4022      14771671.00000
4023      14787822.00000
4024      14803987.00000
4025      14820166.00000
4026      14836360.00000
4027      14852567.00000
4028      14868789.00000
4029      14885025.00000
4030      14901276.00000
4031      14917540.00000
4032      14933819.00000
4033      14950113.00000
4034      14966420.00000
4035      14982742.00000
4036      14999078.00000
4037      15015429.00000
4038      15031794.00000
4039      15048173.00000
4040      15064567.00000
4041      15080975.00000
4042      15097398.00000
4043      15113834.00000
4044      15130286.00000
4045      15146751.00000
4046      15163232.00000
4047      15179726.00000
4048      15196235.00000
4049      15212759.00000
4050      15229296.00000
4051      15245849.00000
4052      15262416.00000
4053      15278997.00000
4054      15295593.00000
4055      15312203.00000
4056      15328828.00000
4057      15345468.00000
4058      15362122.00000
4059      15378790.00000
4060      15395473.00000
4061      15412171.00000
4062      15428883.00000
4063      15445610.00000
4064      15462352.00000
4065      15479108.00000
4066      15495878.00000
4067      15512664.00000
4068      15529464.00000
4069      15546278.00000
4070      15563108.00000
4071      15579952.00000
4072      15596810.00000
4073      15613683.00000
4074      15630571.00000
4075      15647474.00000
4076      15664392.00000
4077      15681324.00000
4078      15698271.00000
4079      15715232.00000
4080      15732209.00000
4081      15749200.00000
4082      15766206.00000
4083      15783226.00000
4084      15800262.00000
4085      15817312.00000
4086      15834377.00000
4087      15851457.00000
4088      15868552.00000
4089      15885662.00000
4090      15902786.00000
4091      15919926.00000
4092      15937080.00000
4093      15954249.00000
4094      15971433.00000
4095      15988632.00000
4096      16005846.00000
4097      16023074.00000
4098      16040318.00000
4099      16057577.00000
4100      16074850.00000
4101      16092139.00000
4102      16109442.00000
4103      16126761.00000
4104      16144094.00000
4105      16161443.00000
4106      16178806.00000
4107      16196185.00000
4108      16213578.00000
4109      16230987.00000
4110      16248410.00000
4111      16265849.00000
4112      16283303.00000
4113      16300772.00000
4114      16318256.00000
4115      16335755.00000
4116      16353269.00000
4117      16370798.00000
4118      16388342.00000
4119      16405902.00000
4120      16423477.00000
4121      16441066.00000
4122      16458671.00000
4123      16476292.00000
4124      16493927.00000
4125      16511577.00000
4126      16529243.00000
4127      16546924.00000
4128      16564620.00000
4129      16582332.00000
4130      16600059.00000
4131      16617801.00000
4132      16635558.00000
4133      16653330.00000
4134      16671118.00000
4135      16688921.00000
4136      16706740.00000
4137      16724573.00000
4138      16742422.00000
4139      16760287.00000
4140      16778167.00000
4141      16796062.00000
4142      16813972.00000
4143      16831898.00000
4144      16849839.00000
4145      16867796.00000
4146      16885768.00000
4147      16903755.00000
4148      16921758.00000
4149      16939776.00000
4150      16957810.00000
4151      16975859.00000
4152      16993924.00000
4153      17012004.00000
4154      17030100.00000
4155      17048211.00000
4156      17066338.00000
4157      17084480.00000
4158      17102638.00000
4159      17120811.00000
4160      17139000.00000
4161      17157204.00000
4162      17175424.00000
4163      17193660.00000
4164      17211911.00000
4165      17230177.00000
4166      17248460.00000
4167      17266758.00000
4168      17285071.00000
4169      17303400.00000
4170      17321745.00000
4171      17340106.00000
4172      17358482.00000
4173      17376874.00000
4174      17395281.00000
4175      17413705.00000
4176      17432144.00000
4177      17450598.00000
4178      17469069.00000
4179      17487555.00000
4180      17506057.00000
4181      17524574.00000
4182      17543108.00000
4183      17561657.00000
4184      17580222.00000
4185      17598803.00000
4186      17617399.00000
4187      17636012.00000
4188      17654640.00000
4189      17673284.00000
4190      17691944.00000
4191      17710620.00000
4192      17729312.00000
4193      17748020.00000
4194      17766743.00000
4195      17785482.00000
4196      17804238.00000
4197      17823009.00000
4198      17841796.00000
4199      17860599.00000
4200      17879418.00000
4201      17898253.00000
4202      17917104.00000
4203      17935971.00000
4204      17954855.00000
4205      17973754.00000
4206      17992669.00000
4207      18011600.00000
4208      18030547.00000
4209      18049510.00000
4210      18068489.00000
4211      18087484.00000
4212      18106496.00000
4213      18125523.00000
4214      18144567.00000
4215      18163626.00000
4216      18182702.00000
4217      18201794.00000
4218      18220902.00000
4219      18240026.00000
4220      18259167.00000
4221      18278323.00000
4222      18297496.00000
4223      18316685.00000
4224      18335890.00000
4225      18355111.00000
4226      18374349.00000
4227      18393603.00000
4228      18412873.00000
4229      18432159.00000
4230      18451462.00000
4231      18470780.00000
4232      18490116.00000
4233      18509467.00000
4234      18528835.00000
4235      18548219.00000
4236      18567619.00000
4237      18587036.00000
4238      18606469.00000
4239      18625918.00000
4240      18645384.00000
4241      18664866.00000
4242      18684365.00000
4243      18703880.00000
4244      18723411.00000
4245      18742959.00000
4246      18762523.00000
4247      18782104.00000
4248      18801701.00000
4249      18821315.00000
4250      18840945.00000
4251      18860591.00000
4252      18880255.00000
4253      18899934.00000
4254      18919630.00000
4255      18939343.00000
4256      18959072.00000
4257      18978818.00000
4258      18998580.00000
4259      19018359.00000
4260      19038154.00000
4261      19057966.00000
4262      19077795.00000
4263      19097640.00000
4264      19117502.00000
4265      19137380.00000
4266      19157275.00000
4267      19177187.00000
4268      19197116.00000
4269      19217061.00000
4270      19237022.00000
4271      19257001.00000
4272      19276996.00000
4273      19297008.00000
4274      19317037.00000
4275      19337082.00000
4276      19357144.00000
4277      19377223.00000
4278      19397319.00000
4279      19417431.00000
4280      19437560.00000
4281      19457707.00000
4282      19477869.00000
4283      19498049.00000
4284      19518246.00000
4285      19538459.00000
4286      19558689.00000
4287      19578936.00000
4288      19599200.00000
4289      19619481.00000
4290      19639779.00000
4291      19660093.00000
4292      19680425.00000
4293      19700773.00000
4294      19721139.00000
4295      19741521.00000
4296      19761921.00000
4297      19782337.00000
4298      19802770.00000
4299      19823221.00000
4300      19843688.00000
4301      19864172.00000
4302      19884674.00000
4303      19905192.00000
4304      19925728.00000
4305      19946280.00000
4306      19966850.00000
4307      19987436.00000
4308      20008040.00000
4309      20028661.00000
4310      20049299.00000
4311      20069954.00000
4312      20090626.00000
4313      20111316.00000
4314      20132022.00000
4315      20152746.00000
4316      20173487.00000
4317      20194245.00000
4318      20215020.00000
4319      20235812.00000
4320      20256622.00000
4321      20277449.00000
4322      20298293.00000
4323      20319155.00000
4324      20340033.00000
4325      20360929.00000
4326      20381843.00000
4327      20402773.00000
4328      20423721.00000
4329      20444686.00000
4330      20465669.00000
4331      20486668.00000
4332      20507686.00000
4333      20528720.00000
4334      20549772.00000
4335      20570841.00000
4336      20591928.00000
4337      20613032.00000
4338      20634154.00000
4339      20655293.00000
4340      20676449.00000
4341      20697623.00000
4342      20718814.00000
4343      20740023.00000
4344      20761249.00000
4345      20782493.00000
4346      20803754.00000
4347      20825033.00000
4348      20846329.00000
4349      20867643.00000
4350      20888975.00000
4351      20910323.00000
4352      20931690.00000
4353      20953074.00000
4354      20974476.00000
4355      20995895.00000
4356      21017332.00000
4357      21038786.00000
4358      21060259.00000
4359      21081748.00000
4360      21103256.00000
4361      21124781.00000
4362      21146324.00000
4363      21167884.00000
4364      21189462.00000
4365      21211058.00000
4366      21232672.00000
4367      21254303.00000
4368      21275953.00000
4369      21297619.00000
4370      21319304.00000
4371      21341006.00000
4372      21362727.00000
4373      21384465.00000
4374      21406221.00000
4375      21427994.00000
4376      21449786.00000
4377      21471595.00000
4378      21493422.00000
4379      21515267.00000
4380      21537130.00000
4381      21559011.00000
4382      21580910.00000
4383      21602826.00000
4384      21624761.00000
4385      21646713.00000
4386      21668684.00000
4387      21690672.00000
4388      21712679.00000
4389      21734703.00000
4390      21756745.00000
4391      21778806.00000
4392      21800884.00000
4393      21822980.00000
4394      21845095.00000
4395      21867227.00000
4396      21889378.00000
4397      21911546.00000
4398      21933733.00000
4399      21955938.00000
4400      21978160.00000
4401      22000401.00000
4402      22022660.00000
4403      22044938.00000
4404      22067233.00000
4405      22089546.00000
4406      22111878.00000
4407      22134228.00000
4408      22156596.00000
4409      22178982.00000
4410      22201387.00000
4411      22223809.00000
4412      22246250.00000
4413      22268710.00000
4414      22291187.00000
4415      22313683.00000
4416      22336197.00000
4417      22358729.00000
4418      22381280.00000
4419      22403848.00000
4420      22426436.00000
4421      22449041.00000
4422      22471665.00000
4423      22494307.00000
4424      22516968.00000
4425      22539647.00000
4426      22562345.00000
4427      22585060.00000
4428      22607795.00000
4429      22630547.00000
4430      22653318.00000
4431      22676108.00000
4432      22698916.00000
4433      22721743.00000
4434      22744587.00000
4435      22767451.00000
4436      22790333.00000
4437      22813233.00000
4438      22836153.00000
4439      22859090.00000
4440      22882046.00000
4441      22905021.00000
4442      22928014.00000
4443      22951026.00000
4444      22974057.00000
4445      22997106.00000
4446      23020173.00000
4447      23043260.00000
4448      23066365.00000
4449      23089488.00000
4450      23112630.00000
4451      23135791.00000
4452      23158971.00000
4453      23182169.00000
4454      23205387.00000
4455      23228622.00000
4456      23251877.00000
4457      23275150.00000
4458      23298442.00000
4459      23321753.00000
4460      23345083.00000
4461      23368431.00000
4462      23391798.00000
4463      23415184.00000
4464      23438589.00000
4465      23462013.00000
4466      23485455.00000
4467      23508917.00000
4468      23532397.00000
4469      23555896.00000
4470      23579414.00000
4471      23602951.00000
4472      23626507.00000
4473      23650082.00000
4474      23673675.00000
4475      23697288.00000
4476      23720920.00000
4477      23744570.00000
4478      23768240.00000
4479      23791929.00000
4480      23815636.00000
4481      23839363.00000
4482      23863109.00000
4483      23886873.00000
4484      23910657.00000
4485      23934460.00000
4486      23958282.00000
4487      23982123.00000
4488      24005983.00000
4489      24029863.00000
4490      24053761.00000
4491      24077678.00000
4492      24101615.00000
4493      24125571.00000
4494      24149546.00000
4495      24173540.00000
4496      24197554.00000
4497      24221586.00000
4498      24245638.00000
4499      24269709.00000
4500      24293800.00000
4501      24317909.00000
4502      24342038.00000
4503      24366186.00000
4504      24390354.00000
4505      24414540.00000
4506      24438746.00000
4507      24462972.00000
4508      24487216.00000
4509      24511480.00000
4510      24535764.00000
4511      24560067.00000
4512      24584389.00000
4513      24608730.00000
4514      24633091.00000
4515      24657472.00000
4516      24681872.00000
4517      24706291.00000
4518      24730730.00000
4519      24755188.00000
4520      24779666.00000
4521      24804163.00000
4522      24828679.00000
4523      24853216.00000
4524      24877771.00000
4525      24902347.00000
4526      24926941.00000
4527      24951556.00000
4528      24976190.00000
4529      25000843.00000
4530      25025516.00000
4531      25050209.00000
4532      25074921.00000
4533      25099653.00000
4534      25124405.00000
4535      25149176.00000
4536      25173967.00000
4537      25198778.00000
4538      25223608.00000
4539      25248458.00000
4540      25273328.00000
4541      25298217.00000
4542      25323127.00000
4543      25348056.00000
4544      25373004.00000
4545      25397973.00000
4546      25422961.00000
4547      25447969.00000
4548      25472997.00000
4549      25498045.00000
4550      25523112.00000
4551      25548200.00000
4552      25573307.00000
4553      25598434.00000
4554      25623581.00000
4555      25648748.00000
4556      25673935.00000
4557      25699142.00000
4558      25724368.00000
4559      25749615.00000
4560      25774881.00000
4561      25800168.00000
4562      25825474.00000
4563      25850801.00000
4564      25876147.00000
4565      25901514.00000
4566      25926900.00000
4567      25952307.00000
4568      25977734.00000
4569      26003180.00000
4570      26028647.00000
4571      26054134.00000
4572      26079641.00000
4573      26105168.00000
4574      26130715.00000
4575      26156282.00000
4576      26181870.00000
4577      26207477.00000
4578      26233105.00000
4579      26258753.00000
4580      26284421.00000
4581      26310110.00000
4582      26335818.00000
4583      26361547.00000
4584      26387296.00000
4585      26413065.00000
4586      26438855.00000
4587      26464665.00000
4588      26490495.00000
4589      26516345.00000
4590      26542216.00000
4591      26568107.00000
4592      26594019.00000
4593      26619950.00000
4594      26645902.00000
4595      26671875.00000
4596      26697868.00000
4597      26723881.00000
4598      26749915.00000
4599      26775969.00000
4600      26802044.00000
4601      26828139.00000
4602      26854254.00000
4603      26880390.00000
4604      26906546.00000
4605      26932723.00000
4606      26958921.00000
4607      26985139.00000
4608      27011377.00000
4609      27037636.00000
4610      27063916.00000
4611      27090216.00000
4612      27116537.00000
4613      27142878.00000
4614      27169240.00000
4615      27195623.00000
4616      27222026.00000
4617      27248450.00000
4618      27274894.00000
4619      27301360.00000
4620      27327845.00000
4621      27354352.00000
4622      27380879.00000
4623      27407427.00000
4624      27433996.00000
4625      27460585.00000
4626      27487196.00000
4627      27513827.00000
4628      27540478.00000
4629      27567151.00000
4630      27593844.00000
4631      27620558.00000
4632      27647293.00000
4633      27674049.00000
4634      27700826.00000
4635      27727623.00000
4636      27754442.00000
4637      27781281.00000
4638      27808141.00000
4639      27835023.00000
4640      27861925.00000
4641      27888848.00000
4642      27915792.00000
4643      27942756.00000
4644      27969742.00000
4645      27996749.00000
4646      28023777.00000
4647      28050826.00000
4648      28077896.00000
4649      28104987.00000
4650      28132099.00000
4651      28159232.00000
4652      28186386.00000
4653      28213561.00000
4654      28240758.00000
4655      28267975.00000
4656      28295214.00000
4657      28322473.00000
4658      28349754.00000
4659      28377056.00000
4660      28404380.00000
4661      28431724.00000
4662      28459090.00000
4663      28486476.00000
4664      28513884.00000
4665      28541314.00000
4666      28568764.00000
4667      28596236.00000
4668      28623729.00000
4669      28651243.00000
4670      28678779.00000
4671      28706336.00000
4672      28733914.00000
4673      28761514.00000
4674      28789135.00000
4675      28816777.00000
4676      28844441.00000
4677      28872126.00000
4678      28899832.00000
4679      28927560.00000
4680      28955310.00000
4681      28983080.00000
4682      29010873.00000
4683      29038686.00000
4684      29066521.00000
4685      29094378.00000
4686      29122256.00000
4687      29150156.00000
4688      29178077.00000
4689      29206020.00000
4690      29233984.00000
4691      29261970.00000
4692      29289977.00000
4693      29318006.00000
4694      29346057.00000
4695      29374129.00000
4696      29402223.00000
4697      29430339.00000
4698      29458476.00000
4699      29486634.00000
4700      29514815.00000
4701      29543017.00000
4702      29571241.00000
4703      29599487.00000
4704      29627754.00000
4705      29656043.00000
4706      29684354.00000
4707      29712686.00000
4708      29741041.00000
4709      29769417.00000
4710      29797815.00000
4711      29826235.00000
4712      29854676.00000
4713      29883140.00000
4714      29911625.00000
4715      29940132.00000
4716      29968661.00000
4717      29997212.00000
4718      30025785.00000
4719      30054380.00000
4720      30082996.00000
4721      30111635.00000
4722      30140296.00000
4723      30168978.00000
4724      30197683.00000
4725      30226409.00000
4726      30255158.00000
4727      30283929.00000
4728      30312721.00000
4729      30341536.00000
4730      30370373.00000
4731      30399231.00000
4732      30428112.00000
4733      30457015.00000
4734      30485940.00000
4735      30514888.00000
4736      30543857.00000
4737      30572848.00000
4738      30601862.00000
4739      30630898.00000
4740      30659956.00000
4741      30689036.00000
4742      30718139.00000
4743      30747263.00000
4744      30776410.00000
4745      30805579.00000
4746      30834771.00000
4747      30863985.00000
4748      30893221.00000
4749      30922479.00000
4750      30951759.00000
4751      30981062.00000
4752      31010388.00000
4753      31039735.00000
4754      31069105.00000
4755      31098498.00000
4756      31127913.00000
4757      31157350.00000
4758      31186809.00000
4759      31216292.00000
4760      31245796.00000
4761      31275323.00000
4762      31304872.00000
4763      31334444.00000
4764      31364039.00000
4765      31393656.00000
4766      31423295.00000
4767      31452957.00000
4768      31482642.00000
4769      31512349.00000
4770      31542079.00000
4771      31571831.00000
4772      31601606.00000
4773      31631403.00000
4774      31661223.00000
4775      31691066.00000
4776      31720932.00000
4777      31750820.00000
4778      31780730.00000
4779      31810664.00000
4780      31840620.00000
4781      31870599.00000
4782      31900601.00000
4783      31930625.00000
4784      31960672.00000
4785      31990742.00000
4786      32020835.00000
4787      32050950.00000
4788      32081088.00000
4789      32111250.00000
4790      32141434.00000
4791      32171640.00000
4792      32201870.00000
4793      32232123.00000
4794      32262398.00000
4795      32292696.00000
4796      32323018.00000
4797      32353362.00000
4798      32383729.00000
4799      32414119.00000
4800      32444532.00000
4801      32474968.00000
4802      32505427.00000
4803      32535909.00000
4804      32566414.00000
4805      32596942.00000
4806      32627494.00000
4807      32658068.00000
4808      32688665.00000
4809      32719286.00000
4810      32749929.00000
4811      32780596.00000
4812      32811285.00000
4813      32841998.00000
4814      32872734.00000
4815      32903493.00000
4816      32934276.00000
4817      32965081.00000
4818      32995910.00000
4819      33026762.00000
4820      33057637.00000
4821      33088536.00000
4822      33119458.00000
4823      33150403.00000
4824      33181371.00000
4825      33212363.00000
4826      33243378.00000
4827      33274416.00000
4828      33305477.00000
4829      33336562.00000
4830      33367671.00000
4831      33398802.00000
4832      33429957.00000
4833      33461136.00000
4834      33492338.00000
4835      33523563.00000
4836      33554812.00000
4837      33586084.00000
4838      33617380.00000
4839      33648699.00000
4840      33680042.00000
4841      33711408.00000
4842      33742798.00000
4843      33774211.00000
4844      33805648.00000
4845      33837108.00000
4846      33868592.00000
4847      33900100.00000
4848      33931631.00000
4849      33963186.00000
4850      33994764.00000
4851      34026367.00000
4852      34057992.00000
4853      34089642.00000
4854      34121315.00000
4855      34153012.00000
4856      34184732.00000
4857      34216477.00000
4858      34248245.00000
4859      34280036.00000
4860      34311852.00000
4861      34343691.00000
4862      34375554.00000
4863      34407441.00000
4864      34439352.00000
4865      34471287.00000
4866      34503245.00000
4867      34535228.00000
4868      34567234.00000
4869      34599264.00000
4870      34631318.00000
4871      34663396.00000
4872      34695498.00000
4873      34727623.00000
4874      34759773.00000
4875      34791947.00000
4876      34824144.00000
4877      34856366.00000
4878      34888612.00000
4879      34920882.00000
4880      34953175.00000
4881      34985493.00000
4882      35017835.00000
4883      35050201.00000
4884      35082591.00000
4885      35115005.00000
4886      35147444.00000
4887      35179906.00000
4888      35212393.00000
4889      35244904.00000
4890      35277438.00000
4891      35309998.00000
4892      35342581.00000
4893      35375188.00000
4894      35407820.00000
4895      35440476.00000
4896      35473157.00000
4897      35505861.00000
4898      35538590.00000
4899      35571343.00000
4900      35604121.00000
4901      35636922.00000
4902      35669748.00000
4903      35702599.00000
4904      35735474.00000
4905      35768373.00000
4906      35801297.00000
4907      35834245.00000
4908      35867217.00000
4909      35900214.00000
4910      35933235.00000
4911      35966281.00000
4912      35999351.00000
4913      36032446.00000
4914      36065565.00000
4915      36098709.00000
4916      36131878.00000
4917      36165070.00000
4918      36198288.00000
4919      36231530.00000
4920      36264797.00000
4921      36298088.00000
4922      36331404.00000
4923      36364744.00000
4924      36398109.00000
4925      36431499.00000
4926      36464913.00000
4927      36498352.00000
4928      36531816.00000
4929      36565305.00000
4930      36598818.00000
4931      36632356.00000
4932      36665919.00000
4933      36699506.00000
4934      36733119.00000
4935      36766756.00000
4936      36800418.00000
4937      36834104.00000
4938      36867816.00000
4939      36901552.00000
4940      36935314.00000
4941      36969100.00000
4942      37002911.00000
4943      37036747.00000
4944      37070608.00000
4945      37104493.00000
4946      37138404.00000
4947      37172340.00000
4948      37206301.00000
4949      37240286.00000
4950      37274297.00000
4951      37308333.00000
4952      37342393.00000
4953      37376479.00000
4954      37410590.00000
4955      37444726.00000
4956      37478887.00000
4957      37513073.00000
4958      37547284.00000
4959      37581521.00000
4960      37615782.00000
4961      37650069.00000
4962      37684381.00000
4963      37718718.00000
4964      37753080.00000
4965      37787468.00000
4966      37821880.00000
4967      37856318.00000
4968      37890781.00000
4969      37925270.00000
4970      37959784.00000
4971      37994323.00000
4972      38028887.00000
4973      38063477.00000
4974      38098092.00000
4975      38132732.00000
4976      38167398.00000
4977      38202089.00000
4978      38236806.00000
4979      38271547.00000
4980      38306315.00000
4981      38341108.00000
4982      38375926.00000
4983      38410770.00000
4984      38445639.00000
4985      38480534.00000
4986      38515454.00000
4987      38550400.00000
4988      38585371.00000
4989      38620368.00000
4990      38655390.00000
4991      38690438.00000
4992      38725512.00000
4993      38760611.00000
4994      38795736.00000
4995      38830886.00000
4996      38866062.00000
4997      38901264.00000
4998      38936492.00000
4999      38971745.00000
5000      39007024.00000