   1             4.00508
   2             7.64773
   3            11.29719
   4            14.94834
   5            18.60021
   6            22.25248
   7            25.90501
   8            29.55773
   9            33.21062
  10            36.86364
  11            40.51678
  12            44.17003
  13            47.82338
  14            51.47684
  15            55.13039
  16            58.78404
  17            62.43778
  18            66.09162
  19            69.74554
  20            73.39955
  21            77.05365
  22            80.70784
  23            84.36211
  24            88.01647
  25            91.67092
  26            95.32546
  27            98.98007
  28           102.63478
  29           106.28957
  30           109.94445
  31           113.59941
  32           117.25445
  33           120.90958
  34           124.56480
  35           128.22010
  36           131.87548
  37           135.53095
  38           139.18650
  39           142.84214
  40           146.49787
  41           150.15367
  42           153.80957
  43           157.46554
  44           161.12161
  45           164.77776
  46           168.43400
  47           172.09033
  48           175.74674
  49           179.40325
  50           183.05986
  51           186.71656
  52           190.37336
  53           194.03027
  54           197.68728
  55           201.34441
  56           205.00166
  57           208.65904
  58           212.31656
  59           215.97422
  60           219.63205
  61           223.29004
  62           226.94822
  63           230.60660
  64           234.26521
  65           237.92405
  66           241.58315
  67           245.24253
  68           248.90223
  69           252.56226
  70           256.22266
  71           259.88346
  72           263.54470
  73           267.20641
  74           270.86864
  75           274.53143
  76           278.19482
  77           281.85886
  78           285.52360
  79           289.18911
  80           292.85543
  81           296.52263
  82           300.19076
  83           303.85990
  84           307.53011
  85           311.20147
  86           314.87405
  87           318.54792
  88           322.22317
  89           325.89988
  90           329.57814
  91           333.25803
  92           336.93965
  93           340.62308
  94           344.30844
  95           347.99580
  96           351.68529
  97           355.37699
  98           359.07102
  99           362.76749
 100           366.46651
 101           370.16818
 102           373.87263
 103           377.57997
 104           381.29033
 105           385.00381
 106           388.72056
 107           392.44068
 108           396.16431
 109           399.89158
 110           403.62261
 111           407.35754
 112           411.09651
 113           414.83963
 114           418.58706
 115           422.33892
 116           426.09535
 117           429.85650
 118           433.62250
 119           437.39350
 120           441.16963
 121           444.95104
 122           448.73788
 123           452.53027
 124           456.32838
 125           460.13235
 126           463.94232
 127           467.75844
 128           471.58086
 129           475.40972
 130           479.24517
 131           483.08737
 132           486.93645
 133           490.79257
 134           494.65588
 135           498.52652
 136           502.40465
 137           506.29041
 138           510.18395
 139           514.08543
 140           517.99499
 141           521.91278
 142           525.83895
 143           529.77365
 144           533.71703
 145           537.66923
 146           541.63041
 147           545.60072
 148           549.58029
 149           553.56929
 150           557.56785
 151           561.57613
 152           565.59427
 153           569.62241
 154           573.66071
 155           577.70931
 156           581.76836
 157           585.83799
 158           589.91836
 159           594.00961
 160           598.11188
 161           602.22532
 162           606.35007
 163           610.48627
 164           614.63406
 165           618.79358
 166           622.96498
 167           627.14840
 168           631.34397
 169           635.55184
 170           639.77214
 171           644.00502
 172           648.25061
 173           652.50904
 174           656.78046
 175           661.06500
 176           665.36280
 177           669.67399
 178           673.99871
 179           678.33709
 180           682.68926
 181           687.05536
 182           691.43553
 183           695.82989
 184           700.23857
 185           704.66171
 186           709.09944
 187           713.55188
 188           718.01917
 189           722.50144
 190           726.99881
 191           731.51141
 192           736.03937
 193           740.58282
 194           745.14189
 195           749.71669
 196           754.30737
 197           758.91403
 198           763.53680
 199           768.17582
 200           772.83120
 201           777.50307
 202           782.19155
 203           786.89676
 204           791.61882
 205           796.35786
 206           801.11400
 207           805.88736
 208           810.67805
 209           815.48620
 210           820.31193
 211           825.15535
 212           830.01659
 213           834.89576
 214           839.79298
 215           844.70837
 216           849.64204
 217           854.59412
 218           859.56471
 219           864.55394
 220           869.56192
 221           874.58876
 222           879.63459
 223           884.69950
 224           889.78363
 225           894.88708
 226           900.00996
 227           905.15239
 228           910.31449
 229           915.49636
 230           920.69812
 231           925.91987
 232           931.16174
 233           936.42383
 234           941.70625
 235           947.00912
 236           952.33254
 237           957.67662
 238           963.04148
 239           968.42723
 240           973.83397
 241           979.26182
 242           984.71088
 243           990.18126
 244           995.67307
 245          1001.18640
 246          1006.72140
 247          1012.27820
 248          1017.85680
 249          1023.45740
 250          1029.08000
 251          1034.72490
 252          1040.39200
 253          1046.08160
 254          1051.79360
 255          1057.52830
 256          1063.28570
 257          1069.06590
 258          1074.86900
 259          1080.69520
 260          1086.54450
 261          1092.41700
 262          1098.31300
 263          1104.23230
 264          1110.17530
 265          1116.14190
 266          1122.13220
 267          1128.14650
 268          1134.18470
 269          1140.24710
 270          1146.33360
 271          1152.44440
 272          1158.57960
 273          1164.73930
 274          1170.92370
 275          1177.13270
 276          1183.36650
 277          1189.62530
 278          1195.90910
 279          1202.21800
 280          1208.55220
 281          1214.91170
 282          1221.29660
 283          1227.70710
 284          1234.14320
 285          1240.60510
 286          1247.09280
 287          1253.60650
 288          1260.14620
 289          1266.71210
 290          1273.30420
 291          1279.92270
 292          1286.56770
 293          1293.23930
 294          1299.93750
 295          1306.66250
 296          1313.41440
 297          1320.19330
 298          1326.99930
 299          1333.83240
 300          1340.69290
 301          1347.58070
 302          1354.49610
 303          1361.43900
 304          1368.40970
 305          1375.40810
 306          1382.43450
 307          1389.48890
 308          1396.57140
 309          1403.68210
 310          1410.82110
 311          1417.98860
 312          1425.18460
 313          1432.40920
 314          1439.66260
 315          1446.94480
 316          1454.25590
 317          1461.59610
 318          1468.96540
 319          1476.36400
 320          1483.79200
 321          1491.24940
 322          1498.73630
 323          1506.25300
 324          1513.79940
 325          1521.37560
 326          1528.98190
 327          1536.61820
 328          1544.28470
 329          1551.98150
 330          1559.70870
 331          1567.46640
 332          1575.25460
 333          1583.07360
 334          1590.92340
 335          1598.80420
 336          1606.71590
 337          1614.65870
 338          1622.63280
 339          1630.63820
 340          1638.67510
 341          1646.74350
 342          1654.84350
 343          1662.97530
 344          1671.13900
 345          1679.33460
 346          1687.56220
 347          1695.82210
 348          1704.11420
 349          1712.43870
 350          1720.79580
 351          1729.18540
 352          1737.60770
 353          1746.06280
 354          1754.55080
 355          1763.07190
 356          1771.62610
 357          1780.21350
 358          1788.83430
 359          1797.48850
 360          1806.17630
 361          1814.89770
 362          1823.65290
 363          1832.44200
 364          1841.26510
 365          1850.12220
 366          1859.01360
 367          1867.93930
 368          1876.89940
 369          1885.89400
 370          1894.92320
 371          1903.98720
 372          1913.08610
 373          1922.21990
 374          1931.38880
 375          1940.59280
 376          1949.83220
 377          1959.10690
 378          1968.41720
 379          1977.76310
 380          1987.14460
 381          1996.56210
 382          2006.01550
 383          2015.50490
 384          2025.03050
 385          2034.59240
 386          2044.19070
 387          2053.82540
 388          2063.49680
 389          2073.20490
 390          2082.94990
 391          2092.73180
 392          2102.55070
 393          2112.40680
 394          2122.30020
 395          2132.23100
 396          2142.19930
 397          2152.20520
 398          2162.24890
 399          2172.33040
 400          2182.44980
 401          2192.60740
 402          2202.80310
 403          2213.03710
 404          2223.30950
 405          2233.62040
 406          2243.97000
 407          2254.35840
 408          2264.78560
 409          2275.25180
 410          2285.75710
 411          2296.30160
 412          2306.88550
 413          2317.50880
 414          2328.17160
 415          2338.87410
 416          2349.61650
 417          2360.39870
 418          2371.22100
 419          2382.08340
 420          2392.98600
 421          2403.92910
 422          2414.91260
 423          2425.93680
 424          2437.00170
 425          2448.10740
 426          2459.25410
 427          2470.44190
 428          2481.67080
 429          2492.94110
 430          2504.25290
 431          2515.60620
 432          2527.00110
 433          2538.43790
 434          2549.91660
 435          2561.43730
 436          2573.00020
 437          2584.60540
 438          2596.25290
 439          2607.94300
 440          2619.67570
 441          2631.45120
 442          2643.26950
 443          2655.13090
 444          2667.03540
 445          2678.98310
 446          2690.97420
 447          2703.00880
 448          2715.08700
 449          2727.20890
 450          2739.37470
 451          2751.58450
 452          2763.83840
 453          2776.13650
 454          2788.47900
 455          2800.86590
 456          2813.29750
 457          2825.77380
 458          2838.29490
 459          2850.86100
 460          2863.47220
 461          2876.12860
 462          2888.83040
 463          2901.57770
 464          2914.37050
 465          2927.20910
 466          2940.09360
 467          2953.02400
 468          2966.00060
 469          2979.02330
 470          2992.09250
 471          3005.20810
 472          3018.37040
 473          3031.57940
 474          3044.83530
 475          3058.13820
 476          3071.48820
 477          3084.88550
 478          3098.33020
 479          3111.82240
 480          3125.36220
 481          3138.94990
 482          3152.58540
 483          3166.26900
 484          3180.00080
 485          3193.78080
 486          3207.60930
 487          3221.48640
 488          3235.41220
 489          3249.38680
 490          3263.41030
 491          3277.48290
 492          3291.60480
 493          3305.77600
 494          3319.99680
 495          3334.26710
 496          3348.58720
 497          3362.95720
 498          3377.37720
 499          3391.84740
 500          3406.36790
 501          3420.93880
 502          3435.56020
 503          3450.23240
 504          3464.95540
 505          3479.72940
 506          3494.55440
 507          3509.43070
 508          3524.35840
 509          3539.33760
 510          3554.36850
 511          3569.45110
 512          3584.58570
 513          3599.77230
 514          3615.01120
 515          3630.30240
 516          3645.64600
 517          3661.04230
 518          3676.49130
 519          3691.99320
 520          3707.54810
 521          3723.15630
 522          3738.81770
 523          3754.53260
 524          3770.30100
 525          3786.12320
 526          3801.99930
 527          3817.92940
 528          3833.91370
 529          3849.95220
 530          3866.04520
 531          3882.19280
 532          3898.39510
 533          3914.65220
 534          3930.96440
 535          3947.33170
 536          3963.75430
 537          3980.23230
 538          3996.76600
 539          4013.35530
 540          4030.00060
 541          4046.70180
 542          4063.45920
 543          4080.27290
 544          4097.14310
 545          4114.06980
 546          4131.05330
 547          4148.09370
 548          4165.19110
 549          4182.34570
 550          4199.55760
 551          4216.82700
 552          4234.15410
 553          4251.53880
 554          4268.98160
 555          4286.48230
 556          4304.04130
 557          4321.65870
 558          4339.33450
 559          4357.06910
 560          4374.86240
 561          4392.71470
 562          4410.62610
 563          4428.59680
 564          4446.62680
 565          4464.71650
 566          4482.86580
 567          4501.07510
 568          4519.34430
 569          4537.67370
 570          4556.06340
 571          4574.51360
 572          4593.02440
 573          4611.59600
 574          4630.22860
 575          4648.92220
 576          4667.67700
 577          4686.49330
 578          4705.37100
 579          4724.31050
 580          4743.31190
 581          4762.37520
 582          4781.50080
 583          4800.68860
 584          4819.93890
 585          4839.25190
 586          4858.62760
 587          4878.06630
 588          4897.56810
 589          4917.13320
 590          4936.76160
 591          4956.45370
 592          4976.20950
 593          4996.02910
 594          5015.91290
 595          5035.86080
 596          5055.87310
 597          5075.94990
 598          5096.09150
 599          5116.29780
 600          5136.56920
 601          5156.90570
 602          5177.30760
 603          5197.77500
 604          5218.30800
 605          5238.90680
 606          5259.57160
 607          5280.30260
 608          5301.09980
 609          5321.96350
 610          5342.89390
 611          5363.89100
 612          5384.95500
 613          5406.08620
 614          5427.28470
 615          5448.55060
 616          5469.88410
 617          5491.28540
 618          5512.75460
 619          5534.29200
 620          5555.89760
 621          5577.57160
 622          5599.31430
 623          5621.12570
 624          5643.00600
 625          5664.95550
 626          5686.97420
 627          5709.06240
 628          5731.22010
 629          5753.44770
 630          5775.74520
 631          5798.11280
 632          5820.55060
 633          5843.05900
 634          5865.63790
 635          5888.28760
 636          5911.00830
 637          5933.80020
 638          5956.66330
 639          5979.59790
 640          6002.60410
 641          6025.68220
 642          6048.83230
 643          6072.05450
 644          6095.34900
 645          6118.71610
 646          6142.15580
 647          6165.66840
 648          6189.25400
 649          6212.91280
 650          6236.64500
 651          6260.45070
 652          6284.33010
 653          6308.28350
 654          6332.31090
 655          6356.41260
 656          6380.58870
 657          6404.83940
 658          6429.16480
 659          6453.56530
 660          6478.04080
 661          6502.59170
 662          6527.21810
 663          6551.92010
 664          6576.69800
 665          6601.55190
 666          6626.48200
 667          6651.48840
 668          6676.57150
 669          6701.73120
 670          6726.96790
 671          6752.28170
 672          6777.67280
 673          6803.14140
 674          6828.68750
 675          6854.31150
 676          6880.01350
 677          6905.79370
 678          6931.65230
 679          6957.58940
 680          6983.60530
 681          7009.70010
 682          7035.87400
 683          7062.12710
 684          7088.45980
 685          7114.87210
 686          7141.36420
 687          7167.93640
 688          7194.58880
 689          7221.32150
 690          7248.13490
 691          7275.02900
 692          7302.00410
 693          7329.06030
 694          7356.19790
 695          7383.41700
 696          7410.71770
 697          7438.10040
 698          7465.56520
 699          7493.11220
 700          7520.74170
 701          7548.45380
 702          7576.24880
 703          7604.12680
 704          7632.08800
 705          7660.13260
 706          7688.26080
 707          7716.47280
 708          7744.76880
 709          7773.14900
 710          7801.61350
 711          7830.16260
 712          7858.79640
 713          7887.51520
 714          7916.31920
 715          7945.20840
 716          7974.18320
 717          8003.24370
 718          8032.39010
 719          8061.62260
 720          8090.94140
 721          8120.34670
 722          8149.83870
 723          8179.41760
 724          8209.08360
 725          8238.83680
 726          8268.67760
 727          8298.60600
 728          8328.62230
 729          8358.72660
 730          8388.91930
 731          8419.20030
 732          8449.57010
 733          8480.02870
 734          8510.57640
 735          8541.21340
 736          8571.93980
 737          8602.75590
 738          8633.66180
 739          8664.65780
 740          8695.74410
 741          8726.92090
 742          8758.18830
 743          8789.54660
 744          8820.99590
 745          8852.53660
 746          8884.16870
 747          8915.89250
 748          8947.70820
 749          8979.61600
 750          9011.61610
 751          9043.70870
 752          9075.89400
 753          9108.17220
 754          9140.54350
 755          9173.00810
 756          9205.56630
 757          9238.21820
 758          9270.96400
 759          9303.80400
 760          9336.73840
 761          9369.76730
 762          9402.89100
 763          9436.10960
 764          9469.42350
 765          9502.83270
 766          9536.33760
 767          9569.93830
 768          9603.63500
 769          9637.42790
 770          9671.31730
 771          9705.30340
 772          9739.38630
 773          9773.56630
 774          9807.84360
 775          9842.21840
 776          9876.69090
 777          9911.26140
 778          9945.92990
 779          9980.69690
 780         10015.56200
 781         10050.52700
 782         10085.59000
 783         10120.75300
 784         10156.01500
 785         10191.37600
 786         10226.83800
 787         10262.39900
 788         10298.06100
 789         10333.82300
 790         10369.68600
 791         10405.65000
 792         10441.71600
 793         10477.88200
 794         10514.15000
 795         10550.52000
 796         10586.99200
 797         10623.56700
 798         10660.24300
 799         10697.02300
 800         10733.90500
 801         10770.89100
 802         10807.97900
 803         10845.17200
 804         10882.46800
 805         10919.86800
 806         10957.37300
 807         10994.98200
 808         11032.69500
 809         11070.51400
 810         11108.43800
 811         11146.46700
 812         11184.60100
 813         11222.84200
 814         11261.18800
 815         11299.64100
 816         11338.20000
 817         11376.86600
 818         11415.63900
 819         11454.51900
 820         11493.50600
 821         11532.60100
 822         11571.80400
 823         11611.11500
 824         11650.53500
 825         11690.06200
 826         11729.69900
 827         11769.44400
 828         11809.29900
 829         11849.26300
 830         11889.33700
 831         11929.52100
 832         11969.81500
 833         12010.21900
 834         12050.73400
 835         12091.36000
 836         12132.09600
 837         12172.94400
 838         12213.90400
 839         12254.97500
 840         12296.15900
 841         12337.45400
 842         12378.86200
 843         12420.38300
 844         12462.01700
 845         12503.76300
 846         12545.62400
 847         12587.59800
 848         12629.68500
 849         12671.88700
 850         12714.20300
 851         12756.63400
 852         12799.18000
 853         12841.84000
 854         12884.61600
 855         12927.50800
 856         12970.51500
 857         13013.63800
 858         13056.87800
 859         13100.23400
 860         13143.70700
 861         13187.29700
 862         13231.00400
 863         13274.82800
 864         13318.77000
 865         13362.83000
 866         13407.00800
 867         13451.30500
 868         13495.72000
 869         13540.25500
 870         13584.90800
 871         13629.68100
 872         13674.57300
 873         13719.58600
 874         13764.71800
 875         13809.97100
 876         13855.34400
 877         13900.83900
 878         13946.45400
 879         13992.19100
 880         14038.05000
 881         14084.03000
 882         14130.13200
 883         14176.35700
 884         14222.70400
 885         14269.17500
 886         14315.76800
 887         14362.48500
 888         14409.32500
 889         14456.28900
 890         14503.37700
 891         14550.59000
 892         14597.92700
 893         14645.38900
 894         14692.97600
 895         14740.68800
 896         14788.52700
 897         14836.49100
 898         14884.58100
 899         14932.79700
 900         14981.14000
 901         15029.61000
 902         15078.20700
 903         15126.93200
 904         15175.78400
 905         15224.76400
 906         15273.87200
 907         15323.10800
 908         15372.47400
 909         15421.96800
 910         15471.59100
 911         15521.34400
 912         15571.22600
 913         15621.23900
 914         15671.38200
 915         15721.65500
 916         15772.05900
 917         15822.59400
 918         15873.26000
 919         15924.05700
 920         15974.98700
 921         16026.04800
 922         16077.24200
 923         16128.56800
 924         16180.02800
 925         16231.62000
 926         16283.34500
 927         16335.20500
 928         16387.19800
 929         16439.32500
 930         16491.58700
 931         16543.98300
 932         16596.51400
 933         16649.18100
 934         16701.98300
 935         16754.92000
 936         16807.99400
 937         16861.20400
 938         16914.55000
 939         16968.03400
 940         17021.65400
 941         17075.41200
 942         17129.30700
 943         17183.34000
 944         17237.51200
 945         17291.82100
 946         17346.27000
 947         17400.85700
 948         17455.58400
 949         17510.45000
 950         17565.45600
 951         17620.60200
 952         17675.88800
 953         17731.31500
 954         17786.88300
 955         17842.59200
 956         17898.44200
 957         17954.43400
 958         18010.56800
 959         18066.84400
 960         18123.26300
 961         18179.82500
 962         18236.52900
 963         18293.37700
 964         18350.36900
 965         18407.50400
 966         18464.78400
 967         18522.20800
 968         18579.77600
 969         18637.49000
 970         18695.34900
 971         18753.35400
 972         18811.50400
 973         18869.80100
 974         18928.24400
 975         18986.83400
 976         19045.57000
 977         19104.45400
 978         19163.48600
 979         19222.66500
 980         19281.99300
 981         19341.46800
 982         19401.09300
 983         19460.86600
 984         19520.78900
 985         19580.86100
 986         19641.08300
 987         19701.45500
 988         19761.97700
 989         19822.65000
 990         19883.47400
 991         19944.45000
 992         20005.57600
 993         20066.85500
 994         20128.28600
 995         20189.86900
 996         20251.60400
 997         20313.49300
 998         20375.53500
 999         20437.73100
1000         20500.08000
1001         20562.58300
1002         20625.24100
1003         20688.05400
1004         20751.02100
1005         20814.14400
1006         20877.42300
1007         20940.85700
1008         21004.44700
1009         21068.19400
1010         21132.09800
1011         21196.15900
1012         21260.37700
1013         21324.75300
1014         21389.28600
1015         21453.97800
1016         21518.82900
1017         21583.83800
1018         21649.00600
1019         21714.33400
1020         21779.82200
1021         21845.46900
1022         21911.27700
1023         21977.24500
1024         22043.37500
1025         22109.66500
1026         22176.11700
1027         22242.73100
1028         22309.50700
1029         22376.44600
1030         22443.54700
1031         22510.81100
1032         22578.23800
1033         22645.82900
1034         22713.58400
1035         22781.50400
1036         22849.58700
1037         22917.83600
1038         22986.25000
1039         23054.82900
1040         23123.57400
1041         23192.48500
1042         23261.56200
1043         23330.80600
1044         23400.21700
1045         23469.79500
1046         23539.54100
1047         23609.45500
1048         23679.53700
1049         23749.78700
1050         23820.20700
1051         23890.79500
1052         23961.55300
1053         24032.48100
1054         24103.57800
1055         24174.84700
1056         24246.28500
1057         24317.89500
1058         24389.67600
1059         24461.62900
1060         24533.75400
1061         24606.05100
1062         24678.52000
1063         24751.16200
1064         24823.97800
1065         24896.96700
1066         24970.13000
1067         25043.46700
1068         25116.97900
1069         25190.66500
1070         25264.52600
1071         25338.56300
1072         25412.77600
1073         25487.16400
1074         25561.72900
1075         25636.47100
1076         25711.38900
1077         25786.48500
1078         25861.75900
1079         25937.21000
1080         26012.84000
1081         26088.64900
1082         26164.63600
1083         26240.80300
1084         26317.14900
1085         26393.67500
1086         26470.38100
1087         26547.26800
1088         26624.33600
1089         26701.58500
1090         26779.01500
1091         26856.62700
1092         26934.42200
1093         27012.39900
1094         27090.55800
1095         27168.90100
1096         27247.42800
1097         27326.13800
1098         27405.03200
1099         27484.11100
1100         27563.37400
1101         27642.82300
1102         27722.45700
1103         27802.27700
1104         27882.28300
1105         27962.47500
1106         28042.85500
1107         28123.42100
1108         28204.17500
1109         28285.11600
1110         28366.24600
1111         28447.56400
1112         28529.07100
1113         28610.76600
1114         28692.65200
1115         28774.72700
1116         28856.99200
1117         28939.44800
1118         29022.09400
1119         29104.93200
1120         29187.96100
1121         29271.18100
1122         29354.59400
1123         29438.20000
1124         29521.99800
1125         29605.98900
1126         29690.17400
1127         29774.55300
1128         29859.12500
1129         29943.89300
1130         30028.85500
1131         30114.01200
1132         30199.36500
1133         30284.91400
1134         30370.65800
1135         30456.60000
1136         30542.73800
1137         30629.07400
1138         30715.60700
1139         30802.33800
1140         30889.26800
1141         30976.39600
1142         31063.72300
1143         31151.24900
1144         31238.97500
1145         31326.90100
1146         31415.02700
1147         31503.35400
1148         31591.88200
1149         31680.61200
1150         31769.54300
1151         31858.67600
1152         31948.01200
1153         32037.55000
1154         32127.29200
1155         32217.23700
1156         32307.38600
1157         32397.74000
1158         32488.29700
1159         32579.06000
1160         32670.02800
1161         32761.20200
1162         32852.58100
1163         32944.16700
1164         33035.96000
1165         33127.95900
1166         33220.16600
1167         33312.58100
1168         33405.20400
1169         33498.03500
1170         33591.07600
1171         33684.32500
1172         33777.78400
1173         33871.45300
1174         33965.33200
1175         34059.42100
1176         34153.72200
1177         34248.23400
1178         34342.95700
1179         34437.89300
1180         34533.04100
1181         34628.40200
1182         34723.97600
1183         34819.76400
1184         34915.76500
1185         35011.98100
1186         35108.41100
1187         35205.05600
1188         35301.91700
1189         35398.99300
1190         35496.28500
1191         35593.79400
1192         35691.51900
1193         35789.46200
1194         35887.62200
1195         35986.00000
1196         36084.59700
1197         36183.41200
1198         36282.44600
1199         36381.69900
1200         36481.17200
1201         36580.86500
1202         36680.77900
1203         36780.91300
1204         36881.26900
1205         36981.84700
1206         37082.64600
1207         37183.66800
1208         37284.91200
1209         37386.37900
1210         37488.07000
1211         37589.98500
1212         37692.12400
1213         37794.48800
1214         37897.07600
1215         37999.89000
1216         38102.93000
1217         38206.19600
1218         38309.68800
1219         38413.40700
1220         38517.35300
1221         38621.52700
1222         38725.92900
1223         38830.55900
1224         38935.41800
1225         39040.50600
1226         39145.82400
1227         39251.37200
1228         39357.15000
1229         39463.15800
1230         39569.39800
1231         39675.86900
1232         39782.57100
1233         39889.50600
1234         39996.67400
1235         40104.07400
1236         40211.70800
1237         40319.57600
1238         40427.67800
1239         40536.01400
1240         40644.58500
1241         40753.39200
1242         40862.43400
1243         40971.71200
1244         41081.22700
1245         41190.97800
1246         41300.96700
1247         41411.19300
1248         41521.65700
1249         41632.36000
1250         41743.30200
1251         41854.48200
1252         41965.90300
1253         42077.56300
1254         42189.46400
1255         42301.60500
1256         42413.98800
1257         42526.61200
1258         42639.47800
1259         42752.58600
1260         42865.93700
1261         42979.53200
1262         43093.36900
1263         43207.45100
1264         43321.77700
1265         43436.34800
1266         43551.16400
1267         43666.22500
1268         43781.53300
1269         43897.08600
1270         44012.88700
1271         44128.93400
1272         44245.22900
1273         44361.77200
1274         44478.56400
1275         44595.60400
1276         44712.89300
1277         44830.43200
1278         44948.22000
1279         45066.25900
1280         45184.54900
1281         45303.09000
1282         45421.88200
1283         45540.92700
1284         45660.22400
1285         45779.77300
1286         45899.57600
1287         46019.63300
1288         46139.94300
1289         46260.50800
1290         46381.32700
1291         46502.40200
1292         46623.73300
1293         46745.31900
1294         46867.16200
1295         46989.26200
1296         47111.62000
1297         47234.23500
1298         47357.10800
1299         47480.23900
1300         47603.63000
1301         47727.28000
1302         47851.18900
1303         47975.35900
1304         48099.79000
1305         48224.48100
1306         48349.43400
1307         48474.64900
1308         48600.12600
1309         48725.86600
1310         48851.86900
1311         48978.13500
1312         49104.66500
1313         49231.46000
1314         49358.51900
1315         49485.84400
1316         49613.43400
1317         49741.29100
1318         49869.41400
1319         49997.80300
1320         50126.46000
1321         50255.38500
1322         50384.57800
1323         50514.04000
1324         50643.77000
1325         50773.77000
1326         50904.04000
1327         51034.58100
1328         51165.39100
1329         51296.47400
1330         51427.82700
1331         51559.45300
1332         51691.35100
1333         51823.52200
1334         51955.96600
1335         52088.68400
1336         52221.67600
1337         52354.94300
1338         52488.48400
1339         52622.30100
1340         52756.39400
1341         52890.76400
1342         53025.41000
1343         53160.33300
1344         53295.53400
1345         53431.01300
1346         53566.77000
1347         53702.80600
1348         53839.12200
1349         53975.71700
1350         54112.59300
1351         54249.74900
1352         54387.18600
1353         54524.90500
1354         54662.90600
1355         54801.18900
1356         54939.75600
1357         55078.60500
1358         55217.73800
1359         55357.15600
1360         55496.85700
1361         55636.84400
1362         55777.11700
1363         55917.67500
1364         56058.52000
1365         56199.65200
1366         56341.07100
1367         56482.77800
1368         56624.77200
1369         56767.05600
1370         56909.62800
1371         57052.49000
1372         57195.64200
1373         57339.08500
1374         57482.81800
1375         57626.84200
1376         57771.15800
1377         57915.76700
1378         58060.66800
1379         58205.86200
1380         58351.35000
1381         58497.13100
1382         58643.20700
1383         58789.57800
1384         58936.24500
1385         59083.20700
1386         59230.46500
1387         59378.02100
1388         59525.87300
1389         59674.02300
1390         59822.47100
1391         59971.21700
1392         60120.26300
1393         60269.60800
1394         60419.25300
1395         60569.19800
1396         60719.44400
1397         60869.99100
1398         61020.84000
1399         61171.99200
1400         61323.44500
1401         61475.20300
1402         61627.26300
1403         61779.62800
1404         61932.29700
1405         62085.27100
1406         62238.55100
1407         62392.13600
1408         62546.02800
1409         62700.22600
1410         62854.73200
1411         63009.54600
1412         63164.66800
1413         63320.09800
1414         63475.83800
1415         63631.88700
1416         63788.24700
1417         63944.91700
1418         64101.89800
1419         64259.19000
1420         64416.79500
1421         64574.71200
1422         64732.94100
1423         64891.48500
1424         65050.34200
1425         65209.51300
1426         65368.99900
1427         65528.80000
1428         65688.91800
1429         65849.35100
1430         66010.10100
1431         66171.16800
1432         66332.55300
1433         66494.25600
1434         66656.27700
1435         66818.61800
1436         66981.27800
1437         67144.25800
1438         67307.55900
1439         67471.18100
1440         67635.12400
1441         67799.38900
1442         67963.97600
1443         68128.88700
1444         68294.12100
1445         68459.67800
1446         68625.56000
1447         68791.76700
1448         68958.29900
1449         69125.15700
1450         69292.34100
1451         69459.85200
1452         69627.69000
1453         69795.85600
1454         69964.35100
1455         70133.17400
1456         70302.32600
1457         70471.80700
1458         70641.61900
1459         70811.76200
1460         70982.23600
1461         71153.04100
1462         71324.17900
1463         71495.64900
1464         71667.45200
1465         71839.58900
1466         72012.06000
1467         72184.86600
1468         72358.00700
1469         72531.48300
1470         72705.29500
1471         72879.44400
1472         73053.93000
1473         73228.75400
1474         73403.91500
1475         73579.41600
1476         73755.25500
1477         73931.43400
1478         74107.95200
1479         74284.81200
1480         74462.01200
1481         74639.55400
1482         74817.43800
1483         74995.66500
1484         75174.23400
1485         75353.14700
1486         75532.40500
1487         75712.00600
1488         75891.95300
1489         76072.24500
1490         76252.88400
1491         76433.86900
1492         76615.20100
1493         76796.88000
1494         76978.90800
1495         77161.28500
1496         77344.01000
1497         77527.08500
1498         77710.51000
1499         77894.28600
1500         78078.41300
1501         78262.89100
1502         78447.72200
1503         78632.90500
1504         78818.44200
1505         79004.33200
1506         79190.57600
1507         79377.17600
1508         79564.13000
1509         79751.44000
1510         79939.10600
1511         80127.12900
1512         80315.51000
1513         80504.24800
1514         80693.34400
1515         80882.80000
1516         81072.61400
1517         81262.78900
1518         81453.32400
1519         81644.22000
1520         81835.47700
1521         82027.09600
1522         82219.07800
1523         82411.42200
1524         82604.13100
1525         82797.20300
1526         82990.63900
1527         83184.44100
1528         83378.60900
1529         83573.14200
1530         83768.04200
1531         83963.31000
1532         84158.94500
1533         84354.94800
1534         84551.32000
1535         84748.06100
1536         84945.17200
1537         85142.65400
1538         85340.50600
1539         85538.72900
1540         85737.32500
1541         85936.29300
1542         86135.63400
1543         86335.34800
1544         86535.43700
1545         86735.90000
1546         86936.73800
1547         87137.95200
1548         87339.54200
1549         87541.50900
1550         87743.85200
1551         87946.57400
1552         88149.67400
1553         88353.15300
1554         88557.01100
1555         88761.24900
1556         88965.86800
1557         89170.86800
1558         89376.24900
1559         89582.01200
1560         89788.15800
1561         89994.68700
1562         90201.59900
1563         90408.89600
1564         90616.57800
1565         90824.64500
1566         91033.09800
1567         91241.93700
1568         91451.16300
1569         91660.77700
1570         91870.77900
1571         92081.16900
1572         92291.94900
1573         92503.11800
1574         92714.67700
1575         92926.62700
1576         93138.96900
1577         93351.70200
1578         93564.82800
1579         93778.34700
1580         93992.25900
1581         94206.56500
1582         94421.26600
1583         94636.36200
1584         94851.85400
1585         95067.74200
1586         95284.02700
1587         95500.70900
1588         95717.79000
1589         95935.26800
1590         96153.14600
1591         96371.42400
1592         96590.10100
1593         96809.17900
1594         97028.65900
1595         97248.54000
1596         97468.82400
1597         97689.51100
1598         97910.60100
1599         98132.09500
1600         98353.99400
1601         98576.29900
1602         98799.00800
1603         99022.12500
1604         99245.64800
1605         99469.57800
1606         99693.91700
1607         99918.66400
1608        100143.82000
1609        100369.39000
1610        100595.36000
1611        100821.75000
1612        101048.55000
1613        101275.76000
1614        101503.38000
1615        101731.42000
1616        101959.87000
1617        102188.73000
1618        102418.01000
1619        102647.70000
1620        102877.81000
1621        103108.34000
1622        103339.28000
1623        103570.65000
1624        103802.43000
1625        104034.62000
1626        104267.24000
1627        104500.28000
1628        104733.74000
1629        104967.62000
1630        105201.92000
1631        105436.64000
1632        105671.79000
1633        105907.36000
1634        106143.35000
1635        106379.77000
1636        106616.62000
1637        106853.88000
1638        107091.58000
1639        107329.70000
1640        107568.25000
1641        107807.23000
1642        108046.64000
1643        108286.47000
1644        108526.74000
1645        108767.44000
1646        109008.56000
1647        109250.12000
1648        109492.11000
1649        109734.54000
1650        109977.39000
1651        110220.69000
1652        110464.41000
1653        110708.57000
1654        110953.17000
1655        111198.20000
1656        111443.67000
1657        111689.58000
1658        111935.92000
1659        112182.71000
1660        112429.93000
1661        112677.59000
1662        112925.70000
1663        113174.24000
1664        113423.23000
1665        113672.66000
1666        113922.53000
1667        114172.84000
1668        114423.60000
1669        114674.80000
1670        114926.45000
1671        115178.55000
1672        115431.09000
1673        115684.07000
1674        115937.51000
1675        116191.39000
1676        116445.72000
1677        116700.51000
1678        116955.74000
1679        117211.42000
1680        117467.55000
1681        117724.14000
1682        117981.18000
1683        118238.67000
1684        118496.61000
1685        118755.01000
1686        119013.86000
1687        119273.17000
1688        119532.94000
1689        119793.16000
1690        120053.84000
1691        120314.98000
1692        120576.57000
1693        120838.63000
1694        121101.14000
1695        121364.11000
1696        121627.55000
1697        121891.45000
1698        122155.81000
1699        122420.63000
1700        122685.91000
1701        122951.66000
1702        123217.88000
1703        123484.56000
1704        123751.70000
1705        124019.32000
1706        124287.39000
1707        124555.94000
1708        124824.96000
1709        125094.44000
1710        125364.39000
1711        125634.82000
1712        125905.71000
1713        126177.08000
1714        126448.92000
1715        126721.23000
1716        126994.01000
1717        127267.27000
1718        127541.00000
1719        127815.21000
1720        128089.90000
1721        128365.06000
1722        128640.69000
1723        128916.81000
1724        129193.40000
1725        129470.47000
1726        129748.03000
1727        130026.06000
1728        130304.57000
1729        130583.57000
1730        130863.04000
1731        131143.00000
1732        131423.45000
1733        131704.37000
1734        131985.78000
1735        132267.68000
1736        132550.06000
1737        132832.93000
1738        133116.29000
1739        133400.13000
1740        133684.47000
1741        133969.29000
1742        134254.60000
1743        134540.40000
1744        134826.69000
1745        135113.48000
1746        135400.76000
1747        135688.53000
1748        135976.79000
1749        136265.55000
1750        136554.80000
1751        136844.55000
1752        137134.79000
1753        137425.53000
1754        137716.77000
1755        138008.51000
1756        138300.74000
1757        138593.48000
1758        138886.71000
1759        139180.45000
1760        139474.69000
1761        139769.43000
1762        140064.67000
1763        140360.41000
1764        140656.66000
1765        140953.41000
1766        141250.67000
1767        141548.44000
1768        141846.71000
1769        142145.49000
1770        142444.77000
1771        142744.57000
1772        143044.87000
1773        143345.68000
1774        143647.01000
1775        143948.84000
1776        144251.19000
1777        144554.05000
1778        144857.42000
1779        145161.31000
1780        145465.71000
1781        145770.62000
1782        146076.05000
1783        146382.00000
1784        146688.47000
1785        146995.45000
1786        147302.95000
1787        147610.97000
1788        147919.51000
1789        148228.57000
1790        148538.15000
1791        148848.25000
1792        149158.88000
1793        149470.03000
1794        149781.70000
1795        150093.90000
1796        150406.62000
1797        150719.86000
1798        151033.64000
1799        151347.94000
1800        151662.77000
1801        151978.12000
1802        152294.01000
1803        152610.43000
1804        152927.37000
1805        153244.85000
1806        153562.86000
1807        153881.40000
1808        154200.48000
1809        154520.08000
1810        154840.23000
1811        155160.91000
1812        155482.12000
1813        155803.87000
1814        156126.16000
1815        156448.98000
1816        156772.35000
1817        157096.25000
1818        157420.69000
1819        157745.68000
1820        158071.20000
1821        158397.27000
1822        158723.88000
1823        159051.03000
1824        159378.73000
1825        159706.97000
1826        160035.76000
1827        160365.10000
1828        160694.98000
1829        161025.40000
1830        161356.38000
1831        161687.90000
1832        162019.98000
1833        162352.60000
1834        162685.78000
1835        163019.51000
1836        163353.79000
1837        163688.62000
1838        164024.01000
1839        164359.95000
1840        164696.44000
1841        165033.49000
1842        165371.10000
1843        165709.27000
1844        166047.99000
1845        166387.27000
1846        166727.11000
1847        167067.51000
1848        167408.47000
1849        167750.00000
1850        168092.08000
1851        168434.73000
1852        168777.94000
1853        169121.72000
1854        169466.06000
1855        169810.96000
1856        170156.44000
1857        170502.47000
1858        170849.08000
1859        171196.26000
1860        171544.00000
1861        171892.32000
1862        172241.20000
1863        172590.66000
1864        172940.68000
1865        173291.28000
1866        173642.46000
1867        173994.21000
1868        174346.53000
1869        174699.43000
1870        175052.90000
1871        175406.95000
1872        175761.58000
1873        176116.79000
1874        176472.58000
1875        176828.94000
1876        177185.89000
1877        177543.42000
1878        177901.53000
1879        178260.22000
1880        178619.50000
1881        178979.36000
1882        179339.80000
1883        179700.83000
1884        180062.45000
1885        180424.66000
1886        180787.45000
1887        181150.83000
1888        181514.80000
1889        181879.35000
1890        182244.50000
1891        182610.25000
1892        182976.58000
1893        183343.50000
1894        183711.02000
1895        184079.14000
1896        184447.85000
1897        184817.15000
1898        185187.05000
1899        185557.55000
1900        185928.64000
1901        186300.34000
1902        186672.63000
1903        187045.53000
1904        187419.02000
1905        187793.12000
1906        188167.81000
1907        188543.12000
1908        188919.02000
1909        189295.53000
1910        189672.65000
1911        190050.37000
1912        190428.69000
1913        190807.63000
1914        191187.17000
1915        191567.32000
1916        191948.09000
1917        192329.46000
1918        192711.44000
1919        193094.04000
1920        193477.24000
1921        193861.07000
1922        194245.50000
1923        194630.55000
1924        195016.22000
1925        195402.50000
1926        195789.40000
1927        196176.92000
1928        196565.05000
1929        196953.81000
1930        197343.18000
1931        197733.18000
1932        198123.80000
1933        198515.04000
1934        198906.90000
1935        199299.39000
1936        199692.50000
1937        200086.24000
1938        200480.60000
1939        200875.59000
1940        201271.21000
1941        201667.45000
1942        202064.33000
1943        202461.83000
1944        202859.97000
1945        203258.74000
1946        203658.13000
1947        204058.17000
1948        204458.83000
1949        204860.13000
1950        205262.07000
1951        205664.64000
1952        206067.85000
1953        206471.69000
1954        206876.18000
1955        207281.30000
1956        207687.06000
1957        208093.47000
1958        208500.51000
1959        208908.20000
1960        209316.53000
1961        209725.50000
1962        210135.12000
1963        210545.38000
1964        210956.29000
1965        211367.85000
1966        211780.05000
1967        212192.90000
1968        212606.40000
1969        213020.55000
1970        213435.36000
1971        213850.81000
1972        214266.91000
1973        214683.67000
1974        215101.08000
1975        215519.15000
1976        215937.87000
1977        216357.24000
1978        216777.28000
1979        217197.97000
1980        217619.32000
1981        218041.33000
1982        218464.00000
1983        218887.32000
1984        219311.32000
1985        219735.97000
1986        220161.28000
1987        220587.26000
1988        221013.91000
1989        221441.22000
1990        221869.20000
1991        222297.84000
1992        222727.15000
1993        223157.13000
1994        223587.78000
1995        224019.10000
1996        224451.09000
1997        224883.75000
1998        225317.08000
1999        225751.09000
2000        226185.77000
2001        226621.13000
2002        227057.16000
2003        227493.87000
2004        227931.26000
2005        228369.32000
2006        228808.06000
2007        229247.48000
2008        229687.59000
2009        230128.37000
2010        230569.84000
2011        231011.99000
2012        231454.82000
2013        231898.34000
2014        232342.54000
2015        232787.43000
2016        233233.01000
2017        233679.27000
2018        234126.22000
2019        234573.86000
2020        235022.19000
2021        235471.22000
2022        235920.93000
2023        236371.34000
2024        236822.44000
2025        237274.23000
2026        237726.72000
2027        238179.90000
2028        238633.78000
2029        239088.36000
2030        239543.64000
2031        239999.62000
2032        240456.29000
2033        240913.67000
2034        241371.75000
2035        241830.52000
2036        242290.01000
2037        242750.19000
2038        243211.09000
2039        243672.68000
2040        244134.99000
2041        244598.00000
2042        245061.72000
2043        245526.14000
2044        245991.28000
2045        246457.13000
2046        246923.69000
2047        247390.96000
2048        247858.94000
2049        248327.64000
2050        248797.05000
2051        249267.18000
2052        249738.02000
2053        250209.58000
2054        250681.86000
2055        251154.86000
2056        251628.58000
2057        252103.02000
2058        252578.17000
2059        253054.06000
2060        253530.66000
2061        254007.99000
2062        254486.04000
2063        254964.81000
2064        255444.32000
2065        255924.55000
2066        256405.51000
2067        256887.19000
2068        257369.61000
2069        257852.76000
2070        258336.63000
2071        258821.24000
2072        259306.59000
2073        259792.66000
2074        260279.48000
2075        260767.02000
2076        261255.31000
2077        261744.33000
2078        262234.08000
2079        262724.58000
2080        263215.82000
2081        263707.79000
2082        264200.51000
2083        264693.97000
2084        265188.18000
2085        265683.12000
2086        266178.82000
2087        266675.25000
2088        267172.44000
2089        267670.37000
2090        268169.05000
2091        268668.48000
2092        269168.65000
2093        269669.58000
2094        270171.26000
2095        270673.70000
2096        271176.88000
2097        271680.82000
2098        272185.52000
2099        272690.97000
2100        273197.18000
2101        273704.14000
2102        274211.86000
2103        274720.35000
2104        275229.59000
2105        275739.59000
2106        276250.36000
2107        276761.89000
2108        277274.18000
2109        277787.24000
2110        278301.06000
2111        278815.65000
2112        279331.00000
2113        279847.12000
2114        280364.01000
2115        280881.68000
2116        281400.11000
2117        281919.31000
2118        282439.28000
2119        282960.03000
2120        283481.55000
2121        284003.85000
2122        284526.92000
2123        285050.77000
2124        285575.40000
2125        286100.81000
2126        286626.99000
2127        287153.95000
2128        287681.70000
2129        288210.23000
2130        288739.54000
2131        289269.63000
2132        289800.51000
2133        290332.17000
2134        290864.62000
2135        291397.86000
2136        291931.88000
2137        292466.69000
2138        293002.30000
2139        293538.69000
2140        294075.88000
2141        294613.85000
2142        295152.63000
2143        295692.19000
2144        296232.55000
2145        296773.71000
2146        297315.66000
2147        297858.41000
2148        298401.96000
2149        298946.31000
2150        299491.46000
2151        300037.41000
2152        300584.16000
2153        301131.72000
2154        301680.08000
2155        302229.24000
2156        302779.21000
2157        303329.99000
2158        303881.58000
2159        304433.97000
2160        304987.17000
2161        305541.19000
2162        306096.01000
2163        306651.65000
2164        307208.10000
2165        307765.36000
2166        308323.44000
2167        308882.33000
2168        309442.04000
2169        310002.57000
2170        310563.91000
2171        311126.08000
2172        311689.06000
2173        312252.87000
2174        312817.50000
2175        313382.95000
2176        313949.23000
2177        314516.33000
2178        315084.25000
2179        315653.00000
2180        316222.58000
2181        316792.99000
2182        317364.23000
2183        317936.30000
2184        318509.19000
2185        319082.93000
2186        319657.49000
2187        320232.89000
2188        320809.12000
2189        321386.19000
2190        321964.09000
2191        322542.83000
2192        323122.41000
2193        323702.83000
2194        324284.09000
2195        324866.20000
2196        325449.14000
2197        326032.93000
2198        326617.56000
2199        327203.03000
2200        327789.35000
2201        328376.52000
2202        328964.54000
2203        329553.40000
2204        330143.12000
2205        330733.68000
2206        331325.10000
2207        331917.37000
2208        332510.49000
2209        333104.46000
2210        333699.29000
2211        334294.98000
2212        334891.52000
2213        335488.93000
2214        336087.19000
2215        336686.31000
2216        337286.29000
2217        337887.13000
2218        338488.84000
2219        339091.41000
2220        339694.84000
2221        340299.14000
2222        340904.31000
2223        341510.34000
2224        342117.24000
2225        342725.01000
2226        343333.65000
2227        343943.16000
2228        344553.55000
2229        345164.80000
2230        345776.93000
2231        346389.94000
2232        347003.82000
2233        347618.58000
2234        348234.21000
2235        348850.73000
2236        349468.12000
2237        350086.40000
2238        350705.55000
2239        351325.59000
2240        351946.51000
2241        352568.32000
2242        353191.01000
2243        353814.59000
2244        354439.05000
2245        355064.41000
2246        355690.65000
2247        356317.78000
2248        356945.81000
2249        357574.72000
2250        358204.53000
2251        358835.23000
2252        359466.83000
2253        360099.32000
2254        360732.71000
2255        361367.00000
2256        362002.19000
2257        362638.28000
2258        363275.26000
2259        363913.15000
2260        364551.94000
2261        365191.64000
2262        365832.24000
2263        366473.74000
2264        367116.16000
2265        367759.48000
2266        368403.70000
2267        369048.84000
2268        369694.89000
2269        370341.85000
2270        370989.72000
2271        371638.50000
2272        372288.20000
2273        372938.82000
2274        373590.35000
2275        374242.80000
2276        374896.16000
2277        375550.45000
2278        376205.65000
2279        376861.78000
2280        377518.83000
2281        378176.80000
2282        378835.69000
2283        379495.52000
2284        380156.26000
2285        380817.94000
2286        381480.54000
2287        382144.07000
2288        382808.53000
2289        383473.92000
2290        384140.25000
2291        384807.50000
2292        385475.69000
2293        386144.82000
2294        386814.88000
2295        387485.88000
2296        388157.82000
2297        388830.69000
2298        389504.51000
2299        390179.26000
2300        390854.96000
2301        391531.60000
2302        392209.19000
2303        392887.72000
2304        393567.20000
2305        394247.62000
2306        394928.99000
2307        395611.31000
2308        396294.58000
2309        396978.80000
2310        397663.97000
2311        398350.10000
2312        399037.17000
2313        399725.21000
2314        400414.20000
2315        401104.15000
2316        401795.05000
2317        402486.91000
2318        403179.74000
2319        403873.52000
2320        404568.27000
2321        405263.98000
2322        405960.65000
2323        406658.29000
2324        407356.89000
2325        408056.47000
2326        408757.01000
2327        409458.51000
2328        410160.99000
2329        410864.44000
2330        411568.86000
2331        412274.26000
2332        412980.63000
2333        413687.97000
2334        414396.29000
2335        415105.59000
2336        415815.87000
2337        416527.12000
2338        417239.36000
2339        417952.57000
2340        418666.77000
2341        419381.96000
2342        420098.12000
2343        420815.28000
2344        421533.41000
2345        422252.54000
2346        422972.65000
2347        423693.76000
2348        424415.85000
2349        425138.94000
2350        425863.02000
2351        426588.09000
2352        427314.16000
2353        428041.22000
2354        428769.28000
2355        429498.34000
2356        430228.39000
2357        430959.45000
2358        431691.50000
2359        432424.56000
2360        433158.63000
2361        433893.69000
2362        434629.76000
2363        435366.84000
2364        436104.92000
2365        436844.01000
2366        437584.12000
2367        438325.23000
2368        439067.35000
2369        439810.48000
2370        440554.63000
2371        441299.80000
2372        442045.97000
2373        442793.17000
2374        443541.38000
2375        444290.61000
2376        445040.86000
2377        445792.14000
2378        446544.43000
2379        447297.74000
2380        448052.08000
2381        448807.45000
2382        449563.84000
2383        450321.26000
2384        451079.71000
2385        451839.18000
2386        452599.69000
2387        453361.22000
2388        454123.79000
2389        454887.39000
2390        455652.03000
2391        456417.70000
2392        457184.41000
2393        457952.16000
2394        458720.95000
2395        459490.77000
2396        460261.64000
2397        461033.55000
2398        461806.50000
2399        462580.49000
2400        463355.53000
2401        464131.62000
2402        464908.75000
2403        465686.93000
2404        466466.17000
2405        467246.45000
2406        468027.78000
2407        468810.17000
2408        469593.61000
2409        470378.10000
2410        471163.65000
2411        471950.26000
2412        472737.92000
2413        473526.65000
2414        474316.43000
2415        475107.28000
2416        475899.19000
2417        476692.16000
2418        477486.20000
2419        478281.30000
2420        479077.46000
2421        479874.70000
2422        480673.01000
2423        481472.38000
2424        482272.83000
2425        483074.34000
2426        483876.93000
2427        484680.60000
2428        485485.34000
2429        486291.16000
2430        487098.05000
2431        487906.02000
2432        488715.08000
2433        489525.21000
2434        490336.43000
2435        491148.72000
2436        491962.11000
2437        492776.57000
2438        493592.13000
2439        494408.77000
2440        495226.50000
2441        496045.32000
2442        496865.23000
2443        497686.23000
2444        498508.33000
2445        499331.51000
2446        500155.80000
2447        500981.18000
2448        501807.65000
2449        502635.23000
2450        503463.91000
2451        504293.68000
2452        505124.56000
2453        505956.54000
2454        506789.62000
2455        507623.81000
2456        508459.11000
2457        509295.51000
2458        510133.02000
2459        510971.64000
2460        511811.37000
2461        512652.21000
2462        513494.17000
2463        514337.24000
2464        515181.42000
2465        516026.73000
2466        516873.14000
2467        517720.68000
2468        518569.34000
2469        519419.11000
2470        520270.01000
2471        521122.03000
2472        521975.18000
2473        522829.45000
2474        523684.84000
2475        524541.37000
2476        525399.02000
2477        526257.80000
2478        527117.72000
2479        527978.76000
2480        528840.94000
2481        529704.25000
2482        530568.70000
2483        531434.28000
2484        532301.00000
2485        533168.87000
2486        534037.86000
2487        534908.01000
2488        535779.29000
2489        536651.72000
2490        537525.29000
2491        538400.00000
2492        539275.86000
2493        540152.87000
2494        541031.03000
2495        541910.34000
2496        542790.80000
2497        543672.42000
2498        544555.18000
2499        545439.10000
2500        546324.18000
2501        547210.42000
2502        548097.81000
2503        548986.36000
2504        549876.07000
2505        550766.94000
2506        551658.98000
2507        552552.18000
2508        553446.54000
2509        554342.07000
2510        555238.77000
2511        556136.64000
2512        557035.67000
2513        557935.88000
2514        558837.25000
2515        559739.81000
2516        560643.53000
2517        561548.43000
2518        562454.51000
2519        563361.76000
2520        564270.20000
2521        565179.81000
2522        566090.61000
2523        567002.58000
2524        567915.74000
2525        568830.09000
2526        569745.62000
2527        570662.34000
2528        571580.24000
2529        572499.34000
2530        573419.62000
2531        574341.10000
2532        575263.77000
2533        576187.64000
2534        577112.69000
2535        578038.95000
2536        578966.40000
2537        579895.05000
2538        580824.91000
2539        581755.96000
2540        582688.21000
2541        583621.67000
2542        584556.33000
2543        585492.20000
2544        586429.28000
2545        587367.56000
2546        588307.05000
2547        589247.75000
2548        590189.67000
2549        591132.80000
2550        592077.14000
2551        593022.69000
2552        593969.46000
2553        594917.45000
2554        595866.66000
2555        596817.09000
2556        597768.74000
2557        598721.61000
2558        599675.71000
2559        600631.03000
2560        601587.58000
2561        602545.35000
2562        603504.35000
2563        604464.58000
2564        605426.04000
2565        606388.73000
2566        607352.66000
2567        608317.82000
2568        609284.22000
2569        610251.85000
2570        611220.72000
2571        612190.83000
2572        613162.18000
2573        614134.77000
2574        615108.60000
2575        616083.68000
2576        617060.00000
2577        618037.57000
2578        619016.38000
2579        619996.44000
2580        620977.76000
2581        621960.32000
2582        622944.14000
2583        623929.21000
2584        624915.54000
2585        625903.12000
2586        626891.96000
2587        627882.05000
2588        628873.41000
2589        629866.02000
2590        630859.90000
2591        631855.05000
2592        632851.45000
2593        633849.12000
2594        634848.06000
2595        635848.27000
2596        636849.74000
2597        637852.49000
2598        638856.51000
2599        639861.80000
2600        640868.36000
2601        641876.20000
2602        642885.32000
2603        643895.71000
2604        644907.39000
2605        645920.34000
2606        646934.58000
2607        647950.10000
2608        648966.90000
2609        649984.98000
2610        651004.36000
2611        652025.02000
2612        653046.97000
2613        654070.21000
2614        655094.74000
2615        656120.56000
2616        657147.68000
2617        658176.09000
2618        659205.80000
2619        660236.81000
2620        661269.12000
2621        662302.72000
2622        663337.63000
2623        664373.84000
2624        665411.35000
2625        666450.17000
2626        667490.29000
2627        668531.72000
2628        669574.46000
2629        670618.51000
2630        671663.87000
2631        672710.54000
2632        673758.53000
2633        674807.83000
2634        675858.45000
2635        676910.39000
2636        677963.64000
2637        679018.21000
2638        680074.11000
2639        681131.33000
2640        682189.87000
2641        683249.73000
2642        684310.93000
2643        685373.45000
2644        686437.30000
2645        687502.47000
2646        688568.98000
2647        689636.83000
2648        690706.00000
2649        691776.51000
2650        692848.36000
2651        693921.55000
2652        694996.07000
2653        696071.93000
2654        697149.14000
2655        698227.69000
2656        699307.58000
2657        700388.81000
2658        701471.40000
2659        702555.33000
2660        703640.61000
2661        704727.24000
2662        705815.22000
2663        706904.55000
2664        707995.24000
2665        709087.28000
2666        710180.68000
2667        711275.44000
2668        712371.56000
2669        713469.04000
2670        714567.87000
2671        715668.08000
2672        716769.64000
2673        717872.58000
2674        718976.87000
2675        720082.54000
2676        721189.58000
2677        722297.98000
2678        723407.76000
2679        724518.92000
2680        725631.44000
2681        726745.34000
2682        727860.62000
2683        728977.28000
2684        730095.32000
2685        731214.74000
2686        732335.54000
2687        733457.72000
2688        734581.29000
2689        735706.25000
2690        736832.59000
2691        737960.32000
2692        739089.45000
2693        740219.96000
2694        741351.86000
2695        742485.16000
2696        743619.86000
2697        744755.95000
2698        745893.44000
2699        747032.33000
2700        748172.62000
2701        749314.31000
2702        750457.40000
2703        751601.90000
2704        752747.80000
2705        753895.11000
2706        755043.83000
2707        756193.96000
2708        757345.50000
2709        758498.45000
2710        759652.82000
2711        760808.60000
2712        761965.80000
2713        763124.41000
2714        764284.44000
2715        765445.89000
2716        766608.77000
2717        767773.07000
2718        768938.79000
2719        770105.93000
2720        771274.51000
2721        772444.51000
2722        773615.94000
2723        774788.80000
2724        775963.09000
2725        777138.82000
2726        778315.98000
2727        779494.58000
2728        780674.61000
2729        781856.08000
2730        783039.00000
2731        784223.35000
2732        785409.15000
2733        786596.39000
2734        787785.08000
2735        788975.21000
2736        790166.79000
2737        791359.82000
2738        792554.30000
2739        793750.23000
2740        794947.62000
2741        796146.46000
2742        797346.75000
2743        798548.51000
2744        799751.72000
2745        800956.39000
2746        802162.53000
2747        803370.12000
2748        804579.18000
2749        805789.71000
2750        807001.70000
2751        808215.16000
2752        809430.09000
2753        810646.49000
2754        811864.36000
2755        813083.71000
2756        814304.53000
2757        815526.83000
2758        816750.60000
2759        817975.85000
2760        819202.59000
2761        820430.80000
2762        821660.50000
2763        822891.68000
2764        824124.35000
2765        825358.51000
2766        826594.15000
2767        827831.28000
2768        829069.91000
2769        830310.02000
2770        831551.63000
2771        832794.74000
2772        834039.34000
2773        835285.44000
2774        836533.04000
2775        837782.14000
2776        839032.74000
2777        840284.84000
2778        841538.45000
2779        842793.57000
2780        844050.19000
2781        845308.33000
2782        846567.97000
2783        847829.12000
2784        849091.79000
2785        850355.97000
2786        851621.67000
2787        852888.88000
2788        854157.61000
2789        855427.86000
2790        856699.64000
2791        857972.93000
2792        859247.75000
2793        860524.10000
2794        861801.97000
2795        863081.37000
2796        864362.30000
2797        865644.76000
2798        866928.75000
2799        868214.28000
2800        869501.34000
2801        870789.94000
2802        872080.08000
2803        873371.75000
2804        874664.97000
2805        875959.72000
2806        877256.02000
2807        878553.87000
2808        879853.26000
2809        881154.20000
2810        882456.69000
2811        883760.73000
2812        885066.32000
2813        886373.46000
2814        887682.16000
2815        888992.42000
2816        890304.23000
2817        891617.60000
2818        892932.53000
2819        894249.02000
2820        895567.08000
2821        896886.70000
2822        898207.88000
2823        899530.63000
2824        900854.96000
2825        902180.85000
2826        903508.31000
2827        904837.35000
2828        906167.96000
2829        907500.14000
2830        908833.90000
2831        910169.24000
2832        911506.17000
2833        912844.67000
2834        914184.75000
2835        915526.42000
2836        916869.68000
2837        918214.52000
2838        919560.95000
2839        920908.97000
2840        922258.58000
2841        923609.78000
2842        924962.58000
2843        926316.98000
2844        927672.97000
2845        929030.56000
2846        930389.74000
2847        931750.53000
2848        933112.93000
2849        934476.92000
2850        935842.53000
2851        937209.74000
2852        938578.55000
2853        939948.98000
2854        941321.02000
2855        942694.67000
2856        944069.94000
2857        945446.82000
2858        946825.32000
2859        948205.43000
2860        949587.17000
2861        950970.53000
2862        952355.51000
2863        953742.11000
2864        955130.35000
2865        956520.20000
2866        957911.69000
2867        959304.81000
2868        960699.55000
2869        962095.93000
2870        963493.95000
2871        964893.60000
2872        966294.89000
2873        967697.81000
2874        969102.38000
2875        970508.59000
2876        971916.44000
2877        973325.94000
2878        974737.08000
2879        976149.87000
2880        977564.31000
2881        978980.39000
2882        980398.13000
2883        981817.53000
2884        983238.58000
2885        984661.28000
2886        986085.64000
2887        987511.66000
2888        988939.35000
2889        990368.69000
2890        991799.70000
2891        993232.37000
2892        994666.71000
2893        996102.71000
2894        997540.39000
2895        998979.74000
2896       1000420.80000
2897       1001863.40000
2898       1003307.80000
2899       1004753.90000
2900       1006201.60000
2901       1007651.00000
2902       1009102.10000
2903       1010554.80000
2904       1012009.30000
2905       1013465.40000
2906       1014923.20000
2907       1016382.80000
2908       1017844.00000
2909       1019306.80000
2910       1020771.40000
2911       1022237.70000
2912       1023705.70000
2913       1025175.40000
2914       1026646.70000
2915       1028119.80000
2916       1029594.60000
2917       1031071.10000
2918       1032549.20000
2919       1034029.10000
2920       1035510.70000
2921       1036994.00000
2922       1038479.10000
2923       1039965.80000
2924       1041454.20000
2925       1042944.40000
2926       1044436.30000
2927       1045929.90000
2928       1047425.20000
2929       1048922.20000
2930       1050421.00000
2931       1051921.50000
2932       1053423.70000
2933       1054927.60000
2934       1056433.30000
2935       1057940.70000
2936       1059449.80000
2937       1060960.60000
2938       1062473.20000
2939       1063987.60000
2940       1065503.60000
2941       1067021.50000
2942       1068541.00000
2943       1070062.30000
2944       1071585.30000
2945       1073110.10000
2946       1074636.60000
2947       1076164.90000
2948       1077694.90000
2949       1079226.70000
2950       1080760.30000
2951       1082295.50000
2952       1083832.60000
2953       1085371.40000
2954       1086911.90000
2955       1088454.30000
2956       1089998.40000
2957       1091544.20000
2958       1093091.80000
2959       1094641.20000
2960       1096192.30000
2961       1097745.20000
2962       1099299.90000
2963       1100856.40000
2964       1102414.60000
2965       1103974.60000
2966       1105536.40000
2967       1107100.00000
2968       1108665.30000
2969       1110232.50000
2970       1111801.40000
2971       1113372.10000
2972       1114944.60000
2973       1116518.80000
2974       1118094.90000
2975       1119672.80000
2976       1121252.40000
2977       1122833.90000
2978       1124417.10000
2979       1126002.10000
2980       1127589.00000
2981       1129177.60000
2982       1130768.00000
2983       1132360.30000
2984       1133954.30000
2985       1135550.20000
2986       1137147.80000
2987       1138747.30000
2988       1140348.60000
2989       1141951.70000
2990       1143556.60000
2991       1145163.30000
2992       1146771.90000
2993       1148382.20000
2994       1149994.40000
2995       1151608.40000
2996       1153224.20000
2997       1154841.90000
2998       1156461.40000
2999       1158082.70000
3000       1159705.80000
3001       1161330.80000
3002       1162957.60000
3003       1164586.30000
3004       1166216.70000
3005       1167849.00000
3006       1169483.20000
3007       1171119.20000
3008       1172757.00000
3009       1174396.70000
3010       1176038.20000
3011       1177681.60000
3012       1179326.90000
3013       1180973.90000
3014       1182622.90000
3015       1184273.60000
3016       1185926.30000
3017       1187580.80000
3018       1189237.10000
3019       1190895.30000
3020       1192555.40000
3021       1194217.30000
3022       1195881.10000
3023       1197546.80000
3024       1199214.40000
3025       1200883.80000
3026       1202555.00000
3027       1204228.20000
3028       1205903.20000
3029       1207580.10000
3030       1209258.90000
3031       1210939.50000
3032       1212622.10000
3033       1214306.50000
3034       1215992.80000
3035       1217681.00000
3036       1219371.10000
3037       1221063.00000
3038       1222756.90000
3039       1224452.60000
3040       1226150.30000
3041       1227849.80000
3042       1229551.20000
3043       1231254.60000
3044       1232959.80000
3045       1234666.90000
3046       1236376.00000
3047       1238086.90000
3048       1239799.80000
3049       1241514.50000
3050       1243231.20000
3051       1244949.80000
3052       1246670.20000
3053       1248392.60000
3054       1250117.00000
3055       1251843.20000
3056       1253571.40000
3057       1255301.40000
3058       1257033.40000
3059       1258767.30000
3060       1260503.20000
3061       1262241.00000
3062       1263980.70000
3063       1265722.30000
3064       1267465.90000
3065       1269211.40000
3066       1270958.80000
3067       1272708.20000
3068       1274459.50000
3069       1276212.70000
3070       1277967.90000
3071       1279725.10000
3072       1281484.20000
3073       1283245.20000
3074       1285008.20000
3075       1286773.10000
3076       1288540.00000
3077       1290308.80000
3078       1292079.60000
3079       1293852.30000
3080       1295627.00000
3081       1297403.70000
3082       1299182.30000
3083       1300962.90000
3084       1302745.50000
3085       1304530.00000
3086       1306316.50000
3087       1308104.90000
3088       1309895.40000
3089       1311687.80000
3090       1313482.10000
3091       1315278.50000
3092       1317076.80000
3093       1318877.10000
3094       1320679.40000
3095       1322483.70000
3096       1324290.00000
3097       1326098.20000
3098       1327908.40000
3099       1329720.70000
3100       1331534.90000
3101       1333351.10000
3102       1335169.30000
3103       1336989.50000
3104       1338811.70000
3105       1340635.90000
3106       1342462.10000
3107       1344290.30000
3108       1346120.50000
3109       1347952.70000
3110       1349786.90000
3111       1351623.10000
3112       1353461.30000
3113       1355301.60000
3114       1357143.90000
3115       1358988.10000
3116       1360834.40000
3117       1362682.80000
3118       1364533.10000
3119       1366385.50000
3120       1368239.90000
3121       1370096.30000
3122       1371954.70000
3123       1373815.20000
3124       1375677.70000
3125       1377542.20000
3126       1379408.80000
3127       1381277.40000
3128       1383148.00000
3129       1385020.70000
3130       1386895.40000
3131       1388772.20000
3132       1390651.00000
3133       1392531.90000
3134       1394414.80000
3135       1396299.80000
3136       1398186.80000
3137       1400075.80000
3138       1401966.90000
3139       1403860.10000
3140       1405755.40000
3141       1407652.60000
3142       1409552.00000
3143       1411453.40000
3144       1413356.90000
3145       1415262.40000
3146       1417170.10000
3147       1419079.70000
3148       1420991.50000
3149       1422905.30000
3150       1424821.20000
3151       1426739.20000
3152       1428659.30000
3153       1430581.40000
3154       1432505.70000
3155       1434432.00000
3156       1436360.40000
3157       1438290.90000
3158       1440223.40000
3159       1442158.10000
3160       1444094.80000
3161       1446033.70000
3162       1447974.60000
3163       1449917.70000
3164       1451862.80000
3165       1453810.10000
3166       1455759.40000
3167       1457710.90000
3168       1459664.40000
3169       1461620.10000
3170       1463577.80000
3171       1465537.70000
3172       1467499.70000
3173       1469463.80000
3174       1471430.10000
3175       1473398.40000
3176       1475368.90000
3177       1477341.50000
3178       1479316.20000
3179       1481293.00000
3180       1483272.00000
3181       1485253.10000
3182       1487236.30000
3183       1489221.60000
3184       1491209.10000
3185       1493198.80000
3186       1495190.50000
3187       1497184.40000
3188       1499180.50000
3189       1501178.60000
3190       1503179.00000
3191       1505181.40000
3192       1507186.10000
3193       1509192.80000
3194       1511201.80000
3195       1513212.80000
3196       1515226.10000
3197       1517241.40000
3198       1519259.00000
3199       1521278.70000
3200       1523300.60000
3201       1525324.60000
3202       1527350.80000
3203       1529379.10000
3204       1531409.70000
3205       1533442.40000
3206       1535477.20000
3207       1537514.30000
3208       1539553.50000
3209       1541594.90000
3210       1543638.50000
3211       1545684.20000
3212       1547732.20000
3213       1549782.30000
3214       1551834.60000
3215       1553889.10000
3216       1555945.80000
3217       1558004.70000
3218       1560065.80000
3219       1562129.00000
3220       1564194.50000
3221       1566262.20000
3222       1568332.00000
3223       1570404.10000
3224       1572478.40000
3225       1574554.90000
3226       1576633.60000
3227       1578714.50000
3228       1580797.60000
3229       1582882.90000
3230       1584970.40000
3231       1587060.20000
3232       1589152.10000
3233       1591246.30000
3234       1593342.70000
3235       1595441.40000
3236       1597542.20000
3237       1599645.30000
3238       1601750.60000
3239       1603858.20000
3240       1605968.00000
3241       1608080.00000
3242       1610194.20000
3243       1612310.70000
3244       1614429.50000
3245       1616550.40000
3246       1618673.60000
3247       1620799.10000
3248       1622926.80000
3249       1625056.80000
3250       1627189.00000
3251       1629323.40000
3252       1631460.10000
3253       1633599.10000
3254       1635740.30000
3255       1637883.80000
3256       1640029.60000
3257       1642177.60000
3258       1644327.80000
3259       1646480.40000
3260       1648635.20000
3261       1650792.30000
3262       1652951.60000
3263       1655113.20000
3264       1657277.10000
3265       1659443.30000
3266       1661611.80000
3267       1663782.50000
3268       1665955.60000
3269       1668130.90000
3270       1670308.50000
3271       1672488.30000
3272       1674670.50000
3273       1676855.00000
3274       1679041.70000
3275       1681230.80000
3276       1683422.20000
3277       1685615.80000
3278       1687811.80000
3279       1690010.00000
3280       1692210.60000
3281       1694413.50000
3282       1696618.60000
3283       1698826.10000
3284       1701035.90000
3285       1703248.00000
3286       1705462.50000
3287       1707679.20000
3288       1709898.30000
3289       1712119.70000
3290       1714343.40000
3291       1716569.40000
3292       1718797.80000
3293       1721028.50000
3294       1723261.50000
3295       1725496.90000
3296       1727734.60000
3297       1729974.60000
3298       1732217.00000
3299       1734461.70000
3300       1736708.70000
3301       1738958.10000
3302       1741209.90000
3303       1743463.90000
3304       1745720.40000
3305       1747979.20000
3306       1750240.30000
3307       1752503.80000
3308       1754769.60000
3309       1757037.90000
3310       1759308.40000
3311       1761581.40000
3312       1763856.70000
3313       1766134.30000
3314       1768414.30000
3315       1770696.70000
3316       1772981.50000
3317       1775268.70000
3318       1777558.20000
3319       1779850.10000
3320       1782144.40000
3321       1784441.00000
3322       1786740.10000
3323       1789041.50000
3324       1791345.30000
3325       1793651.50000
3326       1795960.10000
3327       1798271.10000
3328       1800584.40000
3329       1802900.20000
3330       1805218.40000
3331       1807538.90000
3332       1809861.90000
3333       1812187.30000
3334       1814515.10000
3335       1816845.30000
3336       1819177.90000
3337       1821512.90000
3338       1823850.30000
3339       1826190.10000
3340       1828532.40000
3341       1830877.00000
3342       1833224.10000
3343       1835573.60000
3344       1837925.60000
3345       1840279.90000
3346       1842636.70000
3347       1844996.00000
3348       1847357.60000
3349       1849721.70000
3350       1852088.20000
3351       1854457.20000
3352       1856828.60000
3353       1859202.40000
3354       1861578.70000
3355       1863957.40000
3356       1866338.60000
3357       1868722.20000
3358       1871108.30000
3359       1873496.80000
3360       1875887.80000
3361       1878281.30000
3362       1880677.20000
3363       1883075.50000
3364       1885476.30000
3365       1887879.60000
3366       1890285.40000
3367       1892693.60000
3368       1895104.30000
3369       1897517.40000
3370       1899933.10000
3371       1902351.20000
3372       1904771.80000
3373       1907194.80000
3374       1909620.40000
3375       1912048.40000
3376       1914479.00000
3377       1916912.00000
3378       1919347.50000
3379       1921785.40000
3380       1924225.90000
3381       1926668.90000
3382       1929114.40000
3383       1931562.30000
3384       1934012.80000
3385       1936465.80000
3386       1938921.30000
3387       1941379.20000
3388       1943839.70000
3389       1946302.70000
3390       1948768.30000
3391       1951236.30000
3392       1953706.80000
3393       1956179.90000
3394       1958655.50000
3395       1961133.60000
3396       1963614.20000
3397       1966097.40000
3398       1968583.10000
3399       1971071.30000
3400       1973562.10000
3401       1976055.30000
3402       1978551.20000
3403       1981049.50000
3404       1983550.40000
3405       1986053.80000
3406       1988559.80000
3407       1991068.40000
3408       1993579.40000
3409       1996093.10000
3410       1998609.20000
3411       2001128.00000
3412       2003649.20000
3413       2006173.10000
3414       2008699.50000
3415       2011228.50000
3416       2013760.00000
3417       2016294.10000
3418       2018830.70000
3419       2021370.00000
3420       2023911.80000
3421       2026456.10000
3422       2029003.10000
3423       2031552.60000
3424       2034104.70000
3425       2036659.40000
3426       2039216.70000
3427       2041776.50000
3428       2044339.00000
3429       2046904.00000
3430       2049471.60000
3431       2052041.80000
3432       2054614.60000
3433       2057190.00000
3434       2059768.00000
3435       2062348.60000
3436       2064931.80000
3437       2067517.70000
3438       2070106.10000
3439       2072697.10000
3440       2075290.70000
3441       2077887.00000
3442       2080485.90000
3443       2083087.30000
3444       2085691.40000
3445       2088298.20000
3446       2090907.50000
3447       2093519.50000
3448       2096134.10000
3449       2098751.30000
3450       2101371.20000
3451       2103993.70000
3452       2106618.80000
3453       2109246.50000
3454       2111876.90000
3455       2114510.00000
3456       2117145.70000
3457       2119784.00000
3458       2122425.00000
3459       2125068.60000
3460       2127714.90000
3461       2130363.80000
3462       2133015.40000
3463       2135669.60000
3464       2138326.50000
3465       2140986.10000
3466       2143648.30000
3467       2146313.20000
3468       2148980.80000
3469       2151651.00000
3470       2154323.90000
3471       2156999.40000
3472       2159677.70000
3473       2162358.60000
3474       2165042.20000
3475       2167728.50000
3476       2170417.50000
3477       2173109.10000
3478       2175803.40000
3479       2178500.50000
3480       2181200.20000
3481       2183902.60000
3482       2186607.70000
3483       2189315.50000
3484       2192026.00000
3485       2194739.20000
3486       2197455.10000
3487       2200173.80000
3488       2202895.10000
3489       2205619.10000
3490       2208345.90000
3491       2211075.30000
3492       2213807.50000
3493       2216542.40000
3494       2219280.00000
3495       2222020.30000
3496       2224763.40000
3497       2227509.20000
3498       2230257.70000
3499       2233008.90000
3500       2235762.90000
3501       2238519.60000
3502       2241279.10000
3503       2244041.20000
3504       2246806.20000
3505       2249573.80000
3506       2252344.30000
3507       2255117.40000
3508       2257893.30000
3509       2260672.00000
3510       2263453.40000
3511       2266237.60000
3512       2269024.50000
3513       2271814.20000
3514       2274606.60000
3515       2277401.80000
3516       2280199.80000
3517       2283000.50000
3518       2285804.00000
3519       2288610.30000
3520       2291419.40000
3521       2294231.20000
3522       2297045.80000
3523       2299863.20000
3524       2302683.40000
3525       2305506.30000
3526       2308332.10000
3527       2311160.60000
3528       2313991.90000
3529       2316826.00000
3530       2319662.90000
3531       2322502.60000
3532       2325345.10000
3533       2328190.50000
3534       2331038.60000
3535       2333889.50000
3536       2336743.20000
3537       2339599.70000
3538       2342459.00000
3539       2345321.20000
3540       2348186.20000
3541       2351053.90000
3542       2353924.50000
3543       2356798.00000
3544       2359674.20000
3545       2362553.30000
3546       2365435.20000
3547       2368319.90000
3548       2371207.50000
3549       2374097.90000
3550       2376991.10000
3551       2379887.20000
3552       2382786.10000
3553       2385687.90000
3554       2388592.50000
3555       2391499.90000
3556       2394410.20000
3557       2397323.40000
3558       2400239.40000
3559       2403158.20000
3560       2406080.00000
3561       2409004.50000
3562       2411932.00000
3563       2414862.30000
3564       2417795.40000
3565       2420731.50000
3566       2423670.40000
3567       2426612.20000
3568       2429556.80000
3569       2432504.30000
3570       2435454.80000
3571       2438408.00000
3572       2441364.20000
3573       2444323.30000
3574       2447285.20000
3575       2450250.10000
3576       2453217.80000
3577       2456188.40000
3578       2459161.90000
3579       2462138.30000
3580       2465117.60000
3581       2468099.90000
3582       2471085.00000
3583       2474073.00000
3584       2477064.00000
3585       2480057.80000
3586       2483054.60000
3587       2486054.20000
3588       2489056.80000
3589       2492062.30000
3590       2495070.80000
3591       2498082.10000
3592       2501096.40000
3593       2504113.60000
3594       2507133.80000
3595       2510156.80000
3596       2513182.90000
3597       2516211.80000
3598       2519243.70000
3599       2522278.50000
3600       2525316.30000
3601       2528357.00000
3602       2531400.70000
3603       2534447.30000
3604       2537496.80000
3605       2540549.40000
3606       2543604.80000
3607       2546663.30000
3608       2549724.70000
3609       2552789.00000
3610       2555856.30000
3611       2558926.60000
3612       2561999.90000
3613       2565076.10000
3614       2568155.30000
3615       2571237.50000
3616       2574322.70000
3617       2577410.80000
3618       2580501.90000
3619       2583596.00000
3620       2586693.10000
3621       2589793.20000
3622       2592896.30000
3623       2596002.30000
3624       2599111.40000
3625       2602223.40000
3626       2605338.50000
3627       2608456.50000
3628       2611577.60000
3629       2614701.70000
3630       2617828.80000
3631       2620958.80000
3632       2624091.90000
3633       2627228.10000
3634       2630367.20000
3635       2633509.40000
3636       2636654.50000
3637       2639802.70000
3638       2642954.00000
3639       2646108.20000
3640       2649265.50000
3641       2652425.80000
3642       2655589.20000
3643       2658755.60000
3644       2661925.00000
3645       2665097.50000
3646       2668273.00000
3647       2671451.50000
3648       2674633.10000
3649       2677817.80000
3650       2681005.50000
3651       2684196.30000
3652       2687390.10000
3653       2690587.00000
3654       2693786.90000
3655       2696989.90000
3656       2700196.00000
3657       2703405.20000
3658       2706617.40000
3659       2709832.70000
3660       2713051.00000
3661       2716272.50000
3662       2719497.00000
3663       2722724.60000
3664       2725955.30000
3665       2729189.00000
3666       2732425.90000
3667       2735665.90000
3668       2738908.90000
3669       2742155.00000
3670       2745404.30000
3671       2748656.60000
3672       2751912.00000
3673       2755170.60000
3674       2758432.20000
3675       2761697.00000
3676       2764964.80000
3677       2768235.80000
3678       2771509.90000
3679       2774787.10000
3680       2778067.50000
3681       2781350.90000
3682       2784637.50000
3683       2787927.20000
3684       2791220.00000
3685       2794516.00000
3686       2797815.10000
3687       2801117.30000
3688       2804422.70000
3689       2807731.20000
3690       2811042.90000
3691       2814357.70000
3692       2817675.60000
3693       2820996.70000
3694       2824320.90000
3695       2827648.30000
3696       2830978.90000
3697       2834312.60000
3698       2837649.50000
3699       2840989.50000
3700       2844332.70000
3701       2847679.10000
3702       2851028.60000
3703       2854381.30000
3704       2857737.20000
3705       2861096.30000
3706       2864458.50000
3707       2867823.90000
3708       2871192.50000
3709       2874564.30000
3710       2877939.30000
3711       2881317.50000
3712       2884698.80000
3713       2888083.40000
3714       2891471.10000
3715       2894862.10000
3716       2898256.20000
3717       2901653.60000
3718       2905054.20000
3719       2908457.90000
3720       2911864.90000
3721       2915275.10000
3722       2918688.50000
3723       2922105.10000
3724       2925525.00000
3725       2928948.00000
3726       2932374.30000
3727       2935803.90000
3728       2939236.60000
3729       2942672.60000
3730       2946111.80000
3731       2949554.20000
3732       2952999.90000
3733       2956448.90000
3734       2959901.00000
3735       2963356.40000
3736       2966815.10000
3737       2970277.00000
3738       2973742.20000
3739       2977210.60000
3740       2980682.30000
3741       2984157.20000
3742       2987635.40000
3743       2991116.90000
3744       2994601.60000
3745       2998089.60000
3746       3001580.90000
3747       3005075.40000
3748       3008573.20000
3749       3012074.30000
3750       3015578.70000
3751       3019086.40000
3752       3022597.30000
3753       3026111.50000
3754       3029629.00000
3755       3033149.80000
3756       3036673.90000
3757       3040201.30000
3758       3043732.00000
3759       3047266.00000
3760       3050803.30000
3761       3054344.00000
3762       3057887.90000
3763       3061435.10000
3764       3064985.60000
3765       3068539.50000
3766       3072096.70000
3767       3075657.10000
3768       3079221.00000
3769       3082788.10000
3770       3086358.60000
3771       3089932.40000
3772       3093509.50000
3773       3097089.90000
3774       3100673.70000
3775       3104260.90000
3776       3107851.30000
3777       3111445.20000
3778       3115042.30000
3779       3118642.80000
3780       3122246.70000
3781       3125853.90000
3782       3129464.50000
3783       3133078.40000
3784       3136695.70000
3785       3140316.40000
3786       3143940.40000
3787       3147567.80000
3788       3151198.50000
3789       3154832.60000
3790       3158470.10000
3791       3162111.00000
3792       3165755.30000
3793       3169402.90000
3794       3173053.90000
3795       3176708.30000
3796       3180366.10000
3797       3184027.30000
3798       3187691.90000
3799       3191359.80000
3800       3195031.20000
3801       3198706.00000
3802       3202384.10000
3803       3206065.70000
3804       3209750.70000
3805       3213439.10000
3806       3217130.90000
3807       3220826.10000
3808       3224524.80000
3809       3228226.80000
3810       3231932.30000
3811       3235641.20000
3812       3239353.50000
3813       3243069.30000
3814       3246788.50000
3815       3250511.10000
3816       3254237.20000
3817       3257966.70000
3818       3261699.60000
3819       3265436.00000
3820       3269175.80000
3821       3272919.10000
3822       3276665.80000
3823       3280416.00000
3824       3284169.60000
3825       3287926.70000
3826       3291687.30000
3827       3295451.30000
3828       3299218.80000
3829       3302989.70000
3830       3306764.20000
3831       3310542.10000
3832       3314323.40000
3833       3318108.30000
3834       3321896.60000
3835       3325688.40000
3836       3329483.70000
3837       3333282.50000
3838       3337084.70000
3839       3340890.50000
3840       3344699.80000
3841       3348512.50000
3842       3352328.80000
3843       3356148.50000
3844       3359971.80000
3845       3363798.50000
3846       3367628.80000
3847       3371462.60000
3848       3375299.90000
3849       3379140.70000
3850       3382985.00000
3851       3386832.90000
3852       3390684.20000
3853       3394539.20000
3854       3398397.60000
3855       3402259.50000
3856       3406125.00000
3857       3409994.10000
3858       3413866.60000
3859       3417742.70000
3860       3421622.40000
3861       3425505.60000
3862       3429392.30000
3863       3433282.60000
3864       3437176.50000
3865       3441073.90000
3866       3444974.80000
3867       3448879.40000
3868       3452787.50000
3869       3456699.10000
3870       3460614.30000
3871       3464533.10000
3872       3468455.50000
3873       3472381.40000
3874       3476310.90000
3875       3480244.00000
3876       3484180.70000
3877       3488121.00000
3878       3492064.80000
3879       3496012.20000
3880       3499963.30000
3881       3503917.90000
3882       3507876.10000
3883       3511837.90000
3884       3515803.40000
3885       3519772.40000
3886       3523745.00000
3887       3527721.30000
3888       3531701.10000
3889       3535684.60000
3890       3539671.70000
3891       3543662.40000
3892       3547656.80000
3893       3551654.70000
3894       3555656.30000
3895       3559661.50000
3896       3563670.40000
3897       3567682.80000
3898       3571699.00000
3899       3575718.70000
3900       3579742.10000
3901       3583769.20000
3902       3587799.90000
3903       3591834.20000
3904       3595872.20000
3905       3599913.90000
3906       3603959.20000
3907       3608008.10000
3908       3612060.80000
3909       3616117.10000
3910       3620177.00000
3911       3624240.70000
3912       3628308.00000
3913       3632378.90000
3914       3636453.60000
3915       3640531.90000
3916       3644614.00000
3917       3648699.70000
3918       3652789.10000
3919       3656882.10000
3920       3660978.90000
3921       3665079.40000
3922       3669183.50000
3923       3673291.40000
3924       3677403.00000
3925       3681518.30000
3926       3685637.20000
3927       3689759.90000
3928       3693886.30000
3929       3698016.50000
3930       3702150.30000
3931       3706287.90000
3932       3710429.10000
3933       3714574.10000
3934       3718722.90000
3935       3722875.30000
3936       3727031.50000
3937       3731191.50000
3938       3735355.10000
3939       3739522.60000
3940       3743693.70000
3941       3747868.60000
3942       3752047.30000
3943       3756229.70000
3944       3760415.80000
3945       3764605.70000
3946       3768799.40000
3947       3772996.80000
3948       3777198.00000
3949       3781403.00000
3950       3785611.70000
3951       3789824.20000
3952       3794040.50000
3953       3798260.50000
3954       3802484.40000
3955       3806712.00000
3956       3810943.40000
3957       3815178.60000
3958       3819417.50000
3959       3823660.30000
3960       3827906.90000
3961       3832157.20000
3962       3836411.40000
3963       3840669.30000
3964       3844931.10000
3965       3849196.70000
3966       3853466.00000
3967       3857739.20000
3968       3862016.20000
3969       3866297.10000
3970       3870581.70000
3971       3874870.20000
3972       3879162.50000
3973       3883458.60000
3974       3887758.50000
3975       3892062.30000
3976       3896369.90000
3977       3900681.40000
3978       3904996.70000
3979       3909315.80000
3980       3913638.80000
3981       3917965.70000
3982       3922296.40000
3983       3926630.90000
3984       3930969.30000
3985       3935311.60000
3986       3939657.70000
3987       3944007.70000
3988       3948361.50000
3989       3952719.20000
3990       3957080.80000
3991       3961446.30000
3992       3965815.70000
3993       3970188.90000
3994       3974566.00000
3995       3978947.00000
3996       3983331.90000
3997       3987720.60000
3998       3992113.30000
3999       3996509.90000
4000       4000910.30000
4001       4005314.70000
4002       4009722.90000
4003       4014135.10000
4004       4018551.20000
4005       4022971.20000
4006       4027395.10000
4007       4031822.90000
4008       4036254.70000
4009       4040690.30000
4010       4045129.90000
4011       4049573.40000
4012       4054020.90000
4013       4058472.20000
4014       4062927.50000
4015       4067386.80000
4016       4071850.00000
4017       4076317.10000
4018       4080788.20000
4019       4085263.20000
4020       4089742.20000
4021       4094225.10000
4022       4098712.00000
4023       4103202.90000
4024       4107697.70000
4025       4112196.50000
4026       4116699.20000
4027       4121205.90000
4028       4125716.60000
4029       4130231.20000
4030       4134749.90000
4031       4139272.50000
4032       4143799.10000
4033       4148329.70000
4034       4152864.20000
4035       4157402.80000
4036       4161945.30000
4037       4166491.90000
4038       4171042.40000
4039       4175597.00000
4040       4180155.50000
4041       4184718.10000
4042       4189284.70000
4043       4193855.30000
4044       4198429.90000
4045       4203008.50000
4046       4207591.10000
4047       4212177.80000
4048       4216768.40000
4049       4221363.20000
4050       4225961.90000
4051       4230564.70000
4052       4235171.50000
4053       4239782.30000
4054       4244397.20000
4055       4249016.20000
4056       4253639.20000
4057       4258266.20000
4058       4262897.30000
4059       4267532.40000
4060       4272171.60000
4061       4276814.90000
4062       4281462.20000
4063       4286113.60000
4064       4290769.00000
4065       4295428.60000
4066       4300092.20000
4067       4304759.80000
4068       4309431.60000
4069       4314107.40000
4070       4318787.40000
4071       4323471.40000
4072       4328159.50000
4073       4332851.70000
4074       4337548.00000
4075       4342248.30000
4076       4346952.80000
4077       4351661.40000
4078       4356374.10000
4079       4361090.90000
4080       4365811.90000
4081       4370536.90000
4082       4375266.00000
4083       4379999.30000
4084       4384736.70000
4085       4389478.20000
4086       4394223.90000
4087       4398973.70000
4088       4403727.60000
4089       4408485.60000
4090       4413247.80000
4091       4418014.10000
4092       4422784.60000
4093       4427559.20000
4094       4432338.00000
4095       4437120.90000
4096       4441908.00000
4097       4446699.20000
4098       4451494.60000
4099       4456294.20000
4100       4461097.90000
4101       4465905.80000
4102       4470717.90000
4103       4475534.20000
4104       4480354.60000
4105       4485179.20000
4106       4490008.00000
4107       4494840.90000
4108       4499678.10000
4109       4504519.40000
4110       4509365.00000
4111       4514214.70000
4112       4519068.70000
4113       4523926.80000
4114       4528789.20000
4115       4533655.70000
4116       4538526.50000
4117       4543401.50000
4118       4548280.70000
4119       4553164.10000
4120       4558051.70000
4121       4562943.60000
4122       4567839.60000
4123       4572740.00000
4124       4577644.50000
4125       4582553.30000
4126       4587466.30000
4127       4592383.60000
4128       4597305.10000
4129       4602230.80000
4130       4607160.80000
4131       4612095.10000
4132       4617033.60000
4133       4621976.40000
4134       4626923.40000
4135       4631874.70000
4136       4636830.30000
4137       4641790.10000
4138       4646754.20000
4139       4651722.50000
4140       4656695.20000
4141       4661672.10000
4142       4666653.30000
4143       4671638.80000
4144       4676628.60000
4145       4681622.70000
4146       4686621.10000
4147       4691623.70000
4148       4696630.70000
4149       4701642.00000
4150       4706657.50000
4151       4711677.40000
4152       4716701.60000
4153       4721730.10000
4154       4726762.90000
4155       4731800.10000
4156       4736841.50000
4157       4741887.30000
4158       4746937.40000
4159       4751991.90000
4160       4757050.70000
4161       4762113.80000
4162       4767181.20000
4163       4772253.00000
4164       4777329.20000
4165       4782409.70000
4166       4787494.50000
4167       4792583.70000
4168       4797677.20000
4169       4802775.10000
4170       4807877.40000
4171       4812984.00000
4172       4818095.00000
4173       4823210.40000
4174       4828330.10000
4175       4833454.20000
4176       4838582.70000
4177       4843715.60000
4178       4848852.90000
4179       4853994.50000
4180       4859140.60000
4181       4864291.00000
4182       4869445.80000
4183       4874605.00000
4184       4879768.70000
4185       4884936.70000
4186       4890109.10000
4187       4895286.00000
4188       4900467.20000
4189       4905652.90000
4190       4910843.00000
4191       4916037.50000
4192       4921236.40000
4193       4926439.80000
4194       4931647.60000
4195       4936859.80000
4196       4942076.50000
4197       4947297.60000
4198       4952523.10000
4199       4957753.10000
4200       4962987.50000
4201       4968226.40000
4202       4973469.70000
4203       4978717.50000
4204       4983969.80000
4205       4989226.50000
4206       4994487.60000
4207       4999753.30000
4208       5005023.40000
4209       5010298.00000
4210       5015577.00000
4211       5020860.50000
4212       5026148.60000
4213       5031441.10000
4214       5036738.10000
4215       5042039.50000
4216       5047345.50000
4217       5052656.00000
4218       5057970.90000
4219       5063290.40000
4220       5068614.40000
4221       5073942.80000
4222       5079275.80000
4223       5084613.30000
4224       5089955.40000
4225       5095301.90000
4226       5100653.00000
4227       5106008.50000
4228       5111368.60000
4229       5116733.30000
4230       5122102.50000
4231       5127476.20000
4232       5132854.40000
4233       5138237.20000
4234       5143624.60000
4235       5149016.40000
4236       5154412.90000
4237       5159813.90000
4238       5165219.40000
4239       5170629.50000
4240       5176044.20000
4241       5181463.40000
4242       5186887.20000
4243       5192315.60000
4244       5197748.60000
4245       5203186.10000
4246       5208628.20000
4247       5214074.90000
4248       5219526.20000
4249       5224982.00000
4250       5230442.50000
4251       5235907.50000
4252       5241377.20000
4253       5246851.40000
4254       5252330.30000
4255       5257813.70000
4256       5263301.80000
4257       5268794.50000
4258       5274291.80000
4259       5279793.70000
4260       5285300.20000
4261       5290811.40000
4262       5296327.20000
4263       5301847.60000
4264       5307372.60000
4265       5312902.30000
4266       5318436.60000
4267       5323975.60000
4268       5329519.20000
4269       5335067.50000
4270       5340620.40000
4271       5346178.00000
4272       5351740.20000
4273       5357307.10000
4274       5362878.60000
4275       5368454.80000
4276       5374035.70000
4277       5379621.20000
4278       5385211.40000
4279       5390806.30000
4280       5396405.90000
4281       5402010.20000
4282       5407619.10000
4283       5413232.80000
4284       5418851.10000
4285       5424474.10000
4286       5430101.80000
4287       5435734.30000
4288       5441371.40000
4289       5447013.20000
4290       5452659.80000
4291       5458311.00000
4292       5463967.00000
4293       5469627.70000
4294       5475293.10000
4295       5480963.30000
4296       5486638.10000
4297       5492317.70000
4298       5498002.10000
4299       5503691.10000
4300       5509384.90000
4301       5515083.50000
4302       5520786.80000
4303       5526494.80000
4304       5532207.60000
4305       5537925.20000
4306       5543647.50000
4307       5549374.60000
4308       5555106.40000
4309       5560843.00000
4310       5566584.40000
4311       5572330.60000
4312       5578081.50000
4313       5583837.20000
4314       5589597.70000
4315       5595362.90000
4316       5601133.00000
4317       5606907.80000
4318       5612687.50000
4319       5618471.90000
4320       5624261.20000
4321       5630055.20000
4322       5635854.10000
4323       5641657.70000
4324       5647466.20000
4325       5653279.50000
4326       5659097.60000
4327       5664920.50000
4328       5670748.30000
4329       5676580.80000
4330       5682418.20000
4331       5688260.50000
4332       5694107.60000
4333       5699959.50000
4334       5705816.20000
4335       5711677.80000
4336       5717544.30000
4337       5723415.60000
4338       5729291.80000
4339       5735172.80000
4340       5741058.70000
4341       5746949.40000
4342       5752845.00000
4343       5758745.50000
4344       5764650.80000
4345       5770561.10000
4346       5776476.20000
4347       5782396.20000
4348       5788321.00000
4349       5794250.80000
4350       5800185.40000
4351       5806125.00000
4352       5812069.40000
4353       5818018.80000
4354       5823973.00000
4355       5829932.20000
4356       5835896.30000
4357       5841865.20000
4358       5847839.10000
4359       5853818.00000
4360       5859801.70000
4361       5865790.30000
4362       5871783.90000
4363       5877782.50000
4364       5883785.90000
4365       5889794.30000
4366       5895807.60000
4367       5901825.90000
4368       5907849.10000
4369       5913877.30000
4370       5919910.40000
4371       5925948.50000
4372       5931991.60000
4373       5938039.60000
4374       5944092.50000
4375       5950150.50000
4376       5956213.40000
4377       5962281.20000
4378       5968354.10000
4379       5974431.90000
4380       5980514.80000
4381       5986602.60000
4382       5992695.40000
4383       5998793.20000
4384       6004896.00000
4385       6011003.70000
4386       6017116.50000
4387       6023234.30000
4388       6029357.10000
4389       6035485.00000
4390       6041617.80000
4391       6047755.60000
4392       6053898.50000
4393       6060046.40000
4394       6066199.30000
4395       6072357.30000
4396       6078520.30000
4397       6084688.30000
4398       6090861.30000
4399       6097039.40000
4400       6103222.60000
4401       6109410.80000
4402       6115604.00000
4403       6121802.30000
4404       6128005.70000
4405       6134214.10000
4406       6140427.60000
4407       6146646.20000
4408       6152869.80000
4409       6159098.50000
4410       6165332.30000
4411       6171571.20000
4412       6177815.10000
4413       6184064.10000
4414       6190318.30000
4415       6196577.50000
4416       6202841.80000
4417       6209111.20000
4418       6215385.70000
4419       6221665.30000
4420       6227950.10000
4421       6234239.90000
4422       6240534.90000
4423       6246834.90000
4424       6253140.10000
4425       6259450.40000
4426       6265765.90000
4427       6272086.50000
4428       6278412.20000
4429       6284743.00000
4430       6291079.00000
4431       6297420.20000
4432       6303766.40000
4433       6310117.90000
4434       6316474.40000
4435       6322836.20000
4436       6329203.10000
4437       6335575.10000
4438       6341952.40000
4439       6348334.80000
4440       6354722.30000
4441       6361115.10000
4442       6367513.00000
4443       6373916.10000
4444       6380324.40000
4445       6386737.80000
4446       6393156.50000
4447       6399580.40000
4448       6406009.40000
4449       6412443.70000
4450       6418883.20000
4451       6425327.80000
4452       6431777.70000
4453       6438232.80000
4454       6444693.10000
4455       6451158.60000
4456       6457629.40000
4457       6464105.40000
4458       6470586.60000
4459       6477073.00000
4460       6483564.70000
4461       6490061.60000
4462       6496563.80000
4463       6503071.20000
4464       6509583.80000
4465       6516101.70000
4466       6522624.90000
4467       6529153.30000
4468       6535687.00000
4469       6542225.90000
4470       6548770.20000
4471       6555319.60000
4472       6561874.40000
4473       6568434.40000
4474       6574999.80000
4475       6581570.40000
4476       6588146.20000
4477       6594727.40000
4478       6601313.90000
4479       6607905.70000
4480       6614502.70000
4481       6621105.10000
4482       6627712.80000
4483       6634325.80000
4484       6640944.10000
4485       6647567.70000
4486       6654196.70000
4487       6660830.90000
4488       6667470.50000
4489       6674115.40000
4490       6680765.70000
4491       6687421.30000
4492       6694082.20000
4493       6700748.50000
4494       6707420.10000
4495       6714097.10000
4496       6720779.40000
4497       6727467.00000
4498       6734160.10000
4499       6740858.50000
4500       6747562.20000
4501       6754271.40000
4502       6760985.90000
4503       6767705.70000
4504       6774431.00000
4505       6781161.60000
4506       6787897.60000
4507       6794639.00000
4508       6801385.80000
4509       6808138.00000
4510       6814895.60000
4511       6821658.60000
4512       6828427.00000
4513       6835200.80000
4514       6841980.00000
4515       6848764.70000
4516       6855554.70000
4517       6862350.20000
4518       6869151.10000
4519       6875957.40000
4520       6882769.10000
4521       6889586.30000
4522       6896408.90000
4523       6903237.00000
4524       6910070.50000
4525       6916909.50000
4526       6923753.90000
4527       6930603.70000
4528       6937459.00000
4529       6944319.80000
4530       6951186.00000
4531       6958057.70000
4532       6964934.90000
4533       6971817.60000
4534       6978705.70000
4535       6985599.30000
4536       6992498.40000
4537       6999403.00000
4538       7006313.00000
4539       7013228.60000
4540       7020149.60000
4541       7027076.20000
4542       7034008.30000
4543       7040945.80000
4544       7047888.90000
4545       7054837.50000
4546       7061791.60000
4547       7068751.20000
4548       7075716.40000
4549       7082687.10000
4550       7089663.30000
4551       7096645.00000
4552       7103632.30000
4553       7110625.10000
4554       7117623.50000
4555       7124627.40000
4556       7131636.80000
4557       7138651.80000
4558       7145672.40000
4559       7152698.50000
4560       7159730.20000
4561       7166767.50000
4562       7173810.30000
4563       7180858.70000
4564       7187912.70000
4565       7194972.20000
4566       7202037.40000
4567       7209108.10000
4568       7216184.40000
4569       7223266.30000
4570       7230353.80000
4571       7237446.90000
4572       7244545.60000
4573       7251649.90000
4574       7258759.90000
4575       7265875.40000
4576       7272996.60000
4577       7280123.30000
4578       7287255.70000
4579       7294393.80000
4580       7301537.40000
4581       7308686.70000
4582       7315841.70000
4583       7323002.20000
4584       7330168.40000
4585       7337340.30000
4586       7344517.80000
4587       7351701.00000
4588       7358889.80000
4589       7366084.30000
4590       7373284.40000
4591       7380490.30000
4592       7387701.70000
4593       7394918.90000
4594       7402141.70000
4595       7409370.30000
4596       7416604.50000
4597       7423844.40000
4598       7431089.90000
4599       7438341.20000
4600       7445598.20000
4601       7452860.90000
4602       7460129.30000
4603       7467403.30000
4604       7474683.10000
4605       7481968.70000
4606       7489259.90000
4607       7496556.90000
4608       7503859.50000
4609       7511168.00000
4610       7518482.10000
4611       7525802.00000
4612       7533127.60000
4613       7540459.00000
4614       7547796.10000
4615       7555138.90000
4616       7562487.50000
4617       7569841.90000
4618       7577202.00000
4619       7584567.90000
4620       7591939.60000
4621       7599317.00000
4622       7606700.20000
4623       7614089.10000
4624       7621483.90000
4625       7628884.40000
4626       7636290.80000
4627       7643702.90000
4628       7651120.80000
4629       7658544.50000
4630       7665974.00000
4631       7673409.30000
4632       7680850.40000
4633       7688297.30000
4634       7695750.10000
4635       7703208.60000
4636       7710673.00000
4637       7718143.20000
4638       7725619.30000
4639       7733101.10000
4640       7740588.80000
4641       7748082.40000
4642       7755581.70000
4643       7763087.00000
4644       7770598.00000
4645       7778115.00000
4646       7785637.80000
4647       7793166.40000
4648       7800700.90000
4649       7808241.30000
4650       7815787.50000
4651       7823339.60000
4652       7830897.60000
4653       7838461.50000
4654       7846031.20000
4655       7853606.90000
4656       7861188.40000
4657       7868775.80000
4658       7876369.20000
4659       7883968.40000
4660       7891573.50000
4661       7899184.60000
4662       7906801.50000
4663       7914424.40000
4664       7922053.20000
4665       7929687.90000
4666       7937328.50000
4667       7944975.00000
4668       7952627.50000
4669       7960286.00000
4670       7967950.30000
4671       7975620.60000
4672       7983296.90000
4673       7990979.10000
4674       7998667.20000
4675       8006361.40000
4676       8014061.40000
4677       8021767.50000
4678       8029479.50000
4679       8037197.40000
4680       8044921.40000
4681       8052651.30000
4682       8060387.20000
4683       8068129.10000
4684       8075877.00000
4685       8083630.90000
4686       8091390.80000
4687       8099156.60000
4688       8106928.50000
4689       8114706.40000
4690       8122490.30000
4691       8130280.20000
4692       8138076.10000
4693       8145878.00000
4694       8153686.00000
4695       8161500.00000
4696       8169320.00000
4697       8177146.00000
4698       8184978.10000
4699       8192816.20000
4700       8200660.40000
4701       8208510.60000
4702       8216366.90000
4703       8224229.20000
4704       8232097.60000
4705       8239972.10000
4706       8247852.60000
4707       8255739.20000
4708       8263631.90000
4709       8271530.60000
4710       8279435.40000
4711       8287346.30000
4712       8295263.30000
4713       8303186.40000
4714       8311115.60000
4715       8319050.80000
4716       8326992.20000
4717       8334939.70000
4718       8342893.30000
4719       8350853.00000
4720       8358818.80000
4721       8366790.70000
4722       8374768.80000
4723       8382753.00000
4724       8390743.30000
4725       8398739.70000
4726       8406742.30000
4727       8414751.00000
4728       8422765.90000
4729       8430786.90000
4730       8438814.10000
4731       8446847.40000
4732       8454886.90000
4733       8462932.50000
4734       8470984.40000
4735       8479042.30000
4736       8487106.50000
4737       8495176.80000
4738       8503253.30000
4739       8511336.00000
4740       8519424.90000
4741       8527520.00000
4742       8535621.20000
4743       8543728.70000
4744       8551842.40000
4745       8559962.30000
4746       8568088.30000
4747       8576220.60000
4748       8584359.10000
4749       8592503.90000
4750       8600654.80000
4751       8608812.00000
4752       8616975.40000
4753       8625145.10000
4754       8633320.90000
4755       8641503.10000
4756       8649691.40000
4757       8657886.10000
4758       8666086.90000
4759       8674294.10000
4760       8682507.40000
4761       8690727.10000
4762       8698953.00000
4763       8707185.20000
4764       8715423.70000
4765       8723668.40000
4766       8731919.40000
4767       8740176.70000
4768       8748440.30000
4769       8756710.20000
4770       8764986.40000
4771       8773268.90000
4772       8781557.70000
4773       8789852.80000
4774       8798154.20000
4775       8806461.90000
4776       8814775.90000
4777       8823096.30000
4778       8831422.90000
4779       8839756.00000
4780       8848095.30000
4781       8856441.00000
4782       8864793.00000
4783       8873151.30000
4784       8881516.10000
4785       8889887.10000
4786       8898264.50000
4787       8906648.30000
4788       8915038.40000
4789       8923434.90000
4790       8931837.80000
4791       8940247.00000
4792       8948662.60000
4793       8957084.60000
4794       8965513.00000
4795       8973947.80000
4796       8982388.90000
4797       8990836.50000
4798       8999290.40000
4799       9007750.80000
4800       9016217.50000
4801       9024690.70000
4802       9033170.30000
4803       9041656.30000
4804       9050148.70000
4805       9058647.50000
4806       9067152.80000
4807       9075664.50000
4808       9084182.60000
4809       9092707.20000
4810       9101238.20000
4811       9109775.70000
4812       9118319.60000
4813       9126870.00000
4814       9135426.80000
4815       9143990.10000
4816       9152559.80000
4817       9161136.10000
4818       9169718.70000
4819       9178307.90000
4820       9186903.60000
4821       9195505.70000
4822       9204114.30000
4823       9212729.40000
4824       9221351.00000
4825       9229979.10000
4826       9238613.70000
4827       9247254.80000
4828       9255902.40000
4829       9264556.60000
4830       9273217.20000
4831       9281884.40000
4832       9290558.00000
4833       9299238.30000
4834       9307925.00000
4835       9316618.30000
4836       9325318.10000
4837       9334024.50000
4838       9342737.40000
4839       9351456.90000
4840       9360182.90000
4841       9368915.50000
4842       9377654.60000
4843       9386400.30000
4844       9395152.60000
4845       9403911.40000
4846       9412676.80000
4847       9421448.80000
4848       9430227.40000
4849       9439012.60000
4850       9447804.30000
4851       9456602.70000
4852       9465407.70000
4853       9474219.20000
4854       9483037.40000
4855       9491862.20000
4856       9500693.60000
4857       9509531.60000
4858       9518376.20000
4859       9527227.50000
4860       9536085.30000
4861       9544949.90000
4862       9553821.00000
4863       9562698.80000
4864       9571583.30000
4865       9580474.30000
4866       9589372.10000
4867       9598276.50000
4868       9607187.50000
4869       9616105.20000
4870       9625029.60000
4871       9633960.70000
4872       9642898.40000
4873       9651842.80000
4874       9660793.90000
4875       9669751.70000
4876       9678716.10000
4877       9687687.30000
4878       9696665.20000
4879       9705649.70000
4880       9714641.00000
4881       9723638.90000
4882       9732643.60000
4883       9741655.00000
4884       9750673.10000
4885       9759698.00000
4886       9768729.60000
4887       9777767.90000
4888       9786812.90000
4889       9795864.70000
4890       9804923.20000
4891       9813988.40000
4892       9823060.50000
4893       9832139.20000
4894       9841224.80000
4895       9850317.00000
4896       9859416.10000
4897       9868521.90000
4898       9877634.50000
4899       9886753.90000
4900       9895880.10000
4901       9905013.00000
4902       9914152.70000
4903       9923299.20000
4904       9932452.60000
4905       9941612.70000
4906       9950779.60000
4907       9959953.30000
4908       9969133.90000
4909       9978321.20000
4910       9987515.40000
4911       9996716.40000
4912      10005924.00000
4913      10015139.00000
4914      10024360.00000
4915      10033589.00000
4916      10042824.00000
4917      10052066.00000
4918      10061315.00000
4919      10070571.00000
4920      10079833.00000
4921      10089103.00000
4922      10098379.00000
4923      10107662.00000
4924      10116952.00000
4925      10126249.00000
4926      10135553.00000
4927      10144864.00000
4928      10154181.00000
4929      10163506.00000
4930      10172837.00000
4931      10182175.00000
4932      10191520.00000
4933      10200872.00000
4934      10210231.00000
4935      10219597.00000
4936      10228970.00000
4937      10238350.00000
4938      10247737.00000
4939      10257130.00000
4940      10266531.00000
4941      10275938.00000
4942      10285353.00000
4943      10294774.00000
4944      10304202.00000
4945      10313638.00000
4946      10323080.00000
4947      10332529.00000
4948      10341985.00000
4949      10351449.00000
4950      10360919.00000
4951      10370396.00000
4952      10379880.00000
4953      10389371.00000
4954      10398869.00000
4955      10408374.00000
4956      10417886.00000
4957      10427405.00000
4958      10436931.00000
4959      10446464.00000
4960      10456004.00000
4961      10465551.00000
4962      10475105.00000
4963      10484667.00000
4964      10494235.00000
4965      10503810.00000
4966      10513392.00000
4967      10522982.00000
4968      10532578.00000
4969      10542181.00000
4970      10551792.00000
4971      10561409.00000
4972      10571034.00000
4973      10580665.00000
4974      10590304.00000
4975      10599950.00000
4976      10609602.00000
4977      10619262.00000
4978      10628929.00000
4979      10638603.00000
4980      10648285.00000
4981      10657973.00000
4982      10667668.00000
4983      10677371.00000
4984      10687080.00000
4985      10696797.00000
4986      10706521.00000
4987      10716252.00000
4988      10725990.00000
4989      10735735.00000
4990      10745487.00000
4991      10755247.00000
4992      10765013.00000
4993      10774787.00000
4994      10784568.00000
4995      10794356.00000
4996      10804151.00000
4997      10813953.00000
4998      10823763.00000
4999      10833580.00000
5000      10843403.00000