   1             5.28715
   2            13.91282
   3            24.95055
   4            37.95609
   5            52.66682
   6            68.90390
   7            86.53533
   8           105.45848
   9           125.59057
  10           146.86298
  11           169.21760
  12           192.60444
  13           216.97985
  14           242.30530
  15           268.54646
  16           295.67248
  17           323.65543
  18           352.46989
  19           382.09256
  20           412.50201
  21           443.67846
  22           475.60350
  23           508.26004
  24           541.63209
  25           575.70467
  26           610.46370
  27           645.89593
  28           681.98885
  29           718.73062
  30           756.11002
  31           794.11639
  32           832.73959
  33           871.96998
  34           911.79832
  35           952.21582
  36           993.21405
  37          1034.78490
  38          1076.92070
  39          1119.61400
  40          1162.85750
  41          1206.64450
  42          1250.96840
  43          1295.82260
  44          1341.20110
  45          1387.09790
  46          1433.50730
  47          1480.42370
  48          1527.84170
  49          1575.75610
  50          1624.16190
  51          1673.05410
  52          1722.42810
  53          1772.27910
  54          1822.60290
  55          1873.39490
  56          1924.65100
  57          1976.36720
  58          2028.53940
  59          2081.16370
  60          2134.23640
  61          2187.75380
  62          2241.71250
  63          2296.10890
  64          2350.93960
  65          2406.20140
  66          2461.89110
  67          2518.00570
  68          2574.54210
  69          2631.49740
  70          2688.86870
  71          2746.65330
  72          2804.84860
  73          2863.45190
  74          2922.46060
  75          2981.87250
  76          3041.68500
  77          3101.89590
  78          3162.50290
  79          3223.50390
  80          3284.89680
  81          3346.67960
  82          3408.85030
  83          3471.40710
  84          3534.34800
  85          3597.67140
  86          3661.37560
  87          3725.45890
  88          3789.91970
  89          3854.75660
  90          3919.96820
  91          3985.55290
  92          4051.50950
  93          4117.83680
  94          4184.53340
  95          4251.59830
  96          4319.03030
  97          4386.82840
  98          4454.99160
  99          4523.51900
 100          4592.40960
 101          4661.66260
 102          4731.27720
 103          4801.25260
 104          4871.58820
 105          4942.28340
 106          5013.33740
 107          5084.74980
 108          5156.52000
 109          5228.64760
 110          5301.13210
 111          5373.97310
 112          5447.17030
 113          5520.72330
 114          5594.63200
 115          5668.89600
 116          5743.51520
 117          5818.48940
 118          5893.81840
 119          5969.50230
 120          6045.54090
 121          6121.93420
 122          6198.68220
 123          6275.78490
 124          6353.24250
 125          6431.05510
 126          6509.22270
 127          6587.74550
 128          6666.62370
 129          6745.85750
 130          6825.44710
 131          6905.39290
 132          6985.69510
 133          7066.35400
 134          7147.37000
 135          7228.74340
 136          7310.47460
 137          7392.56400
 138          7475.01200
 139          7557.81910
 140          7640.98580
 141          7724.51250
 142          7808.39970
 143          7892.64800
 144          7977.25790
 145          8062.23000
 146          8147.56490
 147          8233.26300
 148          8319.32520
 149          8405.75190
 150          8492.54390
 151          8579.70170
 152          8667.22610
 153          8755.11770
 154          8843.37730
 155          8932.00550
 156          9021.00310
 157          9110.37090
 158          9200.10950
 159          9290.21980
 160          9380.70250
 161          9471.55840
 162          9562.78830
 163          9654.39300
 164          9746.37340
 165          9838.73020
 166          9931.46440
 167         10024.57700
 168         10118.06800
 169         10211.93900
 170         10306.19200
 171         10400.82500
 172         10495.84200
 173         10591.24200
 174         10687.02600
 175         10783.19600
 176         10879.75100
 177         10976.69500
 178         11074.02600
 179         11171.74600
 180         11269.85700
 181         11368.35900
 182         11467.25300
 183         11566.53900
 184         11666.22000
 185         11766.29600
 186         11866.76800
 187         11967.63800
 188         12068.90500
 189         12170.57100
 190         12272.63800
 191         12375.10600
 192         12477.97600
 193         12581.25000
 194         12684.92800
 195         12789.01200
 196         12893.50200
 197         12998.40000
 198         13103.70600
 199         13209.42300
 200         13315.55000
 201         13422.09000
 202         13529.04300
 203         13636.41000
 204         13744.19300
 205         13852.39200
 206         13961.00900
 207         14070.04500
 208         14179.50100
 209         14289.37800
 210         14399.67800
 211         14510.40100
 212         14621.54900
 213         14733.12300
 214         14845.12400
 215         14957.55300
 216         15070.41100
 217         15183.70100
 218         15297.42200
 219         15411.57600
 220         15526.16500
 221         15641.19000
 222         15756.65100
 223         15872.55000
 224         15988.88800
 225         16105.66700
 226         16222.88800
 227         16340.55200
 228         16458.66000
 229         16577.21400
 230         16696.21400
 231         16815.66300
 232         16935.56100
 233         17055.91000
 234         17176.71100
 235         17297.96500
 236         17419.67400
 237         17541.83900
 238         17664.46100
 239         17787.54100
 240         17911.08200
 241         18035.08400
 242         18159.54800
 243         18284.47700
 244         18409.87000
 245         18535.73100
 246         18662.05900
 247         18788.85700
 248         18916.12500
 249         19043.86600
 250         19172.08000
 251         19300.76900
 252         19429.93400
 253         19559.57700
 254         19689.69900
 255         19820.30200
 256         19951.38600
 257         20082.95400
 258         20215.00700
 259         20347.54600
 260         20480.57200
 261         20614.08700
 262         20748.09300
 263         20882.59100
 264         21017.58300
 265         21153.06900
 266         21289.05200
 267         21425.53200
 268         21562.51200
 269         21699.99200
 270         21837.97500
 271         21976.46100
 272         22115.45300
 273         22254.95100
 274         22394.95800
 275         22535.47400
 276         22676.50200
 277         22818.04300
 278         22960.09800
 279         23102.66800
 280         23245.75600
 281         23389.36400
 282         23533.49100
 283         23678.14100
 284         23823.31400
 285         23969.01200
 286         24115.23700
 287         24261.99100
 288         24409.27400
 289         24557.08800
 290         24705.43600
 291         24854.31800
 292         25003.73700
 293         25153.69300
 294         25304.18900
 295         25455.22600
 296         25606.80600
 297         25758.92900
 298         25911.59900
 299         26064.81600
 300         26218.58300
 301         26372.90000
 302         26527.77000
 303         26683.19300
 304         26839.17300
 305         26995.71000
 306         27152.80600
 307         27310.46300
 308         27468.68200
 309         27627.46500
 310         27786.81400
 311         27946.73100
 312         28107.21600
 313         28268.27300
 314         28429.90200
 315         28592.10500
 316         28754.88500
 317         28918.24200
 318         29082.17800
 319         29246.69600
 320         29411.79600
 321         29577.48100
 322         29743.75300
 323         29910.61200
 324         30078.06200
 325         30246.10200
 326         30414.73700
 327         30583.96600
 328         30753.79200
 329         30924.21700
 330         31095.24200
 331         31266.86900
 332         31439.10100
 333         31611.93800
 334         31785.38200
 335         31959.43600
 336         32134.10100
 337         32309.38000
 338         32485.27200
 339         32661.78200
 340         32838.91000
 341         33016.65800
 342         33195.02800
 343         33374.02100
 344         33553.64100
 345         33733.88800
 346         33914.76500
 347         34096.27300
 348         34278.41400
 349         34461.18900
 350         34644.60200
 351         34828.65300
 352         35013.34500
 353         35198.68000
 354         35384.65800
 355         35571.28300
 356         35758.55600
 357         35946.47900
 358         36135.05300
 359         36324.28200
 360         36514.16600
 361         36704.70800
 362         36895.90900
 363         37087.77200
 364         37280.29800
 365         37473.48900
 366         37667.34700
 367         37861.87400
 368         38057.07300
 369         38252.94400
 370         38449.49100
 371         38646.71400
 372         38844.61600
 373         39043.19900
 374         39242.46500
 375         39442.41500
 376         39643.05200
 377         39844.37800
 378         40046.39400
 379         40249.10300
 380         40452.50700
 381         40656.60700
 382         40861.40600
 383         41066.90500
 384         41273.10700
 385         41480.01400
 386         41687.62700
 387         41895.94900
 388         42104.98100
 389         42314.72600
 390         42525.18600
 391         42736.36200
 392         42948.25700
 393         43160.87300
 394         43374.21200
 395         43588.27600
 396         43803.06600
 397         44018.58600
 398         44234.83600
 399         44451.82000
 400         44669.53900
 401         44887.99500
 402         45107.19000
 403         45327.12600
 404         45547.80600
 405         45769.23200
 406         45991.40500
 407         46214.32800
 408         46438.00300
 409         46662.43100
 410         46887.61600
 411         47113.55900
 412         47340.26200
 413         47567.72700
 414         47795.95700
 415         48024.95300
 416         48254.71800
 417         48485.25400
 418         48716.56200
 419         48948.64600
 420         49181.50700
 421         49415.14800
 422         49649.57000
 423         49884.77500
 424         50120.76700
 425         50357.54600
 426         50595.11600
 427         50833.47800
 428         51072.63400
 429         51312.58700
 430         51553.33900
 431         51794.89200
 432         52037.24800
 433         52280.41000
 434         52524.37900
 435         52769.15800
 436         53014.74900
 437         53261.15400
 438         53508.37500
 439         53756.41600
 440         54005.27700
 441         54254.96100
 442         54505.47000
 443         54756.80700
 444         55008.97300
 445         55261.97100
 446         55515.80400
 447         55770.47300
 448         56025.98100
 449         56282.33000
 450         56539.52100
 451         56797.55900
 452         57056.44400
 453         57316.17900
 454         57576.76600
 455         57838.20700
 456         58100.50600
 457         58363.66300
 458         58627.68200
 459         58892.56400
 460         59158.31200
 461         59424.92900
 462         59692.41600
 463         59960.77500
 464         60230.01000
 465         60500.12200
 466         60771.11400
 467         61042.98800
 468         61315.74600
 469         61589.39100
 470         61863.92500
 471         62139.35000
 472         62415.66900
 473         62692.88300
 474         62970.99600
 475         63250.01000
 476         63529.92700
 477         63810.74900
 478         64092.47900
 479         64375.11800
 480         64658.67100
 481         64943.13800
 482         65228.52200
 483         65514.82500
 484         65802.05100
 485         66090.20100
 486         66379.27700
 487         66669.28300
 488         66960.22000
 489         67252.09100
 490         67544.89800
 491         67838.64300
 492         68133.33000
 493         68428.96000
 494         68725.53600
 495         69023.06000
 496         69321.53500
 497         69620.96300
 498         69921.34700
 499         70222.68800
 500         70524.99000
 501         70828.25500
 502         71132.48500
 503         71437.68300
 504         71743.85100
 505         72050.99100
 506         72359.10700
 507         72668.20000
 508         72978.27300
 509         73289.32800
 510         73601.36900
 511         73914.39700
 512         74228.41400
 513         74543.42400
 514         74859.42900
 515         75176.43100
 516         75494.43300
 517         75813.43800
 518         76133.44700
 519         76454.46300
 520         76776.49000
 521         77099.52800
 522         77423.58200
 523         77748.65200
 524         78074.74300
 525         78401.85600
 526         78729.99400
 527         79059.15900
 528         79389.35400
 529         79720.58200
 530         80052.84500
 531         80386.14600
 532         80720.48600
 533         81055.87000
 534         81392.29800
 535         81729.77500
 536         82068.30200
 537         82407.88200
 538         82748.51700
 539         83090.21000
 540         83432.96400
 541         83776.78200
 542         84121.66500
 543         84467.61700
 544         84814.63900
 545         85162.73600
 546         85511.90800
 547         85862.15900
 548         86213.49200
 549         86565.90900
 550         86919.41200
 551         87274.00500
 552         87629.68900
 553         87986.46900
 554         88344.34500
 555         88703.32100
 556         89063.39900
 557         89424.58300
 558         89786.87400
 559         90150.27500
 560         90514.79000
 561         90880.42000
 562         91247.16800
 563         91615.03800
 564         91984.03100
 565         92354.15000
 566         92725.39900
 567         93097.77900
 568         93471.29300
 569         93845.94400
 570         94221.73500
 571         94598.66900
 572         94976.74700
 573         95355.97300
 574         95736.35000
 575         96117.88000
 576         96500.56600
 577         96884.41000
 578         97269.41600
 579         97655.58600
 580         98042.92200
 581         98431.42900
 582         98821.10700
 583         99211.96000
 584         99603.99100
 585         99997.20300
 586        100391.60000
 587        100787.18000
 588        101183.95000
 589        101581.91000
 590        101981.06000
 591        102381.41000
 592        102782.97000
 593        103185.72000
 594        103589.68000
 595        103994.85000
 596        104401.23000
 597        104808.82000
 598        105217.63000
 599        105627.65000
 600        106038.90000
 601        106451.38000
 602        106865.08000
 603        107280.01000
 604        107696.18000
 605        108113.58000
 606        108532.22000
 607        108952.11000
 608        109373.23000
 609        109795.61000
 610        110219.23000
 611        110644.11000
 612        111070.24000
 613        111497.64000
 614        111926.29000
 615        112356.21000
 616        112787.40000
 617        113219.85000
 618        113653.58000
 619        114088.59000
 620        114524.87000
 621        114962.43000
 622        115401.28000
 623        115841.42000
 624        116282.85000
 625        116725.57000
 626        117169.59000
 627        117614.90000
 628        118061.52000
 629        118509.44000
 630        118958.67000
 631        119409.22000
 632        119861.07000
 633        120314.24000
 634        120768.73000
 635        121224.54000
 636        121681.68000
 637        122140.15000
 638        122599.95000
 639        123061.08000
 640        123523.55000
 641        123987.35000
 642        124452.51000
 643        124919.00000
 644        125386.85000
 645        125856.05000
 646        126326.60000
 647        126798.51000
 648        127271.78000
 649        127746.42000
 650        128222.42000
 651        128699.79000
 652        129178.53000
 653        129658.65000
 654        130140.15000
 655        130623.03000
 656        131107.30000
 657        131592.95000
 658        132079.99000
 659        132568.43000
 660        133058.27000
 661        133549.50000
 662        134042.14000
 663        134536.18000
 664        135031.63000
 665        135528.50000
 666        136026.77000
 667        136526.47000
 668        137027.59000
 669        137530.13000
 670        138034.10000
 671        138539.50000
 672        139046.33000
 673        139554.60000
 674        140064.31000
 675        140575.46000
 676        141088.06000
 677        141602.11000
 678        142117.61000
 679        142634.56000
 680        143152.97000
 681        143672.84000
 682        144194.18000
 683        144716.99000
 684        145241.26000
 685        145767.01000
 686        146294.24000
 687        146822.94000
 688        147353.13000
 689        147884.80000
 690        148417.97000
 691        148952.62000
 692        149488.78000
 693        150026.43000
 694        150565.58000
 695        151106.24000
 696        151648.41000
 697        152192.08000
 698        152737.28000
 699        153283.99000
 700        153832.22000
 701        154381.97000
 702        154933.26000
 703        155486.07000
 704        156040.42000
 705        156596.30000
 706        157153.73000
 707        157712.69000
 708        158273.21000
 709        158835.27000
 710        159398.89000
 711        159964.06000
 712        160530.79000
 713        161099.09000
 714        161668.95000
 715        162240.38000
 716        162813.38000
 717        163387.96000
 718        163964.12000
 719        164541.86000
 720        165121.19000
 721        165702.10000
 722        166284.60000
 723        166868.71000
 724        167454.40000
 725        168041.71000
 726        168630.61000
 727        169221.13000
 728        169813.25000
 729        170406.99000
 730        171002.35000
 731        171599.34000
 732        172197.94000
 733        172798.17000
 734        173400.04000
 735        174003.54000
 736        174608.68000
 737        175215.46000
 738        175823.88000
 739        176433.96000
 740        177045.68000
 741        177659.06000
 742        178274.10000
 743        178890.80000
 744        179509.16000
 745        180129.19000
 746        180750.89000
 747        181374.27000
 748        181999.33000
 749        182626.07000
 750        183254.49000
 751        183884.60000
 752        184516.41000
 753        185149.91000
 754        185785.10000
 755        186422.00000
 756        187060.61000
 757        187700.92000
 758        188342.95000
 759        188986.69000
 760        189632.15000
 761        190279.33000
 762        190928.24000
 763        191578.88000
 764        192231.25000
 765        192885.36000
 766        193541.21000
 767        194198.80000
 768        194858.14000
 769        195519.23000
 770        196182.07000
 771        196846.66000
 772        197513.02000
 773        198181.14000
 774        198851.03000
 775        199522.69000
 776        200196.13000
 777        200871.34000
 778        201548.34000
 779        202227.12000
 780        202907.68000
 781        203590.04000
 782        204274.20000
 783        204960.15000
 784        205647.91000
 785        206337.47000
 786        207028.84000
 787        207722.02000
 788        208417.02000
 789        209113.85000
 790        209812.49000
 791        210512.96000
 792        211215.26000
 793        211919.40000
 794        212625.38000
 795        213333.19000
 796        214042.85000
 797        214754.36000
 798        215467.72000
 799        216182.94000
 800        216900.02000
 801        217618.96000
 802        218339.76000
 803        219062.44000
 804        219786.99000
 805        220513.41000
 806        221241.72000
 807        221971.91000
 808        222703.99000
 809        223437.96000
 810        224173.83000
 811        224911.60000
 812        225651.26000
 813        226392.84000
 814        227136.32000
 815        227881.72000
 816        228629.04000
 817        229378.27000
 818        230129.43000
 819        230882.52000
 820        231637.54000
 821        232394.50000
 822        233153.40000
 823        233914.23000
 824        234677.02000
 825        235441.75000
 826        236208.44000
 827        236977.09000
 828        237747.70000
 829        238520.27000
 830        239294.81000
 831        240071.33000
 832        240849.82000
 833        241630.29000
 834        242412.74000
 835        243197.18000
 836        243983.61000
 837        244772.04000
 838        245562.47000
 839        246354.89000
 840        247149.33000
 841        247945.77000
 842        248744.23000
 843        249544.70000
 844        250347.20000
 845        251151.72000
 846        251958.27000
 847        252766.85000
 848        253577.47000
 849        254390.13000
 850        255204.83000
 851        256021.58000
 852        256840.38000
 853        257661.23000
 854        258484.15000
 855        259309.13000
 856        260136.17000
 857        260965.29000
 858        261796.48000
 859        262629.74000
 860        263465.09000
 861        264302.53000
 862        265142.05000
 863        265983.67000
 864        266827.39000
 865        267673.21000
 866        268521.13000
 867        269371.16000
 868        270223.30000
 869        271077.56000
 870        271933.95000
 871        272792.45000
 872        273653.09000
 873        274515.85000
 874        275380.76000
 875        276247.80000
 876        277116.98000
 877        277988.32000
 878        278861.81000
 879        279737.45000
 880        280615.25000
 881        281495.21000
 882        282377.35000
 883        283261.65000
 884        284148.13000
 885        285036.79000
 886        285927.63000
 887        286820.66000
 888        287715.88000
 889        288613.30000
 890        289512.91000
 891        290414.73000
 892        291318.75000
 893        292224.99000
 894        293133.44000
 895        294044.11000
 896        294957.00000
 897        295872.12000
 898        296789.47000
 899        297709.06000
 900        298630.88000
 901        299554.95000
 902        300481.26000
 903        301409.83000
 904        302340.65000
 905        303273.73000
 906        304209.07000
 907        305146.68000
 908        306086.56000
 909        307028.72000
 910        307973.16000
 911        308919.88000
 912        309868.88000
 913        310820.18000
 914        311773.77000
 915        312729.67000
 916        313687.86000
 917        314648.37000
 918        315611.19000
 919        316576.32000
 920        317543.77000
 921        318513.55000
 922        319485.65000
 923        320460.09000
 924        321436.87000
 925        322415.98000
 926        323397.44000
 927        324381.25000
 928        325367.41000
 929        326355.93000
 930        327346.81000
 931        328340.05000
 932        329335.67000
 933        330333.66000
 934        331334.02000
 935        332336.77000
 936        333341.91000
 937        334349.43000
 938        335359.35000
 939        336371.67000
 940        337386.39000
 941        338403.52000
 942        339423.06000
 943        340445.01000
 944        341469.39000
 945        342496.19000
 946        343525.41000
 947        344557.07000
 948        345591.17000
 949        346627.71000
 950        347666.69000
 951        348708.12000
 952        349752.00000
 953        350798.35000
 954        351847.15000
 955        352898.42000
 956        353952.16000
 957        355008.38000
 958        356067.07000
 959        357128.25000
 960        358191.92000
 961        359258.07000
 962        360326.73000
 963        361397.88000
 964        362471.54000
 965        363547.71000
 966        364626.39000
 967        365707.58000
 968        366791.31000
 969        367877.55000
 970        368966.33000
 971        370057.64000
 972        371151.49000
 973        372247.89000
 974        373346.83000
 975        374448.32000
 976        375552.37000
 977        376658.99000
 978        377768.16000
 979        378879.91000
 980        379994.23000
 981        381111.13000
 982        382230.61000
 983        383352.68000
 984        384477.34000
 985        385604.60000
 986        386734.45000
 987        387866.91000
 988        389001.98000
 989        390139.67000
 990        391279.97000
 991        392422.89000
 992        393568.44000
 993        394716.62000
 994        395867.44000
 995        397020.90000
 996        398177.00000
 997        399335.75000
 998        400497.15000
 999        401661.21000
1000        402827.93000
1001        403997.32000
1002        405169.38000
1003        406344.12000
1004        407521.54000
1005        408701.64000
1006        409884.43000
1007        411069.91000
1008        412258.09000
1009        413448.97000
1010        414642.56000
1011        415838.87000
1012        417037.88000
1013        418239.62000
1014        419444.09000
1015        420651.28000
1016        421861.21000
1017        423073.87000
1018        424289.28000
1019        425507.43000
1020        426728.34000
1021        427952.01000
1022        429178.43000
1023        430407.63000
1024        431639.59000
1025        432874.33000
1026        434111.84000
1027        435352.14000
1028        436595.23000
1029        437841.12000
1030        439089.80000
1031        440341.28000
1032        441595.57000
1033        442852.67000
1034        444112.59000
1035        445375.33000
1036        446640.90000
1037        447909.29000
1038        449180.52000
1039        450454.59000
1040        451731.50000
1041        453011.27000
1042        454293.88000
1043        455579.35000
1044        456867.69000
1045        458158.89000
1046        459452.97000
1047        460749.92000
1048        462049.75000
1049        463352.47000
1050        464658.08000
1051        465966.58000
1052        467277.99000
1053        468592.30000
1054        469909.52000
1055        471229.65000
1056        472552.70000
1057        473878.68000
1058        475207.58000
1059        476539.42000
1060        477874.19000
1061        479211.91000
1062        480552.57000
1063        481896.19000
1064        483242.76000
1065        484592.29000
1066        485944.79000
1067        487300.27000
1068        488658.71000
1069        490020.14000
1070        491384.55000
1071        492751.95000
1072        494122.35000
1073        495495.75000
1074        496872.15000
1075        498251.56000
1076        499633.99000
1077        501019.43000
1078        502407.90000
1079        503799.39000
1080        505193.92000
1081        506591.49000
1082        507992.10000
1083        509395.75000
1084        510802.46000
1085        512212.23000
1086        513625.06000
1087        515040.96000
1088        516459.93000
1089        517881.97000
1090        519307.10000
1091        520735.31000
1092        522166.62000
1093        523601.02000
1094        525038.53000
1095        526479.14000
1096        527922.86000
1097        529369.69000
1098        530819.65000
1099        532272.73000
1100        533728.95000
1101        535188.30000
1102        536650.79000
1103        538116.42000
1104        539585.21000
1105        541057.15000
1106        542532.25000
1107        544010.52000
1108        545491.95000
1109        546976.56000
1110        548464.36000
1111        549955.33000
1112        551449.50000
1113        552946.86000
1114        554447.43000
1115        555951.19000
1116        557458.17000
1117        558968.36000
1118        560481.77000
1119        561998.41000
1120        563518.28000
1121        565041.38000
1122        566567.72000
1123        568097.31000
1124        569630.15000
1125        571166.24000
1126        572705.59000
1127        574248.21000
1128        575794.10000
1129        577343.26000
1130        578895.70000
1131        580451.43000
1132        582010.45000
1133        583572.77000
1134        585138.38000
1135        586707.30000
1136        588279.54000
1137        589855.08000
1138        591433.95000
1139        593016.15000
1140        594601.67000
1141        596190.54000
1142        597782.74000
1143        599378.29000
1144        600977.19000
1145        602579.45000
1146        604185.07000
1147        605794.06000
1148        607406.42000
1149        609022.16000
1150        610641.28000
1151        612263.79000
1152        613889.69000
1153        615518.99000
1154        617151.69000
1155        618787.80000
1156        620427.32000
1157        622070.27000
1158        623716.63000
1159        625366.43000
1160        627019.66000
1161        628676.33000
1162        630336.44000
1163        632000.01000
1164        633667.03000
1165        635337.51000
1166        637011.45000
1167        638688.87000
1168        640369.76000
1169        642054.13000
1170        643741.99000
1171        645433.35000
1172        647128.19000
1173        648826.55000
1174        650528.41000
1175        652233.78000
1176        653942.67000
1177        655655.08000
1178        657371.02000
1179        659090.50000
1180        660813.52000
1181        662540.08000
1182        664270.19000
1183        666003.85000
1184        667741.08000
1185        669481.87000
1186        671226.24000
1187        672974.18000
1188        674725.70000
1189        676480.81000
1190        678239.51000
1191        680001.81000
1192        681767.72000
1193        683537.23000
1194        685310.35000
1195        687087.10000
1196        688867.47000
1197        690651.47000
1198        692439.11000
1199        694230.38000
1200        696025.31000
1201        697823.88000
1202        699626.12000
1203        701432.01000
1204        703241.57000
1205        705054.81000
1206        706871.73000
1207        708692.32000
1208        710516.61000
1209        712344.60000
1210        714176.28000
1211        716011.67000
1212        717850.78000
1213        719693.60000
1214        721540.14000
1215        723390.41000
1216        725244.41000
1217        727102.15000
1218        728963.64000
1219        730828.88000
1220        732697.87000
1221        734570.62000
1222        736447.14000
1223        738327.43000
1224        740211.49000
1225        742099.35000
1226        743990.98000
1227        745886.42000
1228        747785.65000
1229        749688.69000
1230        751595.53000
1231        753506.20000
1232        755420.68000
1233        757339.00000
1234        759261.14000
1235        761187.12000
1236        763116.95000
1237        765050.63000
1238        766988.16000
1239        768929.55000
1240        770874.81000
1241        772823.94000
1242        774776.95000
1243        776733.84000
1244        778694.62000
1245        780659.29000
1246        782627.87000
1247        784600.35000
1248        786576.74000
1249        788557.04000
1250        790541.27000
1251        792529.43000
1252        794521.52000
1253        796517.55000
1254        798517.53000
1255        800521.45000
1256        802529.34000
1257        804541.18000
1258        806556.99000
1259        808576.78000
1260        810600.55000
1261        812628.30000
1262        814660.04000
1263        816695.77000
1264        818735.51000
1265        820779.26000
1266        822827.02000
1267        824878.80000
1268        826934.60000
1269        828994.43000
1270        831058.30000
1271        833126.22000
1272        835198.18000
1273        837274.19000
1274        839354.26000
1275        841438.40000
1276        843526.61000
1277        845618.89000
1278        847715.26000
1279        849815.72000
1280        851920.27000
1281        854028.92000
1282        856141.67000
1283        858258.54000
1284        860379.53000
1285        862504.63000
1286        864633.87000
1287        866767.24000
1288        868904.75000
1289        871046.41000
1290        873192.22000
1291        875342.19000
1292        877496.32000
1293        879654.62000
1294        881817.10000
1295        883983.76000
1296        886154.60000
1297        888329.64000
1298        890508.88000
1299        892692.32000
1300        894879.98000
1301        897071.85000
1302        899267.94000
1303        901468.26000
1304        903672.82000
1305        905881.62000
1306        908094.66000
1307        910311.96000
1308        912533.51000
1309        914759.33000
1310        916989.42000
1311        919223.78000
1312        921462.43000
1313        923705.36000
1314        925952.59000
1315        928204.12000
1316        930459.96000
1317        932720.10000
1318        934984.56000
1319        937253.35000
1320        939526.47000
1321        941803.92000
1322        944085.72000
1323        946371.86000
1324        948662.36000
1325        950957.21000
1326        953256.44000
1327        955560.03000
1328        957868.00000
1329        960180.36000
1330        962497.11000
1331        964818.25000
1332        967143.79000
1333        969473.75000
1334        971808.11000
1335        974146.90000
1336        976490.11000
1337        978837.76000
1338        981189.85000
1339        983546.38000
1340        985907.36000
1341        988272.79000
1342        990642.69000
1343        993017.06000
1344        995395.91000
1345        997779.23000
1346       1000167.00000
1347       1002559.40000
1348       1004956.20000
1349       1007357.50000
1350       1009763.30000
1351       1012173.60000
1352       1014588.50000
1353       1017007.90000
1354       1019431.80000
1355       1021860.30000
1356       1024293.30000
1357       1026730.90000
1358       1029173.10000
1359       1031619.80000
1360       1034071.10000
1361       1036526.90000
1362       1038987.40000
1363       1041452.40000
1364       1043922.10000
1365       1046396.30000
1366       1048875.20000
1367       1051358.60000
1368       1053846.70000
1369       1056339.50000
1370       1058836.80000
1371       1061338.80000
1372       1063845.50000
1373       1066356.80000
1374       1068872.80000
1375       1071393.40000
1376       1073918.70000
1377       1076448.70000
1378       1078983.40000
1379       1081522.70000
1380       1084066.80000
1381       1086615.60000
1382       1089169.10000
1383       1091727.30000
1384       1094290.20000
1385       1096857.90000
1386       1099430.30000
1387       1102007.40000
1388       1104589.30000
1389       1107175.90000
1390       1109767.30000
1391       1112363.50000
1392       1114964.50000
1393       1117570.20000
1394       1120180.70000
1395       1122796.00000
1396       1125416.10000
1397       1128041.00000
1398       1130670.80000
1399       1133305.30000
1400       1135944.70000
1401       1138588.90000
1402       1141238.00000
1403       1143891.80000
1404       1146550.60000
1405       1149214.20000
1406       1151882.70000
1407       1154556.00000
1408       1157234.20000
1409       1159917.30000
1410       1162605.30000
1411       1165298.20000
1412       1167996.00000
1413       1170698.70000
1414       1173406.30000
1415       1176118.80000
1416       1178836.30000
1417       1181558.70000
1418       1184286.10000
1419       1187018.40000
1420       1189755.60000
1421       1192497.80000
1422       1195245.00000
1423       1197997.10000
1424       1200754.30000
1425       1203516.40000
1426       1206283.50000
1427       1209055.60000
1428       1211832.80000
1429       1214614.90000
1430       1217402.10000
1431       1220194.30000
1432       1222991.50000
1433       1225793.70000
1434       1228601.00000
1435       1231413.40000
1436       1234230.80000
1437       1237053.30000
1438       1239880.90000
1439       1242713.50000
1440       1245551.30000
1441       1248394.10000
1442       1251242.00000
1443       1254095.00000
1444       1256953.20000
1445       1259816.40000
1446       1262684.80000
1447       1265558.30000
1448       1268437.00000
1449       1271320.80000
1450       1274209.80000
1451       1277103.90000
1452       1280003.20000
1453       1282907.60000
1454       1285817.30000
1455       1288732.10000
1456       1291652.10000
1457       1294577.30000
1458       1297507.70000
1459       1300443.40000
1460       1303384.20000
1461       1306330.30000
1462       1309281.60000
1463       1312238.20000
1464       1315200.00000
1465       1318167.00000
1466       1321139.40000
1467       1324116.90000
1468       1327099.80000
1469       1330087.90000
1470       1333081.40000
1471       1336080.10000
1472       1339084.10000
1473       1342093.40000
1474       1345108.10000
1475       1348128.00000
1476       1351153.30000
1477       1354184.00000
1478       1357219.90000
1479       1360261.30000
1480       1363307.90000
1481       1366360.00000
1482       1369417.40000
1483       1372480.20000
1484       1375548.30000
1485       1378621.90000
1486       1381700.80000
1487       1384785.20000
1488       1387874.90000
1489       1390970.10000
1490       1394070.70000
1491       1397176.80000
1492       1400288.20000
1493       1403405.20000
1494       1406527.50000
1495       1409655.40000
1496       1412788.70000
1497       1415927.40000
1498       1419071.70000
1499       1422221.40000
1500       1425376.60000
1501       1428537.40000
1502       1431703.60000
1503       1434875.30000
1504       1438052.60000
1505       1441235.40000
1506       1444423.70000
1507       1447617.60000
1508       1450817.00000
1509       1454022.00000
1510       1457232.50000
1511       1460448.70000
1512       1463670.30000
1513       1466897.60000
1514       1470130.50000
1515       1473368.90000
1516       1476613.00000
1517       1479862.70000
1518       1483118.00000
1519       1486378.90000
1520       1489645.50000
1521       1492917.60000
1522       1496195.50000
1523       1499479.00000
1524       1502768.10000
1525       1506063.00000
1526       1509363.50000
1527       1512669.70000
1528       1515981.50000
1529       1519299.10000
1530       1522622.40000
1531       1525951.40000
1532       1529286.10000
1533       1532626.50000
1534       1535972.60000
1535       1539324.50000
1536       1542682.20000
1537       1546045.60000
1538       1549414.70000
1539       1552789.70000
1540       1556170.40000
1541       1559556.90000
1542       1562949.10000
1543       1566347.20000
1544       1569751.10000
1545       1573160.80000
1546       1576576.30000
1547       1579997.60000
1548       1583424.70000
1549       1586857.70000
1550       1590296.60000
1551       1593741.30000
1552       1597191.90000
1553       1600648.30000
1554       1604110.60000
1555       1607578.80000
1556       1611052.90000
1557       1614532.80000
1558       1618018.70000
1559       1621510.50000
1560       1625008.20000
1561       1628511.90000
1562       1632021.40000
1563       1635537.00000
1564       1639058.40000
1565       1642585.80000
1566       1646119.20000
1567       1649658.60000
1568       1653203.90000
1569       1656755.20000
1570       1660312.50000
1571       1663875.80000
1572       1667445.10000
1573       1671020.50000
1574       1674601.80000
1575       1678189.20000
1576       1681782.60000
1577       1685382.00000
1578       1688987.60000
1579       1692599.10000
1580       1696216.70000
1581       1699840.40000
1582       1703470.20000
1583       1707106.10000
1584       1710748.10000
1585       1714396.10000
1586       1718050.30000
1587       1721710.60000
1588       1725377.00000
1589       1729049.60000
1590       1732728.30000
1591       1736413.10000
1592       1740104.10000
1593       1743801.30000
1594       1747504.60000
1595       1751214.10000
1596       1754929.80000
1597       1758651.70000
1598       1762379.70000
1599       1766114.00000
1600       1769854.50000
1601       1773601.20000
1602       1777354.20000
1603       1781113.40000
1604       1784878.80000
1605       1788650.50000
1606       1792428.40000
1607       1796212.60000
1608       1800003.10000
1609       1803799.90000
1610       1807602.90000
1611       1811412.30000
1612       1815227.90000
1613       1819049.90000
1614       1822878.10000
1615       1826712.80000
1616       1830553.70000
1617       1834401.00000
1618       1838254.60000
1619       1842114.60000
1620       1845981.00000
1621       1849853.70000
1622       1853732.80000
1623       1857618.30000
1624       1861510.20000
1625       1865408.50000
1626       1869313.20000
1627       1873224.30000
1628       1877141.90000
1629       1881065.90000
1630       1884996.30000
1631       1888933.20000
1632       1892876.50000
1633       1896826.30000
1634       1900782.60000
1635       1904745.30000
1636       1908714.60000
1637       1912690.30000
1638       1916672.50000
1639       1920661.30000
1640       1924656.50000
1641       1928658.30000
1642       1932666.60000
1643       1936681.50000
1644       1940702.90000
1645       1944730.90000
1646       1948765.40000
1647       1952806.50000
1648       1956854.20000
1649       1960908.40000
1650       1964969.30000
1651       1969036.80000
1652       1973110.80000
1653       1977191.50000
1654       1981278.80000
1655       1985372.80000
1656       1989473.40000
1657       1993580.60000
1658       1997694.60000
1659       2001815.10000
1660       2005942.40000
1661       2010076.30000
1662       2014216.90000
1663       2018364.20000
1664       2022518.20000
1665       2026679.00000
1666       2030846.40000
1667       2035020.60000
1668       2039201.50000
1669       2043389.10000
1670       2047583.50000
1671       2051784.70000
1672       2055992.60000
1673       2060207.30000
1674       2064428.80000
1675       2068657.10000
1676       2072892.20000
1677       2077134.10000
1678       2081382.80000
1679       2085638.30000
1680       2089900.70000
1681       2094169.90000
1682       2098445.90000
1683       2102728.80000
1684       2107018.50000
1685       2111315.20000
1686       2115618.70000
1687       2119929.10000
1688       2124246.40000
1689       2128570.50000
1690       2132901.60000
1691       2137239.70000
1692       2141584.60000
1693       2145936.50000
1694       2150295.30000
1695       2154661.10000
1696       2159033.80000
1697       2163413.50000
1698       2167800.10000
1699       2172193.80000
1700       2176594.40000
1701       2181002.10000
1702       2185416.70000
1703       2189838.40000
1704       2194267.10000
1705       2198702.80000
1706       2203145.50000
1707       2207595.30000
1708       2212052.20000
1709       2216516.10000
1710       2220987.10000
1711       2225465.10000
1712       2229950.30000
1713       2234442.50000
1714       2238941.90000
1715       2243448.40000
1716       2247961.90000
1717       2252482.70000
1718       2257010.50000
1719       2261545.50000
1720       2266087.60000
1721       2270636.90000
1722       2275193.40000
1723       2279757.10000
1724       2284327.90000
1725       2288905.90000
1726       2293491.20000
1727       2298083.60000
1728       2302683.20000
1729       2307290.10000
1730       2311904.20000
1731       2316525.60000
1732       2321154.20000
1733       2325790.10000
1734       2330433.20000
1735       2335083.60000
1736       2339741.30000
1737       2344406.30000
1738       2349078.60000
1739       2353758.20000
1740       2358445.10000
1741       2363139.30000
1742       2367840.90000
1743       2372549.80000
1744       2377266.10000
1745       2381989.70000
1746       2386720.70000
1747       2391459.00000
1748       2396204.80000
1749       2400957.90000
1750       2405718.50000
1751       2410486.40000
1752       2415261.80000
1753       2420044.50000
1754       2424834.80000
1755       2429632.40000
1756       2434437.50000
1757       2439250.10000
1758       2444070.10000
1759       2448897.60000
1760       2453732.60000
1761       2458575.10000
1762       2463425.10000
1763       2468282.60000
1764       2473147.60000
1765       2478020.10000
1766       2482900.20000
1767       2487787.80000
1768       2492682.90000
1769       2497585.60000
1770       2502495.90000
1771       2507413.80000
1772       2512339.20000
1773       2517272.30000
1774       2522212.90000
1775       2527161.10000
1776       2532117.00000
1777       2537080.50000
1778       2542051.60000
1779       2547030.40000
1780       2552016.80000
1781       2557010.90000
1782       2562012.70000
1783       2567022.10000
1784       2572039.20000
1785       2577064.00000
1786       2582096.50000
1787       2587136.80000
1788       2592184.70000
1789       2597240.40000
1790       2602303.80000
1791       2607375.00000
1792       2612453.90000
1793       2617540.50000
1794       2622635.00000
1795       2627737.20000
1796       2632847.20000
1797       2637965.10000
1798       2643090.70000
1799       2648224.10000
1800       2653365.40000
1801       2658514.50000
1802       2663671.40000
1803       2668836.20000
1804       2674008.80000
1805       2679189.30000
1806       2684377.70000
1807       2689574.00000
1808       2694778.10000
1809       2699990.20000
1810       2705210.10000
1811       2710438.00000
1812       2715673.80000
1813       2720917.60000
1814       2726169.30000
1815       2731428.90000
1816       2736696.50000
1817       2741972.10000
1818       2747255.70000
1819       2752547.20000
1820       2757846.80000
1821       2763154.30000
1822       2768469.90000
1823       2773793.50000
1824       2779125.10000
1825       2784464.70000
1826       2789812.40000
1827       2795168.20000
1828       2800532.00000
1829       2805904.00000
1830       2811284.00000
1831       2816672.00000
1832       2822068.20000
1833       2827472.50000
1834       2832884.90000
1835       2838305.50000
1836       2843734.20000
1837       2849171.00000
1838       2854616.00000
1839       2860069.20000
1840       2865530.50000
1841       2871000.00000
1842       2876477.70000
1843       2881963.60000
1844       2887457.70000
1845       2892960.00000
1846       2898470.50000
1847       2903989.30000
1848       2909516.40000
1849       2915051.60000
1850       2920595.20000
1851       2926147.00000
1852       2931707.10000
1853       2937275.40000
1854       2942852.10000
1855       2948437.10000
1856       2954030.40000
1857       2959632.00000
1858       2965242.00000
1859       2970860.30000
1860       2976486.90000
1861       2982121.90000
1862       2987765.30000
1863       2993417.10000
1864       2999077.20000
1865       3004745.70000
1866       3010422.70000
1867       3016108.00000
1868       3021801.80000
1869       3027504.00000
1870       3033214.70000
1871       3038933.80000
1872       3044661.30000
1873       3050397.40000
1874       3056141.90000
1875       3061894.90000
1876       3067656.30000
1877       3073426.30000
1878       3079204.80000
1879       3084991.90000
1880       3090787.40000
1881       3096591.50000
1882       3102404.20000
1883       3108225.40000
1884       3114055.20000
1885       3119893.50000
1886       3125740.50000
1887       3131596.00000
1888       3137460.10000
1889       3143332.90000
1890       3149214.30000
1891       3155104.30000
1892       3161002.90000
1893       3166910.20000
1894       3172826.20000
1895       3178750.80000
1896       3184684.10000
1897       3190626.10000
1898       3196576.80000
1899       3202536.20000
1900       3208504.30000
1901       3214481.10000
1902       3220466.70000
1903       3226461.00000
1904       3232464.10000
1905       3238475.90000
1906       3244496.50000
1907       3250525.80000
1908       3256564.00000
1909       3262611.00000
1910       3268666.70000
1911       3274731.30000
1912       3280804.70000
1913       3286886.90000
1914       3292978.00000
1915       3299078.00000
1916       3305186.80000
1917       3311304.40000
1918       3317431.00000
1919       3323566.40000
1920       3329710.80000
1921       3335864.00000
1922       3342026.20000
1923       3348197.30000
1924       3354377.30000
1925       3360566.30000
1926       3366764.30000
1927       3372971.20000
1928       3379187.00000
1929       3385411.90000
1930       3391645.80000
1931       3397888.60000
1932       3404140.50000
1933       3410401.40000
1934       3416671.30000
1935       3422950.30000
1936       3429238.30000
1937       3435535.40000
1938       3441841.50000
1939       3448156.70000
1940       3454481.10000
1941       3460814.50000
1942       3467157.00000
1943       3473508.60000
1944       3479869.40000
1945       3486239.30000
1946       3492618.30000
1947       3499006.50000
1948       3505403.80000
1949       3511810.40000
1950       3518226.10000
1951       3524651.00000
1952       3531085.10000
1953       3537528.40000
1954       3543980.90000
1955       3550442.70000
1956       3556913.70000
1957       3563394.00000
1958       3569883.50000
1959       3576382.30000
1960       3582890.30000
1961       3589407.70000
1962       3595934.30000
1963       3602470.30000
1964       3609015.50000
1965       3615570.10000
1966       3622134.00000
1967       3628707.30000
1968       3635289.90000
1969       3641881.90000
1970       3648483.30000
1971       3655094.10000
1972       3661714.20000
1973       3668343.70000
1974       3674982.70000
1975       3681631.10000
1976       3688288.90000
1977       3694956.20000
1978       3701632.90000
1979       3708319.00000
1980       3715014.70000
1981       3721719.80000
1982       3728434.40000
1983       3735158.50000
1984       3741892.10000
1985       3748635.30000
1986       3755387.90000
1987       3762150.10000
1988       3768921.90000
1989       3775703.20000
1990       3782494.10000
1991       3789294.50000
1992       3796104.60000
1993       3802924.20000
1994       3809753.40000
1995       3816592.30000
1996       3823440.80000
1997       3830298.90000
1998       3837166.70000
1999       3844044.10000
2000       3850931.20000
2001       3857828.00000
2002       3864734.40000
2003       3871650.60000
2004       3878576.40000
2005       3885512.00000
2006       3892457.30000
2007       3899412.30000
2008       3906377.10000
2009       3913351.60000
2010       3920335.90000
2011       3927330.00000
2012       3934333.80000
2013       3941347.50000
2014       3948370.90000
2015       3955404.20000
2016       3962447.30000
2017       3969500.20000
2018       3976562.90000
2019       3983635.60000
2020       3990718.00000
2021       3997810.40000
2022       4004912.60000
2023       4012024.70000
2024       4019146.80000
2025       4026278.70000
2026       4033420.60000
2027       4040572.40000
2028       4047734.10000
2029       4054905.80000
2030       4062087.50000
2031       4069279.10000
2032       4076480.70000
2033       4083692.30000
2034       4090913.90000
2035       4098145.50000
2036       4105387.20000
2037       4112638.90000
2038       4119900.60000
2039       4127172.30000
2040       4134454.20000
2041       4141746.10000
2042       4149048.10000
2043       4156360.20000
2044       4163682.30000
2045       4171014.70000
2046       4178357.10000
2047       4185709.60000
2048       4193072.30000
2049       4200445.20000
2050       4207828.20000
2051       4215221.40000
2052       4222624.80000
2053       4230038.40000
2054       4237462.10000
2055       4244896.10000
2056       4252340.40000
2057       4259794.80000
2058       4267259.50000
2059       4274734.50000
2060       4282219.70000
2061       4289715.20000
2062       4297221.00000
2063       4304737.00000
2064       4312263.40000
2065       4319800.10000
2066       4327347.10000
2067       4334904.50000
2068       4342472.20000
2069       4350050.30000
2070       4357638.70000
2071       4365237.50000
2072       4372846.70000
2073       4380466.30000
2074       4388096.30000
2075       4395736.80000
2076       4403387.60000
2077       4411048.90000
2078       4418720.70000
2079       4426402.90000
2080       4434095.60000
2081       4441798.70000
2082       4449512.40000
2083       4457236.50000
2084       4464971.20000
2085       4472716.40000
2086       4480472.10000
2087       4488238.40000
2088       4496015.20000
2089       4503802.50000
2090       4511600.50000
2091       4519409.00000
2092       4527228.20000
2093       4535057.90000
2094       4542898.30000
2095       4550749.20000
2096       4558610.80000
2097       4566483.10000
2098       4574366.00000
2099       4582259.60000
2100       4590163.90000
2101       4598078.80000
2102       4606004.50000
2103       4613940.80000
2104       4621887.90000
2105       4629845.70000
2106       4637814.30000
2107       4645793.60000
2108       4653783.60000
2109       4661784.50000
2110       4669796.10000
2111       4677818.50000
2112       4685851.70000
2113       4693895.70000
2114       4701950.60000
2115       4710016.30000
2116       4718092.80000
2117       4726180.20000
2118       4734278.40000
2119       4742387.60000
2120       4750507.60000
2121       4758638.50000
2122       4766780.30000
2123       4774933.10000
2124       4783096.80000
2125       4791271.40000
2126       4799456.90000
2127       4807653.50000
2128       4815861.00000
2129       4824079.50000
2130       4832308.90000
2131       4840549.40000
2132       4848800.90000
2133       4857063.50000
2134       4865337.00000
2135       4873621.60000
2136       4881917.30000
2137       4890224.00000
2138       4898541.80000
2139       4906870.70000
2140       4915210.80000
2141       4923561.90000
2142       4931924.10000
2143       4940297.50000
2144       4948682.00000
2145       4957077.60000
2146       4965484.50000
2147       4973902.50000
2148       4982331.70000
2149       4990772.10000
2150       4999223.70000
2151       5007686.50000
2152       5016160.50000
2153       5024645.80000
2154       5033142.30000
2155       5041650.10000
2156       5050169.20000
2157       5058699.50000
2158       5067241.20000
2159       5075794.10000
2160       5084358.40000
2161       5092934.00000
2162       5101520.90000
2163       5110119.20000
2164       5118728.80000
2165       5127349.80000
2166       5135982.20000
2167       5144626.00000
2168       5153281.10000
2169       5161947.70000
2170       5170625.70000
2171       5179315.20000
2172       5188016.10000
2173       5196728.40000
2174       5205452.20000
2175       5214187.50000
2176       5222934.30000
2177       5231692.60000
2178       5240462.40000
2179       5249243.70000
2180       5258036.50000
2181       5266840.90000
2182       5275656.90000
2183       5284484.40000
2184       5293323.50000
2185       5302174.20000
2186       5311036.40000
2187       5319910.30000
2188       5328795.80000
2189       5337693.00000
2190       5346601.70000
2191       5355522.20000
2192       5364454.30000
2193       5373398.00000
2194       5382353.50000
2195       5391320.60000
2196       5400299.50000
2197       5409290.10000
2198       5418292.40000
2199       5427306.50000
2200       5436332.30000
2201       5445369.80000
2202       5454419.20000
2203       5463480.30000
2204       5472553.30000
2205       5481638.00000
2206       5490734.60000
2207       5499842.90000
2208       5508963.20000
2209       5518095.30000
2210       5527239.20000
2211       5536395.00000
2212       5545562.70000
2213       5554742.30000
2214       5563933.90000
2215       5573137.30000
2216       5582352.70000
2217       5591580.00000
2218       5600819.20000
2219       5610070.40000
2220       5619333.60000
2221       5628608.80000
2222       5637896.00000
2223       5647195.20000
2224       5656506.40000
2225       5665829.70000
2226       5675165.00000
2227       5684512.30000
2228       5693871.70000
2229       5703243.20000
2230       5712626.80000
2231       5722022.40000
2232       5731430.20000
2233       5740850.10000
2234       5750282.10000
2235       5759726.30000
2236       5769182.70000
2237       5778651.20000
2238       5788131.80000
2239       5797624.70000
2240       5807129.80000
2241       5816647.00000
2242       5826176.60000
2243       5835718.30000
2244       5845272.30000
2245       5854838.50000
2246       5864417.00000
2247       5874007.80000
2248       5883610.90000
2249       5893226.30000
2250       5902854.00000
2251       5912494.00000
2252       5922146.40000
2253       5931811.10000
2254       5941488.20000
2255       5951177.60000
2256       5960879.40000
2257       5970593.60000
2258       5980320.30000
2259       5990059.30000
2260       5999810.80000
2261       6009574.70000
2262       6019351.00000
2263       6029139.90000
2264       6038941.20000
2265       6048754.90000
2266       6058581.20000
2267       6068420.00000
2268       6078271.30000
2269       6088135.20000
2270       6098011.60000
2271       6107900.50000
2272       6117802.00000
2273       6127716.10000
2274       6137642.80000
2275       6147582.00000
2276       6157533.90000
2277       6167498.40000
2278       6177475.60000
2279       6187465.40000
2280       6197467.80000
2281       6207483.00000
2282       6217510.80000
2283       6227551.30000
2284       6237604.50000
2285       6247670.40000
2286       6257749.00000
2287       6267840.40000
2288       6277944.60000
2289       6288061.50000
2290       6298191.10000
2291       6308333.60000
2292       6318488.90000
2293       6328657.00000
2294       6338837.80000
2295       6349031.60000
2296       6359238.20000
2297       6369457.60000
2298       6379689.90000
2299       6389935.10000
2300       6400193.10000
2301       6410464.10000
2302       6420748.00000
2303       6431044.80000
2304       6441354.60000
2305       6451677.30000
2306       6462013.00000
2307       6472361.60000
2308       6482723.20000
2309       6493097.90000
2310       6503485.50000
2311       6513886.10000
2312       6524299.80000
2313       6534726.60000
2314       6545166.40000
2315       6555619.20000
2316       6566085.20000
2317       6576564.20000
2318       6587056.30000
2319       6597561.60000
2320       6608080.00000
2321       6618611.50000
2322       6629156.10000
2323       6639714.00000
2324       6650285.00000
2325       6660869.20000
2326       6671466.60000
2327       6682077.20000
2328       6692701.00000
2329       6703338.00000
2330       6713988.40000
2331       6724651.90000
2332       6735328.70000
2333       6746018.90000
2334       6756722.30000
2335       6767439.00000
2336       6778169.00000
2337       6788912.40000
2338       6799669.10000
2339       6810439.10000
2340       6821222.60000
2341       6832019.40000
2342       6842829.60000
2343       6853653.20000
2344       6864490.20000
2345       6875340.60000
2346       6886204.50000
2347       6897081.80000
2348       6907972.60000
2349       6918876.80000
2350       6929794.60000
2351       6940725.80000
2352       6951670.50000
2353       6962628.80000
2354       6973600.60000
2355       6984586.00000
2356       6995584.90000
2357       7006597.40000
2358       7017623.40000
2359       7028663.10000
2360       7039716.30000
2361       7050783.20000
2362       7061863.70000
2363       7072957.90000
2364       7084065.70000
2365       7095187.20000
2366       7106322.30000
2367       7117471.20000
2368       7128633.70000
2369       7139810.00000
2370       7151000.00000
2371       7162203.70000
2372       7173421.20000
2373       7184652.50000
2374       7195897.50000
2375       7207156.30000
2376       7218428.90000
2377       7229715.40000
2378       7241015.60000
2379       7252329.70000
2380       7263657.70000
2381       7274999.50000
2382       7286355.20000
2383       7297724.70000
2384       7309108.20000
2385       7320505.60000
2386       7331916.90000
2387       7343342.10000
2388       7354781.30000
2389       7366234.50000
2390       7377701.60000
2391       7389182.70000
2392       7400677.80000
2393       7412186.90000
2394       7423710.10000
2395       7435247.20000
2396       7446798.40000
2397       7458363.70000
2398       7469943.10000
2399       7481536.50000
2400       7493144.00000
2401       7504765.70000
2402       7516401.40000
2403       7528051.30000
2404       7539715.40000
2405       7551393.60000
2406       7563085.90000
2407       7574792.50000
2408       7586513.20000
2409       7598248.20000
2410       7609997.30000
2411       7621760.80000
2412       7633538.40000
2413       7645330.30000
2414       7657136.50000
2415       7668957.00000
2416       7680791.70000
2417       7692640.80000
2418       7704504.20000
2419       7716381.90000
2420       7728273.90000
2421       7740180.40000
2422       7752101.20000
2423       7764036.30000
2424       7775985.90000
2425       7787949.90000
2426       7799928.30000
2427       7811921.10000
2428       7823928.40000
2429       7835950.10000
2430       7847986.30000
2431       7860037.00000
2432       7872102.20000
2433       7884181.90000
2434       7896276.10000
2435       7908384.90000
2436       7920508.10000
2437       7932646.00000
2438       7944798.40000
2439       7956965.40000
2440       7969147.00000
2441       7981343.20000
2442       7993554.10000
2443       8005779.60000
2444       8018019.70000
2445       8030274.40000
2446       8042543.90000
2447       8054828.00000
2448       8067126.90000
2449       8079440.40000
2450       8091768.70000
2451       8104111.70000
2452       8116469.40000
2453       8128842.00000
2454       8141229.20000
2455       8153631.30000
2456       8166048.20000
2457       8178479.90000
2458       8190926.40000
2459       8203387.80000
2460       8215864.00000
2461       8228355.00000
2462       8240861.00000
2463       8253381.80000
2464       8265917.50000
2465       8278468.20000
2466       8291033.80000
2467       8303614.30000
2468       8316209.80000
2469       8328820.20000
2470       8341445.60000
2471       8354086.00000
2472       8366741.40000
2473       8379411.90000
2474       8392097.30000
2475       8404797.80000
2476       8417513.40000
2477       8430244.00000
2478       8442989.80000
2479       8455750.60000
2480       8468526.50000
2481       8481317.50000
2482       8494123.70000
2483       8506945.00000
2484       8519781.50000
2485       8532633.10000
2486       8545500.00000
2487       8558382.00000
2488       8571279.30000
2489       8584191.70000
2490       8597119.40000
2491       8610062.40000
2492       8623020.60000
2493       8635994.10000
2494       8648982.90000
2495       8661987.00000
2496       8675006.40000
2497       8688041.10000
2498       8701091.20000
2499       8714156.70000
2500       8727237.50000
2501       8740333.60000
2502       8753445.20000
2503       8766572.20000
2504       8779714.60000
2505       8792872.40000
2506       8806045.70000
2507       8819234.40000
2508       8832438.70000
2509       8845658.30000
2510       8858893.50000
2511       8872144.20000
2512       8885410.50000
2513       8898692.20000
2514       8911989.60000
2515       8925302.50000
2516       8938630.90000
2517       8951975.00000
2518       8965334.60000
2519       8978709.90000
2520       8992100.80000
2521       9005507.30000
2522       9018929.50000
2523       9032367.40000
2524       9045821.00000
2525       9059290.20000
2526       9072775.20000
2527       9086275.90000
2528       9099792.30000
2529       9113324.50000
2530       9126872.40000
2531       9140436.10000
2532       9154015.60000
2533       9167610.90000
2534       9181222.00000
2535       9194848.90000
2536       9208491.70000
2537       9222150.40000
2538       9235824.90000
2539       9249515.30000
2540       9263221.50000
2541       9276943.70000
2542       9290681.80000
2543       9304435.90000
2544       9318205.90000
2545       9331991.80000
2546       9345793.80000
2547       9359611.70000
2548       9373445.60000
2549       9387295.60000
2550       9401161.50000
2551       9415043.60000
2552       9428941.60000
2553       9442855.80000
2554       9456786.00000
2555       9470732.30000
2556       9484694.70000
2557       9498673.30000
2558       9512668.00000
2559       9526678.80000
2560       9540705.80000
2561       9554749.00000
2562       9568808.30000
2563       9582883.90000
2564       9596975.70000
2565       9611083.70000
2566       9625207.90000
2567       9639348.50000
2568       9653505.20000
2569       9667678.30000
2570       9681867.70000
2571       9696073.40000
2572       9710295.40000
2573       9724533.70000
2574       9738788.40000
2575       9753059.50000
2576       9767346.90000
2577       9781650.80000
2578       9795971.00000
2579       9810307.70000
2580       9824660.80000
2581       9839030.30000
2582       9853416.30000
2583       9867818.80000
2584       9882237.80000
2585       9896673.20000
2586       9911125.20000
2587       9925593.70000
2588       9940078.80000
2589       9954580.40000
2590       9969098.60000
2591       9983633.30000
2592       9998184.70000
2593      10012753.00000
2594      10027337.00000
2595      10041939.00000
2596      10056556.00000
2597      10071191.00000
2598      10085842.00000
2599      10100510.00000
2600      10115195.00000
2601      10129896.00000
2602      10144614.00000
2603      10159349.00000
2604      10174101.00000
2605      10188869.00000
2606      10203654.00000
2607      10218456.00000
2608      10233275.00000
2609      10248111.00000
2610      10262963.00000
2611      10277832.00000
2612      10292719.00000
2613      10307622.00000
2614      10322542.00000
2615      10337479.00000
2616      10352432.00000
2617      10367403.00000
2618      10382391.00000
2619      10397396.00000
2620      10412417.00000
2621      10427456.00000
2622      10442512.00000
2623      10457584.00000
2624      10472674.00000
2625      10487781.00000
2626      10502905.00000
2627      10518046.00000
2628      10533204.00000
2629      10548379.00000
2630      10563571.00000
2631      10578781.00000
2632      10594007.00000
2633      10609251.00000
2634      10624512.00000
2635      10639790.00000
2636      10655085.00000
2637      10670398.00000
2638      10685728.00000
2639      10701075.00000
2640      10716439.00000
2641      10731820.00000
2642      10747219.00000
2643      10762635.00000
2644      10778069.00000
2645      10793520.00000
2646      10808988.00000
2647      10824473.00000
2648      10839976.00000
2649      10855496.00000
2650      10871034.00000
2651      10886589.00000
2652      10902162.00000
2653      10917752.00000
2654      10933359.00000
2655      10948984.00000
2656      10964626.00000
2657      10980286.00000
2658      10995964.00000
2659      11011659.00000
2660      11027371.00000
2661      11043101.00000
2662      11058849.00000
2663      11074614.00000
2664      11090397.00000
2665      11106197.00000
2666      11122015.00000
2667      11137851.00000
2668      11153704.00000
2669      11169575.00000
2670      11185464.00000
2671      11201370.00000
2672      11217294.00000
2673      11233236.00000
2674      11249196.00000
2675      11265173.00000
2676      11281168.00000
2677      11297181.00000
2678      11313212.00000
2679      11329261.00000
2680      11345327.00000
2681      11361411.00000
2682      11377513.00000
2683      11393633.00000
2684      11409771.00000
2685      11425927.00000
2686      11442100.00000
2687      11458292.00000
2688      11474501.00000
2689      11490729.00000
2690      11506974.00000
2691      11523238.00000
2692      11539519.00000
2693      11555818.00000
2694      11572136.00000
2695      11588471.00000
2696      11604825.00000
2697      11621197.00000
2698      11637586.00000
2699      11653994.00000
2700      11670420.00000
2701      11686864.00000
2702      11703326.00000
2703      11719807.00000
2704      11736305.00000
2705      11752822.00000
2706      11769357.00000
2707      11785910.00000
2708      11802482.00000
2709      11819071.00000
2710      11835679.00000
2711      11852305.00000
2712      11868950.00000
2713      11885612.00000
2714      11902294.00000
2715      11918993.00000
2716      11935711.00000
2717      11952447.00000
2718      11969201.00000
2719      11985974.00000
2720      12002766.00000
2721      12019575.00000
2722      12036404.00000
2723      12053250.00000
2724      12070115.00000
2725      12086999.00000
2726      12103901.00000
2727      12120822.00000
2728      12137761.00000
2729      12154718.00000
2730      12171694.00000
2731      12188689.00000
2732      12205703.00000
2733      12222734.00000
2734      12239785.00000
2735      12256854.00000
2736      12273942.00000
2737      12291048.00000
2738      12308174.00000
2739      12325317.00000
2740      12342480.00000
2741      12359661.00000
2742      12376861.00000
2743      12394080.00000
2744      12411317.00000
2745      12428574.00000
2746      12445849.00000
2747      12463142.00000
2748      12480455.00000
2749      12497787.00000
2750      12515137.00000
2751      12532506.00000
2752      12549894.00000
2753      12567301.00000
2754      12584727.00000
2755      12602172.00000
2756      12619636.00000
2757      12637118.00000
2758      12654620.00000
2759      12672141.00000
2760      12689680.00000
2761      12707239.00000
2762      12724816.00000
2763      12742413.00000
2764      12760029.00000
2765      12777664.00000
2766      12795318.00000
2767      12812991.00000
2768      12830683.00000
2769      12848394.00000
2770      12866125.00000
2771      12883874.00000
2772      12901643.00000
2773      12919431.00000
2774      12937238.00000
2775      12955064.00000
2776      12972910.00000
2777      12990775.00000
2778      13008659.00000
2779      13026562.00000
2780      13044485.00000
2781      13062427.00000
2782      13080388.00000
2783      13098369.00000
2784      13116369.00000
2785      13134388.00000
2786      13152427.00000
2787      13170485.00000
2788      13188563.00000
2789      13206660.00000
2790      13224776.00000
2791      13242912.00000
2792      13261068.00000
2793      13279242.00000
2794      13297437.00000
2795      13315651.00000
2796      13333884.00000
2797      13352137.00000
2798      13370410.00000
2799      13388702.00000
2800      13407014.00000
2801      13425345.00000
2802      13443696.00000
2803      13462067.00000
2804      13480457.00000
2805      13498867.00000
2806      13517296.00000
2807      13535746.00000
2808      13554215.00000
2809      13572704.00000
2810      13591212.00000
2811      13609741.00000
2812      13628289.00000
2813      13646856.00000
2814      13665444.00000
2815      13684052.00000
2816      13702679.00000
2817      13721326.00000
2818      13739993.00000
2819      13758680.00000
2820      13777387.00000
2821      13796114.00000
2822      13814861.00000
2823      13833627.00000
2824      13852414.00000
2825      13871221.00000
2826      13890047.00000
2827      13908894.00000
2828      13927760.00000
2829      13946647.00000
2830      13965554.00000
2831      13984481.00000
2832      14003428.00000
2833      14022394.00000
2834      14041382.00000
2835      14060389.00000
2836      14079416.00000
2837      14098464.00000
2838      14117531.00000
2839      14136619.00000
2840      14155727.00000
2841      14174856.00000
2842      14194004.00000
2843      14213173.00000
2844      14232362.00000
2845      14251572.00000
2846      14270801.00000
2847      14290051.00000
2848      14309322.00000
2849      14328613.00000
2850      14347924.00000
2851      14367255.00000
2852      14386607.00000
2853      14405979.00000
2854      14425372.00000
2855      14444785.00000
2856      14464218.00000
2857      14483673.00000
2858      14503147.00000
2859      14522642.00000
2860      14542158.00000
2861      14561694.00000
2862      14581250.00000
2863      14600828.00000
2864      14620425.00000
2865      14640044.00000
2866      14659683.00000
2867      14679342.00000
2868      14699023.00000
2869      14718724.00000
2870      14738445.00000
2871      14758188.00000
2872      14777951.00000
2873      14797734.00000
2874      14817539.00000
2875      14837364.00000
2876      14857210.00000
2877      14877077.00000
2878      14896964.00000
2879      14916873.00000
2880      14936802.00000
2881      14956752.00000
2882      14976723.00000
2883      14996715.00000
2884      15016727.00000
2885      15036761.00000
2886      15056816.00000
2887      15076891.00000
2888      15096988.00000
2889      15117105.00000
2890      15137243.00000
2891      15157403.00000
2892      15177583.00000
2893      15197785.00000
2894      15218007.00000
2895      15238251.00000
2896      15258516.00000
2897      15278802.00000
2898      15299108.00000
2899      15319437.00000
2900      15339786.00000
2901      15360156.00000
2902      15380548.00000
2903      15400960.00000
2904      15421394.00000
2905      15441850.00000
2906      15462326.00000
2907      15482824.00000
2908      15503343.00000
2909      15523883.00000
2910      15544444.00000
2911      15565027.00000
2912      15585632.00000
2913      15606257.00000
2914      15626904.00000
2915      15647572.00000
2916      15668262.00000
2917      15688973.00000
2918      15709706.00000
2919      15730460.00000
2920      15751236.00000
2921      15772033.00000
2922      15792851.00000
2923      15813691.00000
2924      15834553.00000
2925      15855436.00000
2926      15876341.00000
2927      15897267.00000
2928      15918215.00000
2929      15939184.00000
2930      15960175.00000
2931      15981188.00000
2932      16002222.00000
2933      16023279.00000
2934      16044356.00000
2935      16065456.00000
2936      16086577.00000
2937      16107720.00000
2938      16128885.00000
2939      16150071.00000
2940      16171279.00000
2941      16192510.00000
2942      16213761.00000
2943      16235035.00000
2944      16256331.00000
2945      16277648.00000
2946      16298988.00000
2947      16320349.00000
2948      16341732.00000
2949      16363137.00000
2950      16384564.00000
2951      16406013.00000
2952      16427484.00000
2953      16448977.00000
2954      16470493.00000
2955      16492030.00000
2956      16513589.00000
2957      16535170.00000
2958      16556773.00000
2959      16578399.00000
2960      16600046.00000
2961      16621716.00000
2962      16643408.00000
2963      16665122.00000
2964      16686858.00000
2965      16708616.00000
2966      16730397.00000
2967      16752199.00000
2968      16774024.00000
2969      16795872.00000
2970      16817741.00000
2971      16839633.00000
2972      16861547.00000
2973      16883484.00000
2974      16905443.00000
2975      16927424.00000
2976      16949427.00000
2977      16971453.00000
2978      16993502.00000
2979      17015573.00000
2980      17037666.00000
2981      17059782.00000
2982      17081920.00000
2983      17104081.00000
2984      17126264.00000
2985      17148469.00000
2986      17170698.00000
2987      17192949.00000
2988      17215222.00000
2989      17237518.00000
2990      17259837.00000
2991      17282178.00000
2992      17304542.00000
2993      17326928.00000
2994      17349338.00000
2995      17371769.00000
2996      17394224.00000
2997      17416701.00000
2998      17439202.00000
2999      17461724.00000
3000      17484270.00000
3001      17506838.00000
3002      17529430.00000
3003      17552044.00000
3004      17574681.00000
3005      17597340.00000
3006      17620023.00000
3007      17642728.00000
3008      17665457.00000
3009      17688208.00000
3010      17710983.00000
3011      17733780.00000
3012      17756600.00000
3013      17779443.00000
3014      17802309.00000
3015      17825199.00000
3016      17848111.00000
3017      17871046.00000
3018      17894005.00000
3019      17916986.00000
3020      17939991.00000
3021      17963019.00000
3022      17986070.00000
3023      18009144.00000
3024      18032241.00000
3025      18055361.00000
3026      18078505.00000
3027      18101672.00000
3028      18124862.00000
3029      18148075.00000
3030      18171312.00000
3031      18194572.00000
3032      18217855.00000
3033      18241162.00000
3034      18264492.00000
3035      18287845.00000
3036      18311222.00000
3037      18334622.00000
3038      18358045.00000
3039      18381492.00000
3040      18404963.00000
3041      18428456.00000
3042      18451974.00000
3043      18475515.00000
3044      18499079.00000
3045      18522667.00000
3046      18546278.00000
3047      18569913.00000
3048      18593572.00000
3049      18617254.00000
3050      18640960.00000
3051      18664689.00000
3052      18688442.00000
3053      18712219.00000
3054      18736019.00000
3055      18759843.00000
3056      18783691.00000
3057      18807563.00000
3058      18831458.00000
3059      18855377.00000
3060      18879320.00000
3061      18903287.00000
3062      18927277.00000
3063      18951291.00000
3064      18975330.00000
3065      18999392.00000
3066      19023478.00000
3067      19047587.00000
3068      19071721.00000
3069      19095879.00000
3070      19120061.00000
3071      19144266.00000
3072      19168496.00000
3073      19192749.00000
3074      19217027.00000
3075      19241329.00000
3076      19265655.00000
3077      19290005.00000
3078      19314379.00000
3079      19338777.00000
3080      19363199.00000
3081      19387645.00000
3082      19412116.00000
3083      19436610.00000
3084      19461129.00000
3085      19485672.00000
3086      19510240.00000
3087      19534831.00000
3088      19559447.00000
3089      19584087.00000
3090      19608752.00000
3091      19633441.00000
3092      19658154.00000
3093      19682891.00000
3094      19707653.00000
3095      19732439.00000
3096      19757250.00000
3097      19782085.00000
3098      19806944.00000
3099      19831828.00000
3100      19856737.00000
3101      19881670.00000
3102      19906627.00000
3103      19931609.00000
3104      19956616.00000
3105      19981647.00000
3106      20006702.00000
3107      20031783.00000
3108      20056888.00000
3109      20082017.00000
3110      20107171.00000
3111      20132350.00000
3112      20157554.00000
3113      20182782.00000
3114      20208035.00000
3115      20233312.00000
3116      20258615.00000
3117      20283942.00000
3118      20309294.00000
3119      20334671.00000
3120      20360073.00000
3121      20385499.00000
3122      20410950.00000
3123      20436427.00000
3124      20461928.00000
3125      20487454.00000
3126      20513005.00000
3127      20538581.00000
3128      20564181.00000
3129      20589807.00000
3130      20615458.00000
3131      20641134.00000
3132      20666835.00000
3133      20692561.00000
3134      20718312.00000
3135      20744088.00000
3136      20769889.00000
3137      20795716.00000
3138      20821567.00000
3139      20847444.00000
3140      20873346.00000
3141      20899273.00000
3142      20925225.00000
3143      20951202.00000
3144      20977205.00000
3145      21003233.00000
3146      21029287.00000
3147      21055365.00000
3148      21081469.00000
3149      21107598.00000
3150      21133753.00000
3151      21159933.00000
3152      21186138.00000
3153      21212369.00000
3154      21238625.00000
3155      21264907.00000
3156      21291214.00000
3157      21317547.00000
3158      21343905.00000
3159      21370288.00000
3160      21396697.00000
3161      21423132.00000
3162      21449592.00000
3163      21476078.00000
3164      21502590.00000
3165      21529127.00000
3166      21555689.00000
3167      21582278.00000
3168      21608892.00000
3169      21635532.00000
3170      21662197.00000
3171      21688888.00000
3172      21715605.00000
3173      21742348.00000
3174      21769116.00000
3175      21795911.00000
3176      21822731.00000
3177      21849577.00000
3178      21876449.00000
3179      21903346.00000
3180      21930270.00000
3181      21957219.00000
3182      21984195.00000
3183      22011196.00000
3184      22038223.00000
3185      22065277.00000
3186      22092356.00000
3187      22119461.00000
3188      22146593.00000
3189      22173750.00000
3190      22200934.00000
3191      22228143.00000
3192      22255379.00000
3193      22282641.00000
3194      22309929.00000
3195      22337243.00000
3196      22364583.00000
3197      22391950.00000
3198      22419342.00000
3199      22446761.00000
3200      22474207.00000
3201      22501678.00000
3202      22529176.00000
3203      22556700.00000
3204      22584250.00000
3205      22611827.00000
3206      22639430.00000
3207      22667060.00000
3208      22694716.00000
3209      22722398.00000
3210      22750107.00000
3211      22777842.00000
3212      22805604.00000
3213      22833392.00000
3214      22861206.00000
3215      22889048.00000
3216      22916915.00000
3217      22944810.00000
3218      22972731.00000
3219      23000678.00000
3220      23028652.00000
3221      23056653.00000
3222      23084680.00000
3223      23112734.00000
3224      23140815.00000
3225      23168923.00000
3226      23197057.00000
3227      23225218.00000
3228      23253406.00000
3229      23281620.00000
3230      23309861.00000
3231      23338130.00000
3232      23366425.00000
3233      23394746.00000
3234      23423095.00000
3235      23451471.00000
3236      23479873.00000
3237      23508303.00000
3238      23536759.00000
3239      23565242.00000
3240      23593753.00000
3241      23622290.00000
3242      23650854.00000
3243      23679446.00000
3244      23708064.00000
3245      23736710.00000
3246      23765383.00000
3247      23794082.00000
3248      23822809.00000
3249      23851563.00000
3250      23880345.00000
3251      23909153.00000
3252      23937989.00000
3253      23966852.00000
3254      23995742.00000
3255      24024659.00000
3256      24053604.00000
3257      24082576.00000
3258      24111575.00000
3259      24140602.00000
3260      24169656.00000
3261      24198737.00000
3262      24227846.00000
3263      24256982.00000
3264      24286145.00000
3265      24315336.00000
3266      24344555.00000
3267      24373801.00000
3268      24403074.00000
3269      24432375.00000
3270      24461704.00000
3271      24491060.00000
3272      24520444.00000
3273      24549855.00000
3274      24579294.00000
3275      24608761.00000
3276      24638255.00000
3277      24667777.00000
3278      24697327.00000
3279      24726904.00000
3280      24756509.00000
3281      24786142.00000
3282      24815802.00000
3283      24845491.00000
3284      24875207.00000
3285      24904951.00000
3286      24934723.00000
3287      24964522.00000
3288      24994350.00000
3289      25024205.00000
3290      25054089.00000
3291      25084000.00000
3292      25113939.00000
3293      25143907.00000
3294      25173902.00000
3295      25203925.00000
3296      25233977.00000
3297      25264056.00000
3298      25294163.00000
3299      25324299.00000
3300      25354463.00000
3301      25384654.00000
3302      25414874.00000
3303      25445122.00000
3304      25475399.00000
3305      25505703.00000
3306      25536036.00000
3307      25566397.00000
3308      25596786.00000
3309      25627203.00000
3310      25657649.00000
3311      25688123.00000
3312      25718626.00000
3313      25749157.00000
3314      25779716.00000
3315      25810303.00000
3316      25840919.00000
3317      25871564.00000
3318      25902237.00000
3319      25932938.00000
3320      25963668.00000
3321      25994426.00000
3322      26025213.00000
3323      26056028.00000
3324      26086872.00000
3325      26117745.00000
3326      26148646.00000
3327      26179576.00000
3328      26210534.00000
3329      26241521.00000
3330      26272537.00000
3331      26303581.00000
3332      26334655.00000
3333      26365757.00000
3334      26396887.00000
3335      26428047.00000
3336      26459235.00000
3337      26490452.00000
3338      26521698.00000
3339      26552973.00000
3340      26584276.00000
3341      26615609.00000
3342      26646970.00000
3343      26678361.00000
3344      26709780.00000
3345      26741228.00000
3346      26772705.00000
3347      26804212.00000
3348      26835747.00000
3349      26867311.00000
3350      26898905.00000
3351      26930527.00000
3352      26962179.00000
3353      26993860.00000
3354      27025570.00000
3355      27057309.00000
3356      27089077.00000
3357      27120874.00000
3358      27152701.00000
3359      27184557.00000
3360      27216442.00000
3361      27248356.00000
3362      27280300.00000
3363      27312273.00000
3364      27344276.00000
3365      27376307.00000
3366      27408368.00000
3367      27440459.00000
3368      27472579.00000
3369      27504728.00000
3370      27536907.00000
3371      27569115.00000
3372      27601353.00000
3373      27633620.00000
3374      27665917.00000
3375      27698244.00000
3376      27730600.00000
3377      27762985.00000
3378      27795400.00000
3379      27827845.00000
3380      27860320.00000
3381      27892824.00000
3382      27925357.00000
3383      27957921.00000
3384      27990514.00000
3385      28023137.00000
3386      28055790.00000
3387      28088472.00000
3388      28121185.00000
3389      28153927.00000
3390      28186699.00000
3391      28219501.00000
3392      28252333.00000
3393      28285194.00000
3394      28318086.00000
3395      28351007.00000
3396      28383959.00000
3397      28416940.00000
3398      28449952.00000
3399      28482993.00000
3400      28516065.00000
3401      28549167.00000
3402      28582298.00000
3403      28615460.00000
3404      28648652.00000
3405      28681874.00000
3406      28715126.00000
3407      28748409.00000
3408      28781721.00000
3409      28815064.00000
3410      28848437.00000
3411      28881841.00000
3412      28915274.00000
3413      28948738.00000
3414      28982232.00000
3415      29015757.00000
3416      29049312.00000
3417      29082897.00000
3418      29116513.00000
3419      29150159.00000
3420      29183836.00000
3421      29217543.00000
3422      29251280.00000
3423      29285048.00000
3424      29318847.00000
3425      29352676.00000
3426      29386536.00000
3427      29420426.00000
3428      29454347.00000
3429      29488298.00000
3430      29522280.00000
3431      29556293.00000
3432      29590336.00000
3433      29624410.00000
3434      29658515.00000
3435      29692651.00000
3436      29726817.00000
3437      29761014.00000
3438      29795242.00000
3439      29829501.00000
3440      29863790.00000
3441      29898111.00000
3442      29932462.00000
3443      29966844.00000
3444      30001257.00000
3445      30035701.00000
3446      30070176.00000
3447      30104682.00000
3448      30139219.00000
3449      30173787.00000
3450      30208386.00000
3451      30243017.00000
3452      30277678.00000
3453      30312370.00000
3454      30347094.00000
3455      30381848.00000
3456      30416634.00000
3457      30451451.00000
3458      30486299.00000
3459      30521178.00000
3460      30556089.00000
3461      30591031.00000
3462      30626004.00000
3463      30661008.00000
3464      30696044.00000
3465      30731111.00000
3466      30766209.00000
3467      30801339.00000
3468      30836500.00000
3469      30871693.00000
3470      30906917.00000
3471      30942173.00000
3472      30977460.00000
3473      31012778.00000
3474      31048128.00000
3475      31083510.00000
3476      31118923.00000
3477      31154368.00000
3478      31189844.00000
3479      31225352.00000
3480      31260892.00000
3481      31296463.00000
3482      31332066.00000
3483      31367701.00000
3484      31403368.00000
3485      31439066.00000
3486      31474796.00000
3487      31510558.00000
3488      31546351.00000
3489      31582177.00000
3490      31618034.00000
3491      31653923.00000
3492      31689844.00000
3493      31725797.00000
3494      31761782.00000
3495      31797799.00000
3496      31833847.00000
3497      31869928.00000
3498      31906041.00000
3499      31942186.00000
3500      31978363.00000
3501      32014572.00000
3502      32050813.00000
3503      32087086.00000
3504      32123391.00000
3505      32159729.00000
3506      32196099.00000
3507      32232501.00000
3508      32268935.00000
3509      32305401.00000
3510      32341900.00000
3511      32378431.00000
3512      32414994.00000
3513      32451589.00000
3514      32488217.00000
3515      32524877.00000
3516      32561570.00000
3517      32598295.00000
3518      32635053.00000
3519      32671843.00000
3520      32708665.00000
3521      32745520.00000
3522      32782407.00000
3523      32819327.00000
3524      32856280.00000
3525      32893265.00000
3526      32930282.00000
3527      32967333.00000
3528      33004415.00000
3529      33041531.00000
3530      33078679.00000
3531      33115860.00000
3532      33153074.00000
3533      33190320.00000
3534      33227599.00000
3535      33264911.00000
3536      33302256.00000
3537      33339634.00000
3538      33377044.00000
3539      33414487.00000
3540      33451963.00000
3541      33489472.00000
3542      33527014.00000
3543      33564589.00000
3544      33602197.00000
3545      33639838.00000
3546      33677512.00000
3547      33715219.00000
3548      33752959.00000
3549      33790732.00000
3550      33828538.00000
3551      33866377.00000
3552      33904250.00000
3553      33942155.00000
3554      33980094.00000
3555      34018066.00000
3556      34056071.00000
3557      34094110.00000
3558      34132181.00000
3559      34170286.00000
3560      34208425.00000
3561      34246596.00000
3562      34284801.00000
3563      34323039.00000
3564      34361311.00000
3565      34399616.00000
3566      34437955.00000
3567      34476327.00000
3568      34514732.00000
3569      34553171.00000
3570      34591644.00000
3571      34630150.00000
3572      34668689.00000
3573      34707262.00000
3574      34745869.00000
3575      34784509.00000
3576      34823183.00000
3577      34861891.00000
3578      34900632.00000
3579      34939408.00000
3580      34978216.00000
3581      35017059.00000
3582      35055935.00000
3583      35094845.00000
3584      35133789.00000
3585      35172767.00000
3586      35211779.00000
3587      35250824.00000
3588      35289903.00000
3589      35329017.00000
3590      35368164.00000
3591      35407345.00000
3592      35446560.00000
3593      35485809.00000
3594      35525093.00000
3595      35564410.00000
3596      35603761.00000
3597      35643147.00000
3598      35682566.00000
3599      35722020.00000
3600      35761508.00000
3601      35801030.00000
3602      35840586.00000
3603      35880176.00000
3604      35919801.00000
3605      35959460.00000
3606      35999153.00000
3607      36038880.00000
3608      36078642.00000
3609      36118438.00000
3610      36158269.00000
3611      36198134.00000
3612      36238033.00000
3613      36277967.00000
3614      36317935.00000
3615      36357938.00000
3616      36397975.00000
3617      36438046.00000
3618      36478153.00000
3619      36518293.00000
3620      36558469.00000
3621      36598679.00000
3622      36638923.00000
3623      36679203.00000
3624      36719516.00000
3625      36759865.00000
3626      36800248.00000
3627      36840666.00000
3628      36881119.00000
3629      36921607.00000
3630      36962129.00000
3631      37002686.00000
3632      37043278.00000
3633      37083905.00000
3634      37124567.00000
3635      37165264.00000
3636      37205995.00000
3637      37246762.00000
3638      37287563.00000
3639      37328400.00000
3640      37369271.00000
3641      37410178.00000
3642      37451120.00000
3643      37492096.00000
3644      37533108.00000
3645      37574155.00000
3646      37615237.00000
3647      37656354.00000
3648      37697507.00000
3649      37738695.00000
3650      37779917.00000
3651      37821176.00000
3652      37862469.00000
3653      37903798.00000
3654      37945162.00000
3655      37986561.00000
3656      38027996.00000
3657      38069466.00000
3658      38110971.00000
3659      38152512.00000
3660      38194089.00000
3661      38235701.00000
3662      38277348.00000
3663      38319031.00000
3664      38360749.00000
3665      38402503.00000
3666      38444293.00000
3667      38486118.00000
3668      38527979.00000
3669      38569875.00000
3670      38611807.00000
3671      38653775.00000
3672      38695779.00000
3673      38737818.00000
3674      38779893.00000
3675      38822004.00000
3676      38864150.00000
3677      38906333.00000
3678      38948551.00000
3679      38990805.00000
3680      39033095.00000
3681      39075421.00000
3682      39117783.00000
3683      39160181.00000
3684      39202614.00000
3685      39245084.00000
3686      39287590.00000
3687      39330132.00000
3688      39372710.00000
3689      39415324.00000
3690      39457974.00000
3691      39500660.00000
3692      39543383.00000
3693      39586141.00000
3694      39628936.00000
3695      39671767.00000
3696      39714634.00000
3697      39757538.00000
3698      39800477.00000
3699      39843453.00000
3700      39886466.00000
3701      39929515.00000
3702      39972600.00000
3703      40015721.00000
3704      40058879.00000
3705      40102074.00000
3706      40145305.00000
3707      40188572.00000
3708      40231876.00000
3709      40275216.00000
3710      40318593.00000
3711      40362007.00000
3712      40405457.00000
3713      40448944.00000
3714      40492467.00000
3715      40536027.00000
3716      40579624.00000
3717      40623258.00000
3718      40666928.00000
3719      40710635.00000
3720      40754378.00000
3721      40798159.00000
3722      40841976.00000
3723      40885831.00000
3724      40929722.00000
3725      40973650.00000
3726      41017614.00000
3727      41061616.00000
3728      41105655.00000
3729      41149731.00000
3730      41193843.00000
3731      41237993.00000
3732      41282180.00000
3733      41326404.00000
3734      41370665.00000
3735      41414963.00000
3736      41459298.00000
3737      41503671.00000
3738      41548080.00000
3739      41592527.00000
3740      41637011.00000
3741      41681532.00000
3742      41726091.00000
3743      41770687.00000
3744      41815320.00000
3745      41859990.00000
3746      41904698.00000
3747      41949443.00000
3748      41994226.00000
3749      42039046.00000
3750      42083903.00000
3751      42128798.00000
3752      42173731.00000
3753      42218701.00000
3754      42263708.00000
3755      42308753.00000
3756      42353836.00000
3757      42398956.00000
3758      42444114.00000
3759      42489310.00000
3760      42534543.00000
3761      42579814.00000
3762      42625123.00000
3763      42670469.00000
3764      42715854.00000
3765      42761276.00000
3766      42806735.00000
3767      42852233.00000
3768      42897769.00000
3769      42943342.00000
3770      42988953.00000
3771      43034602.00000
3772      43080290.00000
3773      43126015.00000
3774      43171778.00000
3775      43217579.00000
3776      43263418.00000
3777      43309296.00000
3778      43355211.00000
3779      43401165.00000
3780      43447156.00000
3781      43493186.00000
3782      43539254.00000
3783      43585360.00000
3784      43631505.00000
3785      43677687.00000
3786      43723908.00000
3787      43770167.00000
3788      43816465.00000
3789      43862801.00000
3790      43909175.00000
3791      43955588.00000
3792      44002039.00000
3793      44048528.00000
3794      44095056.00000
3795      44141622.00000
3796      44188227.00000
3797      44234871.00000
3798      44281553.00000
3799      44328273.00000
3800      44375033.00000
3801      44421830.00000
3802      44468667.00000
3803      44515542.00000
3804      44562456.00000
3805      44609408.00000
3806      44656399.00000
3807      44703429.00000
3808      44750498.00000
3809      44797605.00000
3810      44844752.00000
3811      44891937.00000
3812      44939161.00000
3813      44986424.00000
3814      45033726.00000
3815      45081067.00000
3816      45128447.00000
3817      45175865.00000
3818      45223323.00000
3819      45270820.00000
3820      45318356.00000
3821      45365931.00000
3822      45413545.00000
3823      45461198.00000
3824      45508890.00000
3825      45556622.00000
3826      45604393.00000
3827      45652203.00000
3828      45700052.00000
3829      45747940.00000
3830      45795868.00000
3831      45843835.00000
3832      45891841.00000
3833      45939887.00000
3834      45987972.00000
3835      46036097.00000
3836      46084261.00000
3837      46132464.00000
3838      46180707.00000
3839      46228989.00000
3840      46277311.00000
3841      46325673.00000
3842      46374074.00000
3843      46422514.00000
3844      46470995.00000
3845      46519514.00000
3846      46568074.00000
3847      46616673.00000
3848      46665312.00000
3849      46713991.00000
3850      46762709.00000
3851      46811468.00000
3852      46860266.00000
3853      46909103.00000
3854      46957981.00000
3855      47006899.00000
3856      47055856.00000
3857      47104854.00000
3858      47153891.00000
3859      47202968.00000
3860      47252085.00000
3861      47301243.00000
3862      47350440.00000
3863      47399678.00000
3864      47448955.00000
3865      47498273.00000
3866      47547630.00000
3867      47597028.00000
3868      47646466.00000
3869      47695945.00000
3870      47745463.00000
3871      47795022.00000
3872      47844621.00000
3873      47894260.00000
3874      47943940.00000
3875      47993660.00000
3876      48043420.00000
3877      48093221.00000
3878      48143062.00000
3879      48192944.00000
3880      48242866.00000
3881      48292829.00000
3882      48342832.00000
3883      48392876.00000
3884      48442960.00000
3885      48493085.00000
3886      48543250.00000
3887      48593456.00000
3888      48643703.00000
3889      48693990.00000
3890      48744318.00000
3891      48794687.00000
3892      48845097.00000
3893      48895547.00000
3894      48946038.00000
3895      48996570.00000
3896      49047143.00000
3897      49097756.00000
3898      49148411.00000
3899      49199106.00000
3900      49249843.00000
3901      49300620.00000
3902      49351439.00000
3903      49402298.00000
3904      49453198.00000
3905      49504140.00000
3906      49555123.00000
3907      49606146.00000
3908      49657211.00000
3909      49708317.00000
3910      49759464.00000
3911      49810653.00000
3912      49861882.00000
3913      49913153.00000
3914      49964465.00000
3915      50015819.00000
3916      50067213.00000
3917      50118649.00000
3918      50170127.00000
3919      50221646.00000
3920      50273206.00000
3921      50324808.00000
3922      50376451.00000
3923      50428136.00000
3924      50479862.00000
3925      50531630.00000
3926      50583439.00000
3927      50635290.00000
3928      50687183.00000
3929      50739117.00000
3930      50791093.00000
3931      50843110.00000
3932      50895169.00000
3933      50947270.00000
3934      50999413.00000
3935      51051598.00000
3936      51103824.00000
3937      51156092.00000
3938      51208402.00000
3939      51260754.00000
3940      51313148.00000
3941      51365584.00000
3942      51418061.00000
3943      51470581.00000
3944      51523143.00000
3945      51575746.00000
3946      51628392.00000
3947      51681080.00000
3948      51733810.00000
3949      51786582.00000
3950      51839396.00000
3951      51892252.00000
3952      51945151.00000
3953      51998092.00000
3954      52051075.00000
3955      52104100.00000
3956      52157168.00000
3957      52210278.00000
3958      52263430.00000
3959      52316625.00000
3960      52369862.00000
3961      52423141.00000
3962      52476463.00000
3963      52529827.00000
3964      52583234.00000
3965      52636683.00000
3966      52690175.00000
3967      52743710.00000
3968      52797287.00000
3969      52850907.00000
3970      52904569.00000
3971      52958274.00000
3972      53012021.00000
3973      53065812.00000
3974      53119645.00000
3975      53173521.00000
3976      53227439.00000
3977      53281401.00000
3978      53335405.00000
3979      53389452.00000
3980      53443542.00000
3981      53497675.00000
3982      53551851.00000
3983      53606070.00000
3984      53660332.00000
3985      53714636.00000
3986      53768984.00000
3987      53823375.00000
3988      53877809.00000
3989      53932286.00000
3990      53986806.00000
3991      54041370.00000
3992      54095976.00000
3993      54150626.00000
3994      54205319.00000
3995      54260055.00000
3996      54314835.00000
3997      54369657.00000
3998      54424524.00000
3999      54479433.00000
4000      54534386.00000
4001      54589382.00000
4002      54644422.00000
4003      54699505.00000
4004      54754632.00000
4005      54809802.00000
4006      54865015.00000
4007      54920272.00000
4008      54975573.00000
4009      55030918.00000
4010      55086306.00000
4011      55141737.00000
4012      55197213.00000
4013      55252732.00000
4014      55308294.00000
4015      55363901.00000
4016      55419551.00000
4017      55475245.00000
4018      55530983.00000
4019      55586765.00000
4020      55642590.00000
4021      55698460.00000
4022      55754373.00000
4023      55810331.00000
4024      55866332.00000
4025      55922377.00000
4026      55978467.00000
4027      56034600.00000
4028      56090778.00000
4029      56146999.00000
4030      56203265.00000
4031      56259575.00000
4032      56315929.00000
4033      56372327.00000
4034      56428770.00000
4035      56485256.00000
4036      56541787.00000
4037      56598363.00000
4038      56654982.00000
4039      56711646.00000
4040      56768354.00000
4041      56825107.00000
4042      56881904.00000
4043      56938746.00000
4044      56995632.00000
4045      57052563.00000
4046      57109538.00000
4047      57166557.00000
4048      57223622.00000
4049      57280731.00000
4050      57337884.00000
4051      57395082.00000
4052      57452325.00000
4053      57509612.00000
4054      57566945.00000
4055      57624322.00000
4056      57681743.00000
4057      57739210.00000
4058      57796721.00000
4059      57854278.00000
4060      57911879.00000
4061      57969525.00000
4062      58027216.00000
4063      58084952.00000
4064      58142733.00000
4065      58200558.00000
4066      58258429.00000
4067      58316345.00000
4068      58374307.00000
4069      58432313.00000
4070      58490364.00000
4071      58548460.00000
4072      58606602.00000
4073      58664789.00000
4074      58723021.00000
4075      58781299.00000
4076      58839621.00000
4077      58897989.00000
4078      58956402.00000
4079      59014861.00000
4080      59073365.00000
4081      59131915.00000
4082      59190509.00000
4083      59249150.00000
4084      59307836.00000
4085      59366567.00000
4086      59425344.00000
4087      59484166.00000
4088      59543035.00000
4089      59601948.00000
4090      59660908.00000
4091      59719913.00000
4092      59778963.00000
4093      59838060.00000
4094      59897202.00000
4095      59956390.00000
4096      60015623.00000
4097      60074903.00000
4098      60134228.00000
4099      60193600.00000
4100      60253017.00000
4101      60312480.00000
4102      60371989.00000
4103      60431544.00000
4104      60491145.00000
4105      60550792.00000
4106      60610485.00000
4107      60670224.00000
4108      60730010.00000
4109      60789841.00000
4110      60849719.00000
4111      60909642.00000
4112      60969612.00000
4113      61029628.00000
4114      61089691.00000
4115      61149800.00000
4116      61209955.00000
4117      61270156.00000
4118      61330404.00000
4119      61390698.00000
4120      61451039.00000
4121      61511426.00000
4122      61571859.00000
4123      61632339.00000
4124      61692865.00000
4125      61753438.00000
4126      61814058.00000
4127      61874724.00000
4128      61935437.00000
4129      61996196.00000
4130      62057002.00000
4131      62117855.00000
4132      62178755.00000
4133      62239701.00000
4134      62300694.00000
4135      62361734.00000
4136      62422821.00000
4137      62483954.00000
4138      62545135.00000
4139      62606362.00000
4140      62667636.00000
4141      62728958.00000
4142      62790326.00000
4143      62851741.00000
4144      62913203.00000
4145      62974713.00000
4146      63036269.00000
4147      63097873.00000
4148      63159523.00000
4149      63221221.00000
4150      63282966.00000
4151      63344758.00000
4152      63406598.00000
4153      63468485.00000
4154      63530419.00000
4155      63592400.00000
4156      63654429.00000
4157      63716505.00000
4158      63778629.00000
4159      63840800.00000
4160      63903018.00000
4161      63965284.00000
4162      64027597.00000
4163      64089958.00000
4164      64152367.00000
4165      64214823.00000
4166      64277326.00000
4167      64339878.00000
4168      64402477.00000
4169      64465123.00000
4170      64527818.00000
4171      64590560.00000
4172      64653350.00000
4173      64716188.00000
4174      64779073.00000
4175      64842007.00000
4176      64904988.00000
4177      64968017.00000
4178      65031094.00000
4179      65094219.00000
4180      65157392.00000
4181      65220613.00000
4182      65283882.00000
4183      65347199.00000
4184      65410565.00000
4185      65473978.00000
4186      65537439.00000
4187      65600949.00000
4188      65664507.00000
4189      65728113.00000
4190      65791767.00000
4191      65855470.00000
4192      65919221.00000
4193      65983020.00000
4194      66046867.00000
4195      66110763.00000
4196      66174708.00000
4197      66238700.00000
4198      66302742.00000
4199      66366831.00000
4200      66430970.00000
4201      66495156.00000
4202      66559392.00000
4203      66623675.00000
4204      66688008.00000
4205      66752389.00000
4206      66816819.00000
4207      66881298.00000
4208      66945825.00000
4209      67010401.00000
4210      67075026.00000
4211      67139699.00000
4212      67204422.00000
4213      67269193.00000
4214      67334013.00000
4215      67398882.00000
4216      67463800.00000
4217      67528767.00000
4218      67593783.00000
4219      67658848.00000
4220      67723962.00000
4221      67789125.00000
4222      67854337.00000
4223      67919598.00000
4224      67984909.00000
4225      68050269.00000
4226      68115677.00000
4227      68181135.00000
4228      68246643.00000
4229      68312199.00000
4230      68377805.00000
4231      68443461.00000
4232      68509165.00000
4233      68574919.00000
4234      68640723.00000
4235      68706576.00000
4236      68772478.00000
4237      68838430.00000
4238      68904431.00000
4239      68970482.00000
4240      69036583.00000
4241      69102733.00000
4242      69168932.00000
4243      69235182.00000
4244      69301481.00000
4245      69367830.00000
4246      69434228.00000
4247      69500677.00000
4248      69567175.00000
4249      69633723.00000
4250      69700321.00000
4251      69766968.00000
4252      69833666.00000
4253      69900413.00000
4254      69967211.00000
4255      70034058.00000
4256      70100956.00000
4257      70167903.00000
4258      70234901.00000
4259      70301948.00000
4260      70369046.00000
4261      70436194.00000
4262      70503392.00000
4263      70570641.00000
4264      70637939.00000
4265      70705288.00000
4266      70772687.00000
4267      70840136.00000
4268      70907636.00000
4269      70975186.00000
4270      71042787.00000
4271      71110438.00000
4272      71178139.00000
4273      71245891.00000
4274      71313693.00000
4275      71381546.00000
4276      71449450.00000
4277      71517404.00000
4278      71585408.00000
4279      71653463.00000
4280      71721569.00000
4281      71789726.00000
4282      71857933.00000
4283      71926191.00000
4284      71994500.00000
4285      72062860.00000
4286      72131270.00000
4287      72199732.00000
4288      72268244.00000
4289      72336807.00000
4290      72405421.00000
4291      72474086.00000
4292      72542802.00000
4293      72611569.00000
4294      72680387.00000
4295      72749256.00000
4296      72818177.00000
4297      72887148.00000
4298      72956171.00000
4299      73025244.00000
4300      73094369.00000
4301      73163546.00000
4302      73232773.00000
4303      73302052.00000
4304      73371382.00000
4305      73440763.00000
4306      73510196.00000
4307      73579680.00000
4308      73649216.00000
4309      73718803.00000
4310      73788442.00000
4311      73858132.00000
4312      73927873.00000
4313      73997667.00000
4314      74067511.00000
4315      74137408.00000
4316      74207356.00000
4317      74277356.00000
4318      74347407.00000
4319      74417510.00000
4320      74487665.00000
4321      74557872.00000
4322      74628131.00000
4323      74698441.00000
4324      74768804.00000
4325      74839218.00000
4326      74909684.00000
4327      74980202.00000
4328      75050772.00000
4329      75121394.00000
4330      75192068.00000
4331      75262795.00000
4332      75333573.00000
4333      75404403.00000
4334      75475286.00000
4335      75546221.00000
4336      75617208.00000
4337      75688247.00000
4338      75759338.00000
4339      75830482.00000
4340      75901678.00000
4341      75972927.00000
4342      76044228.00000
4343      76115581.00000
4344      76186986.00000
4345      76258444.00000
4346      76329955.00000
4347      76401518.00000
4348      76473134.00000
4349      76544802.00000
4350      76616523.00000
4351      76688296.00000
4352      76760122.00000
4353      76832001.00000
4354      76903933.00000
4355      76975917.00000
4356      77047954.00000
4357      77120044.00000
4358      77192186.00000
4359      77264382.00000
4360      77336630.00000
4361      77408931.00000
4362      77481285.00000
4363      77553692.00000
4364      77626153.00000
4365      77698666.00000
4366      77771232.00000
4367      77843851.00000
4368      77916523.00000
4369      77989249.00000
4370      78062028.00000
4371      78134859.00000
4372      78207744.00000
4373      78280683.00000
4374      78353674.00000
4375      78426719.00000
4376      78499817.00000
4377      78572969.00000
4378      78646174.00000
4379      78719432.00000
4380      78792744.00000
4381      78866109.00000
4382      78939528.00000
4383      79013000.00000
4384      79086526.00000
4385      79160105.00000
4386      79233738.00000
4387      79307425.00000
4388      79381165.00000
4389      79454959.00000
4390      79528807.00000
4391      79602709.00000
4392      79676664.00000
4393      79750673.00000
4394      79824736.00000
4395      79898853.00000
4396      79973023.00000
4397      80047248.00000
4398      80121526.00000
4399      80195859.00000
4400      80270245.00000
4401      80344686.00000
4402      80419180.00000
4403      80493729.00000
4404      80568332.00000
4405      80642989.00000
4406      80717700.00000
4407      80792465.00000
4408      80867285.00000
4409      80942159.00000
4410      81017087.00000
4411      81092069.00000
4412      81167106.00000
4413      81242197.00000
4414      81317343.00000
4415      81392543.00000
4416      81467798.00000
4417      81543106.00000
4418      81618470.00000
4419      81693888.00000
4420      81769361.00000
4421      81844888.00000
4422      81920470.00000
4423      81996106.00000
4424      82071797.00000
4425      82147543.00000
4426      82223344.00000
4427      82299199.00000
4428      82375110.00000
4429      82451075.00000
4430      82527095.00000
4431      82603169.00000
4432      82679299.00000
4433      82755484.00000
4434      82831724.00000
4435      82908018.00000
4436      82984368.00000
4437      83060773.00000
4438      83137233.00000
4439      83213748.00000
4440      83290318.00000
4441      83366943.00000
4442      83443624.00000
4443      83520359.00000
4444      83597150.00000
4445      83673997.00000
4446      83750898.00000
4447      83827855.00000
4448      83904868.00000
4449      83981936.00000
4450      84059059.00000
4451      84136237.00000
4452      84213472.00000
4453      84290761.00000
4454      84368107.00000
4455      84445507.00000
4456      84522964.00000
4457      84600476.00000
4458      84678044.00000
4459      84755667.00000
4460      84833346.00000
4461      84911081.00000
4462      84988872.00000
4463      85066719.00000
4464      85144621.00000
4465      85222579.00000
4466      85300593.00000
4467      85378663.00000
4468      85456789.00000
4469      85534971.00000
4470      85613210.00000
4471      85691504.00000
4472      85769854.00000
4473      85848260.00000
4474      85926722.00000
4475      86005241.00000
4476      86083816.00000
4477      86162447.00000
4478      86241134.00000
4479      86319877.00000
4480      86398677.00000
4481      86477533.00000
4482      86556446.00000
4483      86635415.00000
4484      86714440.00000
4485      86793522.00000
4486      86872660.00000
4487      86951855.00000
4488      87031106.00000
4489      87110414.00000
4490      87189779.00000
4491      87269200.00000
4492      87348678.00000
4493      87428212.00000
4494      87507803.00000
4495      87587451.00000
4496      87667156.00000
4497      87746917.00000
4498      87826736.00000
4499      87906611.00000
4500      87986543.00000
4501      88066532.00000
4502      88146578.00000
4503      88226681.00000
4504      88306841.00000
4505      88387058.00000
4506      88467332.00000
4507      88547663.00000
4508      88628051.00000
4509      88708497.00000
4510      88789000.00000
4511      88869559.00000
4512      88950176.00000
4513      89030851.00000
4514      89111583.00000
4515      89192372.00000
4516      89273218.00000
4517      89354122.00000
4518      89435083.00000
4519      89516102.00000
4520      89597178.00000
4521      89678311.00000
4522      89759502.00000
4523      89840751.00000
4524      89922058.00000
4525      90003421.00000
4526      90084843.00000
4527      90166322.00000
4528      90247859.00000
4529      90329454.00000
4530      90411107.00000
4531      90492817.00000
4532      90574585.00000
4533      90656411.00000
4534      90738295.00000
4535      90820237.00000
4536      90902237.00000
4537      90984295.00000
4538      91066411.00000
4539      91148585.00000
4540      91230817.00000
4541      91313107.00000
4542      91395455.00000
4543      91477861.00000
4544      91560326.00000
4545      91642848.00000
4546      91725429.00000
4547      91808069.00000
4548      91890766.00000
4549      91973522.00000
4550      92056337.00000
4551      92139209.00000
4552      92222140.00000
4553      92305130.00000
4554      92388178.00000
4555      92471285.00000
4556      92554450.00000
4557      92637674.00000
4558      92720956.00000
4559      92804297.00000
4560      92887697.00000
4561      92971155.00000
4562      93054672.00000
4563      93138248.00000
4564      93221883.00000
4565      93305576.00000
4566      93389328.00000
4567      93473140.00000
4568      93557010.00000
4569      93640939.00000
4570      93724927.00000
4571      93808974.00000
4572      93893080.00000
4573      93977245.00000
4574      94061469.00000
4575      94145752.00000
4576      94230095.00000
4577      94314497.00000
4578      94398957.00000
4579      94483477.00000
4580      94568057.00000
4581      94652695.00000
4582      94737393.00000
4583      94822151.00000
4584      94906967.00000
4585      94991844.00000
4586      95076779.00000
4587      95161774.00000
4588      95246829.00000
4589      95331943.00000
4590      95417117.00000
4591      95502350.00000
4592      95587643.00000
4593      95672996.00000
4594      95758408.00000
4595      95843880.00000
4596      95929412.00000
4597      96015003.00000
4598      96100654.00000
4599      96186366.00000
4600      96272137.00000
4601      96357968.00000
4602      96443859.00000
4603      96529809.00000
4604      96615820.00000
4605      96701891.00000
4606      96788022.00000
4607      96874213.00000
4608      96960464.00000
4609      97046776.00000
4610      97133147.00000
4611      97219579.00000
4612      97306071.00000
4613      97392623.00000
4614      97479235.00000
4615      97565908.00000
4616      97652641.00000
4617      97739435.00000
4618      97826289.00000
4619      97913203.00000
4620      98000178.00000
4621      98087213.00000
4622      98174309.00000
4623      98261466.00000
4624      98348683.00000
4625      98435961.00000
4626      98523299.00000
4627      98610698.00000
4628      98698158.00000
4629      98785679.00000
4630      98873260.00000
4631      98960902.00000
4632      99048605.00000
4633      99136369.00000
4634      99224194.00000
4635      99312080.00000
4636      99400027.00000
4637      99488034.00000
4638      99576103.00000
4639      99664233.00000
4640      99752424.00000
4641      99840676.00000
4642      99928989.00000
4643     100017360.00000
4644     100105800.00000
4645     100194300.00000
4646     100282850.00000
4647     100371470.00000
4648     100460150.00000
4649     100548900.00000
4650     100637700.00000
4651     100726560.00000
4652     100815490.00000
4653     100904480.00000
4654     100993530.00000
4655     101082640.00000
4656     101171810.00000
4657     101261050.00000
4658     101350340.00000
4659     101439700.00000
4660     101529120.00000
4661     101618600.00000
4662     101708140.00000
4663     101797750.00000
4664     101887410.00000
4665     101977140.00000
4666     102066930.00000
4667     102156780.00000
4668     102246700.00000
4669     102336670.00000
4670     102426710.00000
4671     102516810.00000
4672     102606970.00000
4673     102697200.00000
4674     102787480.00000
4675     102877830.00000
4676     102968240.00000
4677     103058720.00000
4678     103149250.00000
4679     103239850.00000
4680     103330510.00000
4681     103421230.00000
4682     103512020.00000
4683     103602860.00000
4684     103693770.00000
4685     103784740.00000
4686     103875780.00000
4687     103966880.00000
4688     104058030.00000
4689     104149260.00000
4690     104240540.00000
4691     104331890.00000
4692     104423300.00000
4693     104514770.00000
4694     104606310.00000
4695     104697910.00000
4696     104789570.00000
4697     104881290.00000
4698     104973080.00000
4699     105064930.00000
4700     105156840.00000
4701     105248820.00000
4702     105340860.00000
4703     105432960.00000
4704     105525120.00000
4705     105617350.00000
4706     105709640.00000
4707     105802000.00000
4708     105894410.00000
4709     105986900.00000
4710     106079440.00000
4711     106172050.00000
4712     106264720.00000
4713     106357450.00000
4714     106450250.00000
4715     106543110.00000
4716     106636030.00000
4717     106729020.00000
4718     106822070.00000
4719     106915190.00000
4720     107008370.00000
4721     107101610.00000
4722     107194910.00000
4723     107288280.00000
4724     107381720.00000
4725     107475210.00000
4726     107568770.00000
4727     107662400.00000
4728     107756090.00000
4729     107849840.00000
4730     107943650.00000
4731     108037530.00000
4732     108131480.00000
4733     108225490.00000
4734     108319560.00000
4735     108413690.00000
4736     108507890.00000
4737     108602160.00000
4738     108696490.00000
4739     108790880.00000
4740     108885330.00000
4741     108979860.00000
4742     109074440.00000
4743     109169090.00000
4744     109263800.00000
4745     109358580.00000
4746     109453420.00000
4747     109548330.00000
4748     109643300.00000
4749     109738340.00000
4750     109833440.00000
4751     109928600.00000
4752     110023830.00000
4753     110119130.00000
4754     110214490.00000
4755     110309910.00000
4756     110405400.00000
4757     110500950.00000
4758     110596570.00000
4759     110692250.00000
4760     110788000.00000
4761     110883810.00000
4762     110979690.00000
4763     111075630.00000
4764     111171640.00000
4765     111267710.00000
4766     111363850.00000
4767     111460050.00000
4768     111556310.00000
4769     111652650.00000
4770     111749040.00000
4771     111845510.00000
4772     111942040.00000
4773     112038630.00000
4774     112135290.00000
4775     112232010.00000
4776     112328800.00000
4777     112425650.00000
4778     112522570.00000
4779     112619560.00000
4780     112716610.00000
4781     112813730.00000
4782     112910910.00000
4783     113008160.00000
4784     113105470.00000
4785     113202850.00000
4786     113300290.00000
4787     113397800.00000
4788     113495380.00000
4789     113593020.00000
4790     113690730.00000
4791     113788500.00000
4792     113886340.00000
4793     113984240.00000
4794     114082220.00000
4795     114180250.00000
4796     114278360.00000
4797     114376520.00000
4798     114474760.00000
4799     114573060.00000
4800     114671430.00000
4801     114769860.00000
4802     114868360.00000
4803     114966930.00000
4804     115065560.00000
4805     115164260.00000
4806     115263020.00000
4807     115361850.00000
4808     115460750.00000
4809     115559710.00000
4810     115658740.00000
4811     115757840.00000
4812     115857000.00000
4813     115956230.00000
4814     116055530.00000
4815     116154890.00000
4816     116254320.00000
4817     116353820.00000
4818     116453380.00000
4819     116553010.00000
4820     116652710.00000
4821     116752470.00000
4822     116852300.00000
4823     116952200.00000
4824     117052160.00000
4825     117152190.00000
4826     117252290.00000
4827     117352450.00000
4828     117452680.00000
4829     117552980.00000
4830     117653350.00000
4831     117753780.00000
4832     117854280.00000
4833     117954850.00000
4834     118055480.00000
4835     118156180.00000
4836     118256950.00000
4837     118357790.00000
4838     118458690.00000
4839     118559670.00000
4840     118660700.00000
4841     118761810.00000
4842     118862980.00000
4843     118964220.00000
4844     119065530.00000
4845     119166910.00000
4846     119268350.00000
4847     119369860.00000
4848     119471440.00000
4849     119573090.00000
4850     119674800.00000
4851     119776590.00000
4852     119878440.00000
4853     119980350.00000
4854     120082340.00000
4855     120184390.00000
4856     120286520.00000
4857     120388700.00000
4858     120490960.00000
4859     120593290.00000
4860     120695680.00000
4861     120798140.00000
4862     120900670.00000
4863     121003270.00000
4864     121105940.00000
4865     121208670.00000
4866     121311480.00000
4867     121414350.00000
4868     121517290.00000
4869     121620290.00000
4870     121723370.00000
4871     121826520.00000
4872     121929730.00000
4873     122033010.00000
4874     122136360.00000
4875     122239780.00000
4876     122343270.00000
4877     122446820.00000
4878     122550450.00000
4879     122654140.00000
4880     122757900.00000
4881     122861730.00000
4882     122965630.00000
4883     123069600.00000
4884     123173640.00000
4885     123277740.00000
4886     123381920.00000
4887     123486160.00000
4888     123590480.00000
4889     123694860.00000
4890     123799310.00000
4891     123903830.00000
4892     124008420.00000
4893     124113080.00000
4894     124217810.00000
4895     124322600.00000
4896     124427470.00000
4897     124532400.00000
4898     124637410.00000
4899     124742480.00000
4900     124847630.00000
4901     124952840.00000
4902     125058120.00000
4903     125163480.00000
4904     125268900.00000
4905     125374390.00000
4906     125479950.00000
4907     125585580.00000
4908     125691280.00000
4909     125797050.00000
4910     125902890.00000
4911     126008800.00000
4912     126114780.00000
4913     126220820.00000
4914     126326940.00000
4915     126433130.00000
4916     126539390.00000
4917     126645720.00000
4918     126752120.00000
4919     126858580.00000
4920     126965120.00000
4921     127071730.00000
4922     127178410.00000
4923     127285160.00000
4924     127391980.00000
4925     127498870.00000
4926     127605830.00000
4927     127712860.00000
4928     127819960.00000
4929     127927130.00000
4930     128034370.00000
4931     128141680.00000
4932     128249060.00000
4933     128356510.00000
4934     128464040.00000
4935     128571630.00000
4936     128679290.00000
4937     128787030.00000
4938     128894830.00000
4939     129002710.00000
4940     129110650.00000
4941     129218670.00000
4942     129326760.00000
4943     129434920.00000
4944     129543150.00000
4945     129651450.00000
4946     129759820.00000
4947     129868260.00000
4948     129976780.00000
4949     130085360.00000
4950     130194020.00000
4951     130302740.00000
4952     130411540.00000
4953     130520410.00000
4954     130629350.00000
4955     130738360.00000
4956     130847450.00000
4957     130956600.00000
4958     131065830.00000
4959     131175120.00000
4960     131284490.00000
4961     131393930.00000
4962     131503440.00000
4963     131613020.00000
4964     131722680.00000
4965     131832400.00000
4966     131942200.00000
4967     132052070.00000
4968     132162010.00000
4969     132272020.00000
4970     132382110.00000
4971     132492260.00000
4972     132602490.00000
4973     132712790.00000
4974     132823160.00000
4975     132933600.00000
4976     133044120.00000
4977     133154710.00000
4978     133265370.00000
4979     133376100.00000
4980     133486900.00000
4981     133597780.00000
4982     133708720.00000
4983     133819740.00000
4984     133930840.00000
4985     134042000.00000
4986     134153240.00000
4987     134264550.00000
4988     134375930.00000
4989     134487380.00000
4990     134598910.00000
4991     134710500.00000
4992     134822180.00000
4993     134933920.00000
4994     135045730.00000
4995     135157620.00000
4996     135269580.00000
4997     135381620.00000
4998     135493720.00000
4999     135605900.00000
5000     135718160.00000