   1             2.79228
   2             7.37529
   3            13.24318
   4            20.15885
   5            27.98230
   6            36.61825
   7            45.99638
   8            56.06203
   9            66.77112
  10            78.08710
  11            89.97905
  12           102.42033
  13           115.38772
  14           128.86070
  15           142.82100
  16           157.25219
  17           172.13941
  18           187.46912
  19           203.22892
  20           219.40742
  21           235.99406
  22           252.97907
  23           270.35333
  24           288.10835
  25           306.23614
  26           324.72923
  27           343.58054
  28           362.78343
  29           382.33159
  30           402.21905
  31           422.44014
  32           442.98946
  33           463.86188
  34           485.05249
  35           506.55660
  36           528.36972
  37           550.48757
  38           572.90601
  39           595.62110
  40           618.62902
  41           641.92611
  42           665.50885
  43           689.37384
  44           713.51779
  45           737.93755
  46           762.63006
  47           787.59234
  48           812.82155
  49           838.31490
  50           864.06972
  51           890.08340
  52           916.35342
  53           942.87733
  54           969.65275
  55           996.67738
  56          1023.94900
  57          1051.46540
  58          1079.22440
  59          1107.22410
  60          1135.46250
  61          1163.93750
  62          1192.64730
  63          1221.59010
  64          1250.76400
  65          1280.16750
  66          1309.79870
  67          1339.65600
  68          1369.73790
  69          1400.04280
  70          1430.56920
  71          1461.31560
  72          1492.28070
  73          1523.46300
  74          1554.86130
  75          1586.47430
  76          1618.30060
  77          1650.33920
  78          1682.58870
  79          1715.04820
  80          1747.71650
  81          1780.59250
  82          1813.67530
  83          1846.96380
  84          1880.45720
  85          1914.15440
  86          1948.05470
  87          1982.15710
  88          2016.46090
  89          2050.96520
  90          2085.66950
  91          2120.57280
  92          2155.67460
  93          2190.97430
  94          2226.47110
  95          2262.16450
  96          2298.05390
  97          2334.13890
  98          2370.41890
  99          2406.89340
 100          2443.56200
 101          2480.42430
 102          2517.47990
 103          2554.72840
 104          2592.16950
 105          2629.80280
 106          2667.62820
 107          2705.64520
 108          2743.85370
 109          2782.25350
 110          2820.84430
 111          2859.62600
 112          2898.59840
 113          2937.76140
 114          2977.11490
 115          3016.65880
 116          3056.39300
 117          3096.31740
 118          3136.43210
 119          3176.73700
 120          3217.23220
 121          3257.91750
 122          3298.79320
 123          3339.85910
 124          3381.11550
 125          3422.56240
 126          3464.19980
 127          3506.02800
 128          3548.04690
 129          3590.25690
 130          3632.65800
 131          3675.25040
 132          3718.03430
 133          3761.00980
 134          3804.17730
 135          3847.53690
 136          3891.08890
 137          3934.83340
 138          3978.77090
 139          4022.90140
 140          4067.22540
 141          4111.74300
 142          4156.45470
 143          4201.36060
 144          4246.46120
 145          4291.75670
 146          4337.24750
 147          4382.93390
 148          4428.81630
 149          4474.89500
 150          4521.17050
 151          4567.64300
 152          4614.31300
 153          4661.18090
 154          4708.24700
 155          4755.51190
 156          4802.97580
 157          4850.63920
 158          4898.50250
 159          4946.56620
 160          4994.83080
 161          5043.29650
 162          5091.96400
 163          5140.83370
 164          5189.90600
 165          5239.18140
 166          5288.66030
 167          5338.34330
 168          5388.23090
 169          5438.32340
 170          5488.62150
 171          5539.12560
 172          5589.83630
 173          5640.75400
 174          5691.87920
 175          5743.21250
 176          5794.75440
 177          5846.50540
 178          5898.46610
 179          5950.63700
 180          6003.01860
 181          6055.61140
 182          6108.41610
 183          6161.43320
 184          6214.66320
 185          6268.10680
 186          6321.76430
 187          6375.63650
 188          6429.72390
 189          6484.02710
 190          6538.54660
 191          6593.28310
 192          6648.23710
 193          6703.40920
 194          6758.80000
 195          6814.41010
 196          6870.24020
 197          6926.29070
 198          6982.56230
 199          7039.05570
 200          7095.77140
 201          7152.71010
 202          7209.87240
 203          7267.25880
 204          7324.87010
 205          7382.70680
 206          7440.76970
 207          7499.05920
 208          7557.57620
 209          7616.32110
 210          7675.29470
 211          7734.49760
 212          7793.93050
 213          7853.59400
 214          7913.48870
 215          7973.61540
 216          8033.97470
 217          8094.56730
 218          8155.39370
 219          8216.45480
 220          8277.75120
 221          8339.28360
 222          8401.05260
 223          8463.05890
 224          8525.30330
 225          8587.78640
 226          8650.50890
 227          8713.47150
 228          8776.67490
 229          8840.11980
 230          8903.80700
 231          8967.73700
 232          9031.91080
 233          9096.32880
 234          9160.99200
 235          9225.90090
 236          9291.05640
 237          9356.45910
 238          9422.10980
 239          9488.00920
 240          9554.15800
 241          9620.55710
 242          9687.20700
 243          9754.10860
 244          9821.26270
 245          9888.66990
 246          9956.33110
 247         10024.24700
 248         10092.41800
 249         10160.84600
 250         10229.53000
 251         10298.47200
 252         10367.67300
 253         10437.13300
 254         10506.85300
 255         10576.83400
 256         10647.07600
 257         10717.58100
 258         10788.34900
 259         10859.38100
 260         10930.67800
 261         11002.24000
 262         11074.06900
 263         11146.16500
 264         11218.52800
 265         11291.16100
 266         11364.06300
 267         11437.23600
 268         11510.68000
 269         11584.39600
 270         11658.38400
 271         11732.64700
 272         11807.18400
 273         11881.99600
 274         11957.08400
 275         12032.45000
 276         12108.09300
 277         12184.01500
 278         12260.21600
 279         12336.69800
 280         12413.46100
 281         12490.50700
 282         12567.83500
 283         12645.44700
 284         12723.34300
 285         12801.52500
 286         12879.99400
 287         12958.74900
 288         13037.79300
 289         13117.12600
 290         13196.74900
 291         13276.66200
 292         13356.86700
 293         13437.36400
 294         13518.15500
 295         13599.24100
 296         13680.62100
 297         13762.29700
 298         13844.27100
 299         13926.54200
 300         14009.11200
 301         14091.98200
 302         14175.15200
 303         14258.62400
 304         14342.39800
 305         14426.47600
 306         14510.85800
 307         14595.54500
 308         14680.53800
 309         14765.83800
 310         14851.44600
 311         14937.36200
 312         15023.58900
 313         15110.12700
 314         15196.97600
 315         15284.13700
 316         15371.61300
 317         15459.40200
 318         15547.50800
 319         15635.92900
 320         15724.66800
 321         15813.72600
 322         15903.10200
 323         15992.79900
 324         16082.81700
 325         16173.15700
 326         16263.82100
 327         16354.80800
 328         16446.12100
 329         16537.75900
 330         16629.72500
 331         16722.01900
 332         16814.64200
 333         16907.59400
 334         17000.87800
 335         17094.49400
 336         17188.44200
 337         17282.72500
 338         17377.34200
 339         17472.29600
 340         17567.58600
 341         17663.21400
 342         17759.18200
 343         17855.48900
 344         17952.13700
 345         18049.12800
 346         18146.46100
 347         18244.13800
 348         18342.16100
 349         18440.52900
 350         18539.24500
 351         18638.30900
 352         18737.72200
 353         18837.48500
 354         18937.59900
 355         19038.06600
 356         19138.88600
 357         19240.06000
 358         19341.59000
 359         19443.47600
 360         19545.72000
 361         19648.32200
 362         19751.28400
 363         19854.60600
 364         19958.29000
 365         20062.33700
 366         20166.74800
 367         20271.52400
 368         20376.66500
 369         20482.17400
 370         20588.05100
 371         20694.29700
 372         20800.91300
 373         20907.90100
 374         21015.26100
 375         21122.99400
 376         21231.10200
 377         21339.58600
 378         21448.44700
 379         21557.68500
 380         21667.30300
 381         21777.30000
 382         21887.67900
 383         21998.43900
 384         22109.58300
 385         22221.11200
 386         22333.02600
 387         22445.32700
 388         22558.01600
 389         22671.09300
 390         22784.56000
 391         22898.41900
 392         23012.67000
 393         23127.31400
 394         23242.35300
 395         23357.78700
 396         23473.61800
 397         23589.84700
 398         23706.47500
 399         23823.50300
 400         23940.93200
 401         24058.76400
 402         24176.99900
 403         24295.63900
 404         24414.68500
 405         24534.13800
 406         24653.99800
 407         24774.26900
 408         24894.94900
 409         25016.04100
 410         25137.54600
 411         25259.46500
 412         25381.79900
 413         25504.54900
 414         25627.71700
 415         25751.30300
 416         25875.30900
 417         25999.73600
 418         26124.58500
 419         26249.85700
 420         26375.55400
 421         26501.67600
 422         26628.22500
 423         26755.20200
 424         26882.60800
 425         27010.44500
 426         27138.71300
 427         27267.41400
 428         27396.54900
 429         27526.11900
 430         27656.12500
 431         27786.56900
 432         27917.45100
 433         28048.77400
 434         28180.53800
 435         28312.74400
 436         28445.39300
 437         28578.48800
 438         28712.02800
 439         28846.01600
 440         28980.45200
 441         29115.33700
 442         29250.67400
 443         29386.46300
 444         29522.70500
 445         29659.40100
 446         29796.55400
 447         29934.16300
 448         30072.23100
 449         30210.75800
 450         30349.74600
 451         30489.19600
 452         30629.10900
 453         30769.48700
 454         30910.33000
 455         31051.64000
 456         31193.41900
 457         31335.66700
 458         31478.38600
 459         31621.57600
 460         31765.24000
 461         31909.37900
 462         32053.99300
 463         32199.08400
 464         32344.65400
 465         32490.70300
 466         32637.23300
 467         32784.24500
 468         32931.74100
 469         33079.72100
 470         33228.18700
 471         33377.14000
 472         33526.58200
 473         33676.51400
 474         33826.93700
 475         33977.85200
 476         34129.26100
 477         34281.16400
 478         34433.56400
 479         34586.46200
 480         34739.85800
 481         34893.75500
 482         35048.15300
 483         35203.05400
 484         35358.45900
 485         35514.36900
 486         35670.78600
 487         35827.71100
 488         35985.14600
 489         36143.09100
 490         36301.54700
 491         36460.51800
 492         36620.00300
 493         36780.00300
 494         36940.52100
 495         37101.55800
 496         37263.11500
 497         37425.19200
 498         37587.79300
 499         37750.91700
 500         37914.56700
 501         38078.74300
 502         38243.44700
 503         38408.68000
 504         38574.44400
 505         38740.74000
 506         38907.57000
 507         39074.93400
 508         39242.83400
 509         39411.27200
 510         39580.24800
 511         39749.76500
 512         39919.82300
 513         40090.42400
 514         40261.56900
 515         40433.25900
 516         40605.49700
 517         40778.28300
 518         40951.61900
 519         41125.50500
 520         41299.94500
 521         41474.93800
 522         41650.48600
 523         41826.59100
 524         42003.25400
 525         42180.47700
 526         42358.26000
 527         42536.60500
 528         42715.51400
 529         42894.98800
 530         43075.02900
 531         43255.63700
 532         43436.81400
 533         43618.56200
 534         43800.88200
 535         43983.77500
 536         44167.24400
 537         44351.28800
 538         44535.91000
 539         44721.11100
 540         44906.89300
 541         45093.25600
 542         45280.20300
 543         45467.73500
 544         45655.85200
 545         45844.55800
 546         46033.85200
 547         46223.73700
 548         46414.21400
 549         46605.28400
 550         46796.94900
 551         46989.21000
 552         47182.06900
 553         47375.52700
 554         47569.58600
 555         47764.24700
 556         47959.51100
 557         48155.38000
 558         48351.85500
 559         48548.93800
 560         48746.63100
 561         48944.93400
 562         49143.85000
 563         49343.37900
 564         49543.52300
 565         49744.28400
 566         49945.66400
 567         50147.66200
 568         50350.28200
 569         50553.52400
 570         50757.39100
 571         50961.88300
 572         51167.00100
 573         51372.74900
 574         51579.12600
 575         51786.13500
 576         51993.77600
 577         52202.05200
 578         52410.96400
 579         52620.51400
 580         52830.70200
 581         53041.53100
 582         53253.00200
 583         53465.11600
 584         53677.87500
 585         53891.28100
 586         54105.33400
 587         54320.03700
 588         54535.39100
 589         54751.39800
 590         54968.05900
 591         55185.37500
 592         55403.34800
 593         55621.98000
 594         55841.27200
 595         56061.22600
 596         56281.84300
 597         56503.12500
 598         56725.07300
 599         56947.68900
 600         57170.97400
 601         57394.93000
 602         57619.55900
 603         57844.86200
 604         58070.84000
 605         58297.49600
 606         58524.83000
 607         58752.84400
 608         58981.54000
 609         59210.92000
 610         59440.98400
 611         59671.73500
 612         59903.17400
 613         60135.30200
 614         60368.12200
 615         60601.63400
 616         60835.84100
 617         61070.74400
 618         61306.34400
 619         61542.64300
 620         61779.64300
 621         62017.34500
 622         62255.75100
 623         62494.86300
 624         62734.68100
 625         62975.20800
 626         63216.44500
 627         63458.39400
 628         63701.05600
 629         63944.43400
 630         64188.52800
 631         64433.34000
 632         64678.87200
 633         64925.12600
 634         65172.10200
 635         65419.80300
 636         65668.23100
 637         65917.38600
 638         66167.27100
 639         66417.88700
 640         66669.23600
 641         66921.31900
 642         67174.13800
 643         67427.69500
 644         67681.99100
 645         67937.02800
 646         68192.80700
 647         68449.33100
 648         68706.60100
 649         68964.61800
 650         69223.38400
 651         69482.90100
 652         69743.17100
 653         70004.19400
 654         70265.97400
 655         70528.51000
 656         70791.80600
 657         71055.86300
 658         71320.68200
 659         71586.26500
 660         71852.61300
 661         72119.73000
 662         72387.61500
 663         72656.27100
 664         72925.69900
 665         73195.90100
 666         73466.87900
 667         73738.63500
 668         74011.17000
 669         74284.48500
 670         74558.58400
 671         74833.46600
 672         75109.13400
 673         75385.59000
 674         75662.83500
 675         75940.87100
 676         76219.70000
 677         76499.32400
 678         76779.74300
 679         77060.96000
 680         77342.97700
 681         77625.79500
 682         77909.41600
 683         78193.84200
 684         78479.07400
 685         78765.11400
 686         79051.96400
 687         79339.62500
 688         79628.10000
 689         79917.39000
 690         80207.49700
 691         80498.42200
 692         80790.16800
 693         81082.73500
 694         81376.12600
 695         81670.34300
 696         81965.38600
 697         82261.25900
 698         82557.96300
 699         82855.49900
 700         83153.86900
 701         83453.07500
 702         83753.11900
 703         84054.00200
 704         84355.72600
 705         84658.29400
 706         84961.70600
 707         85265.96500
 708         85571.07300
 709         85877.03000
 710         86183.83900
 711         86491.50200
 712         86800.02000
 713         87109.39600
 714         87419.63000
 715         87730.72600
 716         88042.68400
 717         88355.50600
 718         88669.19400
 719         88983.75100
 720         89299.17700
 721         89615.47500
 722         89932.64600
 723         90250.69200
 724         90569.61600
 725         90889.41800
 726         91210.10000
 727         91531.66500
 728         91854.11500
 729         92177.45000
 730         92501.67300
 731         92826.78600
 732         93152.79100
 733         93479.68900
 734         93807.48100
 735         94136.17100
 736         94465.76000
 737         94796.25000
 738         95127.64200
 739         95459.93800
 740         95793.14100
 741         96127.25100
 742         96462.27200
 743         96798.20400
 744         97135.05000
 745         97472.81100
 746         97811.49000
 747         98151.08800
 748         98491.60600
 749         98833.04800
 750         99175.41400
 751         99518.70800
 752         99862.92900
 753        100208.08000
 754        100554.17000
 755        100901.18000
 756        101249.14000
 757        101598.03000
 758        101947.86000
 759        102298.64000
 760        102650.35000
 761        103003.01000
 762        103356.62000
 763        103711.18000
 764        104066.69000
 765        104423.16000
 766        104780.57000
 767        105138.95000
 768        105498.28000
 769        105858.58000
 770        106219.83000
 771        106582.05000
 772        106945.24000
 773        107309.40000
 774        107674.52000
 775        108040.62000
 776        108407.69000
 777        108775.74000
 778        109144.77000
 779        109514.77000
 780        109885.76000
 781        110257.73000
 782        110630.69000
 783        111004.63000
 784        111379.57000
 785        111755.49000
 786        112132.41000
 787        112510.33000
 788        112889.24000
 789        113269.15000
 790        113650.06000
 791        114031.98000
 792        114414.90000
 793        114798.82000
 794        115183.76000
 795        115569.71000
 796        115956.67000
 797        116344.64000
 798        116733.64000
 799        117123.65000
 800        117514.68000
 801        117906.73000
 802        118299.81000
 803        118693.92000
 804        119089.06000
 805        119485.22000
 806        119882.42000
 807        120280.66000
 808        120679.93000
 809        121080.24000
 810        121481.59000
 811        121883.98000
 812        122287.42000
 813        122691.91000
 814        123097.44000
 815        123504.02000
 816        123911.66000
 817        124320.35000
 818        124730.10000
 819        125140.91000
 820        125552.78000
 821        125965.71000
 822        126379.71000
 823        126794.78000
 824        127210.91000
 825        127628.12000
 826        128046.39000
 827        128465.75000
 828        128886.18000
 829        129307.69000
 830        129730.28000
 831        130153.95000
 832        130578.71000
 833        131004.56000
 834        131431.50000
 835        131859.53000
 836        132288.65000
 837        132718.87000
 838        133150.18000
 839        133582.60000
 840        134016.12000
 841        134450.74000
 842        134886.47000
 843        135323.30000
 844        135761.25000
 845        136200.31000
 846        136640.48000
 847        137081.77000
 848        137524.18000
 849        137967.71000
 850        138412.36000
 851        138858.14000
 852        139305.04000
 853        139753.08000
 854        140202.24000
 855        140652.54000
 856        141103.97000
 857        141556.54000
 858        142010.25000
 859        142465.11000
 860        142921.10000
 861        143378.24000
 862        143836.53000
 863        144295.97000
 864        144756.57000
 865        145218.32000
 866        145681.22000
 867        146145.28000
 868        146610.51000
 869        147076.89000
 870        147544.45000
 871        148013.17000
 872        148483.05000
 873        148954.12000
 874        149426.35000
 875        149899.76000
 876        150374.35000
 877        150850.12000
 878        151327.07000
 879        151805.21000
 880        152284.53000
 881        152765.04000
 882        153246.74000
 883        153729.64000
 884        154213.73000
 885        154699.02000
 886        155185.51000
 887        155673.20000
 888        156162.10000
 889        156652.20000
 890        157143.51000
 891        157636.03000
 892        158129.77000
 893        158624.72000
 894        159120.89000
 895        159618.27000
 896        160116.88000
 897        160616.71000
 898        161117.77000
 899        161620.06000
 900        162123.58000
 901        162628.33000
 902        163134.31000
 903        163641.54000
 904        164150.00000
 905        164659.70000
 906        165170.65000
 907        165682.84000
 908        166196.29000
 909        166710.98000
 910        167226.93000
 911        167744.13000
 912        168262.59000
 913        168782.31000
 914        169303.29000
 915        169825.53000
 916        170349.04000
 917        170873.82000
 918        171399.87000
 919        171927.20000
 920        172455.80000
 921        172985.68000
 922        173516.83000
 923        174049.27000
 924        174583.00000
 925        175118.01000
 926        175654.31000
 927        176191.90000
 928        176730.78000
 929        177270.96000
 930        177812.44000
 931        178355.22000
 932        178899.30000
 933        179444.69000
 934        179991.39000
 935        180539.39000
 936        181088.71000
 937        181639.34000
 938        182191.29000
 939        182744.55000
 940        183299.14000
 941        183855.05000
 942        184412.29000
 943        184970.85000
 944        185530.75000
 945        186091.98000
 946        186654.54000
 947        187218.44000
 948        187783.68000
 949        188350.27000
 950        188918.19000
 951        189487.47000
 952        190058.09000
 953        190630.07000
 954        191203.40000
 955        191778.08000
 956        192354.13000
 957        192931.53000
 958        193510.30000
 959        194090.43000
 960        194671.94000
 961        195254.81000
 962        195839.05000
 963        196424.67000
 964        197011.67000
 965        197600.05000
 966        198189.81000
 967        198780.95000
 968        199373.48000
 969        199967.40000
 970        200562.72000
 971        201159.42000
 972        201757.53000
 973        202357.03000
 974        202957.93000
 975        203560.24000
 976        204163.95000
 977        204769.07000
 978        205375.61000
 979        205983.55000
 980        206592.91000
 981        207203.69000
 982        207815.90000
 983        208429.52000
 984        209044.57000
 985        209661.05000
 986        210278.95000
 987        210898.29000
 988        211519.07000
 989        212141.28000
 990        212764.93000
 991        213390.03000
 992        214016.57000
 993        214644.56000
 994        215273.99000
 995        215904.88000
 996        216537.23000
 997        217171.03000
 998        217806.29000
 999        218443.01000
1000        219081.20000
1001        219720.86000
1002        220361.98000
1003        221004.58000
1004        221648.65000
1005        222294.19000
1006        222941.22000
1007        223589.73000
1008        224239.72000
1009        224891.20000
1010        225544.17000
1011        226198.63000
1012        226854.59000
1013        227512.04000
1014        228170.99000
1015        228831.44000
1016        229493.40000
1017        230156.86000
1018        230821.84000
1019        231488.32000
1020        232156.32000
1021        232825.84000
1022        233496.87000
1023        234169.43000
1024        234843.51000
1025        235519.12000
1026        236196.26000
1027        236874.93000
1028        237555.13000
1029        238236.87000
1030        238920.16000
1031        239604.98000
1032        240291.35000
1033        240979.26000
1034        241668.73000
1035        242359.74000
1036        243052.32000
1037        243746.45000
1038        244442.13000
1039        245139.39000
1040        245838.20000
1041        246538.59000
1042        247240.54000
1043        247944.07000
1044        248649.17000
1045        249355.85000
1046        250064.12000
1047        250773.96000
1048        251485.39000
1049        252198.41000
1050        252913.02000
1051        253629.22000
1052        254347.02000
1053        255066.42000
1054        255787.42000
1055        256510.02000
1056        257234.23000
1057        257960.05000
1058        258687.48000
1059        259416.52000
1060        260147.18000
1061        260879.47000
1062        261613.37000
1063        262348.90000
1064        263086.05000
1065        263824.84000
1066        264565.25000
1067        265307.31000
1068        266051.00000
1069        266796.33000
1070        267543.30000
1071        268291.92000
1072        269042.19000
1073        269794.11000
1074        270547.69000
1075        271302.92000
1076        272059.81000
1077        272818.36000
1078        273578.57000
1079        274340.46000
1080        275104.01000
1081        275869.23000
1082        276636.13000
1083        277404.71000
1084        278174.97000
1085        278946.91000
1086        279720.54000
1087        280495.86000
1088        281272.86000
1089        282051.56000
1090        282831.96000
1091        283614.06000
1092        284397.86000
1093        285183.36000
1094        285970.57000
1095        286759.49000
1096        287550.12000
1097        288342.47000
1098        289136.54000
1099        289932.33000
1100        290729.84000
1101        291529.08000
1102        292330.04000
1103        293132.74000
1104        293937.18000
1105        294743.35000
1106        295551.26000
1107        296360.91000
1108        297172.31000
1109        297985.46000
1110        298800.36000
1111        299617.01000
1112        300435.42000
1113        301255.58000
1114        302077.51000
1115        302901.21000
1116        303726.67000
1117        304553.90000
1118        305382.91000
1119        306213.69000
1120        307046.25000
1121        307880.59000
1122        308716.71000
1123        309554.62000
1124        310394.33000
1125        311235.82000
1126        312079.11000
1127        312924.20000
1128        313771.09000
1129        314619.78000
1130        315470.28000
1131        316322.58000
1132        317176.70000
1133        318032.64000
1134        318890.39000
1135        319749.96000
1136        320611.36000
1137        321474.58000
1138        322339.63000
1139        323206.51000
1140        324075.23000
1141        324945.78000
1142        325818.18000
1143        326692.42000
1144        327568.50000
1145        328446.43000
1146        329326.22000
1147        330207.86000
1148        331091.35000
1149        331976.71000
1150        332863.93000
1151        333753.01000
1152        334643.96000
1153        335536.79000
1154        336431.49000
1155        337328.06000
1156        338226.52000
1157        339126.86000
1158        340029.09000
1159        340933.20000
1160        341839.21000
1161        342747.11000
1162        343656.90000
1163        344568.60000
1164        345482.20000
1165        346397.71000
1166        347315.13000
1167        348234.45000
1168        349155.70000
1169        350078.86000
1170        351003.94000
1171        351930.94000
1172        352859.87000
1173        353790.73000
1174        354723.52000
1175        355658.25000
1176        356594.92000
1177        357533.52000
1178        358474.07000
1179        359416.57000
1180        360361.02000
1181        361307.42000
1182        362255.77000
1183        363206.08000
1184        364158.36000
1185        365112.60000
1186        366068.81000
1187        367026.98000
1188        367987.13000
1189        368949.26000
1190        369913.37000
1191        370879.45000
1192        371847.53000
1193        372817.59000
1194        373789.64000
1195        374763.69000
1196        375739.73000
1197        376717.78000
1198        377697.82000
1199        378679.87000
1200        379663.94000
1201        380650.01000
1202        381638.10000
1203        382628.20000
1204        383620.33000
1205        384614.48000
1206        385610.66000
1207        386608.87000
1208        387609.11000
1209        388611.39000
1210        389615.70000
1211        390622.06000
1212        391630.46000
1213        392640.91000
1214        393653.42000
1215        394667.97000
1216        395684.58000
1217        396703.26000
1218        397723.99000
1219        398746.80000
1220        399771.67000
1221        400798.61000
1222        401827.63000
1223        402858.73000
1224        403891.91000
1225        404927.17000
1226        405964.52000
1227        407003.97000
1228        408045.50000
1229        409089.13000
1230        410134.87000
1231        411182.70000
1232        412232.64000
1233        413284.69000
1234        414338.85000
1235        415395.13000
1236        416453.53000
1237        417514.04000
1238        418576.68000
1239        419641.45000
1240        420708.35000
1241        421777.39000
1242        422848.56000
1243        423921.87000
1244        424997.32000
1245        426074.92000
1246        427154.67000
1247        428236.57000
1248        429320.62000
1249        430406.84000
1250        431495.21000
1251        432585.76000
1252        433678.46000
1253        434773.35000
1254        435870.40000
1255        436969.63000
1256        438071.05000
1257        439174.64000
1258        440280.42000
1259        441388.40000
1260        442498.56000
1261        443610.93000
1262        444725.49000
1263        445842.25000
1264        446961.22000
1265        448082.40000
1266        449205.79000
1267        450331.40000
1268        451459.23000
1269        452589.27000
1270        453721.54000
1271        454856.04000
1272        455992.77000
1273        457131.74000
1274        458272.94000
1275        459416.38000
1276        460562.07000
1277        461710.01000
1278        462860.19000
1279        464012.63000
1280        465167.32000
1281        466324.28000
1282        467483.49000
1283        468644.98000
1284        469808.73000
1285        470974.76000
1286        472143.06000
1287        473313.64000
1288        474486.51000
1289        475661.66000
1290        476839.10000
1291        478018.83000
1292        479200.85000
1293        480385.18000
1294        481571.80000
1295        482760.74000
1296        483951.98000
1297        485145.53000
1298        486341.40000
1299        487539.58000
1300        488740.09000
1301        489942.92000
1302        491148.08000
1303        492355.57000
1304        493565.39000
1305        494777.56000
1306        495992.06000
1307        497208.91000
1308        498428.10000
1309        499649.65000
1310        500873.55000
1311        502099.81000
1312        503328.43000
1313        504559.41000
1314        505792.76000
1315        507028.48000
1316        508266.58000
1317        509507.05000
1318        510749.91000
1319        511995.14000
1320        513242.77000
1321        514492.78000
1322        515745.19000
1323        517000.00000
1324        518257.21000
1325        519516.82000
1326        520778.83000
1327        522043.26000
1328        523310.11000
1329        524579.37000
1330        525851.05000
1331        527125.15000
1332        528401.68000
1333        529680.64000
1334        530962.04000
1335        532245.87000
1336        533532.15000
1337        534820.87000
1338        536112.03000
1339        537405.65000
1340        538701.72000
1341        540000.25000
1342        541301.24000
1343        542604.70000
1344        543910.62000
1345        545219.01000
1346        546529.88000
1347        547843.22000
1348        549159.05000
1349        550477.36000
1350        551798.16000
1351        553121.45000
1352        554447.24000
1353        555775.52000
1354        557106.31000
1355        558439.60000
1356        559775.40000
1357        561113.72000
1358        562454.54000
1359        563797.89000
1360        565143.76000
1361        566492.15000
1362        567843.08000
1363        569196.54000
1364        570552.53000
1365        571911.06000
1366        573272.14000
1367        574635.76000
1368        576001.93000
1369        577370.66000
1370        578741.94000
1371        580115.78000
1372        581492.19000
1373        582871.16000
1374        584252.70000
1375        585636.82000
1376        587023.52000
1377        588412.79000
1378        589804.65000
1379        591199.10000
1380        592596.15000
1381        593995.78000
1382        595398.02000
1383        596802.85000
1384        598210.30000
1385        599620.35000
1386        601033.01000
1387        602448.29000
1388        603866.19000
1389        605286.72000
1390        606709.87000
1391        608135.65000
1392        609564.06000
1393        610995.11000
1394        612428.80000
1395        613865.14000
1396        615304.12000
1397        616745.76000
1398        618190.05000
1399        619636.99000
1400        621086.61000
1401        622538.88000
1402        623993.83000
1403        625451.44000
1404        626911.74000
1405        628374.71000
1406        629840.37000
1407        631308.71000
1408        632779.75000
1409        634253.48000
1410        635729.90000
1411        637209.03000
1412        638690.86000
1413        640175.40000
1414        641662.65000
1415        643152.62000
1416        644645.31000
1417        646140.72000
1418        647638.86000
1419        649139.72000
1420        650643.32000
1421        652149.66000
1422        653658.74000
1423        655170.56000
1424        656685.13000
1425        658202.45000
1426        659722.53000
1427        661245.36000
1428        662770.96000
1429        664299.33000
1430        665830.46000
1431        667364.37000
1432        668901.06000
1433        670440.52000
1434        671982.77000
1435        673527.81000
1436        675075.64000
1437        676626.26000
1438        678179.69000
1439        679735.91000
1440        681294.95000
1441        682856.79000
1442        684421.45000
1443        685988.92000
1444        687559.22000
1445        689132.33000
1446        690708.28000
1447        692287.06000
1448        693868.68000
1449        695453.13000
1450        697040.43000
1451        698630.58000
1452        700223.57000
1453        701819.42000
1454        703418.13000
1455        705019.70000
1456        706624.13000
1457        708231.43000
1458        709841.61000
1459        711454.66000
1460        713070.60000
1461        714689.41000
1462        716311.12000
1463        717935.71000
1464        719563.20000
1465        721193.59000
1466        722826.89000
1467        724463.08000
1468        726102.19000
1469        727744.22000
1470        729389.16000
1471        731037.02000
1472        732687.80000
1473        734341.52000
1474        735998.17000
1475        737657.75000
1476        739320.28000
1477        740985.75000
1478        742654.16000
1479        744325.53000
1480        745999.85000
1481        747677.13000
1482        749357.38000
1483        751040.59000
1484        752726.77000
1485        754415.93000
1486        756108.06000
1487        757803.18000
1488        759501.28000
1489        761202.37000
1490        762906.46000
1491        764613.54000
1492        766323.62000
1493        768036.71000
1494        769752.81000
1495        771471.92000
1496        773194.04000
1497        774919.18000
1498        776647.35000
1499        778378.55000
1500        780112.78000
1501        781850.04000
1502        783590.34000
1503        785333.69000
1504        787080.08000
1505        788829.52000
1506        790582.02000
1507        792337.58000
1508        794096.20000
1509        795857.88000
1510        797622.64000
1511        799390.47000
1512        801161.37000
1513        802935.36000
1514        804712.44000
1515        806492.60000
1516        808275.86000
1517        810062.21000
1518        811851.67000
1519        813644.23000
1520        815439.90000
1521        817238.69000
1522        819040.59000
1523        820845.61000
1524        822653.75000
1525        824465.03000
1526        826279.43000
1527        828096.98000
1528        829917.66000
1529        831741.49000
1530        833568.46000
1531        835398.59000
1532        837231.87000
1533        839068.32000
1534        840907.93000
1535        842750.70000
1536        844596.65000
1537        846445.77000
1538        848298.08000
1539        850153.56000
1540        852012.24000
1541        853874.11000
1542        855739.17000
1543        857607.43000
1544        859478.90000
1545        861353.57000
1546        863231.45000
1547        865112.55000
1548        866996.87000
1549        868884.42000
1550        870775.19000
1551        872669.19000
1552        874566.43000
1553        876466.90000
1554        878370.62000
1555        880277.59000
1556        882187.81000
1557        884101.28000
1558        886018.02000
1559        887938.02000
1560        889861.28000
1561        891787.82000
1562        893717.63000
1563        895650.72000
1564        897587.10000
1565        899526.76000
1566        901469.72000
1567        903415.97000
1568        905365.52000
1569        907318.38000
1570        909274.54000
1571        911234.02000
1572        913196.81000
1573        915162.92000
1574        917132.35000
1575        919105.12000
1576        921081.22000
1577        923060.65000
1578        925043.42000
1579        927029.54000
1580        929019.01000
1581        931011.82000
1582        933008.00000
1583        935007.54000
1584        937010.44000
1585        939016.71000
1586        941026.36000
1587        943039.38000
1588        945055.78000
1589        947075.57000
1590        949098.75000
1591        951125.32000
1592        953155.29000
1593        955188.66000
1594        957225.44000
1595        959265.63000
1596        961309.23000
1597        963356.25000
1598        965406.70000
1599        967460.57000
1600        969517.87000
1601        971578.61000
1602        973642.79000
1603        975710.41000
1604        977781.47000
1605        979855.99000
1606        981933.97000
1607        984015.40000
1608        986100.30000
1609        988188.67000
1610        990280.51000
1611        992375.83000
1612        994474.63000
1613        996576.91000
1614        998682.69000
1615       1000792.00000
1616       1002904.70000
1617       1005021.00000
1618       1007140.80000
1619       1009264.00000
1620       1011390.80000
1621       1013521.20000
1622       1015655.00000
1623       1017792.40000
1624       1019933.30000
1625       1022077.70000
1626       1024225.70000
1627       1026377.20000
1628       1028532.20000
1629       1030690.90000
1630       1032853.00000
1631       1035018.80000
1632       1037188.10000
1633       1039360.90000
1634       1041537.40000
1635       1043717.40000
1636       1045901.00000
1637       1048088.20000
1638       1050279.00000
1639       1052473.40000
1640       1054671.30000
1641       1056872.90000
1642       1059078.10000
1643       1061286.90000
1644       1063499.30000
1645       1065715.40000
1646       1067935.00000
1647       1070158.30000
1648       1072385.20000
1649       1074615.80000
1650       1076850.00000
1651       1079087.80000
1652       1081329.40000
1653       1083574.50000
1654       1085823.30000
1655       1088075.80000
1656       1090332.00000
1657       1092591.80000
1658       1094855.30000
1659       1097122.40000
1660       1099393.30000
1661       1101667.90000
1662       1103946.10000
1663       1106228.10000
1664       1108513.70000
1665       1110803.10000
1666       1113096.10000
1667       1115392.90000
1668       1117693.40000
1669       1119997.60000
1670       1122305.60000
1671       1124617.30000
1672       1126932.70000
1673       1129251.90000
1674       1131574.80000
1675       1133901.50000
1676       1136231.90000
1677       1138566.10000
1678       1140904.00000
1679       1143245.70000
1680       1145591.20000
1681       1147940.50000
1682       1150293.50000
1683       1152650.30000
1684       1155011.00000
1685       1157375.40000
1686       1159743.60000
1687       1162115.60000
1688       1164491.40000
1689       1166871.10000
1690       1169254.50000
1691       1171641.80000
1692       1174032.90000
1693       1176427.80000
1694       1178826.60000
1695       1181229.20000
1696       1183635.60000
1697       1186045.90000
1698       1188460.10000
1699       1190878.10000
1700       1193299.90000
1701       1195725.70000
1702       1198155.30000
1703       1200588.70000
1704       1203026.10000
1705       1205467.30000
1706       1207912.50000
1707       1210361.50000
1708       1212814.40000
1709       1215271.20000
1710       1217731.90000
1711       1220196.60000
1712       1222665.10000
1713       1225137.60000
1714       1227614.00000
1715       1230094.30000
1716       1232578.50000
1717       1235066.70000
1718       1237558.90000
1719       1240054.90000
1720       1242555.00000
1721       1245058.90000
1722       1247566.90000
1723       1250078.80000
1724       1252594.70000
1725       1255114.50000
1726       1257638.40000
1727       1260166.20000
1728       1262698.00000
1729       1265233.80000
1730       1267773.50000
1731       1270317.30000
1732       1272865.10000
1733       1275416.90000
1734       1277972.70000
1735       1280532.60000
1736       1283096.40000
1737       1285664.30000
1738       1288236.30000
1739       1290812.20000
1740       1293392.20000
1741       1295976.30000
1742       1298564.40000
1743       1301156.50000
1744       1303752.70000
1745       1306353.00000
1746       1308957.40000
1747       1311565.80000
1748       1314178.30000
1749       1316794.90000
1750       1319415.50000
1751       1322040.30000
1752       1324669.20000
1753       1327302.10000
1754       1329939.20000
1755       1332580.40000
1756       1335225.70000
1757       1337875.10000
1758       1340528.70000
1759       1343186.30000
1760       1345848.10000
1761       1348514.10000
1762       1351184.20000
1763       1353858.40000
1764       1356536.80000
1765       1359219.40000
1766       1361906.10000
1767       1364597.00000
1768       1367292.00000
1769       1369991.20000
1770       1372694.70000
1771       1375402.20000
1772       1378114.00000
1773       1380830.00000
1774       1383550.20000
1775       1386274.60000
1776       1389003.20000
1777       1391736.00000
1778       1394473.00000
1779       1397214.30000
1780       1399959.70000
1781       1402709.40000
1782       1405463.40000
1783       1408221.60000
1784       1410984.00000
1785       1413750.70000
1786       1416521.60000
1787       1419296.80000
1788       1422076.30000
1789       1424860.10000
1790       1427648.10000
1791       1430440.40000
1792       1433237.00000
1793       1436037.80000
1794       1438843.00000
1795       1441652.50000
1796       1444466.20000
1797       1447284.30000
1798       1450106.70000
1799       1452933.40000
1800       1455764.40000
1801       1458599.80000
1802       1461439.50000
1803       1464283.50000
1804       1467131.90000
1805       1469984.60000
1806       1472841.70000
1807       1475703.10000
1808       1478568.90000
1809       1481439.00000
1810       1484313.50000
1811       1487192.40000
1812       1490075.70000
1813       1492963.40000
1814       1495855.40000
1815       1498751.90000
1816       1501652.70000
1817       1504558.00000
1818       1507467.70000
1819       1510381.70000
1820       1513300.20000
1821       1516223.20000
1822       1519150.50000
1823       1522082.30000
1824       1525018.50000
1825       1527959.20000
1826       1530904.30000
1827       1533853.90000
1828       1536807.90000
1829       1539766.40000
1830       1542729.30000
1831       1545696.70000
1832       1548668.70000
1833       1551645.00000
1834       1554625.90000
1835       1557611.30000
1836       1560601.10000
1837       1563595.50000
1838       1566594.40000
1839       1569597.80000
1840       1572605.70000
1841       1575618.10000
1842       1578635.00000
1843       1581656.50000
1844       1584682.50000
1845       1587713.10000
1846       1590748.20000
1847       1593787.90000
1848       1596832.10000
1849       1599880.80000
1850       1602934.20000
1851       1605992.10000
1852       1609054.60000
1853       1612121.60000
1854       1615193.30000
1855       1618269.50000
1856       1621350.40000
1857       1624435.80000
1858       1627525.80000
1859       1630620.50000
1860       1633719.80000
1861       1636823.60000
1862       1639932.20000
1863       1643045.30000
1864       1646163.10000
1865       1649285.50000
1866       1652412.60000
1867       1655544.30000
1868       1658680.70000
1869       1661821.70000
1870       1664967.40000
1871       1668117.80000
1872       1671272.80000
1873       1674432.50000
1874       1677596.90000
1875       1680766.00000
1876       1683939.80000
1877       1687118.30000
1878       1690301.50000
1879       1693489.40000
1880       1696682.10000
1881       1699879.40000
1882       1703081.50000
1883       1706288.30000
1884       1709499.80000
1885       1712716.10000
1886       1715937.10000
1887       1719162.90000
1888       1722393.40000
1889       1725628.70000
1890       1728868.80000
1891       1732113.60000
1892       1735363.20000
1893       1738617.60000
1894       1741876.80000
1895       1745140.80000
1896       1748409.50000
1897       1751683.10000
1898       1754961.50000
1899       1758244.70000
1900       1761532.70000
1901       1764825.50000
1902       1768123.10000
1903       1771425.60000
1904       1774732.90000
1905       1778045.10000
1906       1781362.10000
1907       1784684.00000
1908       1788010.70000
1909       1791342.30000
1910       1794678.70000
1911       1798020.10000
1912       1801366.30000
1913       1804717.40000
1914       1808073.30000
1915       1811434.20000
1916       1814800.00000
1917       1818170.70000
1918       1821546.20000
1919       1824926.70000
1920       1828312.20000
1921       1831702.50000
1922       1835097.80000
1923       1838498.00000
1924       1841903.10000
1925       1845313.20000
1926       1848728.30000
1927       1852148.30000
1928       1855573.20000
1929       1859003.20000
1930       1862438.10000
1931       1865878.00000
1932       1869322.80000
1933       1872772.70000
1934       1876227.50000
1935       1879687.40000
1936       1883152.20000
1937       1886622.10000
1938       1890096.90000
1939       1893576.80000
1940       1897061.70000
1941       1900551.60000
1942       1904046.60000
1943       1907546.60000
1944       1911051.70000
1945       1914561.80000
1946       1918077.00000
1947       1921597.20000
1948       1925122.50000
1949       1928652.80000
1950       1932188.30000
1951       1935728.80000
1952       1939274.40000
1953       1942825.10000
1954       1946380.90000
1955       1949941.80000
1956       1953507.80000
1957       1957078.90000
1958       1960655.10000
1959       1964236.50000
1960       1967823.00000
1961       1971414.60000
1962       1975011.40000
1963       1978613.30000
1964       1982220.40000
1965       1985832.60000
1966       1989450.00000
1967       1993072.50000
1968       1996700.20000
1969       2000333.10000
1970       2003971.20000
1971       2007614.50000
1972       2011262.90000
1973       2014916.60000
1974       2018575.50000
1975       2022239.50000
1976       2025908.80000
1977       2029583.30000
1978       2033263.10000
1979       2036948.00000
1980       2040638.20000
1981       2044333.70000
1982       2048034.40000
1983       2051740.30000
1984       2055451.50000
1985       2059168.00000
1986       2062889.70000
1987       2066616.70000
1988       2070349.00000
1989       2074086.50000
1990       2077829.40000
1991       2081577.60000
1992       2085331.00000
1993       2089089.80000
1994       2092853.90000
1995       2096623.20000
1996       2100398.00000
1997       2104178.00000
1998       2107963.40000
1999       2111754.10000
2000       2115550.20000
2001       2119351.60000
2002       2123158.30000
2003       2126970.50000
2004       2130787.90000
2005       2134610.80000
2006       2138439.00000
2007       2142272.70000
2008       2146111.70000
2009       2149956.10000
2010       2153805.90000
2011       2157661.10000
2012       2161521.70000
2013       2165387.80000
2014       2169259.20000
2015       2173136.10000
2016       2177018.40000
2017       2180906.20000
2018       2184799.30000
2019       2188698.00000
2020       2192602.10000
2021       2196511.60000
2022       2200426.70000
2023       2204347.20000
2024       2208273.10000
2025       2212204.60000
2026       2216141.50000
2027       2220083.90000
2028       2224031.90000
2029       2227985.30000
2030       2231944.20000
2031       2235908.70000
2032       2239878.70000
2033       2243854.20000
2034       2247835.20000
2035       2251821.80000
2036       2255813.90000
2037       2259811.50000
2038       2263814.70000
2039       2267823.50000
2040       2271837.90000
2041       2275857.80000
2042       2279883.30000
2043       2283914.30000
2044       2287951.00000
2045       2291993.20000
2046       2296041.10000
2047       2300094.50000
2048       2304153.60000
2049       2308218.20000
2050       2312288.50000
2051       2316364.50000
2052       2320446.00000
2053       2324533.20000
2054       2328626.00000
2055       2332724.50000
2056       2336828.70000
2057       2340938.50000
2058       2345053.90000
2059       2349175.10000
2060       2353301.90000
2061       2357434.40000
2062       2361572.50000
2063       2365716.40000
2064       2369866.00000
2065       2374021.30000
2066       2378182.30000
2067       2382349.00000
2068       2386521.40000
2069       2390699.60000
2070       2394883.50000
2071       2399073.10000
2072       2403268.50000
2073       2407469.60000
2074       2411676.50000
2075       2415889.20000
2076       2420107.60000
2077       2424331.80000
2078       2428561.70000
2079       2432797.50000
2080       2437039.00000
2081       2441286.40000
2082       2445539.50000
2083       2449798.50000
2084       2454063.30000
2085       2458333.80000
2086       2462610.30000
2087       2466892.50000
2088       2471180.60000
2089       2475474.50000
2090       2479774.30000
2091       2484079.90000
2092       2488391.40000
2093       2492708.70000
2094       2497031.90000
2095       2501361.00000
2096       2505696.00000
2097       2510036.90000
2098       2514383.70000
2099       2518736.30000
2100       2523094.90000
2101       2527459.40000
2102       2531829.80000
2103       2536206.10000
2104       2540588.30000
2105       2544976.50000
2106       2549370.60000
2107       2553770.70000
2108       2558176.70000
2109       2562588.70000
2110       2567006.70000
2111       2571430.60000
2112       2575860.50000
2113       2580296.40000
2114       2584738.20000
2115       2589186.10000
2116       2593639.90000
2117       2598099.80000
2118       2602565.70000
2119       2607037.50000
2120       2611515.40000
2121       2615999.40000
2122       2620489.30000
2123       2624985.40000
2124       2629487.40000
2125       2633995.50000
2126       2638509.70000
2127       2643029.90000
2128       2647556.20000
2129       2652088.60000
2130       2656627.00000
2131       2661171.60000
2132       2665722.20000
2133       2670278.90000
2134       2674841.80000
2135       2679410.70000
2136       2683985.80000
2137       2688567.00000
2138       2693154.30000
2139       2697747.70000
2140       2702347.30000
2141       2706953.10000
2142       2711564.90000
2143       2716183.00000
2144       2720807.20000
2145       2725437.60000
2146       2730074.10000
2147       2734716.90000
2148       2739365.80000
2149       2744020.90000
2150       2748682.20000
2151       2753349.70000
2152       2758023.50000
2153       2762703.40000
2154       2767389.60000
2155       2772082.00000
2156       2776780.60000
2157       2781485.50000
2158       2786196.70000
2159       2790914.00000
2160       2795637.70000
2161       2800367.60000
2162       2805103.80000
2163       2809846.20000
2164       2814595.00000
2165       2819350.00000
2166       2824111.30000
2167       2828878.90000
2168       2833652.90000
2169       2838433.10000
2170       2843219.70000
2171       2848012.60000
2172       2852811.80000
2173       2857617.40000
2174       2862429.30000
2175       2867247.50000
2176       2872072.10000
2177       2876903.10000
2178       2881740.50000
2179       2886584.20000
2180       2891434.30000
2181       2896290.70000
2182       2901153.60000
2183       2906022.90000
2184       2910898.60000
2185       2915780.60000
2186       2920669.20000
2187       2925564.10000
2188       2930465.40000
2189       2935373.20000
2190       2940287.40000
2191       2945208.10000
2192       2950135.30000
2193       2955068.80000
2194       2960008.90000
2195       2964955.40000
2196       2969908.40000
2197       2974867.90000
2198       2979833.90000
2199       2984806.40000
2200       2989785.30000
2201       2994770.80000
2202       2999762.80000
2203       3004761.30000
2204       3009766.40000
2205       3014778.00000
2206       3019796.10000
2207       3024820.80000
2208       3029852.00000
2209       3034889.70000
2210       3039934.10000
2211       3044985.00000
2212       3050042.50000
2213       3055106.50000
2214       3060177.20000
2215       3065254.40000
2216       3070338.30000
2217       3075428.70000
2218       3080525.80000
2219       3085629.50000
2220       3090739.80000
2221       3095856.70000
2222       3100980.30000
2223       3106110.60000
2224       3111247.40000
2225       3116391.00000
2226       3121541.20000
2227       3126698.00000
2228       3131861.60000
2229       3137031.80000
2230       3142208.70000
2231       3147392.30000
2232       3152582.60000
2233       3157779.60000
2234       3162983.40000
2235       3168193.80000
2236       3173411.00000
2237       3178634.90000
2238       3183865.50000
2239       3189102.90000
2240       3194347.10000
2241       3199598.00000
2242       3204855.60000
2243       3210120.00000
2244       3215391.20000
2245       3220669.20000
2246       3225954.00000
2247       3231245.60000
2248       3236543.90000
2249       3241849.10000
2250       3247161.10000
2251       3252479.90000
2252       3257805.50000
2253       3263138.00000
2254       3268477.30000
2255       3273823.50000
2256       3279176.50000
2257       3284536.30000
2258       3289903.10000
2259       3295276.70000
2260       3300657.10000
2261       3306044.50000
2262       3311438.70000
2263       3316839.90000
2264       3322247.90000
2265       3327662.90000
2266       3333084.70000
2267       3338513.50000
2268       3343949.20000
2269       3349391.90000
2270       3354841.50000
2271       3360298.00000
2272       3365761.50000
2273       3371232.00000
2274       3376709.40000
2275       3382193.80000
2276       3387685.20000
2277       3393183.50000
2278       3398688.90000
2279       3404201.20000
2280       3409720.60000
2281       3415246.90000
2282       3420780.30000
2283       3426320.70000
2284       3431868.20000
2285       3437422.60000
2286       3442984.20000
2287       3448552.70000
2288       3454128.30000
2289       3459711.00000
2290       3465300.80000
2291       3470897.60000
2292       3476501.50000
2293       3482112.50000
2294       3487730.60000
2295       3493355.80000
2296       3498988.10000
2297       3504627.60000
2298       3510274.10000
2299       3515927.80000
2300       3521588.60000
2301       3527256.50000
2302       3532931.60000
2303       3538613.90000
2304       3544303.30000
2305       3549999.80000
2306       3555703.60000
2307       3561414.50000
2308       3567132.60000
2309       3572857.90000
2310       3578590.40000
2311       3584330.10000
2312       3590077.10000
2313       3595831.20000
2314       3601592.60000
2315       3607361.20000
2316       3613137.00000
2317       3618920.10000
2318       3624710.40000
2319       3630508.00000
2320       3636312.90000
2321       3642125.00000
2322       3647944.40000
2323       3653771.10000
2324       3659605.10000
2325       3665446.40000
2326       3671294.90000
2327       3677150.80000
2328       3683014.00000
2329       3688884.60000
2330       3694762.40000
2331       3700647.60000
2332       3706540.20000
2333       3712440.10000
2334       3718347.40000
2335       3724262.00000
2336       3730184.00000
2337       3736113.30000
2338       3742050.10000
2339       3747994.20000
2340       3753945.80000
2341       3759904.70000
2342       3765871.10000
2343       3771844.80000
2344       3777826.00000
2345       3783814.60000
2346       3789810.70000
2347       3795814.20000
2348       3801825.20000
2349       3807843.60000
2350       3813869.40000
2351       3819902.80000
2352       3825943.60000
2353       3831991.90000
2354       3838047.70000
2355       3844111.00000
2356       3850181.80000
2357       3856260.10000
2358       3862345.90000
2359       3868439.30000
2360       3874540.20000
2361       3880648.60000
2362       3886764.50000
2363       3892888.10000
2364       3899019.10000
2365       3905157.80000
2366       3911304.00000
2367       3917457.80000
2368       3923619.10000
2369       3929788.10000
2370       3935964.60000
2371       3942148.80000
2372       3948340.60000
2373       3954540.00000
2374       3960747.00000
2375       3966961.60000
2376       3973183.90000
2377       3979413.80000
2378       3985651.40000
2379       3991896.70000
2380       3998149.60000
2381       4004410.20000
2382       4010678.40000
2383       4016954.40000
2384       4023238.00000
2385       4029529.40000
2386       4035828.40000
2387       4042135.20000
2388       4048449.70000
2389       4054771.90000
2390       4061101.80000
2391       4067439.50000
2392       4073784.90000
2393       4080138.10000
2394       4086499.10000
2395       4092867.80000
2396       4099244.30000
2397       4105628.50000
2398       4112020.60000
2399       4118420.40000
2400       4124828.10000
2401       4131243.60000
2402       4137666.90000
2403       4144098.00000
2404       4150536.90000
2405       4156983.70000
2406       4163438.30000
2407       4169900.80000
2408       4176371.10000
2409       4182849.30000
2410       4189335.30000
2411       4195829.30000
2412       4202331.10000
2413       4208840.80000
2414       4215358.40000
2415       4221884.00000
2416       4228417.40000
2417       4234958.70000
2418       4241508.00000
2419       4248065.20000
2420       4254630.40000
2421       4261203.50000
2422       4267784.60000
2423       4274373.60000
2424       4280970.60000
2425       4287575.50000
2426       4294188.50000
2427       4300809.40000
2428       4307438.30000
2429       4314075.30000
2430       4320720.20000
2431       4327373.20000
2432       4334034.10000
2433       4340703.20000
2434       4347380.20000
2435       4354065.30000
2436       4360758.50000
2437       4367459.70000
2438       4374169.00000
2439       4380886.30000
2440       4387611.70000
2441       4394345.20000
2442       4401086.90000
2443       4407836.60000
2444       4414594.40000
2445       4421360.30000
2446       4428134.40000
2447       4434916.60000
2448       4441706.90000
2449       4448505.40000
2450       4455312.00000
2451       4462126.80000
2452       4468949.70000
2453       4475780.80000
2454       4482620.10000
2455       4489467.60000
2456       4496323.20000
2457       4503187.10000
2458       4510059.20000
2459       4516939.50000
2460       4523828.00000
2461       4530724.70000
2462       4537629.70000
2463       4544542.90000
2464       4551464.40000
2465       4558394.10000
2466       4565332.10000
2467       4572278.40000
2468       4579232.90000
2469       4586195.70000
2470       4593166.80000
2471       4600146.20000
2472       4607134.00000
2473       4614130.00000
2474       4621134.40000
2475       4628147.00000
2476       4635168.10000
2477       4642197.40000
2478       4649235.10000
2479       4656281.20000
2480       4663335.60000
2481       4670398.40000
2482       4677469.60000
2483       4684549.20000
2484       4691637.10000
2485       4698733.50000
2486       4705838.30000
2487       4712951.40000
2488       4720073.00000
2489       4727203.10000
2490       4734341.50000
2491       4741488.40000
2492       4748643.80000
2493       4755807.60000
2494       4762979.90000
2495       4770160.70000
2496       4777349.90000
2497       4784547.60000
2498       4791753.80000
2499       4798968.50000
2500       4806191.70000
2501       4813423.50000
2502       4820663.70000
2503       4827912.50000
2504       4835169.80000
2505       4842435.70000
2506       4849710.10000
2507       4856993.10000
2508       4864284.70000
2509       4871584.80000
2510       4878893.50000
2511       4886210.80000
2512       4893536.60000
2513       4900871.10000
2514       4908214.20000
2515       4915565.90000
2516       4922926.30000
2517       4930295.20000
2518       4937672.80000
2519       4945059.10000
2520       4952454.00000
2521       4959857.60000
2522       4967269.80000
2523       4974690.70000
2524       4982120.30000
2525       4989558.60000
2526       4997005.60000
2527       5004461.30000
2528       5011925.70000
2529       5019398.80000
2530       5026880.60000
2531       5034371.20000
2532       5041870.50000
2533       5049378.60000
2534       5056895.40000
2535       5064421.00000
2536       5071955.40000
2537       5079498.50000
2538       5087050.40000
2539       5094611.20000
2540       5102180.70000
2541       5109759.00000
2542       5117346.20000
2543       5124942.10000
2544       5132546.90000
2545       5140160.60000
2546       5147783.00000
2547       5155414.40000
2548       5163054.60000
2549       5170703.60000
2550       5178361.60000
2551       5186028.40000
2552       5193704.10000
2553       5201388.70000
2554       5209082.20000
2555       5216784.60000
2556       5224496.00000
2557       5232216.30000
2558       5239945.50000
2559       5247683.60000
2560       5255430.70000
2561       5263186.80000
2562       5270951.80000
2563       5278725.80000
2564       5286508.70000
2565       5294300.70000
2566       5302101.60000
2567       5309911.60000
2568       5317730.60000
2569       5325558.50000
2570       5333395.50000
2571       5341241.60000
2572       5349096.60000
2573       5356960.80000
2574       5364833.90000
2575       5372716.20000
2576       5380607.50000
2577       5388507.90000
2578       5396417.30000
2579       5404335.90000
2580       5412263.60000
2581       5420200.30000
2582       5428146.20000
2583       5436101.20000
2584       5444065.40000
2585       5452038.60000
2586       5460021.00000
2587       5468012.60000
2588       5476013.40000
2589       5484023.20000
2590       5492042.30000
2591       5500070.60000
2592       5508108.00000
2593       5516154.70000
2594       5524210.50000
2595       5532275.60000
2596       5540349.90000
2597       5548433.40000
2598       5556526.10000
2599       5564628.10000
2600       5572739.40000
2601       5580859.90000
2602       5588989.70000
2603       5597128.70000
2604       5605277.00000
2605       5613434.70000
2606       5621601.60000
2607       5629777.80000
2608       5637963.30000
2609       5646158.20000
2610       5654362.40000
2611       5662575.90000
2612       5670798.70000
2613       5679031.00000
2614       5687272.50000
2615       5695523.50000
2616       5703783.80000
2617       5712053.50000
2618       5720332.60000
2619       5728621.00000
2620       5736918.90000
2621       5745226.20000
2622       5753542.90000
2623       5761869.10000
2624       5770204.70000
2625       5778549.70000
2626       5786904.20000
2627       5795268.10000
2628       5803641.50000
2629       5812024.40000
2630       5820416.70000
2631       5828818.60000
2632       5837229.90000
2633       5845650.80000
2634       5854081.10000
2635       5862521.00000
2636       5870970.40000
2637       5879429.40000
2638       5887897.90000
2639       5896375.90000
2640       5904863.50000
2641       5913360.70000
2642       5921867.40000
2643       5930383.80000
2644       5938909.70000
2645       5947445.20000
2646       5955990.30000
2647       5964545.10000
2648       5973109.40000
2649       5981683.40000
2650       5990267.10000
2651       5998860.30000
2652       6007463.30000
2653       6016075.90000
2654       6024698.10000
2655       6033330.10000
2656       6041971.70000
2657       6050623.00000
2658       6059284.00000
2659       6067954.70000
2660       6076635.20000
2661       6085325.30000
2662       6094025.20000
2663       6102734.90000
2664       6111454.20000
2665       6120183.40000
2666       6128922.30000
2667       6137671.00000
2668       6146429.40000
2669       6155197.60000
2670       6163975.70000
2671       6172763.50000
2672       6181561.20000
2673       6190368.60000
2674       6199185.90000
2675       6208013.00000
2676       6216850.00000
2677       6225696.80000
2678       6234553.50000
2679       6243420.10000
2680       6252296.50000
2681       6261182.80000
2682       6270079.00000
2683       6278985.10000
2684       6287901.10000
2685       6296827.00000
2686       6305762.80000
2687       6314708.60000
2688       6323664.30000
2689       6332629.90000
2690       6341605.50000
2691       6350591.10000
2692       6359586.60000
2693       6368592.10000
2694       6377607.60000
2695       6386633.10000
2696       6395668.60000
2697       6404714.10000
2698       6413769.60000
2699       6422835.10000
2700       6431910.70000
2701       6440996.30000
2702       6450092.00000
2703       6459197.70000
2704       6468313.50000
2705       6477439.40000
2706       6486575.30000
2707       6495721.30000
2708       6504877.50000
2709       6514043.70000
2710       6523220.10000
2711       6532406.50000
2712       6541603.20000
2713       6550809.90000
2714       6560026.80000
2715       6569253.80000
2716       6578491.00000
2717       6587738.40000
2718       6596996.00000
2719       6606263.70000
2720       6615541.70000
2721       6624829.80000
2722       6634128.20000
2723       6643436.70000
2724       6652755.50000
2725       6662084.60000
2726       6671423.90000
2727       6680773.40000
2728       6690133.20000
2729       6699503.20000
2730       6708883.60000
2731       6718274.20000
2732       6727675.10000
2733       6737086.30000
2734       6746507.80000
2735       6755939.70000
2736       6765381.80000
2737       6774834.30000
2738       6784297.20000
2739       6793770.40000
2740       6803253.90000
2741       6812747.80000
2742       6822252.10000
2743       6831766.80000
2744       6841291.80000
2745       6850827.30000
2746       6860373.10000
2747       6869929.40000
2748       6879496.10000
2749       6889073.30000
2750       6898660.80000
2751       6908258.80000
2752       6917867.30000
2753       6927486.30000
2754       6937115.70000
2755       6946755.60000
2756       6956406.00000
2757       6966066.80000
2758       6975738.20000
2759       6985420.10000
2760       6995112.50000
2761       7004815.50000
2762       7014529.00000
2763       7024253.00000
2764       7033987.60000
2765       7043732.80000
2766       7053488.50000
2767       7063254.80000
2768       7073031.70000
2769       7082819.20000
2770       7092617.30000
2771       7102426.00000
2772       7112245.30000
2773       7122075.30000
2774       7131915.90000
2775       7141767.10000
2776       7151629.00000
2777       7161501.60000
2778       7171384.80000
2779       7181278.70000
2780       7191183.30000
2781       7201098.60000
2782       7211024.60000
2783       7220961.30000
2784       7230908.80000
2785       7240866.90000
2786       7250835.90000
2787       7260815.50000
2788       7270805.90000
2789       7280807.10000
2790       7290819.00000
2791       7300841.70000
2792       7310875.20000
2793       7320919.50000
2794       7330974.70000
2795       7341040.60000
2796       7351117.30000
2797       7361204.90000
2798       7371303.30000
2799       7381412.60000
2800       7391532.70000
2801       7401663.70000
2802       7411805.50000
2803       7421958.30000
2804       7432121.90000
2805       7442296.40000
2806       7452481.80000
2807       7462678.20000
2808       7472885.40000
2809       7483103.60000
2810       7493332.80000
2811       7503572.80000
2812       7513823.90000
2813       7524085.90000
2814       7534358.90000
2815       7544642.80000
2816       7554937.80000
2817       7565243.70000
2818       7575560.70000
2819       7585888.70000
2820       7596227.70000
2821       7606577.70000
2822       7616938.80000
2823       7627310.90000
2824       7637694.10000
2825       7648088.30000
2826       7658493.70000
2827       7668910.10000
2828       7679337.60000
2829       7689776.20000
2830       7700225.90000
2831       7710686.70000
2832       7721158.70000
2833       7731641.80000
2834       7742136.00000
2835       7752641.40000
2836       7763158.00000
2837       7773685.70000
2838       7784224.60000
2839       7794774.70000
2840       7805336.00000
2841       7815908.50000
2842       7826492.20000
2843       7837087.10000
2844       7847693.20000
2845       7858310.60000
2846       7868939.30000
2847       7879579.10000
2848       7890230.30000
2849       7900892.70000
2850       7911566.40000
2851       7922251.40000
2852       7932947.70000
2853       7943655.30000
2854       7954374.30000
2855       7965104.50000
2856       7975846.10000
2857       7986599.00000
2858       7997363.30000
2859       8008138.90000
2860       8018925.90000
2861       8029724.30000
2862       8040534.10000
2863       8051355.20000
2864       8062187.80000
2865       8073031.70000
2866       8083887.10000
2867       8094753.90000
2868       8105632.20000
2869       8116521.90000
2870       8127423.00000
2871       8138335.70000
2872       8149259.70000
2873       8160195.30000
2874       8171142.40000
2875       8182100.90000
2876       8193071.00000
2877       8204052.60000
2878       8215045.70000
2879       8226050.30000
2880       8237066.50000
2881       8248094.20000
2882       8259133.50000
2883       8270184.40000
2884       8281246.80000
2885       8292320.80000
2886       8303406.40000
2887       8314503.70000
2888       8325612.50000
2889       8336732.90000
2890       8347865.00000
2891       8359008.70000
2892       8370164.10000
2893       8381331.10000
2894       8392509.80000
2895       8403700.20000
2896       8414902.20000
2897       8426115.90000
2898       8437341.40000
2899       8448578.50000
2900       8459827.40000
2901       8471087.90000
2902       8482360.30000
2903       8493644.30000
2904       8504940.10000
2905       8516247.70000
2906       8527567.10000
2907       8538898.20000
2908       8550241.10000
2909       8561595.80000
2910       8572962.30000
2911       8584340.70000
2912       8595730.80000
2913       8607132.80000
2914       8618546.70000
2915       8629972.30000
2916       8641409.90000
2917       8652859.30000
2918       8664320.60000
2919       8675793.70000
2920       8687278.80000
2921       8698775.80000
2922       8710284.70000
2923       8721805.50000
2924       8733338.20000
2925       8744882.90000
2926       8756439.50000
2927       8768008.10000
2928       8779588.60000
2929       8791181.10000
2930       8802785.60000
2931       8814402.10000
2932       8826030.60000
2933       8837671.10000
2934       8849323.70000
2935       8860988.20000
2936       8872664.80000
2937       8884353.50000
2938       8896054.20000
2939       8907766.90000
2940       8919491.80000
2941       8931228.70000
2942       8942977.70000
2943       8954738.80000
2944       8966512.00000
2945       8978297.40000
2946       8990094.80000
2947       9001904.40000
2948       9013726.20000
2949       9025560.10000
2950       9037406.20000
2951       9049264.40000
2952       9061134.80000
2953       9073017.40000
2954       9084912.30000
2955       9096819.30000
2956       9108738.50000
2957       9120670.00000
2958       9132613.70000
2959       9144569.60000
2960       9156537.80000
2961       9168518.30000
2962       9180511.10000
2963       9192516.10000
2964       9204533.40000
2965       9216563.00000
2966       9228604.90000
2967       9240659.20000
2968       9252725.70000
2969       9264804.60000
2970       9276895.90000
2971       9288999.50000
2972       9301115.40000
2973       9313243.80000
2974       9325384.50000
2975       9337537.60000
2976       9349703.10000
2977       9361881.00000
2978       9374071.40000
2979       9386274.10000
2980       9398489.30000
2981       9410717.00000
2982       9422957.10000
2983       9435209.60000
2984       9447474.70000
2985       9459752.20000
2986       9472042.20000
2987       9484344.70000
2988       9496659.70000
2989       9508987.30000
2990       9521327.40000
2991       9533680.00000
2992       9546045.10000
2993       9558422.80000
2994       9570813.10000
2995       9583215.90000
2996       9595631.40000
2997       9608059.40000
2998       9620500.00000
2999       9632953.30000
3000       9645419.10000
3001       9657897.60000
3002       9670388.70000
3003       9682892.50000
3004       9695409.00000
3005       9707938.10000
3006       9720479.80000
3007       9733034.30000
3008       9745601.40000
3009       9758181.30000
3010       9770773.90000
3011       9783379.20000
3012       9795997.20000
3013       9808628.00000
3014       9821271.50000
3015       9833927.80000
3016       9846596.80000
3017       9859278.60000
3018       9871973.20000
3019       9884680.60000
3020       9897400.90000
3021       9910133.90000
3022       9922879.70000
3023       9935638.40000
3024       9948410.00000
3025       9961194.30000
3026       9973991.60000
3027       9986801.70000
3028       9999624.70000
3029      10012461.00000
3030      10025309.00000
3031      10038171.00000
3032      10051046.00000
3033      10063933.00000
3034      10076834.00000
3035      10089747.00000
3036      10102674.00000
3037      10115613.00000
3038      10128565.00000
3039      10141530.00000
3040      10154509.00000
3041      10167500.00000
3042      10180504.00000
3043      10193522.00000
3044      10206552.00000
3045      10219595.00000
3046      10232652.00000
3047      10245721.00000
3048      10258804.00000
3049      10271900.00000
3050      10285008.00000
3051      10298130.00000
3052      10311265.00000
3053      10324413.00000
3054      10337574.00000
3055      10350749.00000
3056      10363936.00000
3057      10377137.00000
3058      10390351.00000
3059      10403578.00000
3060      10416818.00000
3061      10430071.00000
3062      10443338.00000
3063      10456617.00000
3064      10469910.00000
3065      10483217.00000
3066      10496536.00000
3067      10509869.00000
3068      10523215.00000
3069      10536574.00000
3070      10549946.00000
3071      10563332.00000
3072      10576731.00000
3073      10590144.00000
3074      10603569.00000
3075      10617008.00000
3076      10630461.00000
3077      10643926.00000
3078      10657405.00000
3079      10670898.00000
3080      10684404.00000
3081      10697923.00000
3082      10711455.00000
3083      10725001.00000
3084      10738561.00000
3085      10752133.00000
3086      10765720.00000
3087      10779319.00000
3088      10792932.00000
3089      10806559.00000
3090      10820199.00000
3091      10833853.00000
3092      10847520.00000
3093      10861200.00000
3094      10874894.00000
3095      10888602.00000
3096      10902323.00000
3097      10916057.00000
3098      10929805.00000
3099      10943567.00000
3100      10957342.00000
3101      10971131.00000
3102      10984934.00000
3103      10998750.00000
3104      11012579.00000
3105      11026422.00000
3106      11040279.00000
3107      11054150.00000
3108      11068034.00000
3109      11081932.00000
3110      11095843.00000
3111      11109768.00000
3112      11123707.00000
3113      11137659.00000
3114      11151626.00000
3115      11165606.00000
3116      11179599.00000
3117      11193607.00000
3118      11207628.00000
3119      11221662.00000
3120      11235711.00000
3121      11249773.00000
3122      11263850.00000
3123      11277939.00000
3124      11292043.00000
3125      11306161.00000
3126      11320292.00000
3127      11334437.00000
3128      11348596.00000
3129      11362769.00000
3130      11376956.00000
3131      11391156.00000
3132      11405371.00000
3133      11419599.00000
3134      11433842.00000
3135      11448098.00000
3136      11462368.00000
3137      11476652.00000
3138      11490950.00000
3139      11505262.00000
3140      11519587.00000
3141      11533927.00000
3142      11548281.00000
3143      11562649.00000
3144      11577030.00000
3145      11591426.00000
3146      11605836.00000
3147      11620260.00000
3148      11634698.00000
3149      11649149.00000
3150      11663615.00000
3151      11678095.00000
3152      11692589.00000
3153      11707097.00000
3154      11721620.00000
3155      11736156.00000
3156      11750706.00000
3157      11765271.00000
3158      11779850.00000
3159      11794443.00000
3160      11809050.00000
3161      11823671.00000
3162      11838306.00000
3163      11852956.00000
3164      11867619.00000
3165      11882297.00000
3166      11896989.00000
3167      11911696.00000
3168      11926416.00000
3169      11941151.00000
3170      11955900.00000
3171      11970663.00000
3172      11985441.00000
3173      12000233.00000
3174      12015039.00000
3175      12029860.00000
3176      12044694.00000
3177      12059543.00000
3178      12074407.00000
3179      12089285.00000
3180      12104177.00000
3181      12119083.00000
3182      12134004.00000
3183      12148939.00000
3184      12163889.00000
3185      12178853.00000
3186      12193831.00000
3187      12208824.00000
3188      12223832.00000
3189      12238853.00000
3190      12253890.00000
3191      12268940.00000
3192      12284005.00000
3193      12299085.00000
3194      12314179.00000
3195      12329288.00000
3196      12344411.00000
3197      12359548.00000
3198      12374701.00000
3199      12389867.00000
3200      12405049.00000
3201      12420244.00000
3202      12435455.00000
3203      12450680.00000
3204      12465919.00000
3205      12481173.00000
3206      12496442.00000
3207      12511726.00000
3208      12527024.00000
3209      12542336.00000
3210      12557664.00000
3211      12573006.00000
3212      12588362.00000
3213      12603734.00000
3214      12619120.00000
3215      12634521.00000
3216      12649936.00000
3217      12665366.00000
3218      12680811.00000
3219      12696271.00000
3220      12711745.00000
3221      12727234.00000
3222      12742738.00000
3223      12758257.00000
3224      12773791.00000
3225      12789339.00000
3226      12804902.00000
3227      12820480.00000
3228      12836073.00000
3229      12851681.00000
3230      12867303.00000
3231      12882941.00000
3232      12898593.00000
3233      12914260.00000
3234      12929942.00000
3235      12945639.00000
3236      12961351.00000
3237      12977078.00000
3238      12992820.00000
3239      13008576.00000
3240      13024348.00000
3241      13040135.00000
3242      13055936.00000
3243      13071753.00000
3244      13087585.00000
3245      13103431.00000
3246      13119293.00000
3247      13135170.00000
3248      13151061.00000
3249      13166968.00000
3250      13182890.00000
3251      13198827.00000
3252      13214779.00000
3253      13230746.00000
3254      13246728.00000
3255      13262725.00000
3256      13278738.00000
3257      13294765.00000
3258      13310808.00000
3259      13326866.00000
3260      13342939.00000
3261      13359027.00000
3262      13375130.00000
3263      13391249.00000
3264      13407383.00000
3265      13423532.00000
3266      13439696.00000
3267      13455875.00000
3268      13472070.00000
3269      13488280.00000
3270      13504505.00000
3271      13520746.00000
3272      13537002.00000
3273      13553273.00000
3274      13569559.00000
3275      13585861.00000
3276      13602178.00000
3277      13618510.00000
3278      13634858.00000
3279      13651221.00000
3280      13667600.00000
3281      13683994.00000
3282      13700403.00000
3283      13716827.00000
3284      13733268.00000
3285      13749723.00000
3286      13766194.00000
3287      13782680.00000
3288      13799182.00000
3289      13815700.00000
3290      13832232.00000
3291      13848781.00000
3292      13865345.00000
3293      13881924.00000
3294      13898519.00000
3295      13915129.00000
3296      13931755.00000
3297      13948396.00000
3298      13965053.00000
3299      13981726.00000
3300      13998414.00000
3301      14015118.00000
3302      14031837.00000
3303      14048572.00000
3304      14065323.00000
3305      14082089.00000
3306      14098871.00000
3307      14115668.00000
3308      14132481.00000
3309      14149310.00000
3310      14166155.00000
3311      14183015.00000
3312      14199891.00000
3313      14216783.00000
3314      14233690.00000
3315      14250613.00000
3316      14267552.00000
3317      14284507.00000
3318      14301477.00000
3319      14318464.00000
3320      14335466.00000
3321      14352483.00000
3322      14369517.00000
3323      14386567.00000
3324      14403632.00000
3325      14420713.00000
3326      14437810.00000
3327      14454923.00000
3328      14472052.00000
3329      14489196.00000
3330      14506357.00000
3331      14523533.00000
3332      14540726.00000
3333      14557934.00000
3334      14575158.00000
3335      14592398.00000
3336      14609655.00000
3337      14626927.00000
3338      14644215.00000
3339      14661519.00000
3340      14678839.00000
3341      14696175.00000
3342      14713528.00000
3343      14730896.00000
3344      14748280.00000
3345      14765680.00000
3346      14783097.00000
3347      14800529.00000
3348      14817978.00000
3349      14835442.00000
3350      14852923.00000
3351      14870420.00000
3352      14887933.00000
3353      14905462.00000
3354      14923008.00000
3355      14940569.00000
3356      14958147.00000
3357      14975741.00000
3358      14993351.00000
3359      15010977.00000
3360      15028620.00000
3361      15046279.00000
3362      15063954.00000
3363      15081645.00000
3364      15099352.00000
3365      15117076.00000
3366      15134816.00000
3367      15152573.00000
3368      15170345.00000
3369      15188134.00000
3370      15205940.00000
3371      15223761.00000
3372      15241599.00000
3373      15259454.00000
3374      15277324.00000
3375      15295212.00000
3376      15313115.00000
3377      15331035.00000
3378      15348971.00000
3379      15366924.00000
3380      15384894.00000
3381      15402879.00000
3382      15420881.00000
3383      15438900.00000
3384      15456935.00000
3385      15474987.00000
3386      15493055.00000
3387      15511139.00000
3388      15529240.00000
3389      15547358.00000
3390      15565492.00000
3391      15583643.00000
3392      15601810.00000
3393      15619994.00000
3394      15638195.00000
3395      15656412.00000
3396      15674646.00000
3397      15692896.00000
3398      15711163.00000
3399      15729447.00000
3400      15747747.00000
3401      15766064.00000
3402      15784398.00000
3403      15802748.00000
3404      15821115.00000
3405      15839499.00000
3406      15857899.00000
3407      15876316.00000
3408      15894750.00000
3409      15913201.00000
3410      15931668.00000
3411      15950153.00000
3412      15968654.00000
3413      15987172.00000
3414      16005706.00000
3415      16024258.00000
3416      16042826.00000
3417      16061411.00000
3418      16080013.00000
3419      16098632.00000
3420      16117268.00000
3421      16135920.00000
3422      16154590.00000
3423      16173276.00000
3424      16191980.00000
3425      16210700.00000
3426      16229437.00000
3427      16248191.00000
3428      16266962.00000
3429      16285751.00000
3430      16304556.00000
3431      16323378.00000
3432      16342217.00000
3433      16361073.00000
3434      16379946.00000
3435      16398836.00000
3436      16417744.00000
3437      16436668.00000
3438      16455609.00000
3439      16474568.00000
3440      16493544.00000
3441      16512536.00000
3442      16531546.00000
3443      16550573.00000
3444      16569617.00000
3445      16588678.00000
3446      16607757.00000
3447      16626853.00000
3448      16645965.00000
3449      16665095.00000
3450      16684243.00000
3451      16703407.00000
3452      16722589.00000
3453      16741788.00000
3454      16761004.00000
3455      16780237.00000
3456      16799488.00000
3457      16818756.00000
3458      16838041.00000
3459      16857344.00000
3460      16876664.00000
3461      16896001.00000
3462      16915355.00000
3463      16934727.00000
3464      16954117.00000
3465      16973523.00000
3466      16992948.00000
3467      17012389.00000
3468      17031848.00000
3469      17051324.00000
3470      17070818.00000
3471      17090329.00000
3472      17109858.00000
3473      17129404.00000
3474      17148968.00000
3475      17168549.00000
3476      17188148.00000
3477      17207764.00000
3478      17227397.00000
3479      17247049.00000
3480      17266717.00000
3481      17286404.00000
3482      17306107.00000
3483      17325829.00000
3484      17345568.00000
3485      17365325.00000
3486      17385099.00000
3487      17404891.00000
3488      17424700.00000
3489      17444528.00000
3490      17464372.00000
3491      17484235.00000
3492      17504115.00000
3493      17524013.00000
3494      17543929.00000
3495      17563862.00000
3496      17583813.00000
3497      17603782.00000
3498      17623768.00000
3499      17643773.00000
3500      17663795.00000
3501      17683835.00000
3502      17703892.00000
3503      17723968.00000
3504      17744061.00000
3505      17764172.00000
3506      17784301.00000
3507      17804448.00000
3508      17824613.00000
3509      17844796.00000
3510      17864996.00000
3511      17885214.00000
3512      17905451.00000
3513      17925705.00000
3514      17945977.00000
3515      17966267.00000
3516      17986575.00000
3517      18006901.00000
3518      18027245.00000
3519      18047607.00000
3520      18067987.00000
3521      18088385.00000
3522      18108801.00000
3523      18129236.00000
3524      18149688.00000
3525      18170158.00000
3526      18190646.00000
3527      18211153.00000
3528      18231677.00000
3529      18252220.00000
3530      18272780.00000
3531      18293359.00000
3532      18313956.00000
3533      18334571.00000
3534      18355205.00000
3535      18375856.00000
3536      18396526.00000
3537      18417214.00000
3538      18437920.00000
3539      18458644.00000
3540      18479386.00000
3541      18500147.00000
3542      18520926.00000
3543      18541724.00000
3544      18562539.00000
3545      18583373.00000
3546      18604225.00000
3547      18625096.00000
3548      18645985.00000
3549      18666892.00000
3550      18687817.00000
3551      18708761.00000
3552      18729724.00000
3553      18750704.00000
3554      18771703.00000
3555      18792721.00000
3556      18813757.00000
3557      18834811.00000
3558      18855884.00000
3559      18876975.00000
3560      18898085.00000
3561      18919213.00000
3562      18940359.00000
3563      18961525.00000
3564      18982708.00000
3565      19003911.00000
3566      19025131.00000
3567      19046371.00000
3568      19067628.00000
3569      19088905.00000
3570      19110200.00000
3571      19131514.00000
3572      19152846.00000
3573      19174197.00000
3574      19195566.00000
3575      19216954.00000
3576      19238361.00000
3577      19259787.00000
3578      19281231.00000
3579      19302693.00000
3580      19324175.00000
3581      19345675.00000
3582      19367194.00000
3583      19388732.00000
3584      19410288.00000
3585      19431864.00000
3586      19453458.00000
3587      19475070.00000
3588      19496702.00000
3589      19518352.00000
3590      19540022.00000
3591      19561710.00000
3592      19583417.00000
3593      19605142.00000
3594      19626887.00000
3595      19648650.00000
3596      19670433.00000
3597      19692234.00000
3598      19714054.00000
3599      19735893.00000
3600      19757752.00000
3601      19779629.00000
3602      19801525.00000
3603      19823440.00000
3604      19845373.00000
3605      19867326.00000
3606      19889298.00000
3607      19911289.00000
3608      19933299.00000
3609      19955329.00000
3610      19977377.00000
3611      19999444.00000
3612      20021530.00000
3613      20043636.00000
3614      20065760.00000
3615      20087904.00000
3616      20110066.00000
3617      20132248.00000
3618      20154449.00000
3619      20176669.00000
3620      20198909.00000
3621      20221167.00000
3622      20243445.00000
3623      20265742.00000
3624      20288058.00000
3625      20310394.00000
3626      20332749.00000
3627      20355122.00000
3628      20377516.00000
3629      20399928.00000
3630      20422360.00000
3631      20444811.00000
3632      20467282.00000
3633      20489771.00000
3634      20512281.00000
3635      20534809.00000
3636      20557357.00000
3637      20579924.00000
3638      20602511.00000
3639      20625117.00000
3640      20647742.00000
3641      20670387.00000
3642      20693051.00000
3643      20715735.00000
3644      20738439.00000
3645      20761161.00000
3646      20783904.00000
3647      20806665.00000
3648      20829446.00000
3649      20852247.00000
3650      20875068.00000
3651      20897907.00000
3652      20920767.00000
3653      20943646.00000
3654      20966544.00000
3655      20989463.00000
3656      21012400.00000
3657      21035358.00000
3658      21058335.00000
3659      21081332.00000
3660      21104348.00000
3661      21127384.00000
3662      21150440.00000
3663      21173515.00000
3664      21196610.00000
3665      21219725.00000
3666      21242860.00000
3667      21266014.00000
3668      21289188.00000
3669      21312382.00000
3670      21335596.00000
3671      21358829.00000
3672      21382082.00000
3673      21405355.00000
3674      21428648.00000
3675      21451961.00000
3676      21475294.00000
3677      21498646.00000
3678      21522018.00000
3679      21545411.00000
3680      21568823.00000
3681      21592255.00000
3682      21615707.00000
3683      21639179.00000
3684      21662671.00000
3685      21686183.00000
3686      21709714.00000
3687      21733266.00000
3688      21756838.00000
3689      21780430.00000
3690      21804042.00000
3691      21827674.00000
3692      21851325.00000
3693      21874998.00000
3694      21898690.00000
3695      21922402.00000
3696      21946134.00000
3697      21969886.00000
3698      21993659.00000
3699      22017452.00000
3700      22041264.00000
3701      22065097.00000
3702      22088951.00000
3703      22112824.00000
3704      22136717.00000
3705      22160631.00000
3706      22184565.00000
3707      22208519.00000
3708      22232494.00000
3709      22256488.00000
3710      22280503.00000
3711      22304539.00000
3712      22328594.00000
3713      22352670.00000
3714      22376766.00000
3715      22400883.00000
3716      22425020.00000
3717      22449177.00000
3718      22473355.00000
3719      22497553.00000
3720      22521771.00000
3721      22546010.00000
3722      22570269.00000
3723      22594549.00000
3724      22618849.00000
3725      22643169.00000
3726      22667511.00000
3727      22691872.00000
3728      22716254.00000
3729      22740657.00000
3730      22765080.00000
3731      22789523.00000
3732      22813987.00000
3733      22838472.00000
3734      22862977.00000
3735      22887503.00000
3736      22912050.00000
3737      22936617.00000
3738      22961205.00000
3739      22985813.00000
3740      23010442.00000
3741      23035092.00000
3742      23059762.00000
3743      23084453.00000
3744      23109165.00000
3745      23133897.00000
3746      23158650.00000
3747      23183424.00000
3748      23208219.00000
3749      23233034.00000
3750      23257870.00000
3751      23282727.00000
3752      23307605.00000
3753      23332503.00000
3754      23357423.00000
3755      23382363.00000
3756      23407324.00000
3757      23432306.00000
3758      23457309.00000
3759      23482332.00000
3760      23507377.00000
3761      23532442.00000
3762      23557529.00000
3763      23582636.00000
3764      23607764.00000
3765      23632914.00000
3766      23658084.00000
3767      23683275.00000
3768      23708487.00000
3769      23733720.00000
3770      23758975.00000
3771      23784250.00000
3772      23809546.00000
3773      23834864.00000
3774      23860202.00000
3775      23885562.00000
3776      23910942.00000
3777      23936344.00000
3778      23961767.00000
3779      23987211.00000
3780      24012676.00000
3781      24038163.00000
3782      24063670.00000
3783      24089199.00000
3784      24114749.00000
3785      24140320.00000
3786      24165912.00000
3787      24191526.00000
3788      24217161.00000
3789      24242817.00000
3790      24268494.00000
3791      24294193.00000
3792      24319913.00000
3793      24345654.00000
3794      24371417.00000
3795      24397201.00000
3796      24423006.00000
3797      24448833.00000
3798      24474681.00000
3799      24500551.00000
3800      24526442.00000
3801      24552354.00000
3802      24578288.00000
3803      24604243.00000
3804      24630220.00000
3805      24656218.00000
3806      24682238.00000
3807      24708279.00000
3808      24734341.00000
3809      24760425.00000
3810      24786531.00000
3811      24812658.00000
3812      24838807.00000
3813      24864978.00000
3814      24891170.00000
3815      24917383.00000
3816      24943618.00000
3817      24969875.00000
3818      24996153.00000
3819      25022454.00000
3820      25048775.00000
3821      25075119.00000
3822      25101484.00000
3823      25127871.00000
3824      25154279.00000
3825      25180710.00000
3826      25207162.00000
3827      25233635.00000
3828      25260131.00000
3829      25286648.00000
3830      25313187.00000
3831      25339748.00000
3832      25366331.00000
3833      25392936.00000
3834      25419562.00000
3835      25446210.00000
3836      25472880.00000
3837      25499572.00000
3838      25526286.00000
3839      25553022.00000
3840      25579780.00000
3841      25606560.00000
3842      25633361.00000
3843      25660185.00000
3844      25687030.00000
3845      25713898.00000
3846      25740788.00000
3847      25767699.00000
3848      25794633.00000
3849      25821588.00000
3850      25848566.00000
3851      25875566.00000
3852      25902588.00000
3853      25929632.00000
3854      25956698.00000
3855      25983786.00000
3856      26010896.00000
3857      26038029.00000
3858      26065183.00000
3859      26092360.00000
3860      26119559.00000
3861      26146780.00000
3862      26174024.00000
3863      26201289.00000
3864      26228577.00000
3865      26255887.00000
3866      26283220.00000
3867      26310574.00000
3868      26337951.00000
3869      26365350.00000
3870      26392772.00000
3871      26420216.00000
3872      26447682.00000
3873      26475170.00000
3874      26502681.00000
3875      26530215.00000
3876      26557770.00000
3877      26585348.00000
3878      26612949.00000
3879      26640572.00000
3880      26668217.00000
3881      26695885.00000
3882      26723576.00000
3883      26751288.00000
3884      26779024.00000
3885      26806782.00000
3886      26834562.00000
3887      26862365.00000
3888      26890190.00000
3889      26918038.00000
3890      26945909.00000
3891      26973802.00000
3892      27001718.00000
3893      27029656.00000
3894      27057617.00000
3895      27085601.00000
3896      27113607.00000
3897      27141636.00000
3898      27169688.00000
3899      27197763.00000
3900      27225860.00000
3901      27253980.00000
3902      27282122.00000
3903      27310287.00000
3904      27338476.00000
3905      27366686.00000
3906      27394920.00000
3907      27423177.00000
3908      27451456.00000
3909      27479758.00000
3910      27508083.00000
3911      27536431.00000
3912      27564802.00000
3913      27593195.00000
3914      27621612.00000
3915      27650051.00000
3916      27678513.00000
3917      27706999.00000
3918      27735507.00000
3919      27764038.00000
3920      27792592.00000
3921      27821169.00000
3922      27849770.00000
3923      27878393.00000
3924      27907039.00000
3925      27935708.00000
3926      27964400.00000
3927      27993116.00000
3928      28021854.00000
3929      28050616.00000
3930      28079401.00000
3931      28108208.00000
3932      28137039.00000
3933      28165893.00000
3934      28194771.00000
3935      28223671.00000
3936      28252595.00000
3937      28281542.00000
3938      28310512.00000
3939      28339505.00000
3940      28368522.00000
3941      28397561.00000
3942      28426624.00000
3943      28455711.00000
3944      28484821.00000
3945      28513954.00000
3946      28543110.00000
3947      28572289.00000
3948      28601492.00000
3949      28630719.00000
3950      28659969.00000
3951      28689242.00000
3952      28718538.00000
3953      28747858.00000
3954      28777202.00000
3955      28806569.00000
3956      28835959.00000
3957      28865373.00000
3958      28894810.00000
3959      28924271.00000
3960      28953755.00000
3961      28983263.00000
3962      29012795.00000
3963      29042349.00000
3964      29071928.00000
3965      29101530.00000
3966      29131156.00000
3967      29160805.00000
3968      29190478.00000
3969      29220175.00000
3970      29249895.00000
3971      29279639.00000
3972      29309407.00000
3973      29339198.00000
3974      29369013.00000
3975      29398852.00000
3976      29428714.00000
3977      29458600.00000
3978      29488510.00000
3979      29518444.00000
3980      29548402.00000
3981      29578383.00000
3982      29608388.00000
3983      29638417.00000
3984      29668470.00000
3985      29698547.00000
3986      29728647.00000
3987      29758772.00000
3988      29788920.00000
3989      29819092.00000
3990      29849288.00000
3991      29879509.00000
3992      29909753.00000
3993      29940021.00000
3994      29970313.00000
3995      30000629.00000
3996      30030969.00000
3997      30061333.00000
3998      30091721.00000
3999      30122133.00000
4000      30152569.00000
4001      30183030.00000
4002      30213514.00000
4003      30244023.00000
4004      30274555.00000
4005      30305112.00000
4006      30335693.00000
4007      30366298.00000
4008      30396927.00000
4009      30427581.00000
4010      30458258.00000
4011      30488960.00000
4012      30519686.00000
4013      30550436.00000
4014      30581211.00000
4015      30612010.00000
4016      30642833.00000
4017      30673680.00000
4018      30704552.00000
4019      30735448.00000
4020      30766369.00000
4021      30797313.00000
4022      30828283.00000
4023      30859276.00000
4024      30890294.00000
4025      30921336.00000
4026      30952403.00000
4027      30983494.00000
4028      31014610.00000
4029      31045750.00000
4030      31076915.00000
4031      31108104.00000
4032      31139317.00000
4033      31170555.00000
4034      31201818.00000
4035      31233105.00000
4036      31264417.00000
4037      31295753.00000
4038      31327114.00000
4039      31358500.00000
4040      31389910.00000
4041      31421345.00000
4042      31452804.00000
4043      31484288.00000
4044      31515797.00000
4045      31547331.00000
4046      31578889.00000
4047      31610472.00000
4048      31642079.00000
4049      31673712.00000
4050      31705369.00000
4051      31737051.00000
4052      31768757.00000
4053      31800489.00000
4054      31832245.00000
4055      31864026.00000
4056      31895832.00000
4057      31927663.00000
4058      31959519.00000
4059      31991399.00000
4060      32023305.00000
4061      32055235.00000
4062      32087190.00000
4063      32119171.00000
4064      32151176.00000
4065      32183206.00000
4066      32215261.00000
4067      32247341.00000
4068      32279447.00000
4069      32311577.00000
4070      32343732.00000
4071      32375912.00000
4072      32408118.00000
4073      32440348.00000
4074      32472604.00000
4075      32504885.00000
4076      32537190.00000
4077      32569521.00000
4078      32601877.00000
4079      32634259.00000
4080      32666665.00000
4081      32699097.00000
4082      32731554.00000
4083      32764036.00000
4084      32796543.00000
4085      32829075.00000
4086      32861633.00000
4087      32894216.00000
4088      32926825.00000
4089      32959459.00000
4090      32992118.00000
4091      33024802.00000
4092      33057512.00000
4093      33090247.00000
4094      33123007.00000
4095      33155793.00000
4096      33188604.00000
4097      33221441.00000
4098      33254303.00000
4099      33287191.00000
4100      33320104.00000
4101      33353042.00000
4102      33386006.00000
4103      33418996.00000
4104      33452011.00000
4105      33485052.00000
4106      33518118.00000
4107      33551210.00000
4108      33584327.00000
4109      33617470.00000
4110      33650638.00000
4111      33683832.00000
4112      33717052.00000
4113      33750298.00000
4114      33783569.00000
4115      33816865.00000
4116      33850188.00000
4117      33883536.00000
4118      33916910.00000
4119      33950310.00000
4120      33983735.00000
4121      34017186.00000
4122      34050663.00000
4123      34084166.00000
4124      34117694.00000
4125      34151249.00000
4126      34184829.00000
4127      34218435.00000
4128      34252067.00000
4129      34285725.00000
4130      34319408.00000
4131      34353118.00000
4132      34386854.00000
4133      34420615.00000
4134      34454403.00000
4135      34488216.00000
4136      34522055.00000
4137      34555921.00000
4138      34589812.00000
4139      34623730.00000
4140      34657673.00000
4141      34691643.00000
4142      34725638.00000
4143      34759660.00000
4144      34793708.00000
4145      34827781.00000
4146      34861881.00000
4147      34896008.00000
4148      34930160.00000
4149      34964338.00000
4150      34998543.00000
4151      35032774.00000
4152      35067031.00000
4153      35101314.00000
4154      35135624.00000
4155      35169960.00000
4156      35204322.00000
4157      35238710.00000
4158      35273125.00000
4159      35307566.00000
4160      35342033.00000
4161      35376527.00000
4162      35411047.00000
4163      35445593.00000
4164      35480166.00000
4165      35514765.00000
4166      35549391.00000
4167      35584043.00000
4168      35618721.00000
4169      35653426.00000
4170      35688158.00000
4171      35722916.00000
4172      35757700.00000
4173      35792511.00000
4174      35827349.00000
4175      35862213.00000
4176      35897103.00000
4177      35932021.00000
4178      35966964.00000
4179      36001935.00000
4180      36036932.00000
4181      36071955.00000
4182      36107006.00000
4183      36142083.00000
4184      36177186.00000
4185      36212317.00000
4186      36247474.00000
4187      36282657.00000
4188      36317868.00000
4189      36353105.00000
4190      36388369.00000
4191      36423660.00000
4192      36458978.00000
4193      36494322.00000
4194      36529694.00000
4195      36565092.00000
4196      36600517.00000
4197      36635968.00000
4198      36671447.00000
4199      36706953.00000
4200      36742485.00000
4201      36778045.00000
4202      36813631.00000
4203      36849245.00000
4204      36884885.00000
4205      36920553.00000
4206      36956247.00000
4207      36991968.00000
4208      37027717.00000
4209      37063492.00000
4210      37099295.00000
4211      37135124.00000
4212      37170981.00000
4213      37206865.00000
4214      37242776.00000
4215      37278714.00000
4216      37314679.00000
4217      37350672.00000
4218      37386691.00000
4219      37422738.00000
4220      37458812.00000
4221      37494913.00000
4222      37531042.00000
4223      37567198.00000
4224      37603381.00000
4225      37639591.00000
4226      37675829.00000
4227      37712094.00000
4228      37748386.00000
4229      37784705.00000
4230      37821052.00000
4231      37857427.00000
4232      37893829.00000
4233      37930258.00000
4234      37966714.00000
4235      38003198.00000
4236      38039710.00000
4237      38076249.00000
4238      38112815.00000
4239      38149409.00000
4240      38186031.00000
4241      38222679.00000
4242      38259356.00000
4243      38296060.00000
4244      38332792.00000
4245      38369551.00000
4246      38406338.00000
4247      38443152.00000
4248      38479994.00000
4249      38516864.00000
4250      38553761.00000
4251      38590686.00000
4252      38627639.00000
4253      38664619.00000
4254      38701628.00000
4255      38738664.00000
4256      38775727.00000
4257      38812819.00000
4258      38849938.00000
4259      38887085.00000
4260      38924260.00000
4261      38961462.00000
4262      38998693.00000
4263      39035951.00000
4264      39073237.00000
4265      39110552.00000
4266      39147894.00000
4267      39185263.00000
4268      39222661.00000
4269      39260087.00000
4270      39297541.00000
4271      39335023.00000
4272      39372532.00000
4273      39410070.00000
4274      39447636.00000
4275      39485230.00000
4276      39522852.00000
4277      39560502.00000
4278      39598180.00000
4279      39635886.00000
4280      39673620.00000
4281      39711382.00000
4282      39749173.00000
4283      39786992.00000
4284      39824838.00000
4285      39862713.00000
4286      39900617.00000
4287      39938548.00000
4288      39976508.00000
4289      40014496.00000
4290      40052512.00000
4291      40090557.00000
4292      40128629.00000
4293      40166730.00000
4294      40204860.00000
4295      40243018.00000
4296      40281204.00000
4297      40319418.00000
4298      40357661.00000
4299      40395933.00000
4300      40434232.00000
4301      40472560.00000
4302      40510917.00000
4303      40549302.00000
4304      40587716.00000
4305      40626158.00000
4306      40664628.00000
4307      40703127.00000
4308      40741655.00000
4309      40780211.00000
4310      40818796.00000
4311      40857409.00000
4312      40896051.00000
4313      40934722.00000
4314      40973421.00000
4315      41012149.00000
4316      41050905.00000
4317      41089691.00000
4318      41128505.00000
4319      41167347.00000
4320      41206218.00000
4321      41245119.00000
4322      41284047.00000
4323      41323005.00000
4324      41361991.00000
4325      41401006.00000
4326      41440050.00000
4327      41479123.00000
4328      41518225.00000
4329      41557356.00000
4330      41596515.00000
4331      41635703.00000
4332      41674921.00000
4333      41714167.00000
4334      41753442.00000
4335      41792746.00000
4336      41832079.00000
4337      41871441.00000
4338      41910832.00000
4339      41950252.00000
4340      41989701.00000
4341      42029179.00000
4342      42068686.00000
4343      42108223.00000
4344      42147788.00000
4345      42187382.00000
4346      42227006.00000
4347      42266659.00000
4348      42306341.00000
4349      42346052.00000
4350      42385792.00000
4351      42425561.00000
4352      42465360.00000
4353      42505188.00000
4354      42545045.00000
4355      42584932.00000
4356      42624847.00000
4357      42664792.00000
4358      42704767.00000
4359      42744770.00000
4360      42784803.00000
4361      42824866.00000
4362      42864958.00000
4363      42905079.00000
4364      42945229.00000
4365      42985409.00000
4366      43025619.00000
4367      43065857.00000
4368      43106126.00000
4369      43146424.00000
4370      43186751.00000
4371      43227108.00000
4372      43267494.00000
4373      43307910.00000
4374      43348355.00000
4375      43388831.00000
4376      43429335.00000
4377      43469869.00000
4378      43510433.00000
4379      43551027.00000
4380      43591650.00000
4381      43632303.00000
4382      43672985.00000
4383      43713698.00000
4384      43754440.00000
4385      43795211.00000
4386      43836013.00000
4387      43876844.00000
4388      43917705.00000
4389      43958596.00000
4390      43999516.00000
4391      44040467.00000
4392      44081447.00000
4393      44122457.00000
4394      44163497.00000
4395      44204567.00000
4396      44245667.00000
4397      44286797.00000
4398      44327956.00000
4399      44369146.00000
4400      44410366.00000
4401      44451615.00000
4402      44492895.00000
4403      44534205.00000
4404      44575544.00000
4405      44616914.00000
4406      44658314.00000
4407      44699744.00000
4408      44741204.00000
4409      44782694.00000
4410      44824214.00000
4411      44865764.00000
4412      44907345.00000
4413      44948955.00000
4414      44990596.00000
4415      45032267.00000
4416      45073969.00000
4417      45115700.00000
4418      45157462.00000
4419      45199254.00000
4420      45241076.00000
4421      45282929.00000
4422      45324812.00000
4423      45366725.00000
4424      45408669.00000
4425      45450643.00000
4426      45492648.00000
4427      45534683.00000
4428      45576748.00000
4429      45618843.00000
4430      45660970.00000
4431      45703126.00000
4432      45745313.00000
4433      45787531.00000
4434      45829779.00000
4435      45872058.00000
4436      45914367.00000
4437      45956706.00000
4438      45999077.00000
4439      46041478.00000
4440      46083909.00000
4441      46126371.00000
4442      46168864.00000
4443      46211387.00000
4444      46253941.00000
4445      46296526.00000
4446      46339142.00000
4447      46381788.00000
4448      46424465.00000
4449      46467172.00000
4450      46509911.00000
4451      46552680.00000
4452      46595480.00000
4453      46638311.00000
4454      46681173.00000
4455      46724065.00000
4456      46766988.00000
4457      46809943.00000
4458      46852928.00000
4459      46895944.00000
4460      46938991.00000
4461      46982069.00000
4462      47025178.00000
4463      47068318.00000
4464      47111488.00000
4465      47154690.00000
4466      47197923.00000
4467      47241187.00000
4468      47284482.00000
4469      47327808.00000
4470      47371165.00000
4471      47414554.00000
4472      47457973.00000
4473      47501424.00000
4474      47544905.00000
4475      47588418.00000
4476      47631962.00000
4477      47675537.00000
4478      47719144.00000
4479      47762782.00000
4480      47806450.00000
4481      47850151.00000
4482      47893882.00000
4483      47937645.00000
4484      47981439.00000
4485      48025265.00000
4486      48069121.00000
4487      48113009.00000
4488      48156929.00000
4489      48200880.00000
4490      48244862.00000
4491      48288876.00000
4492      48332921.00000
4493      48376998.00000
4494      48421106.00000
4495      48465246.00000
4496      48509417.00000
4497      48553620.00000
4498      48597854.00000
4499      48642120.00000
4500      48686417.00000
4501      48730746.00000
4502      48775106.00000
4503      48819499.00000
4504      48863923.00000
4505      48908378.00000
4506      48952865.00000
4507      48997384.00000
4508      49041935.00000
4509      49086517.00000
4510      49131131.00000
4511      49175777.00000
4512      49220454.00000
4513      49265164.00000
4514      49309905.00000
4515      49354678.00000
4516      49399483.00000
4517      49444319.00000
4518      49489188.00000
4519      49534088.00000
4520      49579020.00000
4521      49623985.00000
4522      49668981.00000
4523      49714009.00000
4524      49759069.00000
4525      49804161.00000
4526      49849285.00000
4527      49894441.00000
4528      49939629.00000
4529      49984850.00000
4530      50030102.00000
4531      50075386.00000
4532      50120703.00000
4533      50166051.00000
4534      50211432.00000
4535      50256845.00000
4536      50302290.00000
4537      50347767.00000
4538      50393276.00000
4539      50438818.00000
4540      50484392.00000
4541      50529998.00000
4542      50575636.00000
4543      50621307.00000
4544      50667010.00000
4545      50712745.00000
4546      50758513.00000
4547      50804312.00000
4548      50850145.00000
4549      50896009.00000
4550      50941906.00000
4551      50987836.00000
4552      51033798.00000
4553      51079792.00000
4554      51125819.00000
4555      51171878.00000
4556      51217970.00000
4557      51264094.00000
4558      51310251.00000
4559      51356441.00000
4560      51402663.00000
4561      51448917.00000
4562      51495204.00000
4563      51541524.00000
4564      51587876.00000
4565      51634261.00000
4566      51680679.00000
4567      51727129.00000
4568      51773613.00000
4569      51820128.00000
4570      51866677.00000
4571      51913258.00000
4572      51959872.00000
4573      52006519.00000
4574      52053198.00000
4575      52099911.00000
4576      52146656.00000
4577      52193434.00000
4578      52240245.00000
4579      52287089.00000
4580      52333966.00000
4581      52380875.00000
4582      52427818.00000
4583      52474793.00000
4584      52521802.00000
4585      52568843.00000
4586      52615918.00000
4587      52663025.00000
4588      52710166.00000
4589      52757339.00000
4590      52804546.00000
4591      52851786.00000
4592      52899058.00000
4593      52946364.00000
4594      52993703.00000
4595      53041075.00000
4596      53088481.00000
4597      53135919.00000
4598      53183391.00000
4599      53230896.00000
4600      53278434.00000
4601      53326006.00000
4602      53373610.00000
4603      53421248.00000
4604      53468920.00000
4605      53516624.00000
4606      53564362.00000
4607      53612133.00000
4608      53659938.00000
4609      53707776.00000
4610      53755648.00000
4611      53803552.00000
4612      53851491.00000
4613      53899462.00000
4614      53947468.00000
4615      53995506.00000
4616      54043579.00000
4617      54091684.00000
4618      54139823.00000
4619      54187996.00000
4620      54236203.00000
4621      54284443.00000
4622      54332716.00000
4623      54381023.00000
4624      54429364.00000
4625      54477739.00000
4626      54526147.00000
4627      54574589.00000
4628      54623064.00000
4629      54671573.00000
4630      54720116.00000
4631      54768693.00000
4632      54817304.00000
4633      54865948.00000
4634      54914626.00000
4635      54963338.00000
4636      55012084.00000
4637      55060864.00000
4638      55109677.00000
4639      55158525.00000
4640      55207406.00000
4641      55256321.00000
4642      55305270.00000
4643      55354254.00000
4644      55403271.00000
4645      55452322.00000
4646      55501407.00000
4647      55550526.00000
4648      55599680.00000
4649      55648867.00000
4650      55698088.00000
4651      55747344.00000
4652      55796633.00000
4653      55845957.00000
4654      55895315.00000
4655      55944707.00000
4656      55994133.00000
4657      56043594.00000
4658      56093088.00000
4659      56142617.00000
4660      56192180.00000
4661      56241778.00000
4662      56291409.00000
4663      56341075.00000
4664      56390776.00000
4665      56440510.00000
4666      56490279.00000
4667      56540083.00000
4668      56589920.00000
4669      56639793.00000
4670      56689699.00000
4671      56739640.00000
4672      56789616.00000
4673      56839626.00000
4674      56889670.00000
4675      56939749.00000
4676      56989863.00000
4677      57040011.00000
4678      57090193.00000
4679      57140410.00000
4680      57190662.00000
4681      57240949.00000
4682      57291270.00000
4683      57341625.00000
4684      57392016.00000
4685      57442441.00000
4686      57492900.00000
4687      57543395.00000
4688      57593924.00000
4689      57644488.00000
4690      57695087.00000
4691      57745720.00000
4692      57796388.00000
4693      57847091.00000
4694      57897829.00000
4695      57948602.00000
4696      57999410.00000
4697      58050252.00000
4698      58101130.00000
4699      58152042.00000
4700      58202990.00000
4701      58253972.00000
4702      58304989.00000
4703      58356041.00000
4704      58407129.00000
4705      58458251.00000
4706      58509408.00000
4707      58560601.00000
4708      58611828.00000
4709      58663091.00000
4710      58714388.00000
4711      58765721.00000
4712      58817089.00000
4713      58868492.00000
4714      58919931.00000
4715      58971404.00000
4716      59022913.00000
4717      59074457.00000
4718      59126036.00000
4719      59177651.00000
4720      59229301.00000
4721      59280986.00000
4722      59332706.00000
4723      59384462.00000
4724      59436253.00000
4725      59488080.00000
4726      59539942.00000
4727      59591839.00000
4728      59643772.00000
4729      59695740.00000
4730      59747744.00000
4731      59799783.00000
4732      59851858.00000
4733      59903968.00000
4734      59956114.00000
4735      60008295.00000
4736      60060512.00000
4737      60112764.00000
4738      60165052.00000
4739      60217376.00000
4740      60269735.00000
4741      60322130.00000
4742      60374561.00000
4743      60427027.00000
4744      60479529.00000
4745      60532067.00000
4746      60584641.00000
4747      60637250.00000
4748      60689895.00000
4749      60742576.00000
4750      60795293.00000
4751      60848045.00000
4752      60900833.00000
4753      60953658.00000
4754      61006518.00000
4755      61059414.00000
4756      61112346.00000
4757      61165314.00000
4758      61218318.00000
4759      61271358.00000
4760      61324433.00000
4761      61377545.00000
4762      61430693.00000
4763      61483877.00000
4764      61537097.00000
4765      61590353.00000
4766      61643645.00000
4767      61696974.00000
4768      61750338.00000
4769      61803739.00000
4770      61857175.00000
4771      61910648.00000
4772      61964157.00000
4773      62017703.00000
4774      62071284.00000
4775      62124902.00000
4776      62178556.00000
4777      62232247.00000
4778      62285974.00000
4779      62339737.00000
4780      62393536.00000
4781      62447372.00000
4782      62501244.00000
4783      62555153.00000
4784      62609098.00000
4785      62663079.00000
4786      62717097.00000
4787      62771151.00000
4788      62825242.00000
4789      62879370.00000
4790      62933534.00000
4791      62987734.00000
4792      63041971.00000
4793      63096245.00000
4794      63150555.00000
4795      63204902.00000
4796      63259285.00000
4797      63313705.00000
4798      63368162.00000
4799      63422655.00000
4800      63477186.00000
4801      63531752.00000
4802      63586356.00000
4803      63640996.00000
4804      63695674.00000
4805      63750387.00000
4806      63805138.00000
4807      63859926.00000
4808      63914750.00000
4809      63969612.00000
4810      64024510.00000
4811      64079445.00000
4812      64134417.00000
4813      64189426.00000
4814      64244472.00000
4815      64299555.00000
4816      64354675.00000
4817      64409831.00000
4818      64465025.00000
4819      64520256.00000
4820      64575524.00000
4821      64630830.00000
4822      64686172.00000
4823      64741551.00000
4824      64796968.00000
4825      64852421.00000
4826      64907912.00000
4827      64963440.00000
4828      65019005.00000
4829      65074608.00000
4830      65130247.00000
4831      65185924.00000
4832      65241638.00000
4833      65297390.00000
4834      65353179.00000
4835      65409005.00000
4836      65464869.00000
4837      65520769.00000
4838      65576708.00000
4839      65632683.00000
4840      65688697.00000
4841      65744747.00000
4842      65800835.00000
4843      65856961.00000
4844      65913124.00000
4845      65969324.00000
4846      66025562.00000
4847      66081838.00000
4848      66138151.00000
4849      66194502.00000
4850      66250890.00000
4851      66307316.00000
4852      66363780.00000
4853      66420281.00000
4854      66476820.00000
4855      66533397.00000
4856      66590011.00000
4857      66646663.00000
4858      66703353.00000
4859      66760081.00000
4860      66816846.00000
4861      66873650.00000
4862      66930491.00000
4863      66987370.00000
4864      67044287.00000
4865      67101241.00000
4866      67158234.00000
4867      67215264.00000
4868      67272333.00000
4869      67329439.00000
4870      67386584.00000
4871      67443766.00000
4872      67500986.00000
4873      67558245.00000
4874      67615541.00000
4875      67672876.00000
4876      67730248.00000
4877      67787659.00000
4878      67845108.00000
4879      67902595.00000
4880      67960120.00000
4881      68017683.00000
4882      68075284.00000
4883      68132924.00000
4884      68190602.00000
4885      68248318.00000
4886      68306073.00000
4887      68363865.00000
4888      68421696.00000
4889      68479566.00000
4890      68537473.00000
4891      68595419.00000
4892      68653404.00000
4893      68711426.00000
4894      68769488.00000
4895      68827587.00000
4896      68885725.00000
4897      68943902.00000
4898      69002117.00000
4899      69060370.00000
4900      69118663.00000
4901      69176993.00000
4902      69235362.00000
4903      69293770.00000
4904      69352216.00000
4905      69410701.00000
4906      69469225.00000
4907      69527787.00000
4908      69586388.00000
4909      69645028.00000
4910      69703706.00000
4911      69762423.00000
4912      69821179.00000
4913      69879973.00000
4914      69938807.00000
4915      69997679.00000
4916      70056590.00000
4917      70115540.00000
4918      70174528.00000
4919      70233556.00000
4920      70292622.00000
4921      70351728.00000
4922      70410872.00000
4923      70470055.00000
4924      70529277.00000
4925      70588538.00000
4926      70647839.00000
4927      70707178.00000
4928      70766556.00000
4929      70825973.00000
4930      70885430.00000
4931      70944925.00000
4932      71004460.00000
4933      71064033.00000
4934      71123646.00000
4935      71183298.00000
4936      71242990.00000
4937      71302720.00000
4938      71362490.00000
4939      71422299.00000
4940      71482147.00000
4941      71542034.00000
4942      71601961.00000
4943      71661927.00000
4944      71721933.00000
4945      71781978.00000
4946      71842062.00000
4947      71902185.00000
4948      71962348.00000
4949      72022551.00000
4950      72082793.00000
4951      72143074.00000
4952      72203395.00000
4953      72263755.00000
4954      72324155.00000
4955      72384595.00000
4956      72445074.00000
4957      72505592.00000
4958      72566150.00000
4959      72626748.00000
4960      72687386.00000
4961      72748063.00000
4962      72808779.00000
4963      72869536.00000
4964      72930332.00000
4965      72991168.00000
4966      73052044.00000
4967      73112959.00000
4968      73173915.00000
4969      73234910.00000
4970      73295944.00000
4971      73357019.00000
4972      73418134.00000
4973      73479288.00000
4974      73540483.00000
4975      73601717.00000
4976      73662991.00000
4977      73724306.00000
4978      73785660.00000
4979      73847054.00000
4980      73908488.00000
4981      73969962.00000
4982      74031477.00000
4983      74093031.00000
4984      74154626.00000
4985      74216260.00000
4986      74277935.00000
4987      74339650.00000
4988      74401405.00000
4989      74463200.00000
4990      74525035.00000
4991      74586911.00000
4992      74648827.00000
4993      74710783.00000
4994      74772780.00000
4995      74834816.00000
4996      74896893.00000
4997      74959011.00000
4998      75021169.00000
4999      75083367.00000
5000      75145605.00000