   1             1.31466
   2             3.46182
   3             6.20939
   4             9.44690
   5            13.10895
   6            17.15103
   7            21.54027
   8            26.25111
   9            31.26295
  10            36.55868
  11            42.12386
  12            47.94602
  13            54.01431
  14            60.31912
  15            66.85191
  16            73.60501
  17            80.57145
  18            87.74490
  19            95.11957
  20           102.69012
  21           110.45163
  22           118.39951
  23           126.52950
  24           134.83763
  25           143.32017
  26           151.97361
  27           160.79465
  28           169.78017
  29           178.92724
  30           188.23305
  31           197.69495
  32           207.31042
  33           217.07706
  34           226.99256
  35           237.05474
  36           247.26150
  37           257.61083
  38           268.10080
  39           278.72956
  40           289.49532
  41           300.39638
  42           311.43109
  43           322.59785
  44           333.89513
  45           345.32145
  46           356.87538
  47           368.55553
  48           380.36056
  49           392.28918
  50           404.34013
  51           416.51219
  52           428.80418
  53           441.21495
  54           453.74340
  55           466.38843
  56           479.14900
  57           492.02409
  58           505.01271
  59           518.11389
  60           531.32671
  61           544.65024
  62           558.08360
  63           571.62594
  64           585.27640
  65           599.03418
  66           612.89849
  67           626.86855
  68           640.94362
  69           655.12296
  70           669.40586
  71           683.79165
  72           698.27965
  73           712.86921
  74           727.55970
  75           742.35051
  76           757.24105
  77           772.23074
  78           787.31902
  79           802.50535
  80           817.78922
  81           833.17012
  82           848.64754
  83           864.22103
  84           879.89013
  85           895.65440
  86           911.51340
  87           927.46674
  88           943.51402
  89           959.65485
  90           975.88889
  91           992.21576
  92          1008.63520
  93          1025.14670
  94          1041.75020
  95          1058.44530
  96          1075.23160
  97          1092.10910
  98          1109.07730
  99          1126.13610
 100          1143.28520
 101          1160.52440
 102          1177.85350
 103          1195.27240
 104          1212.78080
 105          1230.37860
 106          1248.06560
 107          1265.84160
 108          1283.70670
 109          1301.66050
 110          1319.70310
 111          1337.83430
 112          1356.05390
 113          1374.36210
 114          1392.75860
 115          1411.24340
 116          1429.81640
 117          1448.47760
 118          1467.22700
 119          1486.06460
 120          1504.99030
 121          1524.00410
 122          1543.10600
 123          1562.29600
 124          1581.57410
 125          1600.94040
 126          1620.39490
 127          1639.93760
 128          1659.56850
 129          1679.28780
 130          1699.09540
 131          1718.99140
 132          1738.97590
 133          1759.04900
 134          1779.21070
 135          1799.46120
 136          1819.80050
 137          1840.22870
 138          1860.74590
 139          1881.35220
 140          1902.04780
 141          1922.83270
 142          1943.70710
 143          1964.67120
 144          1985.72490
 145          2006.86850
 146          2028.10220
 147          2049.42600
 148          2070.84010
 149          2092.34470
 150          2113.93990
 151          2135.62580
 152          2157.40270
 153          2179.27070
 154          2201.23000
 155          2223.28080
 156          2245.42310
 157          2267.65730
 158          2289.98350
 159          2312.40180
 160          2334.91260
 161          2357.51590
 162          2380.21190
 163          2403.00090
 164          2425.88310
 165          2448.85860
 166          2471.92780
 167          2495.09070
 168          2518.34750
 169          2541.69860
 170          2565.14420
 171          2588.68430
 172          2612.31930
 173          2636.04950
 174          2659.87490
 175          2683.79590
 176          2707.81260
 177          2731.92540
 178          2756.13430
 179          2780.43980
 180          2804.84200
 181          2829.34110
 182          2853.93740
 183          2878.63120
 184          2903.42260
 185          2928.31200
 186          2953.29950
 187          2978.38550
 188          3003.57010
 189          3028.85370
 190          3054.23650
 191          3079.71880
 192          3105.30080
 193          3130.98270
 194          3156.76490
 195          3182.64750
 196          3208.63100
 197          3234.71540
 198          3260.90120
 199          3287.18860
 200          3313.57780
 201          3340.06910
 202          3366.66280
 203          3393.35920
 204          3420.15850
 205          3447.06110
 206          3474.06710
 207          3501.17700
 208          3528.39090
 209          3555.70930
 210          3583.13220
 211          3610.66010
 212          3638.29320
 213          3666.03190
 214          3693.87630
 215          3721.82690
 216          3749.88390
 217          3778.04750
 218          3806.31820
 219          3834.69610
 220          3863.18170
 221          3891.77510
 222          3920.47680
 223          3949.28690
 224          3978.20590
 225          4007.23400
 226          4036.37150
 227          4065.61870
 228          4094.97600
 229          4124.44370
 230          4154.02210
 231          4183.71140
 232          4213.51210
 233          4243.42440
 234          4273.44860
 235          4303.58510
 236          4333.83420
 237          4364.19620
 238          4394.67150
 239          4425.26030
 240          4455.96300
 241          4486.78000
 242          4517.71150
 243          4548.75790
 244          4579.91950
 245          4611.19660
 246          4642.58970
 247          4674.09890
 248          4705.72480
 249          4737.46750
 250          4769.32750
 251          4801.30500
 252          4833.40050
 253          4865.61430
 254          4897.94660
 255          4930.39800
 256          4962.96860
 257          4995.65890
 258          5028.46930
 259          5061.39990
 260          5094.45130
 261          5127.62380
 262          5160.91770
 263          5194.33340
 264          5227.87130
 265          5261.53160
 266          5295.31480
 267          5329.22130
 268          5363.25130
 269          5397.40530
 270          5431.68360
 271          5466.08660
 272          5500.61460
 273          5535.26810
 274          5570.04740
 275          5604.95290
 276          5639.98490
 277          5675.14380
 278          5710.43000
 279          5745.84390
 280          5781.38580
 281          5817.05620
 282          5852.85540
 283          5888.78380
 284          5924.84170
 285          5961.02960
 286          5997.34790
 287          6033.79690
 288          6070.37700
 289          6107.08870
 290          6143.93220
 291          6180.90810
 292          6218.01660
 293          6255.25820
 294          6292.63330
 295          6330.14230
 296          6367.78560
 297          6405.56350
 298          6443.47650
 299          6481.52500
 300          6519.70930
 301          6558.03000
 302          6596.48730
 303          6635.08170
 304          6673.81360
 305          6712.68350
 306          6751.69160
 307          6790.83850
 308          6830.12460
 309          6869.55020
 310          6909.11570
 311          6948.82170
 312          6988.66840
 313          7028.65640
 314          7068.78600
 315          7109.05770
 316          7149.47190
 317          7190.02900
 318          7230.72940
 319          7271.57350
 320          7312.56190
 321          7353.69480
 322          7394.97280
 323          7436.39620
 324          7477.96560
 325          7519.68130
 326          7561.54370
 327          7603.55330
 328          7645.71060
 329          7688.01590
 330          7730.46970
 331          7773.07250
 332          7815.82470
 333          7858.72660
 334          7901.77890
 335          7944.98180
 336          7988.33590
 337          8031.84160
 338          8075.49930
 339          8119.30950
 340          8163.27270
 341          8207.38920
 342          8251.65960
 343          8296.08420
 344          8340.66360
 345          8385.39820
 346          8430.28850
 347          8475.33480
 348          8520.53770
 349          8565.89760
 350          8611.41500
 351          8657.09030
 352          8702.92410
 353          8748.91660
 354          8795.06860
 355          8841.38020
 356          8887.85220
 357          8934.48480
 358          8981.27870
 359          9028.23420
 360          9075.35180
 361          9122.63200
 362          9170.07530
 363          9217.68210
 364          9265.45290
 365          9313.38820
 366          9361.48850
 367          9409.75420
 368          9458.18580
 369          9506.78380
 370          9555.54870
 371          9604.48090
 372          9653.58100
 373          9702.84930
 374          9752.28650
 375          9801.89300
 376          9851.66920
 377          9901.61570
 378          9951.73290
 379         10002.02100
 380         10052.48100
 381         10103.11400
 382         10153.91900
 383         10204.89700
 384         10256.04900
 385         10307.37500
 386         10358.87600
 387         10410.55200
 388         10462.40400
 389         10514.43200
 390         10566.63600
 391         10619.01800
 392         10671.57700
 393         10724.31500
 394         10777.23100
 395         10830.32600
 396         10883.60100
 397         10937.05700
 398         10990.69300
 399         11044.51000
 400         11098.50900
 401         11152.69000
 402         11207.05300
 403         11261.60000
 404         11316.33100
 405         11371.24600
 406         11426.34600
 407         11481.63100
 408         11537.10200
 409         11592.76000
 410         11648.60400
 411         11704.63600
 412         11760.85500
 413         11817.26300
 414         11873.86000
 415         11930.64600
 416         11987.62200
 417         12044.78900
 418         12102.14700
 419         12159.69600
 420         12217.43800
 421         12275.37200
 422         12333.49900
 423         12391.82000
 424         12450.33500
 425         12509.04500
 426         12567.95000
 427         12627.05100
 428         12686.34800
 429         12745.84200
 430         12805.53400
 431         12865.42300
 432         12925.51100
 433         12985.79800
 434         13046.28500
 435         13106.97100
 436         13167.85900
 437         13228.94700
 438         13290.23800
 439         13351.73000
 440         13413.42600
 441         13475.32500
 442         13537.42700
 443         13599.73500
 444         13662.24700
 445         13724.96500
 446         13787.88900
 447         13851.01900
 448         13914.35700
 449         13977.90300
 450         14041.65700
 451         14105.62000
 452         14169.79200
 453         14234.17500
 454         14298.76700
 455         14363.57200
 456         14428.58700
 457         14493.81500
 458         14559.25600
 459         14624.91100
 460         14690.77900
 461         14756.86200
 462         14823.15900
 463         14889.67300
 464         14956.40200
 465         15023.34900
 466         15090.51300
 467         15157.89400
 468         15225.49400
 469         15293.31400
 470         15361.35300
 471         15429.61200
 472         15498.09200
 473         15566.79300
 474         15635.71600
 475         15704.86200
 476         15774.23000
 477         15843.82300
 478         15913.64000
 479         15983.68100
 480         16053.94800
 481         16124.44100
 482         16195.16100
 483         16266.10700
 484         16337.28200
 485         16408.68500
 486         16480.31600
 487         16552.17700
 488         16624.26900
 489         16696.59100
 490         16769.14400
 491         16841.92900
 492         16914.94700
 493         16988.19800
 494         17061.68200
 495         17135.40100
 496         17209.35400
 497         17283.54300
 498         17357.96800
 499         17432.63000
 500         17507.52900
 501         17582.66500
 502         17658.04000
 503         17733.65500
 504         17809.50800
 505         17885.60200
 506         17961.93700
 507         18038.51400
 508         18115.33200
 509         18192.39300
 510         18269.69800
 511         18347.24600
 512         18425.03900
 513         18503.07700
 514         18581.36100
 515         18659.89100
 516         18738.66800
 517         18817.69200
 518         18896.96500
 519         18976.48700
 520         19056.25800
 521         19136.27900
 522         19216.55000
 523         19297.07300
 524         19377.84800
 525         19458.87600
 526         19540.15600
 527         19621.69100
 528         19703.47900
 529         19785.52300
 530         19867.82300
 531         19950.37800
 532         20033.19100
 533         20116.26100
 534         20199.58900
 535         20283.17600
 536         20367.02300
 537         20451.12900
 538         20535.49700
 539         20620.12500
 540         20705.01600
 541         20790.16900
 542         20875.58500
 543         20961.26500
 544         21047.21000
 545         21133.42000
 546         21219.89600
 547         21306.63800
 548         21393.64700
 549         21480.92400
 550         21568.46900
 551         21656.28400
 552         21744.36800
 553         21832.72200
 554         21921.34700
 555         22010.24400
 556         22099.41300
 557         22188.85500
 558         22278.57100
 559         22368.56000
 560         22458.82500
 561         22549.36500
 562         22640.18100
 563         22731.27400
 564         22822.64500
 565         22914.29400
 566         23006.22100
 567         23098.42800
 568         23190.91500
 569         23283.68300
 570         23376.73200
 571         23470.06400
 572         23563.67800
 573         23657.57500
 574         23751.75700
 575         23846.22400
 576         23940.97500
 577         24036.01300
 578         24131.33800
 579         24226.95000
 580         24322.85100
 581         24419.04000
 582         24515.51800
 583         24612.28700
 584         24709.34700
 585         24806.69800
 586         24904.34100
 587         25002.27700
 588         25100.50600
 589         25199.03000
 590         25297.84900
 591         25396.96300
 592         25496.37300
 593         25596.08000
 594         25696.08500
 595         25796.38900
 596         25896.99100
 597         25997.89300
 598         26099.09500
 599         26200.59800
 600         26302.40300
 601         26404.51000
 602         26506.92100
 603         26609.63500
 604         26712.65400
 605         26815.97800
 606         26919.60800
 607         27023.54500
 608         27127.78800
 609         27232.34000
 610         27337.20100
 611         27442.37000
 612         27547.85000
 613         27653.64100
 614         27759.74300
 615         27866.15800
 616         27972.88500
 617         28079.92600
 618         28187.28100
 619         28294.95100
 620         28402.93700
 621         28511.23900
 622         28619.85900
 623         28728.79600
 624         28838.05200
 625         28947.62700
 626         29057.52200
 627         29167.73800
 628         29278.27500
 629         29389.13400
 630         29500.31600
 631         29611.82200
 632         29723.65200
 633         29835.80700
 634         29948.28800
 635         30061.09500
 636         30174.23000
 637         30287.69200
 638         30401.48300
 639         30515.60300
 640         30630.05400
 641         30744.83500
 642         30859.94700
 643         30975.39200
 644         31091.17000
 645         31207.28200
 646         31323.72800
 647         31440.50900
 648         31557.62600
 649         31675.08000
 650         31792.87100
 651         31911.00100
 652         32029.46900
 653         32148.27700
 654         32267.42500
 655         32386.91400
 656         32506.74500
 657         32626.91900
 658         32747.43600
 659         32868.29700
 660         32989.50300
 661         33111.05400
 662         33232.95200
 663         33355.19700
 664         33477.78900
 665         33600.73000
 666         33724.02100
 667         33847.66100
 668         33971.65200
 669         34095.99500
 670         34220.69000
 671         34345.73800
 672         34471.14000
 673         34596.89700
 674         34723.00900
 675         34849.47700
 676         34976.30200
 677         35103.48400
 678         35231.02500
 679         35358.92500
 680         35487.18500
 681         35615.80500
 682         35744.78700
 683         35874.13200
 684         36003.83900
 685         36133.91000
 686         36264.34500
 687         36395.14600
 688         36526.31300
 689         36657.84600
 690         36789.74800
 691         36922.01700
 692         37054.65600
 693         37187.66500
 694         37321.04400
 695         37454.79500
 696         37588.91800
 697         37723.41500
 698         37858.28500
 699         37993.53000
 700         38129.15000
 701         38265.14600
 702         38401.51900
 703         38538.27000
 704         38675.40000
 705         38812.90900
 706         38950.79800
 707         39089.06800
 708         39227.71900
 709         39366.75400
 710         39506.17100
 711         39645.97300
 712         39786.15900
 713         39926.73100
 714         40067.69000
 715         40209.03500
 716         40350.76900
 717         40492.89200
 718         40635.40500
 719         40778.30700
 720         40921.60200
 721         41065.28800
 722         41209.36700
 723         41353.84000
 724         41498.70700
 725         41643.97000
 726         41789.62900
 727         41935.68400
 728         42082.13800
 729         42228.99000
 730         42376.24100
 731         42523.89300
 732         42671.94500
 733         42820.40000
 734         42969.25700
 735         43118.51700
 736         43268.18200
 737         43418.25100
 738         43568.72700
 739         43719.60900
 740         43870.89900
 741         44022.59800
 742         44174.70500
 743         44327.22300
 744         44480.15100
 745         44633.49100
 746         44787.24300
 747         44941.40900
 748         45095.98900
 749         45250.98400
 750         45406.39500
 751         45562.22300
 752         45718.46800
 753         45875.13100
 754         46032.21300
 755         46189.71600
 756         46347.63900
 757         46505.98400
 758         46664.75200
 759         46823.94300
 760         46983.55800
 761         47143.59800
 762         47304.06400
 763         47464.95700
 764         47626.27700
 765         47788.02600
 766         47950.20400
 767         48112.81300
 768         48275.85200
 769         48439.32300
 770         48603.22700
 771         48767.56400
 772         48932.33600
 773         49097.54300
 774         49263.18600
 775         49429.26600
 776         49595.78400
 777         49762.74000
 778         49930.13600
 779         50097.97300
 780         50266.25100
 781         50434.97100
 782         50604.13300
 783         50773.74000
 784         50943.79200
 785         51114.28900
 786         51285.23200
 787         51456.62300
 788         51628.46200
 789         51800.75100
 790         51973.48900
 791         52146.67800
 792         52320.31900
 793         52494.41200
 794         52668.95800
 795         52843.96000
 796         53019.41600
 797         53195.32800
 798         53371.69700
 799         53548.52500
 800         53725.81100
 801         53903.55600
 802         54081.76200
 803         54260.43000
 804         54439.55900
 805         54619.15200
 806         54799.20900
 807         54979.73100
 808         55160.71900
 809         55342.17300
 810         55524.09500
 811         55706.48600
 812         55889.34600
 813         56072.67600
 814         56256.47700
 815         56440.75100
 816         56625.49800
 817         56810.71800
 818         56996.41300
 819         57182.58400
 820         57369.23200
 821         57556.35700
 822         57743.96100
 823         57932.04400
 824         58120.60700
 825         58309.65100
 826         58499.17700
 827         58689.18700
 828         58879.68000
 829         59070.65800
 830         59262.12100
 831         59454.07200
 832         59646.50900
 833         59839.43600
 834         60032.85100
 835         60226.75700
 836         60421.15400
 837         60616.04300
 838         60811.42600
 839         61007.30200
 840         61203.67300
 841         61400.54000
 842         61597.90400
 843         61795.76500
 844         61994.12500
 845         62192.98400
 846         62392.34400
 847         62592.20600
 848         62792.56900
 849         62993.43600
 850         63194.80700
 851         63396.68400
 852         63599.06600
 853         63801.95500
 854         64005.35300
 855         64209.25900
 856         64413.67500
 857         64618.60100
 858         64824.04000
 859         65029.99100
 860         65236.45600
 861         65443.43500
 862         65650.93000
 863         65858.94100
 864         66067.46900
 865         66276.51600
 866         66486.08200
 867         66696.16900
 868         66906.77600
 869         67117.90600
 870         67329.55900
 871         67541.73600
 872         67754.43800
 873         67967.66500
 874         68181.42000
 875         68395.70300
 876         68610.51500
 877         68825.85600
 878         69041.72800
 879         69258.13200
 880         69475.06900
 881         69692.53900
 882         69910.54400
 883         70129.08500
 884         70348.16200
 885         70567.77700
 886         70787.93000
 887         71008.62300
 888         71229.85600
 889         71451.63100
 890         71673.94800
 891         71896.80800
 892         72120.21300
 893         72344.16400
 894         72568.66000
 895         72793.70400
 896         73019.29700
 897         73245.43800
 898         73472.13000
 899         73699.37300
 900         73927.16900
 901         74155.51800
 902         74384.42100
 903         74613.87900
 904         74843.89300
 905         75074.46500
 906         75305.59400
 907         75537.28300
 908         75769.53300
 909         76002.34300
 910         76235.71600
 911         76469.65100
 912         76704.15100
 913         76939.21700
 914         77174.84800
 915         77411.04600
 916         77647.81300
 917         77885.14900
 918         78123.05500
 919         78361.53300
 920         78600.58200
 921         78840.20500
 922         79080.40200
 923         79321.17500
 924         79562.52300
 925         79804.44900
 926         80046.95400
 927         80290.03700
 928         80533.70100
 929         80777.94600
 930         81022.77400
 931         81268.18500
 932         81514.18000
 933         81760.76100
 934         82007.92900
 935         82255.68400
 936         82504.02700
 937         82752.96000
 938         83002.48300
 939         83252.59900
 940         83503.30600
 941         83754.60800
 942         84006.50400
 943         84258.99600
 944         84512.08400
 945         84765.77100
 946         85020.05600
 947         85274.94100
 948         85530.42700
 949         85786.51500
 950         86043.20600
 951         86300.50100
 952         86558.40100
 953         86816.90700
 954         87076.02100
 955         87335.74200
 956         87596.07300
 957         87857.01400
 958         88118.56700
 959         88380.73200
 960         88643.51000
 961         88906.90300
 962         89170.91200
 963         89435.53700
 964         89700.78000
 965         89966.64200
 966         90233.12300
 967         90500.22500
 968         90767.95000
 969         91036.29700
 970         91305.26800
 971         91574.86400
 972         91845.08700
 973         92115.93700
 974         92387.41500
 975         92659.52300
 976         92932.26100
 977         93205.63000
 978         93479.63200
 979         93754.26800
 980         94029.53800
 981         94305.44500
 982         94581.98800
 983         94859.16900
 984         95136.99000
 985         95415.45000
 986         95694.55200
 987         95974.29600
 988         96254.68300
 989         96535.71500
 990         96817.39200
 991         97099.71600
 992         97382.68800
 993         97666.30800
 994         97950.57900
 995         98235.50000
 996         98521.07300
 997         98807.30000
 998         99094.18100
 999         99381.71700
1000         99669.91000
1001         99958.76000
1002        100248.27000
1003        100538.44000
1004        100829.27000
1005        101120.76000
1006        101412.91000
1007        101705.73000
1008        101999.22000
1009        102293.37000
1010        102588.19000
1011        102883.67000
1012        103179.83000
1013        103476.66000
1014        103774.15000
1015        104072.33000
1016        104371.17000
1017        104670.69000
1018        104970.89000
1019        105271.77000
1020        105573.32000
1021        105875.56000
1022        106178.47000
1023        106482.07000
1024        106786.35000
1025        107091.31000
1026        107396.96000
1027        107703.30000
1028        108010.32000
1029        108318.03000
1030        108626.43000
1031        108935.53000
1032        109245.31000
1033        109555.79000
1034        109866.96000
1035        110178.83000
1036        110491.40000
1037        110804.66000
1038        111118.62000
1039        111433.28000
1040        111748.65000
1041        112064.71000
1042        112381.48000
1043        112698.96000
1044        113017.14000
1045        113336.02000
1046        113655.62000
1047        113975.92000
1048        114296.94000
1049        114618.66000
1050        114941.10000
1051        115264.25000
1052        115588.12000
1053        115912.71000
1054        116238.01000
1055        116564.03000
1056        116890.77000
1057        117218.23000
1058        117546.41000
1059        117875.31000
1060        118204.94000
1061        118535.30000
1062        118866.38000
1063        119198.19000
1064        119530.73000
1065        119864.00000
1066        120198.00000
1067        120532.73000
1068        120868.20000
1069        121204.40000
1070        121541.33000
1071        121879.01000
1072        122217.42000
1073        122556.57000
1074        122896.47000
1075        123237.10000
1076        123578.48000
1077        123920.60000
1078        124263.47000
1079        124607.08000
1080        124951.44000
1081        125296.56000
1082        125642.42000
1083        125989.03000
1084        126336.39000
1085        126684.51000
1086        127033.39000
1087        127383.02000
1088        127733.41000
1089        128084.55000
1090        128436.46000
1091        128789.12000
1092        129142.55000
1093        129496.75000
1094        129851.70000
1095        130207.43000
1096        130563.92000
1097        130921.17000
1098        131279.20000
1099        131638.00000
1100        131997.57000
1101        132357.91000
1102        132719.03000
1103        133080.92000
1104        133443.59000
1105        133807.04000
1106        134171.26000
1107        134536.27000
1108        134902.06000
1109        135268.63000
1110        135635.99000
1111        136004.13000
1112        136373.05000
1113        136742.77000
1114        137113.27000
1115        137484.56000
1116        137856.65000
1117        138229.52000
1118        138603.19000
1119        138977.66000
1120        139352.92000
1121        139728.98000
1122        140105.84000
1123        140483.50000
1124        140861.96000
1125        141241.22000
1126        141621.29000
1127        142002.16000
1128        142383.83000
1129        142766.32000
1130        143149.61000
1131        143533.71000
1132        143918.63000
1133        144304.35000
1134        144690.89000
1135        145078.25000
1136        145466.42000
1137        145855.41000
1138        146245.22000
1139        146635.84000
1140        147027.29000
1141        147419.56000
1142        147812.66000
1143        148206.58000
1144        148601.32000
1145        148996.89000
1146        149393.30000
1147        149790.53000
1148        150188.59000
1149        150587.49000
1150        150987.22000
1151        151387.78000
1152        151789.18000
1153        152191.42000
1154        152594.50000
1155        152998.42000
1156        153403.18000
1157        153808.78000
1158        154215.22000
1159        154622.51000
1160        155030.65000
1161        155439.64000
1162        155849.47000
1163        156260.16000
1164        156671.69000
1165        157084.08000
1166        157497.33000
1167        157911.43000
1168        158326.38000
1169        158742.20000
1170        159158.87000
1171        159576.41000
1172        159994.80000
1173        160414.06000
1174        160834.19000
1175        161255.18000
1176        161677.04000
1177        162099.76000
1178        162523.36000
1179        162947.83000
1180        163373.17000
1181        163799.38000
1182        164226.47000
1183        164654.43000
1184        165083.28000
1185        165513.00000
1186        165943.60000
1187        166375.08000
1188        166807.45000
1189        167240.70000
1190        167674.84000
1191        168109.86000
1192        168545.77000
1193        168982.57000
1194        169420.26000
1195        169858.85000
1196        170298.32000
1197        170738.69000
1198        171179.96000
1199        171622.13000
1200        172065.19000
1201        172509.16000
1202        172954.02000
1203        173399.79000
1204        173846.46000
1205        174294.04000
1206        174742.52000
1207        175191.92000
1208        175642.22000
1209        176093.43000
1210        176545.56000
1211        176998.60000
1212        177452.55000
1213        177907.42000
1214        178363.20000
1215        178819.91000
1216        179277.54000
1217        179736.08000
1218        180195.55000
1219        180655.95000
1220        181117.27000
1221        181579.52000
1222        182042.69000
1223        182506.80000
1224        182971.83000
1225        183437.80000
1226        183904.70000
1227        184372.54000
1228        184841.31000
1229        185311.02000
1230        185781.67000
1231        186253.27000
1232        186725.80000
1233        187199.27000
1234        187673.70000
1235        188149.06000
1236        188625.38000
1237        189102.64000
1238        189580.85000
1239        190060.02000
1240        190540.13000
1241        191021.21000
1242        191503.23000
1243        191986.22000
1244        192470.16000
1245        192955.06000
1246        193440.93000
1247        193927.75000
1248        194415.54000
1249        194904.30000
1250        195394.02000
1251        195884.71000
1252        196376.37000
1253        196869.00000
1254        197362.61000
1255        197857.18000
1256        198352.73000
1257        198849.26000
1258        199346.77000
1259        199845.25000
1260        200344.72000
1261        200845.17000
1262        201346.60000
1263        201849.02000
1264        202352.42000
1265        202856.81000
1266        203362.19000
1267        203868.56000
1268        204375.92000
1269        204884.28000
1270        205393.63000
1271        205903.97000
1272        206415.32000
1273        206927.66000
1274        207441.00000
1275        207955.35000
1276        208470.70000
1277        208987.05000
1278        209504.41000
1279        210022.77000
1280        210542.15000
1281        211062.54000
1282        211583.93000
1283        212106.34000
1284        212629.77000
1285        213154.21000
1286        213679.67000
1287        214206.15000
1288        214733.65000
1289        215262.17000
1290        215791.71000
1291        216322.28000
1292        216853.87000
1293        217386.50000
1294        217920.15000
1295        218454.83000
1296        218990.54000
1297        219527.29000
1298        220065.07000
1299        220603.89000
1300        221143.75000
1301        221684.64000
1302        222226.58000
1303        222769.55000
1304        223313.57000
1305        223858.64000
1306        224404.75000
1307        224951.91000
1308        225500.12000
1309        226049.38000
1310        226599.70000
1311        227151.06000
1312        227703.49000
1313        228256.96000
1314        228811.50000
1315        229367.10000
1316        229923.75000
1317        230481.48000
1318        231040.26000
1319        231600.11000
1320        232161.03000
1321        232723.01000
1322        233286.07000
1323        233850.19000
1324        234415.39000
1325        234981.66000
1326        235549.01000
1327        236117.44000
1328        236686.95000
1329        237257.53000
1330        237829.20000
1331        238401.95000
1332        238975.79000
1333        239550.71000
1334        240126.72000
1335        240703.82000
1336        241282.01000
1337        241861.29000
1338        242441.67000
1339        243023.14000
1340        243605.71000
1341        244189.37000
1342        244774.14000
1343        245360.01000
1344        245946.98000
1345        246535.05000
1346        247124.23000
1347        247714.52000
1348        248305.92000
1349        248898.42000
1350        249492.04000
1351        250086.77000
1352        250682.62000
1353        251279.58000
1354        251877.66000
1355        252476.86000
1356        253077.19000
1357        253678.63000
1358        254281.20000
1359        254884.89000
1360        255489.71000
1361        256095.66000
1362        256702.74000
1363        257310.95000
1364        257920.29000
1365        258530.77000
1366        259142.38000
1367        259755.14000
1368        260369.03000
1369        260984.06000
1370        261600.24000
1371        262217.55000
1372        262836.02000
1373        263455.63000
1374        264076.39000
1375        264698.30000
1376        265321.36000
1377        265945.57000
1378        266570.94000
1379        267197.47000
1380        267825.15000
1381        268453.99000
1382        269084.00000
1383        269715.16000
1384        270347.49000
1385        270980.99000
1386        271615.65000
1387        272251.48000
1388        272888.48000
1389        273526.66000
1390        274166.00000
1391        274806.53000
1392        275448.22000
1393        276091.10000
1394        276735.16000
1395        277380.39000
1396        278026.81000
1397        278674.42000
1398        279323.21000
1399        279973.19000
1400        280624.35000
1401        281276.71000
1402        281930.26000
1403        282585.00000
1404        283240.94000
1405        283898.08000
1406        284556.41000
1407        285215.95000
1408        285876.69000
1409        286538.63000
1410        287201.77000
1411        287866.12000
1412        288531.68000
1413        289198.45000
1414        289866.43000
1415        290535.62000
1416        291206.03000
1417        291877.66000
1418        292550.50000
1419        293224.56000
1420        293899.84000
1421        294576.35000
1422        295254.07000
1423        295933.03000
1424        296613.21000
1425        297294.62000
1426        297977.26000
1427        298661.14000
1428        299346.24000
1429        300032.58000
1430        300720.16000
1431        301408.98000
1432        302099.04000
1433        302790.34000
1434        303482.88000
1435        304176.67000
1436        304871.71000
1437        305567.99000
1438        306265.52000
1439        306964.31000
1440        307664.35000
1441        308365.64000
1442        309068.19000
1443        309772.00000
1444        310477.07000
1445        311183.39000
1446        311890.99000
1447        312599.84000
1448        313309.97000
1449        314021.36000
1450        314734.02000
1451        315447.95000
1452        316163.15000
1453        316879.63000
1454        317597.39000
1455        318316.42000
1456        319036.73000
1457        319758.32000
1458        320481.20000
1459        321205.36000
1460        321930.81000
1461        322657.54000
1462        323385.56000
1463        324114.88000
1464        324845.49000
1465        325577.39000
1466        326310.59000
1467        327045.08000
1468        327780.88000
1469        328517.97000
1470        329256.37000
1471        329996.07000
1472        330737.08000
1473        331479.40000
1474        332223.02000
1475        332967.96000
1476        333714.21000
1477        334461.77000
1478        335210.65000
1479        335960.85000
1480        336712.37000
1481        337465.20000
1482        338219.37000
1483        338974.85000
1484        339731.66000
1485        340489.80000
1486        341249.27000
1487        342010.07000
1488        342772.20000
1489        343535.67000
1490        344300.47000
1491        345066.61000
1492        345834.10000
1493        346602.92000
1494        347373.08000
1495        348144.60000
1496        348917.45000
1497        349691.66000
1498        350467.21000
1499        351244.12000
1500        352022.38000
1501        352801.99000
1502        353582.97000
1503        354365.30000
1504        355148.99000
1505        355934.04000
1506        356720.45000
1507        357508.23000
1508        358297.38000
1509        359087.90000
1510        359879.79000
1511        360673.04000
1512        361467.68000
1513        362263.69000
1514        363061.07000
1515        363859.84000
1516        364659.98000
1517        365461.51000
1518        366264.42000
1519        367068.72000
1520        367874.41000
1521        368681.48000
1522        369489.95000
1523        370299.81000
1524        371111.06000
1525        371923.72000
1526        372737.76000
1527        373553.21000
1528        374370.06000
1529        375188.32000
1530        376007.98000
1531        376829.04000
1532        377651.52000
1533        378475.40000
1534        379300.70000
1535        380127.41000
1536        380955.53000
1537        381785.08000
1538        382616.04000
1539        383448.42000
1540        384282.23000
1541        385117.46000
1542        385954.12000
1543        386792.20000
1544        387631.72000
1545        388472.66000
1546        389315.04000
1547        390158.86000
1548        391004.11000
1549        391850.80000
1550        392698.93000
1551        393548.50000
1552        394399.51000
1553        395251.97000
1554        396105.88000
1555        396961.24000
1556        397818.05000
1557        398676.31000
1558        399536.03000
1559        400397.20000
1560        401259.83000
1561        402123.92000
1562        402989.47000
1563        403856.49000
1564        404724.97000
1565        405594.92000
1566        406466.34000
1567        407339.22000
1568        408213.58000
1569        409089.42000
1570        409966.73000
1571        410845.52000
1572        411725.79000
1573        412607.54000
1574        413490.77000
1575        414375.49000
1576        415261.69000
1577        416149.38000
1578        417038.57000
1579        417929.24000
1580        418821.41000
1581        419715.08000
1582        420610.25000
1583        421506.91000
1584        422405.07000
1585        423304.74000
1586        424205.92000
1587        425108.60000
1588        426012.79000
1589        426918.48000
1590        427825.70000
1591        428734.42000
1592        429644.66000
1593        430556.42000
1594        431469.70000
1595        432384.51000
1596        433300.83000
1597        434218.68000
1598        435138.06000
1599        436058.96000
1600        436981.40000
1601        437905.37000
1602        438830.87000
1603        439757.91000
1604        440686.49000
1605        441616.60000
1606        442548.26000
1607        443481.46000
1608        444416.21000
1609        445352.51000
1610        446290.35000
1611        447229.75000
1612        448170.70000
1613        449113.20000
1614        450057.26000
1615        451002.88000
1616        451950.06000
1617        452898.80000
1618        453849.10000
1619        454800.97000
1620        455754.41000
1621        456709.42000
1622        457666.00000
1623        458624.15000
1624        459583.88000
1625        460545.19000
1626        461508.07000
1627        462472.54000
1628        463438.58000
1629        464406.22000
1630        465375.44000
1631        466346.24000
1632        467318.64000
1633        468292.63000
1634        469268.22000
1635        470245.40000
1636        471224.18000
1637        472204.55000
1638        473186.53000
1639        474170.12000
1640        475155.31000
1641        476142.10000
1642        477130.51000
1643        478120.52000
1644        479112.15000
1645        480105.40000
1646        481100.26000
1647        482096.74000
1648        483094.84000
1649        484094.56000
1650        485095.91000
1651        486098.88000
1652        487103.49000
1653        488109.72000
1654        489117.58000
1655        490127.08000
1656        491138.22000
1657        492150.99000
1658        493165.40000
1659        494181.45000
1660        495199.15000
1661        496218.50000
1662        497239.49000
1663        498262.13000
1664        499286.42000
1665        500312.36000
1666        501339.96000
1667        502369.22000
1668        503400.13000
1669        504432.71000
1670        505466.95000
1671        506502.86000
1672        507540.43000
1673        508579.67000
1674        509620.58000
1675        510663.16000
1676        511707.42000
1677        512753.36000
1678        513800.97000
1679        514850.26000
1680        515901.24000
1681        516953.90000
1682        518008.25000
1683        519064.28000
1684        520122.01000
1685        521181.42000
1686        522242.53000
1687        523305.34000
1688        524369.85000
1689        525436.05000
1690        526503.96000
1691        527573.57000
1692        528644.89000
1693        529717.91000
1694        530792.65000
1695        531869.09000
1696        532947.25000
1697        534027.13000
1698        535108.72000
1699        536192.04000
1700        537277.07000
1701        538363.83000
1702        539452.32000
1703        540542.53000
1704        541634.47000
1705        542728.14000
1706        543823.55000
1707        544920.69000
1708        546019.57000
1709        547120.19000
1710        548222.56000
1711        549326.66000
1712        550432.51000
1713        551540.11000
1714        552649.46000
1715        553760.55000
1716        554873.41000
1717        555988.01000
1718        557104.38000
1719        558222.50000
1720        559342.39000
1721        560464.04000
1722        561587.46000
1723        562712.64000
1724        563839.59000
1725        564968.32000
1726        566098.82000
1727        567231.09000
1728        568365.14000
1729        569500.97000
1730        570638.58000
1731        571777.98000
1732        572919.16000
1733        574062.13000
1734        575206.89000
1735        576353.44000
1736        577501.79000
1737        578651.93000
1738        579803.87000
1739        580957.61000
1740        582113.15000
1741        583270.49000
1742        584429.64000
1743        585590.60000
1744        586753.37000
1745        587917.95000
1746        589084.35000
1747        590252.56000
1748        591422.59000
1749        592594.44000
1750        593768.11000
1751        594943.61000
1752        596120.93000
1753        597300.08000
1754        598481.07000
1755        599663.88000
1756        600848.53000
1757        602035.02000
1758        603223.34000
1759        604413.51000
1760        605605.52000
1761        606799.37000
1762        607995.07000
1763        609192.63000
1764        610392.03000
1765        611593.28000
1766        612796.39000
1767        614001.36000
1768        615208.19000
1769        616416.88000
1770        617627.43000
1771        618839.85000
1772        620054.13000
1773        621270.29000
1774        622488.32000
1775        623708.22000
1776        624930.00000
1777        626153.65000
1778        627379.19000
1779        628606.61000
1780        629835.91000
1781        631067.10000
1782        632300.18000
1783        633535.15000
1784        634772.02000
1785        636010.77000
1786        637251.43000
1787        638493.98000
1788        639738.44000
1789        640984.80000
1790        642233.06000
1791        643483.23000
1792        644735.31000
1793        645989.31000
1794        647245.21000
1795        648503.04000
1796        649762.78000
1797        651024.44000
1798        652288.02000
1799        653553.53000
1800        654820.97000
1801        656090.33000
1802        657361.63000
1803        658634.85000
1804        659910.02000
1805        661187.12000
1806        662466.16000
1807        663747.14000
1808        665030.06000
1809        666314.93000
1810        667601.75000
1811        668890.52000
1812        670181.24000
1813        671473.91000
1814        672768.54000
1815        674065.13000
1816        675363.68000
1817        676664.20000
1818        677966.68000
1819        679271.12000
1820        680577.54000
1821        681885.92000
1822        683196.28000
1823        684508.62000
1824        685822.93000
1825        687139.23000
1826        688457.50000
1827        689777.76000
1828        691100.01000
1829        692424.25000
1830        693750.47000
1831        695078.69000
1832        696408.91000
1833        697741.12000
1834        699075.33000
1835        700411.54000
1836        701749.76000
1837        703089.99000
1838        704432.22000
1839        705776.46000
1840        707122.71000
1841        708470.98000
1842        709821.27000
1843        711173.58000
1844        712527.90000
1845        713884.25000
1846        715242.63000
1847        716603.03000
1848        717965.47000
1849        719329.93000
1850        720696.43000
1851        722064.97000
1852        723435.55000
1853        724808.17000
1854        726182.83000
1855        727559.53000
1856        728938.29000
1857        730319.09000
1858        731701.94000
1859        733086.85000
1860        734473.82000
1861        735862.84000
1862        737253.93000
1863        738647.08000
1864        740042.29000
1865        741439.57000
1866        742838.93000
1867        744240.35000
1868        745643.85000
1869        747049.42000
1870        748457.07000
1871        749866.81000
1872        751278.62000
1873        752692.52000
1874        754108.51000
1875        755526.59000
1876        756946.76000
1877        758369.03000
1878        759793.39000
1879        761219.85000
1880        762648.41000
1881        764079.07000
1882        765511.84000
1883        766946.72000
1884        768383.70000
1885        769822.80000
1886        771264.01000
1887        772707.34000
1888        774152.79000
1889        775600.36000
1890        777050.05000
1891        778501.87000
1892        779955.82000
1893        781411.89000
1894        782870.10000
1895        784330.45000
1896        785792.93000
1897        787257.55000
1898        788724.31000
1899        790193.21000
1900        791664.26000
1901        793137.46000
1902        794612.81000
1903        796090.31000
1904        797569.96000
1905        799051.78000
1906        800535.75000
1907        802021.88000
1908        803510.18000
1909        805000.65000
1910        806493.28000
1911        807988.09000
1912        809485.07000
1913        810984.22000
1914        812485.55000
1915        813989.06000
1916        815494.75000
1917        817002.63000
1918        818512.70000
1919        820024.95000
1920        821539.40000
1921        823056.04000
1922        824574.87000
1923        826095.91000
1924        827619.14000
1925        829144.58000
1926        830672.22000
1927        832202.07000
1928        833734.13000
1929        835268.41000
1930        836804.89000
1931        838343.60000
1932        839884.52000
1933        841427.67000
1934        842973.03000
1935        844520.63000
1936        846070.45000
1937        847622.51000
1938        849176.79000
1939        850733.31000
1940        852292.07000
1941        853853.07000
1942        855416.32000
1943        856981.80000
1944        858549.54000
1945        860119.52000
1946        861691.76000
1947        863266.25000
1948        864842.99000
1949        866421.99000
1950        868003.26000
1951        869586.79000
1952        871172.58000
1953        872760.64000
1954        874350.98000
1955        875943.58000
1956        877538.46000
1957        879135.62000
1958        880735.06000
1959        882336.78000
1960        883940.78000
1961        885547.07000
1962        887155.65000
1963        888766.52000
1964        890379.69000
1965        891995.15000
1966        893612.91000
1967        895232.97000
1968        896855.34000
1969        898480.01000
1970        900106.99000
1971        901736.28000
1972        903367.88000
1973        905001.80000
1974        906638.03000
1975        908276.59000
1976        909917.47000
1977        911560.67000
1978        913206.20000
1979        914854.06000
1980        916504.25000
1981        918156.77000
1982        919811.63000
1983        921468.83000
1984        923128.37000
1985        924790.26000
1986        926454.49000
1987        928121.07000
1988        929790.00000
1989        931461.29000
1990        933134.93000
1991        934810.93000
1992        936489.29000
1993        938170.01000
1994        939853.10000
1995        941538.55000
1996        943226.38000
1997        944916.58000
1998        946609.15000
1999        948304.10000
2000        950001.43000
2001        951701.15000
2002        953403.25000
2003        955107.73000
2004        956814.60000
2005        958523.87000
2006        960235.53000
2007        961949.59000
2008        963666.05000
2009        965384.90000
2010        967106.17000
2011        968829.84000
2012        970555.91000
2013        972284.40000
2014        974015.31000
2015        975748.63000
2016        977484.36000
2017        979222.52000
2018        980963.11000
2019        982706.11000
2020        984451.55000
2021        986199.42000
2022        987949.72000
2023        989702.46000
2024        991457.63000
2025        993215.25000
2026        994975.31000
2027        996737.81000
2028        998502.77000
2029       1000270.20000
2030       1002040.00000
2031       1003812.30000
2032       1005587.10000
2033       1007364.30000
2034       1009144.00000
2035       1010926.20000
2036       1012710.80000
2037       1014497.90000
2038       1016287.50000
2039       1018079.50000
2040       1019874.00000
2041       1021671.00000
2042       1023470.50000
2043       1025272.50000
2044       1027077.00000
2045       1028883.90000
2046       1030693.30000
2047       1032505.30000
2048       1034319.70000
2049       1036136.60000
2050       1037956.10000
2051       1039778.00000
2052       1041602.50000
2053       1043429.40000
2054       1045258.90000
2055       1047090.90000
2056       1048925.40000
2057       1050762.40000
2058       1052601.90000
2059       1054444.00000
2060       1056288.60000
2061       1058135.70000
2062       1059985.40000
2063       1061837.60000
2064       1063692.30000
2065       1065549.60000
2066       1067409.40000
2067       1069271.80000
2068       1071136.70000
2069       1073004.10000
2070       1074874.10000
2071       1076746.70000
2072       1078621.80000
2073       1080499.50000
2074       1082379.70000
2075       1084262.50000
2076       1086147.90000
2077       1088035.90000
2078       1089926.40000
2079       1091819.50000
2080       1093715.20000
2081       1095613.40000
2082       1097514.30000
2083       1099417.70000
2084       1101323.70000
2085       1103232.30000
2086       1105143.50000
2087       1107057.30000
2088       1108973.70000
2089       1110892.60000
2090       1112814.20000
2091       1114738.40000
2092       1116665.20000
2093       1118594.70000
2094       1120526.70000
2095       1122461.30000
2096       1124398.60000
2097       1126338.50000
2098       1128281.00000
2099       1130226.10000
2100       1132173.90000
2101       1134124.30000
2102       1136077.30000
2103       1138033.00000
2104       1139991.30000
2105       1141952.20000
2106       1143915.80000
2107       1145882.10000
2108       1147851.00000
2109       1149822.50000
2110       1151796.70000
2111       1153773.50000
2112       1155753.10000
2113       1157735.20000
2114       1159720.10000
2115       1161707.60000
2116       1163697.80000
2117       1165690.60000
2118       1167686.10000
2119       1169684.30000
2120       1171685.20000
2121       1173688.80000
2122       1175695.00000
2123       1177704.00000
2124       1179715.60000
2125       1181729.90000
2126       1183747.00000
2127       1185766.70000
2128       1187789.10000
2129       1189814.20000
2130       1191842.10000
2131       1193872.60000
2132       1195905.80000
2133       1197941.80000
2134       1199980.50000
2135       1202021.90000
2136       1204066.00000
2137       1206112.90000
2138       1208162.50000
2139       1210214.80000
2140       1212269.80000
2141       1214327.60000
2142       1216388.10000
2143       1218451.30000
2144       1220517.30000
2145       1222586.10000
2146       1224657.60000
2147       1226731.80000
2148       1228808.80000
2149       1230888.60000
2150       1232971.10000
2151       1235056.40000
2152       1237144.40000
2153       1239235.20000
2154       1241328.80000
2155       1243425.10000
2156       1245524.30000
2157       1247626.20000
2158       1249730.90000
2159       1251838.30000
2160       1253948.60000
2161       1256061.60000
2162       1258177.40000
2163       1260296.10000
2164       1262417.50000
2165       1264541.70000
2166       1266668.70000
2167       1268798.50000
2168       1270931.20000
2169       1273066.60000
2170       1275204.90000
2171       1277345.90000
2172       1279489.80000
2173       1281636.50000
2174       1283786.10000
2175       1285938.40000
2176       1288093.60000
2177       1290251.60000
2178       1292412.50000
2179       1294576.10000
2180       1296742.70000
2181       1298912.00000
2182       1301084.20000
2183       1303259.30000
2184       1305437.20000
2185       1307618.00000
2186       1309801.60000
2187       1311988.10000
2188       1314177.40000
2189       1316369.60000
2190       1318564.70000
2191       1320762.60000
2192       1322963.40000
2193       1325167.10000
2194       1327373.60000
2195       1329583.10000
2196       1331795.40000
2197       1334010.60000
2198       1336228.70000
2199       1338449.70000
2200       1340673.50000
2201       1342900.30000
2202       1345130.00000
2203       1347362.50000
2204       1349598.00000
2205       1351836.40000
2206       1354077.70000
2207       1356321.90000
2208       1358569.00000
2209       1360819.00000
2210       1363072.00000
2211       1365327.90000
2212       1367586.70000
2213       1369848.40000
2214       1372113.10000
2215       1374380.70000
2216       1376651.20000
2217       1378924.70000
2218       1381201.10000
2219       1383480.50000
2220       1385762.80000
2221       1388048.10000
2222       1390336.30000
2223       1392627.50000
2224       1394921.60000
2225       1397218.70000
2226       1399518.80000
2227       1401821.80000
2228       1404127.80000
2229       1406436.80000
2230       1408748.70000
2231       1411063.60000
2232       1413381.50000
2233       1415702.40000
2234       1418026.30000
2235       1420353.20000
2236       1422683.00000
2237       1425015.90000
2238       1427351.70000
2239       1429690.60000
2240       1432032.40000
2241       1434377.30000
2242       1436725.20000
2243       1439076.00000
2244       1441429.90000
2245       1443786.90000
2246       1446146.80000
2247       1448509.70000
2248       1450875.70000
2249       1453244.70000
2250       1455616.80000
2251       1457991.90000
2252       1460370.00000
2253       1462751.10000
2254       1465135.30000
2255       1467522.60000
2256       1469912.90000
2257       1472306.20000
2258       1474702.60000
2259       1477102.00000
2260       1479504.60000
2261       1481910.10000
2262       1484318.80000
2263       1486730.50000
2264       1489145.20000
2265       1491563.10000
2266       1493984.00000
2267       1496408.00000
2268       1498835.10000
2269       1501265.30000
2270       1503698.60000
2271       1506134.90000
2272       1508574.30000
2273       1511016.90000
2274       1513462.50000
2275       1515911.30000
2276       1518363.10000
2277       1520818.10000
2278       1523276.10000
2279       1525737.30000
2280       1528201.60000
2281       1530669.00000
2282       1533139.60000
2283       1535613.20000
2284       1538090.00000
2285       1540569.90000
2286       1543053.00000
2287       1545539.20000
2288       1548028.50000
2289       1550521.00000
2290       1553016.60000
2291       1555515.30000
2292       1558017.20000
2293       1560522.30000
2294       1563030.50000
2295       1565541.90000
2296       1568056.40000
2297       1570574.10000
2298       1573095.00000
2299       1575619.10000
2300       1578146.30000
2301       1580676.70000
2302       1583210.20000
2303       1585747.00000
2304       1588286.90000
2305       1590830.10000
2306       1593376.40000
2307       1595925.90000
2308       1598478.60000
2309       1601034.50000
2310       1603593.60000
2311       1606155.90000
2312       1608721.50000
2313       1611290.20000
2314       1613862.10000
2315       1616437.30000
2316       1619015.70000
2317       1621597.30000
2318       1624182.10000
2319       1626770.20000
2320       1629361.50000
2321       1631956.00000
2322       1634553.80000
2323       1637154.80000
2324       1639759.00000
2325       1642366.50000
2326       1644977.30000
2327       1647591.30000
2328       1650208.50000
2329       1652829.00000
2330       1655452.80000
2331       1658079.80000
2332       1660710.10000
2333       1663343.70000
2334       1665980.50000
2335       1668620.60000
2336       1671264.00000
2337       1673910.70000
2338       1676560.70000
2339       1679213.90000
2340       1681870.40000
2341       1684530.30000
2342       1687193.40000
2343       1689859.80000
2344       1692529.50000
2345       1695202.60000
2346       1697878.90000
2347       1700558.50000
2348       1703241.50000
2349       1705927.80000
2350       1708617.40000
2351       1711310.30000
2352       1714006.50000
2353       1716706.10000
2354       1719409.00000
2355       1722115.30000
2356       1724824.80000
2357       1727537.80000
2358       1730254.00000
2359       1732973.60000
2360       1735696.60000
2361       1738422.90000
2362       1741152.60000
2363       1743885.60000
2364       1746622.00000
2365       1749361.70000
2366       1752104.80000
2367       1754851.30000
2368       1757601.20000
2369       1760354.40000
2370       1763111.00000
2371       1765871.00000
2372       1768634.40000
2373       1771401.10000
2374       1774171.30000
2375       1776944.90000
2376       1779721.80000
2377       1782502.10000
2378       1785285.90000
2379       1788073.10000
2380       1790863.60000
2381       1793657.60000
2382       1796455.00000
2383       1799255.80000
2384       1802060.10000
2385       1804867.70000
2386       1807678.80000
2387       1810493.30000
2388       1813311.30000
2389       1816132.60000
2390       1818957.50000
2391       1821785.70000
2392       1824617.50000
2393       1827452.60000
2394       1830291.20000
2395       1833133.30000
2396       1835978.80000
2397       1838827.80000
2398       1841680.30000
2399       1844536.20000
2400       1847395.60000
2401       1850258.40000
2402       1853124.70000
2403       1855994.60000
2404       1858867.90000
2405       1861744.60000
2406       1864624.90000
2407       1867508.70000
2408       1870395.90000
2409       1873286.70000
2410       1876180.90000
2411       1879078.70000
2412       1881979.90000
2413       1884884.70000
2414       1887793.00000
2415       1890704.80000
2416       1893620.10000
2417       1896538.90000
2418       1899461.30000
2419       1902387.20000
2420       1905316.60000
2421       1908249.50000
2422       1911186.00000
2423       1914126.10000
2424       1917069.60000
2425       1920016.80000
2426       1922967.40000
2427       1925921.70000
2428       1928879.40000
2429       1931840.80000
2430       1934805.70000
2431       1937774.10000
2432       1940746.20000
2433       1943721.80000
2434       1946700.90000
2435       1949683.70000
2436       1952670.00000
2437       1955659.90000
2438       1958653.50000
2439       1961650.50000
2440       1964651.20000
2441       1967655.50000
2442       1970663.40000
2443       1973674.90000
2444       1976690.00000
2445       1979708.70000
2446       1982731.00000
2447       1985756.90000
2448       1988786.40000
2449       1991819.60000
2450       1994856.40000
2451       1997896.80000
2452       2000940.80000
2453       2003988.50000
2454       2007039.80000
2455       2010094.80000
2456       2013153.40000
2457       2016215.60000
2458       2019281.50000
2459       2022351.10000
2460       2025424.30000
2461       2028501.10000
2462       2031581.60000
2463       2034665.80000
2464       2037753.70000
2465       2040845.20000
2466       2043940.40000
2467       2047039.20000
2468       2050141.80000
2469       2053248.00000
2470       2056358.00000
2471       2059471.60000
2472       2062588.90000
2473       2065709.90000
2474       2068834.60000
2475       2071963.00000
2476       2075095.10000
2477       2078230.90000
2478       2081370.50000
2479       2084513.70000
2480       2087660.70000
2481       2090811.40000
2482       2093965.80000
2483       2097123.90000
2484       2100285.80000
2485       2103451.40000
2486       2106620.70000
2487       2109793.80000
2488       2112970.60000
2489       2116151.20000
2490       2119335.50000
2491       2122523.60000
2492       2125715.50000
2493       2128911.10000
2494       2132110.40000
2495       2135313.50000
2496       2138520.40000
2497       2141731.10000
2498       2144945.50000
2499       2148163.80000
2500       2151385.80000
2501       2154611.60000
2502       2157841.10000
2503       2161074.50000
2504       2164311.70000
2505       2167552.60000
2506       2170797.40000
2507       2174046.00000
2508       2177298.40000
2509       2180554.60000
2510       2183814.60000
2511       2187078.40000
2512       2190346.00000
2513       2193617.50000
2514       2196892.80000
2515       2200171.90000
2516       2203454.90000
2517       2206741.70000
2518       2210032.30000
2519       2213326.80000
2520       2216625.10000
2521       2219927.30000
2522       2223233.30000
2523       2226543.20000
2524       2229857.00000
2525       2233174.60000
2526       2236496.10000
2527       2239821.40000
2528       2243150.60000
2529       2246483.70000
2530       2249820.70000
2531       2253161.60000
2532       2256506.30000
2533       2259855.00000
2534       2263207.50000
2535       2266563.90000
2536       2269924.20000
2537       2273288.50000
2538       2276656.60000
2539       2280028.60000
2540       2283404.60000
2541       2286784.40000
2542       2290168.20000
2543       2293555.90000
2544       2296947.60000
2545       2300343.10000
2546       2303742.60000
2547       2307146.00000
2548       2310553.40000
2549       2313964.70000
2550       2317380.00000
2551       2320799.20000
2552       2324222.30000
2553       2327649.40000
2554       2331080.50000
2555       2334515.50000
2556       2337954.50000
2557       2341397.50000
2558       2344844.40000
2559       2348295.30000
2560       2351750.20000
2561       2355209.10000
2562       2358671.90000
2563       2362138.70000
2564       2365609.60000
2565       2369084.40000
2566       2372563.20000
2567       2376046.00000
2568       2379532.90000
2569       2383023.70000
2570       2386518.60000
2571       2390017.40000
2572       2393520.30000
2573       2397027.20000
2574       2400538.10000
2575       2404053.10000
2576       2407572.10000
2577       2411095.10000
2578       2414622.10000
2579       2418153.20000
2580       2421688.40000
2581       2425227.60000
2582       2428770.80000
2583       2432318.10000
2584       2435869.40000
2585       2439424.90000
2586       2442984.30000
2587       2446547.90000
2588       2450115.50000
2589       2453687.20000
2590       2457263.00000
2591       2460842.80000
2592       2464426.80000
2593       2468014.80000
2594       2471606.90000
2595       2475203.10000
2596       2478803.40000
2597       2482407.80000
2598       2486016.40000
2599       2489629.00000
2600       2493245.70000
2601       2496866.60000
2602       2500491.60000
2603       2504120.60000
2604       2507753.90000
2605       2511391.20000
2606       2515032.70000
2607       2518678.30000
2608       2522328.10000
2609       2525982.00000
2610       2529640.00000
2611       2533302.20000
2612       2536968.50000
2613       2540639.00000
2614       2544313.70000
2615       2547992.50000
2616       2551675.50000
2617       2555362.70000
2618       2559054.00000
2619       2562749.50000
2620       2566449.20000
2621       2570153.10000
2622       2573861.10000
2623       2577573.40000
2624       2581289.80000
2625       2585010.40000
2626       2588735.30000
2627       2592464.30000
2628       2596197.60000
2629       2599935.00000
2630       2603676.70000
2631       2607422.60000
2632       2611172.70000
2633       2614927.00000
2634       2618685.60000
2635       2622448.40000
2636       2626215.40000
2637       2629986.70000
2638       2633762.20000
2639       2637541.90000
2640       2641325.90000
2641       2645114.20000
2642       2648906.70000
2643       2652703.50000
2644       2656504.50000
2645       2660309.80000
2646       2664119.40000
2647       2667933.20000
2648       2671751.30000
2649       2675573.70000
2650       2679400.40000
2651       2683231.30000
2652       2687066.60000
2653       2690906.10000
2654       2694750.00000
2655       2698598.10000
2656       2702450.60000
2657       2706307.30000
2658       2710168.40000
2659       2714033.80000
2660       2717903.50000
2661       2721777.50000
2662       2725655.80000
2663       2729538.50000
2664       2733425.50000
2665       2737316.80000
2666       2741212.50000
2667       2745112.50000
2668       2749016.90000
2669       2752925.60000
2670       2756838.70000
2671       2760756.10000
2672       2764677.90000
2673       2768604.00000
2674       2772534.50000
2675       2776469.40000
2676       2780408.60000
2677       2784352.30000
2678       2788300.30000
2679       2792252.70000
2680       2796209.50000
2681       2800170.60000
2682       2804136.20000
2683       2808106.20000
2684       2812080.50000
2685       2816059.30000
2686       2820042.50000
2687       2824030.10000
2688       2828022.10000
2689       2832018.50000
2690       2836019.40000
2691       2840024.70000
2692       2844034.40000
2693       2848048.50000
2694       2852067.10000
2695       2856090.10000
2696       2860117.60000
2697       2864149.50000
2698       2868185.90000
2699       2872226.70000
2700       2876272.00000
2701       2880321.70000
2702       2884375.90000
2703       2888434.60000
2704       2892497.80000
2705       2896565.40000
2706       2900637.50000
2707       2904714.10000
2708       2908795.10000
2709       2912880.70000
2710       2916970.80000
2711       2921065.30000
2712       2925164.40000
2713       2929267.90000
2714       2933376.00000
2715       2937488.60000
2716       2941605.70000
2717       2945727.30000
2718       2949853.40000
2719       2953984.10000
2720       2958119.30000
2721       2962259.00000
2722       2966403.30000
2723       2970552.10000
2724       2974705.40000
2725       2978863.30000
2726       2983025.80000
2727       2987192.80000
2728       2991364.40000
2729       2995540.50000
2730       2999721.20000
2731       3003906.40000
2732       3008096.30000
2733       3012290.70000
2734       3016489.70000
2735       3020693.20000
2736       3024901.40000
2737       3029114.20000
2738       3033331.50000
2739       3037553.40000
2740       3041780.00000
2741       3046011.10000
2742       3050246.90000
2743       3054487.30000
2744       3058732.30000
2745       3062981.90000
2746       3067236.10000
2747       3071495.00000
2748       3075758.50000
2749       3080026.60000
2750       3084299.40000
2751       3088576.80000
2752       3092858.80000
2753       3097145.50000
2754       3101436.90000
2755       3105732.90000
2756       3110033.60000
2757       3114338.90000
2758       3118648.90000
2759       3122963.60000
2760       3127282.90000
2761       3131606.90000
2762       3135935.60000
2763       3140269.00000
2764       3144607.10000
2765       3148949.90000
2766       3153297.40000
2767       3157649.50000
2768       3162006.40000
2769       3166368.00000
2770       3170734.30000
2771       3175105.30000
2772       3179481.00000
2773       3183861.50000
2774       3188246.70000
2775       3192636.60000
2776       3197031.20000
2777       3201430.60000
2778       3205834.70000
2779       3210243.60000
2780       3214657.20000
2781       3219075.60000
2782       3223498.70000
2783       3227926.50000
2784       3232359.20000
2785       3236796.60000
2786       3241238.80000
2787       3245685.70000
2788       3250137.50000
2789       3254594.00000
2790       3259055.30000
2791       3263521.40000
2792       3267992.20000
2793       3272467.90000
2794       3276948.40000
2795       3281433.70000
2796       3285923.80000
2797       3290418.60000
2798       3294918.40000
2799       3299422.90000
2800       3303932.20000
2801       3308446.40000
2802       3312965.40000
2803       3317489.30000
2804       3322018.00000
2805       3326551.50000
2806       3331089.80000
2807       3335633.10000
2808       3340181.10000
2809       3344734.10000
2810       3349291.80000
2811       3353854.50000
2812       3358422.00000
2813       3362994.40000
2814       3367571.60000
2815       3372153.80000
2816       3376740.80000
2817       3381332.70000
2818       3385929.50000
2819       3390531.20000
2820       3395137.80000
2821       3399749.30000
2822       3404365.70000
2823       3408987.00000
2824       3413613.20000
2825       3418244.30000
2826       3422880.40000
2827       3427521.30000
2828       3432167.20000
2829       3436818.10000
2830       3441473.80000
2831       3446134.50000
2832       3450800.20000
2833       3455470.80000
2834       3460146.30000
2835       3464826.80000
2836       3469512.30000
2837       3474202.70000
2838       3478898.10000
2839       3483598.50000
2840       3488303.80000
2841       3493014.10000
2842       3497729.40000
2843       3502449.60000
2844       3507174.90000
2845       3511905.10000
2846       3516640.40000
2847       3521380.60000
2848       3526125.90000
2849       3530876.10000
2850       3535631.40000
2851       3540391.70000
2852       3545157.00000
2853       3549927.30000
2854       3554702.70000
2855       3559483.00000
2856       3564268.40000
2857       3569058.90000
2858       3573854.40000
2859       3578654.90000
2860       3583460.50000
2861       3588271.20000
2862       3593086.90000
2863       3597907.60000
2864       3602733.40000
2865       3607564.30000
2866       3612400.30000
2867       3617241.30000
2868       3622087.50000
2869       3626938.70000
2870       3631794.90000
2871       3636656.30000
2872       3641522.80000
2873       3646394.40000
2874       3651271.10000
2875       3656152.90000
2876       3661039.80000
2877       3665931.80000
2878       3670828.90000
2879       3675731.20000
2880       3680638.50000
2881       3685551.10000
2882       3690468.70000
2883       3695391.50000
2884       3700319.40000
2885       3705252.50000
2886       3710190.70000
2887       3715134.10000
2888       3720082.60000
2889       3725036.30000
2890       3729995.20000
2891       3734959.20000
2892       3739928.40000
2893       3744902.80000
2894       3749882.30000
2895       3754867.10000
2896       3759857.00000
2897       3764852.10000
2898       3769852.40000
2899       3774858.00000
2900       3779868.70000
2901       3784884.60000
2902       3789905.80000
2903       3794932.10000
2904       3799963.70000
2905       3805000.50000
2906       3810042.60000
2907       3815089.80000
2908       3820142.30000
2909       3825200.10000
2910       3830263.00000
2911       3835331.30000
2912       3840404.80000
2913       3845483.50000
2914       3850567.50000
2915       3855656.70000
2916       3860751.30000
2917       3865851.10000
2918       3870956.10000
2919       3876066.50000
2920       3881182.10000
2921       3886303.00000
2922       3891429.20000
2923       3896560.70000
2924       3901697.60000
2925       3906839.70000
2926       3911987.10000
2927       3917139.80000
2928       3922297.80000
2929       3927461.20000
2930       3932629.90000
2931       3937803.90000
2932       3942983.20000
2933       3948167.90000
2934       3953357.90000
2935       3958553.20000
2936       3963753.90000
2937       3968960.00000
2938       3974171.40000
2939       3979388.10000
2940       3984610.20000
2941       3989837.70000
2942       3995070.60000
2943       4000308.80000
2944       4005552.40000
2945       4010801.40000
2946       4016055.80000
2947       4021315.50000
2948       4026580.70000
2949       4031851.20000
2950       4037127.20000
2951       4042408.60000
2952       4047695.30000
2953       4052987.50000
2954       4058285.10000
2955       4063588.10000
2956       4068896.60000
2957       4074210.50000
2958       4079529.80000
2959       4084854.50000
2960       4090184.70000
2961       4095520.40000
2962       4100861.50000
2963       4106208.00000
2964       4111560.00000
2965       4116917.50000
2966       4122280.40000
2967       4127648.80000
2968       4133022.70000
2969       4138402.00000
2970       4143786.90000
2971       4149177.20000
2972       4154573.00000
2973       4159974.30000
2974       4165381.10000
2975       4170793.40000
2976       4176211.30000
2977       4181634.60000
2978       4187063.40000
2979       4192497.80000
2980       4197937.70000
2981       4203383.10000
2982       4208834.00000
2983       4214290.50000
2984       4219752.50000
2985       4225220.00000
2986       4230693.10000
2987       4236171.80000
2988       4241656.00000
2989       4247145.80000
2990       4252641.10000
2991       4258142.00000
2992       4263648.50000
2993       4269160.50000
2994       4274678.10000
2995       4280201.30000
2996       4285730.10000
2997       4291264.50000
2998       4296804.50000
2999       4302350.10000
3000       4307901.30000
3001       4313458.10000
3002       4319020.50000
3003       4324588.50000
3004       4330162.10000
3005       4335741.40000
3006       4341326.30000
3007       4346916.80000
3008       4352513.00000
3009       4358114.80000
3010       4363722.30000
3011       4369335.40000
3012       4374954.10000
3013       4380578.50000
3014       4386208.60000
3015       4391844.40000
3016       4397485.80000
3017       4403132.90000
3018       4408785.60000
3019       4414444.10000
3020       4420108.20000
3021       4425778.00000
3022       4431453.50000
3023       4437134.70000
3024       4442821.70000
3025       4448514.30000
3026       4454212.60000
3027       4459916.70000
3028       4465626.40000
3029       4471341.90000
3030       4477063.20000
3031       4482790.10000
3032       4488522.80000
3033       4494261.20000
3034       4500005.40000
3035       4505755.30000
3036       4511511.00000
3037       4517272.40000
3038       4523039.60000
3039       4528812.60000
3040       4534591.30000
3041       4540375.80000
3042       4546166.10000
3043       4551962.10000
3044       4557764.00000
3045       4563571.60000
3046       4569385.00000
3047       4575204.30000
3048       4581029.30000
3049       4586860.10000
3050       4592696.80000
3051       4598539.20000
3052       4604387.50000
3053       4610241.60000
3054       4616101.60000
3055       4621967.30000
3056       4627838.90000
3057       4633716.40000
3058       4639599.60000
3059       4645488.80000
3060       4651383.80000
3061       4657284.60000
3062       4663191.30000
3063       4669103.90000
3064       4675022.30000
3065       4680946.60000
3066       4686876.80000
3067       4692812.90000
3068       4698754.90000
3069       4704702.70000
3070       4710656.50000
3071       4716616.10000
3072       4722581.70000
3073       4728553.10000
3074       4734530.50000
3075       4740513.80000
3076       4746503.00000
3077       4752498.10000
3078       4758499.20000
3079       4764506.10000
3080       4770519.10000
3081       4776537.90000
3082       4782562.80000
3083       4788593.50000
3084       4794630.20000
3085       4800672.90000
3086       4806721.60000
3087       4812776.20000
3088       4818836.70000
3089       4824903.30000
3090       4830975.80000
3091       4837054.40000
3092       4843138.90000
3093       4849229.40000
3094       4855325.90000
3095       4861428.40000
3096       4867536.90000
3097       4873651.40000
3098       4879771.90000
3099       4885898.40000
3100       4892031.00000
3101       4898169.60000
3102       4904314.20000
3103       4910464.90000
3104       4916621.60000
3105       4922784.30000
3106       4928953.10000
3107       4935128.00000
3108       4941308.90000
3109       4947495.80000
3110       4953688.80000
3111       4959887.90000
3112       4966093.10000
3113       4972304.40000
3114       4978521.70000
3115       4984745.10000
3116       4990974.60000
3117       4997210.20000
3118       5003451.90000
3119       5009699.70000
3120       5015953.60000
3121       5022213.70000
3122       5028479.80000
3123       5034752.10000
3124       5041030.50000
3125       5047315.00000
3126       5053605.60000
3127       5059902.40000
3128       5066205.40000
3129       5072514.50000
3130       5078829.70000
3131       5085151.10000
3132       5091478.60000
3133       5097812.40000
3134       5104152.20000
3135       5110498.30000
3136       5116850.50000
3137       5123209.00000
3138       5129573.60000
3139       5135944.40000
3140       5142321.30000
3141       5148704.50000
3142       5155093.90000
3143       5161489.50000
3144       5167891.30000
3145       5174299.40000
3146       5180713.60000
3147       5187134.10000
3148       5193560.80000
3149       5199993.70000
3150       5206432.90000
3151       5212878.30000
3152       5219330.00000
3153       5225787.90000
3154       5232252.10000
3155       5238722.60000
3156       5245199.30000
3157       5251682.20000
3158       5258171.50000
3159       5264667.00000
3160       5271168.80000
3161       5277676.90000
3162       5284191.30000
3163       5290712.00000
3164       5297238.90000
3165       5303772.20000
3166       5310311.80000
3167       5316857.70000
3168       5323409.90000
3169       5329968.50000
3170       5336533.40000
3171       5343104.60000
3172       5349682.10000
3173       5356266.00000
3174       5362856.20000
3175       5369452.80000
3176       5376055.70000
3177       5382665.00000
3178       5389280.60000
3179       5395902.60000
3180       5402531.00000
3181       5409165.70000
3182       5415806.90000
3183       5422454.40000
3184       5429108.30000
3185       5435768.60000
3186       5442435.30000
3187       5449108.40000
3188       5455787.90000
3189       5462473.80000
3190       5469166.10000
3191       5475864.90000
3192       5482570.00000
3193       5489281.60000
3194       5495999.70000
3195       5502724.10000
3196       5509455.10000
3197       5516192.40000
3198       5522936.20000
3199       5529686.50000
3200       5536443.20000
3201       5543206.40000
3202       5549976.00000
3203       5556752.20000
3204       5563534.80000
3205       5570323.90000
3206       5577119.40000
3207       5583921.50000
3208       5590730.10000
3209       5597545.10000
3210       5604366.70000
3211       5611194.70000
3212       5618029.30000
3213       5624870.40000
3214       5631718.10000
3215       5638572.20000
3216       5645432.90000
3217       5652300.10000
3218       5659173.90000
3219       5666054.20000
3220       5672941.00000
3221       5679834.40000
3222       5686734.40000
3223       5693640.90000
3224       5700554.00000
3225       5707473.70000
3226       5714399.90000
3227       5721332.70000
3228       5728272.10000
3229       5735218.10000
3230       5742170.70000
3231       5749129.90000
3232       5756095.70000
3233       5763068.10000
3234       5770047.10000
3235       5777032.80000
3236       5784025.00000
3237       5791023.90000
3238       5798029.40000
3239       5805041.50000
3240       5812060.30000
3241       5819085.80000
3242       5826117.80000
3243       5833156.60000
3244       5840201.90000
3245       5847254.00000
3246       5854312.70000
3247       5861378.10000
3248       5868450.20000
3249       5875528.90000
3250       5882614.30000
3251       5889706.50000
3252       5896805.30000
3253       5903910.80000
3254       5911023.00000
3255       5918141.90000
3256       5925267.60000
3257       5932399.90000
3258       5939539.00000
3259       5946684.80000
3260       5953837.30000
3261       5960996.60000
3262       5968162.60000
3263       5975335.40000
3264       5982514.90000
3265       5989701.10000
3266       5996894.10000
3267       6004093.90000
3268       6011300.50000
3269       6018513.80000
3270       6025733.90000
3271       6032960.70000
3272       6040194.40000
3273       6047434.90000
3274       6054682.10000
3275       6061936.10000
3276       6069197.00000
3277       6076464.70000
3278       6083739.10000
3279       6091020.40000
3280       6098308.50000
3281       6105603.50000
3282       6112905.30000
3283       6120213.90000
3284       6127529.30000
3285       6134851.60000
3286       6142180.80000
3287       6149516.80000
3288       6156859.60000
3289       6164209.40000
3290       6171566.00000
3291       6178929.40000
3292       6186299.80000
3293       6193677.00000
3294       6201061.10000
3295       6208452.10000
3296       6215850.10000
3297       6223254.90000
3298       6230666.60000
3299       6238085.20000
3300       6245510.80000
3301       6252943.20000
3302       6260382.60000
3303       6267828.90000
3304       6275282.20000
3305       6282742.40000
3306       6290209.50000
3307       6297683.60000
3308       6305164.60000
3309       6312652.60000
3310       6320147.60000
3311       6327649.50000
3312       6335158.40000
3313       6342674.30000
3314       6350197.10000
3315       6357727.00000
3316       6365263.80000
3317       6372807.60000
3318       6380358.50000
3319       6387916.30000
3320       6395481.10000
3321       6403053.00000
3322       6410631.80000
3323       6418217.70000
3324       6425810.70000
3325       6433410.60000
3326       6441017.60000
3327       6448631.60000
3328       6456252.70000
3329       6463880.90000
3330       6471516.00000
3331       6479158.30000
3332       6486807.60000
3333       6494464.00000
3334       6502127.50000
3335       6509798.00000
3336       6517475.60000
3337       6525160.30000
3338       6532852.10000
3339       6540551.10000
3340       6548257.10000
3341       6555970.20000
3342       6563690.40000
3343       6571417.80000
3344       6579152.20000
3345       6586893.80000
3346       6594642.60000
3347       6602398.40000
3348       6610161.40000
3349       6617931.60000
3350       6625708.90000
3351       6633493.40000
3352       6641285.00000
3353       6649083.80000
3354       6656889.70000
3355       6664702.90000
3356       6672523.20000
3357       6680350.70000
3358       6688185.40000
3359       6696027.20000
3360       6703876.30000
3361       6711732.60000
3362       6719596.10000
3363       6727466.80000
3364       6735344.70000
3365       6743229.90000
3366       6751122.20000
3367       6759021.80000
3368       6766928.70000
3369       6774842.70000
3370       6782764.10000
3371       6790692.70000
3372       6798628.50000
3373       6806571.60000
3374       6814521.90000
3375       6822479.60000
3376       6830444.50000
3377       6838416.70000
3378       6846396.10000
3379       6854382.90000
3380       6862377.00000
3381       6870378.30000
3382       6878387.00000
3383       6886402.90000
3384       6894426.20000
3385       6902456.80000
3386       6910494.70000
3387       6918540.00000
3388       6926592.60000
3389       6934652.50000
3390       6942719.80000
3391       6950794.40000
3392       6958876.40000
3393       6966965.70000
3394       6975062.40000
3395       6983166.40000
3396       6991277.80000
3397       6999396.60000
3398       7007522.80000
3399       7015656.40000
3400       7023797.30000
3401       7031945.70000
3402       7040101.50000
3403       7048264.60000
3404       7056435.20000
3405       7064613.20000
3406       7072798.60000
3407       7080991.40000
3408       7089191.70000
3409       7097399.40000
3410       7105614.50000
3411       7113837.10000
3412       7122067.10000
3413       7130304.60000
3414       7138549.60000
3415       7146802.00000
3416       7155061.90000
3417       7163329.20000
3418       7171604.00000
3419       7179886.40000
3420       7188176.20000
3421       7196473.50000
3422       7204778.30000
3423       7213090.60000
3424       7221410.40000
3425       7229737.70000
3426       7238072.50000
3427       7246414.90000
3428       7254764.80000
3429       7263122.20000
3430       7271487.20000
3431       7279859.70000
3432       7288239.70000
3433       7296627.30000
3434       7305022.50000
3435       7313425.20000
3436       7321835.50000
3437       7330253.40000
3438       7338678.80000
3439       7347111.80000
3440       7355552.40000
3441       7364000.60000
3442       7372456.40000
3443       7380919.80000
3444       7389390.80000
3445       7397869.40000
3446       7406355.70000
3447       7414849.50000
3448       7423351.00000
3449       7431860.10000
3450       7440376.90000
3451       7448901.30000
3452       7457433.30000
3453       7465973.00000
3454       7474520.30000
3455       7483075.30000
3456       7491638.00000
3457       7500208.30000
3458       7508786.40000
3459       7517372.10000
3460       7525965.40000
3461       7534566.50000
3462       7543175.30000
3463       7551791.80000
3464       7560415.90000
3465       7569047.80000
3466       7577687.40000
3467       7586334.80000
3468       7594989.80000
3469       7603652.60000
3470       7612323.10000
3471       7621001.40000
3472       7629687.40000
3473       7638381.10000
3474       7647082.60000
3475       7655791.90000
3476       7664508.90000
3477       7673233.80000
3478       7681966.30000
3479       7690706.70000
3480       7699454.90000
3481       7708210.80000
3482       7716974.50000
3483       7725746.10000
3484       7734525.40000
3485       7743312.60000
3486       7752107.50000
3487       7760910.30000
3488       7769720.90000
3489       7778539.40000
3490       7787365.70000
3491       7796199.80000
3492       7805041.80000
3493       7813891.60000
3494       7822749.30000
3495       7831614.80000
3496       7840488.20000
3497       7849369.50000
3498       7858258.60000
3499       7867155.70000
3500       7876060.60000
3501       7884973.40000
3502       7893894.10000
3503       7902822.70000
3504       7911759.30000
3505       7920703.70000
3506       7929656.00000
3507       7938616.30000
3508       7947584.50000
3509       7956560.60000
3510       7965544.70000
3511       7974536.70000
3512       7983536.60000
3513       7992544.50000
3514       8001560.40000
3515       8010584.20000
3516       8019616.00000
3517       8028655.80000
3518       8037703.50000
3519       8046759.30000
3520       8055823.00000
3521       8064894.70000
3522       8073974.40000
3523       8083062.10000
3524       8092157.80000
3525       8101261.50000
3526       8110373.30000
3527       8119493.10000
3528       8128620.90000
3529       8137756.70000
3530       8146900.60000
3531       8156052.50000
3532       8165212.40000
3533       8174380.50000
3534       8183556.50000
3535       8192740.70000
3536       8201932.90000
3537       8211133.20000
3538       8220341.60000
3539       8229558.00000
3540       8238782.60000
3541       8248015.20000
3542       8257255.90000
3543       8266504.80000
3544       8275761.70000
3545       8285026.80000
3546       8294300.00000
3547       8303581.30000
3548       8312870.80000
3549       8322168.30000
3550       8331474.10000
3551       8340787.90000
3552       8350110.00000
3553       8359440.20000
3554       8368778.50000
3555       8378125.00000
3556       8387479.70000
3557       8396842.60000
3558       8406213.60000
3559       8415592.80000
3560       8424980.30000
3561       8434375.90000
3562       8443779.70000
3563       8453191.80000
3564       8462612.00000
3565       8472040.50000
3566       8481477.20000
3567       8490922.10000
3568       8500375.30000
3569       8509836.60000
3570       8519306.30000
3571       8528784.20000
3572       8538270.30000
3573       8547764.70000
3574       8557267.40000
3575       8566778.40000
3576       8576297.60000
3577       8585825.10000
3578       8595360.90000
3579       8604905.00000
3580       8614457.30000
3581       8624018.00000
3582       8633587.00000
3583       8643164.30000
3584       8652749.90000
3585       8662343.90000
3586       8671946.10000
3587       8681556.70000
3588       8691175.70000
3589       8700803.00000
3590       8710438.60000
3591       8720082.60000
3592       8729735.00000
3593       8739395.70000
3594       8749064.80000
3595       8758742.20000
3596       8768428.10000
3597       8778122.30000
3598       8787824.90000
3599       8797535.90000
3600       8807255.30000
3601       8816983.20000
3602       8826719.40000
3603       8836464.10000
3604       8846217.10000
3605       8855978.60000
3606       8865748.60000
3607       8875527.00000
3608       8885313.80000
3609       8895109.00000
3610       8904912.80000
3611       8914725.00000
3612       8924545.60000
3613       8934374.70000
3614       8944212.30000
3615       8954058.40000
3616       8963913.00000
3617       8973776.00000
3618       8983647.60000
3619       8993527.60000
3620       9003416.20000
3621       9013313.20000
3622       9023218.80000
3623       9033132.90000
3624       9043055.60000
3625       9052986.70000
3626       9062926.50000
3627       9072874.70000
3628       9082831.50000
3629       9092796.90000
3630       9102770.80000
3631       9112753.30000
3632       9122744.40000
3633       9132744.00000
3634       9142752.20000
3635       9152769.00000
3636       9162794.40000
3637       9172828.40000
3638       9182871.00000
3639       9192922.20000
3640       9202982.00000
3641       9213050.40000
3642       9223127.50000
3643       9233213.20000
3644       9243307.50000
3645       9253410.50000
3646       9263522.10000
3647       9273642.40000
3648       9283771.30000
3649       9293908.80000
3650       9304055.10000
3651       9314210.00000
3652       9324373.60000
3653       9334545.90000
3654       9344726.90000
3655       9354916.50000
3656       9365114.90000
3657       9375321.90000
3658       9385537.70000
3659       9395762.20000
3660       9405995.40000
3661       9416237.40000
3662       9426488.00000
3663       9436747.40000
3664       9447015.60000
3665       9457292.50000
3666       9467578.10000
3667       9477872.50000
3668       9488175.70000
3669       9498487.60000
3670       9508808.30000
3671       9519137.80000
3672       9529476.10000
3673       9539823.20000
3674       9550179.00000
3675       9560543.70000
3676       9570917.20000
3677       9581299.50000
3678       9591690.60000
3679       9602090.50000
3680       9612499.30000
3681       9622916.80000
3682       9633343.30000
3683       9643778.50000
3684       9654222.70000
3685       9664675.60000
3686       9675137.50000
3687       9685608.20000
3688       9696087.80000
3689       9706576.20000
3690       9717073.60000
3691       9727579.80000
3692       9738094.90000
3693       9748618.90000
3694       9759151.90000
3695       9769693.70000
3696       9780244.40000
3697       9790804.10000
3698       9801372.70000
3699       9811950.20000
3700       9822536.70000
3701       9833132.10000
3702       9843736.50000
3703       9854349.80000
3704       9864972.10000
3705       9875603.30000
3706       9886243.50000
3707       9896892.70000
3708       9907550.90000
3709       9918218.00000
3710       9928894.10000
3711       9939579.30000
3712       9950273.40000
3713       9960976.60000
3714       9971688.70000
3715       9982409.90000
3716       9993140.10000
3717      10003879.00000
3718      10014628.00000
3719      10025385.00000
3720      10036151.00000
3721      10046927.00000
3722      10057711.00000
3723      10068505.00000
3724      10079307.00000
3725      10090119.00000
3726      10100940.00000
3727      10111770.00000
3728      10122609.00000
3729      10133457.00000
3730      10144314.00000
3731      10155180.00000
3732      10166055.00000
3733      10176940.00000
3734      10187833.00000
3735      10198736.00000
3736      10209648.00000
3737      10220569.00000
3738      10231499.00000
3739      10242438.00000
3740      10253387.00000
3741      10264345.00000
3742      10275311.00000
3743      10286287.00000
3744      10297272.00000
3745      10308267.00000
3746      10319270.00000
3747      10330283.00000
3748      10341305.00000
3749      10352336.00000
3750      10363376.00000
3751      10374426.00000
3752      10385485.00000
3753      10396553.00000
3754      10407630.00000
3755      10418717.00000
3756      10429812.00000
3757      10440917.00000
3758      10452031.00000
3759      10463155.00000
3760      10474288.00000
3761      10485430.00000
3762      10496581.00000
3763      10507742.00000
3764      10518912.00000
3765      10530091.00000
3766      10541279.00000
3767      10552477.00000
3768      10563684.00000
3769      10574901.00000
3770      10586126.00000
3771      10597362.00000
3772      10608606.00000
3773      10619860.00000
3774      10631123.00000
3775      10642395.00000
3776      10653677.00000
3777      10664968.00000
3778      10676269.00000
3779      10687579.00000
3780      10698898.00000
3781      10710227.00000
3782      10721565.00000
3783      10732913.00000
3784      10744269.00000
3785      10755636.00000
3786      10767012.00000
3787      10778397.00000
3788      10789791.00000
3789      10801195.00000
3790      10812609.00000
3791      10824032.00000
3792      10835464.00000
3793      10846906.00000
3794      10858357.00000
3795      10869818.00000
3796      10881288.00000
3797      10892767.00000
3798      10904257.00000
3799      10915755.00000
3800      10927263.00000
3801      10938781.00000
3802      10950308.00000
3803      10961845.00000
3804      10973391.00000
3805      10984947.00000
3806      10996512.00000
3807      11008086.00000
3808      11019671.00000
3809      11031265.00000
3810      11042868.00000
3811      11054481.00000
3812      11066103.00000
3813      11077735.00000
3814      11089377.00000
3815      11101028.00000
3816      11112689.00000
3817      11124359.00000
3818      11136039.00000
3819      11147729.00000
3820      11159428.00000
3821      11171137.00000
3822      11182855.00000
3823      11194583.00000
3824      11206321.00000
3825      11218068.00000
3826      11229825.00000
3827      11241592.00000
3828      11253368.00000
3829      11265154.00000
3830      11276950.00000
3831      11288755.00000
3832      11300570.00000
3833      11312394.00000
3834      11324229.00000
3835      11336073.00000
3836      11347926.00000
3837      11359790.00000
3838      11371663.00000
3839      11383546.00000
3840      11395438.00000
3841      11407341.00000
3842      11419253.00000
3843      11431174.00000
3844      11443106.00000
3845      11455047.00000
3846      11466998.00000
3847      11478959.00000
3848      11490929.00000
3849      11502910.00000
3850      11514900.00000
3851      11526899.00000
3852      11538909.00000
3853      11550929.00000
3854      11562958.00000
3855      11574997.00000
3856      11587046.00000
3857      11599104.00000
3858      11611173.00000
3859      11623251.00000
3860      11635339.00000
3861      11647438.00000
3862      11659545.00000
3863      11671663.00000
3864      11683791.00000
3865      11695928.00000
3866      11708076.00000
3867      11720233.00000
3868      11732400.00000
3869      11744577.00000
3870      11756764.00000
3871      11768960.00000
3872      11781167.00000
3873      11793384.00000
3874      11805610.00000
3875      11817847.00000
3876      11830093.00000
3877      11842349.00000
3878      11854616.00000
3879      11866892.00000
3880      11879178.00000
3881      11891474.00000
3882      11903780.00000
3883      11916096.00000
3884      11928422.00000
3885      11940758.00000
3886      11953104.00000
3887      11965460.00000
3888      11977826.00000
3889      11990202.00000
3890      12002588.00000
3891      12014984.00000
3892      12027390.00000
3893      12039807.00000
3894      12052233.00000
3895      12064669.00000
3896      12077115.00000
3897      12089571.00000
3898      12102038.00000
3899      12114514.00000
3900      12127000.00000
3901      12139497.00000
3902      12152004.00000
3903      12164520.00000
3904      12177047.00000
3905      12189584.00000
3906      12202131.00000
3907      12214688.00000
3908      12227255.00000
3909      12239833.00000
3910      12252420.00000
3911      12265018.00000
3912      12277626.00000
3913      12290244.00000
3914      12302872.00000
3915      12315510.00000
3916      12328158.00000
3917      12340817.00000
3918      12353486.00000
3919      12366165.00000
3920      12378854.00000
3921      12391553.00000
3922      12404262.00000
3923      12416982.00000
3924      12429712.00000
3925      12442452.00000
3926      12455203.00000
3927      12467963.00000
3928      12480734.00000
3929      12493515.00000
3930      12506306.00000
3931      12519108.00000
3932      12531920.00000
3933      12544742.00000
3934      12557574.00000
3935      12570417.00000
3936      12583270.00000
3937      12596133.00000
3938      12609007.00000
3939      12621891.00000
3940      12634785.00000
3941      12647689.00000
3942      12660604.00000
3943      12673529.00000
3944      12686464.00000
3945      12699410.00000
3946      12712366.00000
3947      12725333.00000
3948      12738310.00000
3949      12751297.00000
3950      12764294.00000
3951      12777302.00000
3952      12790321.00000
3953      12803349.00000
3954      12816388.00000
3955      12829438.00000
3956      12842498.00000
3957      12855568.00000
3958      12868649.00000
3959      12881740.00000
3960      12894841.00000
3961      12907953.00000
3962      12921076.00000
3963      12934209.00000
3964      12947352.00000
3965      12960506.00000
3966      12973670.00000
3967      12986845.00000
3968      13000030.00000
3969      13013226.00000
3970      13026432.00000
3971      13039648.00000
3972      13052875.00000
3973      13066113.00000
3974      13079361.00000
3975      13092620.00000
3976      13105889.00000
3977      13119169.00000
3978      13132459.00000
3979      13145760.00000
3980      13159071.00000
3981      13172393.00000
3982      13185726.00000
3983      13199069.00000
3984      13212422.00000
3985      13225787.00000
3986      13239161.00000
3987      13252547.00000
3988      13265943.00000
3989      13279349.00000
3990      13292767.00000
3991      13306194.00000
3992      13319633.00000
3993      13333082.00000
3994      13346541.00000
3995      13360012.00000
3996      13373493.00000
3997      13386984.00000
3998      13400487.00000
3999      13413999.00000
4000      13427523.00000
4001      13441057.00000
4002      13454602.00000
4003      13468158.00000
4004      13481724.00000
4005      13495301.00000
4006      13508889.00000
4007      13522488.00000
4008      13536097.00000
4009      13549717.00000
4010      13563347.00000
4011      13576989.00000
4012      13590641.00000
4013      13604304.00000
4014      13617977.00000
4015      13631662.00000
4016      13645357.00000
4017      13659063.00000
4018      13672779.00000
4019      13686507.00000
4020      13700245.00000
4021      13713994.00000
4022      13727754.00000
4023      13741525.00000
4024      13755306.00000
4025      13769098.00000
4026      13782902.00000
4027      13796716.00000
4028      13810540.00000
4029      13824376.00000
4030      13838223.00000
4031      13852080.00000
4032      13865948.00000
4033      13879827.00000
4034      13893717.00000
4035      13907618.00000
4036      13921530.00000
4037      13935453.00000
4038      13949386.00000
4039      13963331.00000
4040      13977286.00000
4041      13991252.00000
4042      14005230.00000
4043      14019218.00000
4044      14033217.00000
4045      14047227.00000
4046      14061248.00000
4047      14075280.00000
4048      14089323.00000
4049      14103377.00000
4050      14117442.00000
4051      14131518.00000
4052      14145604.00000
4053      14159702.00000
4054      14173811.00000
4055      14187931.00000
4056      14202062.00000
4057      14216204.00000
4058      14230357.00000
4059      14244521.00000
4060      14258696.00000
4061      14272882.00000
4062      14287079.00000
4063      14301287.00000
4064      14315506.00000
4065      14329736.00000
4066      14343978.00000
4067      14358230.00000
4068      14372494.00000
4069      14386768.00000
4070      14401054.00000
4071      14415351.00000
4072      14429659.00000
4073      14443978.00000
4074      14458308.00000
4075      14472650.00000
4076      14487002.00000
4077      14501366.00000
4078      14515740.00000
4079      14530126.00000
4080      14544523.00000
4081      14558932.00000
4082      14573351.00000
4083      14587782.00000
4084      14602223.00000
4085      14616676.00000
4086      14631141.00000
4087      14645616.00000
4088      14660103.00000
4089      14674600.00000
4090      14689110.00000
4091      14703630.00000
4092      14718161.00000
4093      14732704.00000
4094      14747258.00000
4095      14761823.00000
4096      14776400.00000
4097      14790988.00000
4098      14805587.00000
4099      14820197.00000
4100      14834819.00000
4101      14849452.00000
4102      14864096.00000
4103      14878752.00000
4104      14893419.00000
4105      14908097.00000
4106      14922787.00000
4107      14937487.00000
4108      14952200.00000
4109      14966923.00000
4110      14981658.00000
4111      14996404.00000
4112      15011162.00000
4113      15025931.00000
4114      15040711.00000
4115      15055503.00000
4116      15070306.00000
4117      15085121.00000
4118      15099947.00000
4119      15114784.00000
4120      15129633.00000
4121      15144493.00000
4122      15159365.00000
4123      15174248.00000
4124      15189143.00000
4125      15204049.00000
4126      15218966.00000
4127      15233895.00000
4128      15248835.00000
4129      15263787.00000
4130      15278750.00000
4131      15293725.00000
4132      15308711.00000
4133      15323709.00000
4134      15338719.00000
4135      15353739.00000
4136      15368772.00000
4137      15383816.00000
4138      15398871.00000
4139      15413938.00000
4140      15429016.00000
4141      15444106.00000
4142      15459208.00000
4143      15474321.00000
4144      15489446.00000
4145      15504582.00000
4146      15519730.00000
4147      15534889.00000
4148      15550060.00000
4149      15565243.00000
4150      15580437.00000
4151      15595643.00000
4152      15610861.00000
4153      15626090.00000
4154      15641330.00000
4155      15656583.00000
4156      15671847.00000
4157      15687123.00000
4158      15702410.00000
4159      15717709.00000
4160      15733020.00000
4161      15748342.00000
4162      15763676.00000
4163      15779022.00000
4164      15794379.00000
4165      15809748.00000
4166      15825129.00000
4167      15840522.00000
4168      15855926.00000
4169      15871342.00000
4170      15886770.00000
4171      15902209.00000
4172      15917660.00000
4173      15933123.00000
4174      15948598.00000
4175      15964085.00000
4176      15979583.00000
4177      15995093.00000
4178      16010615.00000
4179      16026149.00000
4180      16041694.00000
4181      16057252.00000
4182      16072821.00000
4183      16088402.00000
4184      16103994.00000
4185      16119599.00000
4186      16135215.00000
4187      16150844.00000
4188      16166484.00000
4189      16182136.00000
4190      16197800.00000
4191      16213475.00000
4192      16229163.00000
4193      16244862.00000
4194      16260574.00000
4195      16276297.00000
4196      16292032.00000
4197      16307779.00000
4198      16323538.00000
4199      16339309.00000
4200      16355092.00000
4201      16370887.00000
4202      16386694.00000
4203      16402512.00000
4204      16418343.00000
4205      16434186.00000
4206      16450040.00000
4207      16465907.00000
4208      16481785.00000
4209      16497676.00000
4210      16513579.00000
4211      16529493.00000
4212      16545420.00000
4213      16561358.00000
4214      16577309.00000
4215      16593272.00000
4216      16609246.00000
4217      16625233.00000
4218      16641232.00000
4219      16657242.00000
4220      16673265.00000
4221      16689300.00000
4222      16705347.00000
4223      16721406.00000
4224      16737478.00000
4225      16753561.00000
4226      16769656.00000
4227      16785764.00000
4228      16801883.00000
4229      16818015.00000
4230      16834159.00000
4231      16850315.00000
4232      16866483.00000
4233      16882664.00000
4234      16898856.00000
4235      16915061.00000
4236      16931277.00000
4237      16947506.00000
4238      16963747.00000
4239      16980001.00000
4240      16996266.00000
4241      17012544.00000
4242      17028834.00000
4243      17045136.00000
4244      17061450.00000
4245      17077777.00000
4246      17094116.00000
4247      17110467.00000
4248      17126830.00000
4249      17143206.00000
4250      17159594.00000
4251      17175994.00000
4252      17192406.00000
4253      17208831.00000
4254      17225268.00000
4255      17241717.00000
4256      17258178.00000
4257      17274652.00000
4258      17291138.00000
4259      17307637.00000
4260      17324148.00000
4261      17340671.00000
4262      17357206.00000
4263      17373754.00000
4264      17390314.00000
4265      17406887.00000
4266      17423472.00000
4267      17440069.00000
4268      17456679.00000
4269      17473301.00000
4270      17489935.00000
4271      17506582.00000
4272      17523241.00000
4273      17539913.00000
4274      17556597.00000
4275      17573294.00000
4276      17590003.00000
4277      17606724.00000
4278      17623458.00000
4279      17640204.00000
4280      17656963.00000
4281      17673734.00000
4282      17690518.00000
4283      17707314.00000
4284      17724123.00000
4285      17740944.00000
4286      17757777.00000
4287      17774624.00000
4288      17791482.00000
4289      17808354.00000
4290      17825237.00000
4291      17842134.00000
4292      17859042.00000
4293      17875964.00000
4294      17892898.00000
4295      17909844.00000
4296      17926803.00000
4297      17943775.00000
4298      17960759.00000
4299      17977756.00000
4300      17994765.00000
4301      18011787.00000
4302      18028822.00000
4303      18045869.00000
4304      18062929.00000
4305      18080001.00000
4306      18097086.00000
4307      18114184.00000
4308      18131295.00000
4309      18148418.00000
4310      18165553.00000
4311      18182702.00000
4312      18199863.00000
4313      18217037.00000
4314      18234223.00000
4315      18251422.00000
4316      18268634.00000
4317      18285859.00000
4318      18303096.00000
4319      18320346.00000
4320      18337609.00000
4321      18354884.00000
4322      18372172.00000
4323      18389473.00000
4324      18406787.00000
4325      18424114.00000
4326      18441453.00000
4327      18458805.00000
4328      18476170.00000
4329      18493547.00000
4330      18510938.00000
4331      18528341.00000
4332      18545757.00000
4333      18563186.00000
4334      18580628.00000
4335      18598082.00000
4336      18615549.00000
4337      18633030.00000
4338      18650523.00000
4339      18668029.00000
4340      18685547.00000
4341      18703079.00000
4342      18720624.00000
4343      18738181.00000
4344      18755751.00000
4345      18773335.00000
4346      18790931.00000
4347      18808540.00000
4348      18826162.00000
4349      18843797.00000
4350      18861445.00000
4351      18879105.00000
4352      18896779.00000
4353      18914466.00000
4354      18932165.00000
4355      18949878.00000
4356      18967604.00000
4357      18985342.00000
4358      19003094.00000
4359      19020858.00000
4360      19038636.00000
4361      19056427.00000
4362      19074230.00000
4363      19092047.00000
4364      19109877.00000
4365      19127719.00000
4366      19145575.00000
4367      19163444.00000
4368      19181326.00000
4369      19199221.00000
4370      19217129.00000
4371      19235050.00000
4372      19252984.00000
4373      19270931.00000
4374      19288892.00000
4375      19306865.00000
4376      19324852.00000
4377      19342852.00000
4378      19360864.00000
4379      19378890.00000
4380      19396930.00000
4381      19414982.00000
4382      19433047.00000
4383      19451126.00000
4384      19469218.00000
4385      19487323.00000
4386      19505441.00000
4387      19523572.00000
4388      19541717.00000
4389      19559874.00000
4390      19578045.00000
4391      19596230.00000
4392      19614427.00000
4393      19632638.00000
4394      19650862.00000
4395      19669099.00000
4396      19687349.00000
4397      19705613.00000
4398      19723890.00000
4399      19742180.00000
4400      19760483.00000
4401      19778800.00000
4402      19797130.00000
4403      19815473.00000
4404      19833830.00000
4405      19852200.00000
4406      19870583.00000
4407      19888980.00000
4408      19907390.00000
4409      19925813.00000
4410      19944250.00000
4411      19962700.00000
4412      19981164.00000
4413      19999640.00000
4414      20018130.00000
4415      20036634.00000
4416      20055151.00000
4417      20073681.00000
4418      20092225.00000
4419      20110782.00000
4420      20129353.00000
4421      20147937.00000
4422      20166534.00000
4423      20185145.00000
4424      20203770.00000
4425      20222407.00000
4426      20241059.00000
4427      20259723.00000
4428      20278402.00000
4429      20297093.00000
4430      20315799.00000
4431      20334517.00000
4432      20353250.00000
4433      20371995.00000
4434      20390754.00000
4435      20409527.00000
4436      20428314.00000
4437      20447113.00000
4438      20465927.00000
4439      20484754.00000
4440      20503594.00000
4441      20522448.00000
4442      20541316.00000
4443      20560197.00000
4444      20579092.00000
4445      20598001.00000
4446      20616923.00000
4447      20635858.00000
4448      20654808.00000
4449      20673771.00000
4450      20692747.00000
4451      20711737.00000
4452      20730741.00000
4453      20749759.00000
4454      20768790.00000
4455      20787835.00000
4456      20806893.00000
4457      20825965.00000
4458      20845051.00000
4459      20864151.00000
4460      20883264.00000
4461      20902391.00000
4462      20921532.00000
4463      20940686.00000
4464      20959855.00000
4465      20979036.00000
4466      20998232.00000
4467      21017442.00000
4468      21036665.00000
4469      21055902.00000
4470      21075152.00000
4471      21094417.00000
4472      21113695.00000
4473      21132987.00000
4474      21152293.00000
4475      21171613.00000
4476      21190947.00000
4477      21210294.00000
4478      21229655.00000
4479      21249030.00000
4480      21268419.00000
4481      21287822.00000
4482      21307238.00000
4483      21326669.00000
4484      21346113.00000
4485      21365572.00000
4486      21385044.00000
4487      21404530.00000
4488      21424030.00000
4489      21443544.00000
4490      21463071.00000
4491      21482613.00000
4492      21502169.00000
4493      21521738.00000
4494      21541322.00000
4495      21560919.00000
4496      21580531.00000
4497      21600156.00000
4498      21619796.00000
4499      21639449.00000
4500      21659116.00000
4501      21678798.00000
4502      21698493.00000
4503      21718203.00000
4504      21737926.00000
4505      21757663.00000
4506      21777415.00000
4507      21797180.00000
4508      21816960.00000
4509      21836754.00000
4510      21856561.00000
4511      21876383.00000
4512      21896219.00000
4513      21916069.00000
4514      21935933.00000
4515      21955811.00000
4516      21975703.00000
4517      21995610.00000
4518      22015530.00000
4519      22035465.00000
4520      22055413.00000
4521      22075376.00000
4522      22095353.00000
4523      22115344.00000
4524      22135350.00000
4525      22155369.00000
4526      22175403.00000
4527      22195451.00000
4528      22215513.00000
4529      22235589.00000
4530      22255680.00000
4531      22275785.00000
4532      22295904.00000
4533      22316037.00000
4534      22336184.00000
4535      22356346.00000
4536      22376522.00000
4537      22396712.00000
4538      22416916.00000
4539      22437135.00000
4540      22457368.00000
4541      22477615.00000
4542      22497877.00000
4543      22518153.00000
4544      22538443.00000
4545      22558748.00000
4546      22579066.00000
4547      22599400.00000
4548      22619747.00000
4549      22640109.00000
4550      22660485.00000
4551      22680876.00000
4552      22701281.00000
4553      22721700.00000
4554      22742134.00000
4555      22762582.00000
4556      22783045.00000
4557      22803521.00000
4558      22824013.00000
4559      22844519.00000
4560      22865039.00000
4561      22885573.00000
4562      22906122.00000
4563      22926686.00000
4564      22947264.00000
4565      22967856.00000
4566      22988463.00000
4567      23009085.00000
4568      23029721.00000
4569      23050371.00000
4570      23071036.00000
4571      23091715.00000
4572      23112409.00000
4573      23133118.00000
4574      23153841.00000
4575      23174578.00000
4576      23195330.00000
4577      23216097.00000
4578      23236878.00000
4579      23257674.00000
4580      23278484.00000
4581      23299309.00000
4582      23320148.00000
4583      23341003.00000
4584      23361871.00000
4585      23382755.00000
4586      23403652.00000
4587      23424565.00000
4588      23445492.00000
4589      23466434.00000
4590      23487391.00000
4591      23508362.00000
4592      23529348.00000
4593      23550348.00000
4594      23571363.00000
4595      23592393.00000
4596      23613438.00000
4597      23634497.00000
4598      23655571.00000
4599      23676659.00000
4600      23697763.00000
4601      23718881.00000
4602      23740014.00000
4603      23761162.00000
4604      23782324.00000
4605      23803501.00000
4606      23824693.00000
4607      23845900.00000
4608      23867121.00000
4609      23888357.00000
4610      23909608.00000
4611      23930874.00000
4612      23952155.00000
4613      23973451.00000
4614      23994761.00000
4615      24016086.00000
4616      24037426.00000
4617      24058781.00000
4618      24080151.00000
4619      24101535.00000
4620      24122935.00000
4621      24144349.00000
4622      24165778.00000
4623      24187222.00000
4624      24208681.00000
4625      24230155.00000
4626      24251644.00000
4627      24273148.00000
4628      24294667.00000
4629      24316201.00000
4630      24337749.00000
4631      24359313.00000
4632      24380891.00000
4633      24402485.00000
4634      24424093.00000
4635      24445717.00000
4636      24467355.00000
4637      24489009.00000
4638      24510677.00000
4639      24532361.00000
4640      24554059.00000
4641      24575773.00000
4642      24597501.00000
4643      24619245.00000
4644      24641004.00000
4645      24662778.00000
4646      24684566.00000
4647      24706370.00000
4648      24728189.00000
4649      24750023.00000
4650      24771873.00000
4651      24793737.00000
4652      24815616.00000
4653      24837511.00000
4654      24859420.00000
4655      24881345.00000
4656      24903285.00000
4657      24925240.00000
4658      24947211.00000
4659      24969196.00000
4660      24991197.00000
4661      25013212.00000
4662      25035243.00000
4663      25057290.00000
4664      25079351.00000
4665      25101428.00000
4666      25123519.00000
4667      25145626.00000
4668      25167749.00000
4669      25189886.00000
4670      25212039.00000
4671      25234207.00000
4672      25256390.00000
4673      25278589.00000
4674      25300803.00000
4675      25323032.00000
4676      25345277.00000
4677      25367536.00000
4678      25389811.00000
4679      25412102.00000
4680      25434407.00000
4681      25456729.00000
4682      25479065.00000
4683      25501417.00000
4684      25523784.00000
4685      25546166.00000
4686      25568564.00000
4687      25590977.00000
4688      25613406.00000
4689      25635850.00000
4690      25658309.00000
4691      25680784.00000
4692      25703274.00000
4693      25725780.00000
4694      25748301.00000
4695      25770838.00000
4696      25793390.00000
4697      25815957.00000
4698      25838540.00000
4699      25861139.00000
4700      25883752.00000
4701      25906382.00000
4702      25929027.00000
4703      25951687.00000
4704      25974363.00000
4705      25997054.00000
4706      26019761.00000
4707      26042484.00000
4708      26065222.00000
4709      26087975.00000
4710      26110744.00000
4711      26133529.00000
4712      26156329.00000
4713      26179145.00000
4714      26201977.00000
4715      26224824.00000
4716      26247686.00000
4717      26270565.00000
4718      26293458.00000
4719      26316368.00000
4720      26339293.00000
4721      26362234.00000
4722      26385190.00000
4723      26408162.00000
4724      26431150.00000
4725      26454153.00000
4726      26477173.00000
4727      26500207.00000
4728      26523258.00000
4729      26546324.00000
4730      26569406.00000
4731      26592504.00000
4732      26615617.00000
4733      26638746.00000
4734      26661891.00000
4735      26685051.00000
4736      26708228.00000
4737      26731420.00000
4738      26754628.00000
4739      26777851.00000
4740      26801091.00000
4741      26824346.00000
4742      26847617.00000
4743      26870904.00000
4744      26894207.00000
4745      26917525.00000
4746      26940860.00000
4747      26964210.00000
4748      26987576.00000
4749      27010958.00000
4750      27034355.00000
4751      27057769.00000
4752      27081199.00000
4753      27104644.00000
4754      27128105.00000
4755      27151583.00000
4756      27175076.00000
4757      27198585.00000
4758      27222110.00000
4759      27245651.00000
4760      27269208.00000
4761      27292781.00000
4762      27316369.00000
4763      27339974.00000
4764      27363595.00000
4765      27387232.00000
4766      27410884.00000
4767      27434553.00000
4768      27458238.00000
4769      27481939.00000
4770      27505655.00000
4771      27529388.00000
4772      27553137.00000
4773      27576902.00000
4774      27600683.00000
4775      27624480.00000
4776      27648293.00000
4777      27672122.00000
4778      27695967.00000
4779      27719829.00000
4780      27743706.00000
4781      27767600.00000
4782      27791509.00000
4783      27815435.00000
4784      27839377.00000
4785      27863335.00000
4786      27887310.00000
4787      27911300.00000
4788      27935307.00000
4789      27959329.00000
4790      27983368.00000
4791      28007423.00000
4792      28031495.00000
4793      28055582.00000
4794      28079686.00000
4795      28103806.00000
4796      28127942.00000
4797      28152094.00000
4798      28176263.00000
4799      28200448.00000
4800      28224649.00000
4801      28248867.00000
4802      28273100.00000
4803      28297350.00000
4804      28321617.00000
4805      28345899.00000
4806      28370198.00000
4807      28394513.00000
4808      28418845.00000
4809      28443193.00000
4810      28467557.00000
4811      28491938.00000
4812      28516334.00000
4813      28540748.00000
4814      28565177.00000
4815      28589623.00000
4816      28614086.00000
4817      28638565.00000
4818      28663060.00000
4819      28687572.00000
4820      28712100.00000
4821      28736644.00000
4822      28761205.00000
4823      28785782.00000
4824      28810376.00000
4825      28834986.00000
4826      28859613.00000
4827      28884256.00000
4828      28908916.00000
4829      28933592.00000
4830      28958285.00000
4831      28982994.00000
4832      29007720.00000
4833      29032462.00000
4834      29057221.00000
4835      29081996.00000
4836      29106788.00000
4837      29131597.00000
4838      29156422.00000
4839      29181263.00000
4840      29206121.00000
4841      29230996.00000
4842      29255887.00000
4843      29280795.00000
4844      29305720.00000
4845      29330661.00000
4846      29355619.00000
4847      29380593.00000
4848      29405584.00000
4849      29430592.00000
4850      29455616.00000
4851      29480657.00000
4852      29505715.00000
4853      29530789.00000
4854      29555880.00000
4855      29580988.00000
4856      29606113.00000
4857      29631254.00000
4858      29656412.00000
4859      29681586.00000
4860      29706778.00000
4861      29731986.00000
4862      29757211.00000
4863      29782453.00000
4864      29807711.00000
4865      29832986.00000
4866      29858278.00000
4867      29883587.00000
4868      29908913.00000
4869      29934255.00000
4870      29959614.00000
4871      29984991.00000
4872      30010383.00000
4873      30035793.00000
4874      30061220.00000
4875      30086663.00000
4876      30112124.00000
4877      30137601.00000
4878      30163095.00000
4879      30188606.00000
4880      30214134.00000
4881      30239679.00000
4882      30265241.00000
4883      30290819.00000
4884      30316415.00000
4885      30342027.00000
4886      30367657.00000
4887      30393303.00000
4888      30418967.00000
4889      30444647.00000
4890      30470344.00000
4891      30496059.00000
4892      30521790.00000
4893      30547539.00000
4894      30573304.00000
4895      30599086.00000
4896      30624886.00000
4897      30650702.00000
4898      30676536.00000
4899      30702386.00000
4900      30728254.00000
4901      30754139.00000
4902      30780041.00000
4903      30805960.00000
4904      30831896.00000
4905      30857849.00000
4906      30883819.00000
4907      30909806.00000
4908      30935811.00000
4909      30961832.00000
4910      30987871.00000
4911      31013927.00000
4912      31040000.00000
4913      31066090.00000
4914      31092198.00000
4915      31118322.00000
4916      31144464.00000
4917      31170623.00000
4918      31196799.00000
4919      31222993.00000
4920      31249204.00000
4921      31275431.00000
4922      31301677.00000
4923      31327939.00000
4924      31354219.00000
4925      31380516.00000
4926      31406830.00000
4927      31433161.00000
4928      31459510.00000
4929      31485876.00000
4930      31512260.00000
4931      31538660.00000
4932      31565078.00000
4933      31591514.00000
4934      31617967.00000
4935      31644437.00000
4936      31670924.00000
4937      31697429.00000
4938      31723951.00000
4939      31750491.00000
4940      31777048.00000
4941      31803622.00000
4942      31830214.00000
4943      31856823.00000
4944      31883450.00000
4945      31910094.00000
4946      31936755.00000
4947      31963434.00000
4948      31990131.00000
4949      32016844.00000
4950      32043576.00000
4951      32070325.00000
4952      32097091.00000
4953      32123875.00000
4954      32150676.00000
4955      32177495.00000
4956      32204331.00000
4957      32231185.00000
4958      32258057.00000
4959      32284946.00000
4960      32311852.00000
4961      32338777.00000
4962      32365718.00000
4963      32392678.00000
4964      32419654.00000
4965      32446649.00000
4966      32473661.00000
4967      32500691.00000
4968      32527738.00000
4969      32554803.00000
4970      32581886.00000
4971      32608986.00000
4972      32636104.00000
4973      32663239.00000
4974      32690393.00000
4975      32717564.00000
4976      32744752.00000
4977      32771959.00000
4978      32799183.00000
4979      32826424.00000
4980      32853684.00000
4981      32880961.00000
4982      32908256.00000
4983      32935569.00000
4984      32962899.00000
4985      32990248.00000
4986      33017614.00000
4987      33044997.00000
4988      33072399.00000
4989      33099818.00000
4990      33127256.00000
4991      33154711.00000
4992      33182184.00000
4993      33209674.00000
4994      33237183.00000
4995      33264709.00000
4996      33292253.00000
4997      33319816.00000
4998      33347396.00000
4999      33374993.00000
5000      33402609.00000