   1             7.07937
   2            10.74578
   3            14.82798
   4            18.97758
   5            23.15135
   6            27.33662
   7            31.52828
   8            35.72388
   9            39.92210
  10            44.12216
  11            48.32357
  12            52.52602
  13            56.72927
  14            60.93318
  15            65.13764
  16            69.34254
  17            73.54784
  18            77.75349
  19            81.95943
  20            86.16565
  21            90.37212
  22            94.57881
  23            98.78571
  24           102.99281
  25           107.20008
  26           111.40754
  27           115.61515
  28           119.82293
  29           124.03085
  30           128.23892
  31           132.44714
  32           136.65549
  33           140.86397
  34           145.07258
  35           149.28132
  36           153.49019
  37           157.69918
  38           161.90828
  39           166.11751
  40           170.32686
  41           174.53632
  42           178.74590
  43           182.95559
  44           187.16539
  45           191.37531
  46           195.58535
  47           199.79549
  48           204.00576
  49           208.21613
  50           212.42663
  51           216.63724
  52           220.84798
  53           225.05884
  54           229.26983
  55           233.48095
  56           237.69222
  57           241.90364
  58           246.11521
  59           250.32695
  60           254.53886
  61           258.75097
  62           262.96329
  63           267.17582
  64           271.38860
  65           275.60164
  66           279.81496
  67           284.02859
  68           288.24256
  69           292.45690
  70           296.67164
  71           300.88682
  72           305.10248
  73           309.31866
  74           313.53540
  75           317.75276
  76           321.97078
  77           326.18953
  78           330.40906
  79           334.62943
  80           338.85072
  81           343.07300
  82           347.29633
  83           351.52080
  84           355.74650
  85           359.97350
  86           364.20189
  87           368.43179
  88           372.66327
  89           376.89645
  90           381.13143
  91           385.36832
  92           389.60725
  93           393.84832
  94           398.09166
  95           402.33741
  96           406.58568
  97           410.83661
  98           415.09035
  99           419.34704
 100           423.60682
 101           427.86985
 102           432.13627
 103           436.40625
 104           440.67994
 105           444.95752
 106           449.23914
 107           453.52498
 108           457.81522
 109           462.11003
 110           466.40959
 111           470.71409
 112           475.02372
 113           479.33865
 114           483.65909
 115           487.98522
 116           492.31726
 117           496.65539
 118           500.99982
 119           505.35075
 120           509.70839
 121           514.07294
 122           518.44463
 123           522.82366
 124           527.21025
 125           531.60461
 126           536.00696
 127           540.41753
 128           544.83652
 129           549.26418
 130           553.70071
 131           558.14636
 132           562.60133
 133           567.06587
 134           571.54020
 135           576.02456
 136           580.51916
 137           585.02426
 138           589.54007
 139           594.06683
 140           598.60479
 141           603.15417
 142           607.71521
 143           612.28815
 144           616.87322
 145           621.47066
 146           626.08072
 147           630.70362
 148           635.33961
 149           639.98893
 150           644.65182
 151           649.32851
 152           654.01925
 153           658.72428
 154           663.44384
 155           668.17816
 156           672.92749
 157           677.69206
 158           682.47213
 159           687.26792
 160           692.07968
 161           696.90765
 162           701.75206
 163           706.61317
 164           711.49120
 165           716.38639
 166           721.29899
 167           726.22923
 168           731.17736
 169           736.14360
 170           741.12820
 171           746.13140
 172           751.15343
 173           756.19453
 174           761.25494
 175           766.33489
 176           771.43462
 177           776.55436
 178           781.69435
 179           786.85483
 180           792.03602
 181           797.23817
 182           802.46150
 183           807.70625
 184           812.97265
 185           818.26093
 186           823.57134
 187           828.90408
 188           834.25941
 189           839.63755
 190           845.03872
 191           850.46317
 192           855.91111
 193           861.38278
 194           866.87841
 195           872.39822
 196           877.94244
 197           883.51131
 198           889.10504
 199           894.72386
 200           900.36801
 201           906.03770
 202           911.73316
 203           917.45462
 204           923.20230
 205           928.97643
 206           934.77722
 207           940.60492
 208           946.45972
 209           952.34187
 210           958.25159
 211           964.18908
 212           970.15459
 213           976.14833
 214           982.17052
 215           988.22138
 216           994.30114
 217          1000.41000
 218          1006.54820
 219          1012.71600
 220          1018.91350
 221          1025.14110
 222          1031.39880
 223          1037.68700
 224          1044.00590
 225          1050.35560
 226          1056.73640
 227          1063.14860
 228          1069.59220
 229          1076.06760
 230          1082.57500
 231          1089.11460
 232          1095.68650
 233          1102.29110
 234          1108.92860
 235          1115.59910
 236          1122.30280
 237          1129.04010
 238          1135.81110
 239          1142.61600
 240          1149.45510
 241          1156.32850
 242          1163.23650
 243          1170.17930
 244          1177.15710
 245          1184.17020
 246          1191.21870
 247          1198.30290
 248          1205.42290
 249          1212.57910
 250          1219.77160
 251          1227.00070
 252          1234.26650
 253          1241.56920
 254          1248.90920
 255          1256.28660
 256          1263.70160
 257          1271.15450
 258          1278.64540
 259          1286.17470
 260          1293.74240
 261          1301.34890
 262          1308.99430
 263          1316.67880
 264          1324.40280
 265          1332.16630
 266          1339.96970
 267          1347.81310
 268          1355.69680
 269          1363.62100
 270          1371.58590
 271          1379.59170
 272          1387.63860
 273          1395.72690
 274          1403.85680
 275          1412.02850
 276          1420.24230
 277          1428.49830
 278          1436.79680
 279          1445.13800
 280          1453.52210
 281          1461.94940
 282          1470.42000
 283          1478.93430
 284          1487.49230
 285          1496.09440
 286          1504.74080
 287          1513.43170
 288          1522.16740
 289          1530.94790
 290          1539.77370
 291          1548.64480
 292          1557.56160
 293          1566.52430
 294          1575.53300
 295          1584.58810
 296          1593.68970
 297          1602.83810
 298          1612.03350
 299          1621.27620
 300          1630.56630
 301          1639.90420
 302          1649.28990
 303          1658.72390
 304          1668.20620
 305          1677.73720
 306          1687.31700
 307          1696.94600
 308          1706.62430
 309          1716.35210
 310          1726.12980
 311          1735.95750
 312          1745.83550
 313          1755.76400
 314          1765.74330
 315          1775.77360
 316          1785.85510
 317          1795.98810
 318          1806.17280
 319          1816.40950
 320          1826.69840
 321          1837.03970
 322          1847.43370
 323          1857.88060
 324          1868.38070
 325          1878.93420
 326          1889.54140
 327          1900.20250
 328          1910.91770
 329          1921.68730
 330          1932.51160
 331          1943.39080
 332          1954.32510
 333          1965.31480
 334          1976.36010
 335          1987.46140
 336          1998.61880
 337          2009.83250
 338          2021.10300
 339          2032.43030
 340          2043.81480
 341          2055.25670
 342          2066.75620
 343          2078.31370
 344          2089.92930
 345          2101.60340
 346          2113.33620
 347          2125.12800
 348          2136.97890
 349          2148.88930
 350          2160.85950
 351          2172.88960
 352          2184.98000
 353          2197.13090
 354          2209.34260
 355          2221.61530
 356          2233.94940
 357          2246.34500
 358          2258.80250
 359          2271.32210
 360          2283.90400
 361          2296.54860
 362          2309.25620
 363          2322.02690
 364          2334.86110
 365          2347.75900
 366          2360.72090
 367          2373.74710
 368          2386.83790
 369          2399.99340
 370          2413.21410
 371          2426.50020
 372          2439.85190
 373          2453.26960
 374          2466.75350
 375          2480.30380
 376          2493.92100
 377          2507.60520
 378          2521.35680
 379          2535.17590
 380          2549.06300
 381          2563.01830
 382          2577.04210
 383          2591.13460
 384          2605.29620
 385          2619.52720
 386          2633.82780
 387          2648.19820
 388          2662.63900
 389          2677.15020
 390          2691.73220
 391          2706.38530
 392          2721.10980
 393          2735.90600
 394          2750.77420
 395          2765.71470
 396          2780.72770
 397          2795.81360
 398          2810.97270
 399          2826.20520
 400          2841.51160
 401          2856.89200
 402          2872.34680
 403          2887.87630
 404          2903.48080
 405          2919.16060
 406          2934.91600
 407          2950.74740
 408          2966.65490
 409          2982.63900
 410          2998.70000
 411          3014.83810
 412          3031.05370
 413          3047.34710
 414          3063.71860
 415          3080.16850
 416          3096.69710
 417          3113.30480
 418          3129.99190
 419          3146.75870
 420          3163.60550
 421          3180.53270
 422          3197.54050
 423          3214.62930
 424          3231.79940
 425          3249.05120
 426          3266.38490
 427          3283.80090
 428          3301.29950
 429          3318.88110
 430          3336.54600
 431          3354.29450
 432          3372.12700
 433          3390.04370
 434          3408.04510
 435          3426.13140
 436          3444.30300
 437          3462.56030
 438          3480.90350
 439          3499.33310
 440          3517.84930
 441          3536.45250
 442          3555.14310
 443          3573.92130
 444          3592.78760
 445          3611.74220
 446          3630.78560
 447          3649.91810
 448          3669.14000
 449          3688.45170
 450          3707.85350
 451          3727.34590
 452          3746.92900
 453          3766.60340
 454          3786.36930
 455          3806.22710
 456          3826.17730
 457          3846.22000
 458          3866.35580
 459          3886.58490
 460          3906.90770
 461          3927.32470
 462          3947.83600
 463          3968.44230
 464          3989.14370
 465          4009.94060
 466          4030.83350
 467          4051.82270
 468          4072.90860
 469          4094.09160
 470          4115.37190
 471          4136.75010
 472          4158.22650
 473          4179.80140
 474          4201.47530
 475          4223.24850
 476          4245.12140
 477          4267.09440
 478          4289.16790
 479          4311.34220
 480          4333.61780
 481          4355.99500
 482          4378.47430
 483          4401.05600
 484          4423.74040
 485          4446.52810
 486          4469.41950
 487          4492.41480
 488          4515.51450
 489          4538.71900
 490          4562.02860
 491          4585.44390
 492          4608.96520
 493          4632.59290
 494          4656.32740
 495          4680.16910
 496          4704.11840
 497          4728.17580
 498          4752.34160
 499          4776.61630
 500          4801.00020
 501          4825.49380
 502          4850.09740
 503          4874.81160
 504          4899.63680
 505          4924.57320
 506          4949.62150
 507          4974.78190
 508          5000.05490
 509          5025.44100
 510          5050.94060
 511          5076.55400
 512          5102.28170
 513          5128.12420
 514          5154.08190
 515          5180.15520
 516          5206.34450
 517          5232.65030
 518          5259.07300
 519          5285.61310
 520          5312.27100
 521          5339.04710
 522          5365.94190
 523          5392.95580
 524          5420.08930
 525          5447.34270
 526          5474.71670
 527          5502.21150
 528          5529.82770
 529          5557.56570
 530          5585.42600
 531          5613.40900
 532          5641.51510
 533          5669.74490
 534          5698.09880
 535          5726.57720
 536          5755.18060
 537          5783.90950
 538          5812.76430
 539          5841.74560
 540          5870.85370
 541          5900.08910
 542          5929.45240
 543          5958.94390
 544          5988.56420
 545          6018.31380
 546          6048.19300
 547          6078.20240
 548          6108.34250
 549          6138.61370
 550          6169.01650
 551          6199.55140
 552          6230.21900
 553          6261.01960
 554          6291.95370
 555          6323.02200
 556          6354.22470
 557          6385.56250
 558          6417.03590
 559          6448.64530
 560          6480.39120
 561          6512.27410
 562          6544.29450
 563          6576.45300
 564          6608.75000
 565          6641.18600
 566          6673.76160
 567          6706.47720
 568          6739.33330
 569          6772.33060
 570          6805.46940
 571          6838.75030
 572          6872.17380
 573          6905.74040
 574          6939.45070
 575          6973.30520
 576          7007.30430
 577          7041.44860
 578          7075.73870
 579          7110.17510
 580          7144.75820
 581          7179.48860
 582          7214.36690
 583          7249.39360
 584          7284.56920
 585          7319.89430
 586          7355.36930
 587          7390.99490
 588          7426.77150
 589          7462.69980
 590          7498.78020
 591          7535.01340
 592          7571.39980
 593          7607.94000
 594          7644.63450
 595          7681.48400
 596          7718.48890
 597          7755.64980
 598          7792.96730
 599          7830.44200
 600          7868.07440
 601          7905.86500
 602          7943.81440
 603          7981.92320
 604          8020.19200
 605          8058.62130
 606          8097.21180
 607          8135.96380
 608          8174.87820
 609          8213.95530
 610          8253.19590
 611          8292.60050
 612          8332.16960
 613          8371.90380
 614          8411.80380
 615          8451.87020
 616          8492.10340
 617          8532.50410
 618          8573.07300
 619          8613.81050
 620          8654.71730
 621          8695.79390
 622          8737.04110
 623          8778.45930
 624          8820.04920
 625          8861.81150
 626          8903.74660
 627          8945.85520
 628          8988.13790
 629          9030.59540
 630          9073.22810
 631          9116.03690
 632          9159.02220
 633          9202.18470
 634          9245.52510
 635          9289.04380
 636          9332.74170
 637          9376.61920
 638          9420.67700
 639          9464.91580
 640          9509.33620
 641          9553.93880
 642          9598.72420
 643          9643.69320
 644          9688.84620
 645          9734.18410
 646          9779.70730
 647          9825.41660
 648          9871.31260
 649          9917.39600
 650          9963.66740
 651         10010.12700
 652         10056.77700
 653         10103.61600
 654         10150.64600
 655         10197.86700
 656         10245.28100
 657         10292.88600
 658         10340.68600
 659         10388.67900
 660         10436.86600
 661         10485.24900
 662         10533.82800
 663         10582.60400
 664         10631.57700
 665         10680.74800
 666         10730.11800
 667         10779.68700
 668         10829.45600
 669         10879.42600
 670         10929.59700
 671         10979.97100
 672         11030.54700
 673         11081.32700
 674         11132.31100
 675         11183.50000
 676         11234.89500
 677         11286.49600
 678         11338.30400
 679         11390.31900
 680         11442.54400
 681         11494.97700
 682         11547.62000
 683         11600.47400
 684         11653.53900
 685         11706.81700
 686         11760.30700
 687         11814.01000
 688         11867.92800
 689         11922.06100
 690         11976.40900
 691         12030.97400
 692         12085.75600
 693         12140.75600
 694         12195.97500
 695         12251.41300
 696         12307.07100
 697         12362.95000
 698         12419.05000
 699         12475.37300
 700         12531.91900
 701         12588.68900
 702         12645.68400
 703         12702.90400
 704         12760.35000
 705         12818.02300
 706         12875.92400
 707         12934.05300
 708         12992.41100
 709         13051.00000
 710         13109.81900
 711         13168.87000
 712         13228.15300
 713         13287.66900
 714         13347.41900
 715         13407.40400
 716         13467.62400
 717         13528.08100
 718         13588.77400
 719         13649.70600
 720         13710.87600
 721         13772.28600
 722         13833.93500
 723         13895.82600
 724         13957.95900
 725         14020.33500
 726         14082.95400
 727         14145.81700
 728         14208.92500
 729         14272.27900
 730         14335.88100
 731         14399.72900
 732         14463.82600
 733         14528.17200
 734         14592.76900
 735         14657.61600
 736         14722.71500
 737         14788.06600
 738         14853.67100
 739         14919.53100
 740         14985.64500
 741         15052.01500
 742         15118.64200
 743         15185.52700
 744         15252.67000
 745         15320.07200
 746         15387.73500
 747         15455.65900
 748         15523.84400
 749         15592.29300
 750         15661.00500
 751         15729.98200
 752         15799.22400
 753         15868.73200
 754         15938.50800
 755         16008.55100
 756         16078.86400
 757         16149.44600
 758         16220.29900
 759         16291.42400
 760         16362.82100
 761         16434.49100
 762         16506.43600
 763         16578.65600
 764         16651.15200
 765         16723.92500
 766         16796.97600
 767         16870.30500
 768         16943.91500
 769         17017.80500
 770         17091.97600
 771         17166.43000
 772         17241.16800
 773         17316.19000
 774         17391.49600
 775         17467.09000
 776         17542.97000
 777         17619.13800
 778         17695.59600
 779         17772.34300
 780         17849.38100
 781         17926.71100
 782         18004.33300
 783         18082.25000
 784         18160.46100
 785         18238.96800
 786         18317.77100
 787         18396.87200
 788         18476.27100
 789         18555.97000
 790         18635.96900
 791         18716.27000
 792         18796.87300
 793         18877.78000
 794         18958.99000
 795         19040.50700
 796         19122.32900
 797         19204.45900
 798         19286.89700
 799         19369.64500
 800         19452.70200
 801         19536.07100
 802         19619.75300
 803         19703.74700
 804         19788.05600
 805         19872.68100
 806         19957.62100
 807         20042.87900
 808         20128.45600
 809         20214.35200
 810         20300.56800
 811         20387.10600
 812         20473.96600
 813         20561.14900
 814         20648.65800
 815         20736.49200
 816         20824.65200
 817         20913.14000
 818         21001.95700
 819         21091.10400
 820         21180.58100
 821         21270.39000
 822         21360.53300
 823         21451.00900
 824         21541.82000
 825         21632.96800
 826         21724.45300
 827         21816.27500
 828         21908.43800
 829         22000.94100
 830         22093.78500
 831         22186.97200
 832         22280.50200
 833         22374.37800
 834         22468.59900
 835         22563.16700
 836         22658.08300
 837         22753.34900
 838         22848.96400
 839         22944.93100
 840         23041.25100
 841         23137.92400
 842         23234.95200
 843         23332.33600
 844         23430.07600
 845         23528.17500
 846         23626.63300
 847         23725.45200
 848         23824.63200
 849         23924.17400
 850         24024.08000
 851         24124.35100
 852         24224.98900
 853         24325.99300
 854         24427.36600
 855         24529.10800
 856         24631.22100
 857         24733.70600
 858         24836.56400
 859         24939.79600
 860         25043.40400
 861         25147.38800
 862         25251.75000
 863         25356.49000
 864         25461.61100
 865         25567.11300
 866         25672.99700
 867         25779.26500
 868         25885.91800
 869         25992.95700
 870         26100.38300
 871         26208.19800
 872         26316.40200
 873         26424.99700
 874         26533.98400
 875         26643.36500
 876         26753.14000
 877         26863.31100
 878         26973.87900
 879         27084.84500
 880         27196.21000
 881         27307.97700
 882         27420.14500
 883         27532.71600
 884         27645.69200
 885         27759.07400
 886         27872.86200
 887         27987.05900
 888         28101.66500
 889         28216.68200
 890         28332.11100
 891         28447.95300
 892         28564.21000
 893         28680.88200
 894         28797.97200
 895         28915.48000
 896         29033.40700
 897         29151.75600
 898         29270.52700
 899         29389.72200
 900         29509.34100
 901         29629.38700
 902         29749.86000
 903         29870.76200
 904         29992.09400
 905         30113.85700
 906         30236.05300
 907         30358.68400
 908         30481.74900
 909         30605.25200
 910         30729.19200
 911         30853.57200
 912         30978.39300
 913         31103.65600
 914         31229.36200
 915         31355.51300
 916         31482.11000
 917         31609.15500
 918         31736.64900
 919         31864.59300
 920         31992.98900
 921         32121.83700
 922         32251.14000
 923         32380.89900
 924         32511.11500
 925         32641.79000
 926         32772.92400
 927         32904.52000
 928         33036.57900
 929         33169.10100
 930         33302.09000
 931         33435.54500
 932         33569.46900
 933         33703.86200
 934         33838.72700
 935         33974.06400
 936         34109.87600
 937         34246.16200
 938         34382.92600
 939         34520.16900
 940         34657.89100
 941         34796.09400
 942         34934.78000
 943         35073.95000
 944         35213.60600
 945         35353.74900
 946         35494.38100
 947         35635.50200
 948         35777.11500
 949         35919.22200
 950         36061.82200
 951         36204.91900
 952         36348.51300
 953         36492.60600
 954         36637.19900
 955         36782.29400
 956         36927.89300
 957         37073.99700
 958         37220.60700
 959         37367.72500
 960         37515.35300
 961         37663.49200
 962         37812.14300
 963         37961.30800
 964         38110.98900
 965         38261.18700
 966         38411.90400
 967         38563.14100
 968         38714.89900
 969         38867.18200
 970         39019.98900
 971         39173.32200
 972         39327.18400
 973         39481.57500
 974         39636.49700
 975         39791.95200
 976         39947.94100
 977         40104.46700
 978         40261.53000
 979         40419.13200
 980         40577.27400
 981         40735.95900
 982         40895.18800
 983         41054.96200
 984         41215.28400
 985         41376.15400
 986         41537.57500
 987         41699.54700
 988         41862.07400
 989         42025.15500
 990         42188.79400
 991         42352.99100
 992         42517.74800
 993         42683.06700
 994         42848.94900
 995         43015.39700
 996         43182.41100
 997         43349.99400
 998         43518.14800
 999         43686.87300
1000         43856.17100
1001         44026.04500
1002         44196.49500
1003         44367.52500
1004         44539.13400
1005         44711.32500
1006         44884.10000
1007         45057.46100
1008         45231.40900
1009         45405.94500
1010         45581.07200
1011         45756.79100
1012         45933.10500
1013         46110.01400
1014         46287.52000
1015         46465.62600
1016         46644.33200
1017         46823.64200
1018         47003.55600
1019         47184.07600
1020         47365.20400
1021         47546.94200
1022         47729.29100
1023         47912.25400
1024         48095.83200
1025         48280.02600
1026         48464.84000
1027         48650.27400
1028         48836.33000
1029         49023.01000
1030         49210.31600
1031         49398.25000
1032         49586.81300
1033         49776.00800
1034         49965.83600
1035         50156.29900
1036         50347.39900
1037         50539.13700
1038         50731.51600
1039         50924.53700
1040         51118.20300
1041         51312.51400
1042         51507.47400
1043         51703.08300
1044         51899.34500
1045         52096.25900
1046         52293.82900
1047         52492.05700
1048         52690.94300
1049         52890.49100
1050         53090.70200
1051         53291.57800
1052         53493.12000
1053         53695.33200
1054         53898.21300
1055         54101.76800
1056         54305.99700
1057         54510.90300
1058         54716.48600
1059         54922.75100
1060         55129.69700
1061         55337.32800
1062         55545.64500
1063         55754.65000
1064         55964.34500
1065         56174.73200
1066         56385.81300
1067         56597.59000
1068         56810.06500
1069         57023.24100
1070         57237.11800
1071         57451.69900
1072         57666.98600
1073         57882.98100
1074         58099.68700
1075         58317.10400
1076         58535.23500
1077         58754.08200
1078         58973.64800
1079         59193.93400
1080         59414.94100
1081         59636.67300
1082         59859.13200
1083         60082.31900
1084         60306.23600
1085         60530.88500
1086         60756.26900
1087         60982.39000
1088         61209.25000
1089         61436.85000
1090         61665.19300
1091         61894.28100
1092         62124.11600
1093         62354.70100
1094         62586.03600
1095         62818.12500
1096         63050.97000
1097         63284.57200
1098         63518.93500
1099         63754.05900
1100         63989.94700
1101         64226.60100
1102         64464.02400
1103         64702.21700
1104         64941.18300
1105         65180.92400
1106         65421.44200
1107         65662.73900
1108         65904.81700
1109         66147.67900
1110         66391.32700
1111         66635.76300
1112         66880.98900
1113         67127.00700
1114         67373.82000
1115         67621.43000
1116         67869.83900
1117         68119.04900
1118         68369.06300
1119         68619.88200
1120         68871.50900
1121         69123.94700
1122         69377.19700
1123         69631.26200
1124         69886.14400
1125         70141.84500
1126         70398.36800
1127         70655.71500
1128         70913.88800
1129         71172.88900
1130         71432.72100
1131         71693.38600
1132         71954.88700
1133         72217.22500
1134         72480.40300
1135         72744.42400
1136         73009.28900
1137         73275.00100
1138         73541.56300
1139         73808.97600
1140         74077.24300
1141         74346.36700
1142         74616.34900
1143         74887.19300
1144         75158.90000
1145         75431.47300
1146         75704.91400
1147         75979.22600
1148         76254.41100
1149         76530.47100
1150         76807.40900
1151         77085.22800
1152         77363.92900
1153         77643.51600
1154         77923.99000
1155         78205.35400
1156         78487.61000
1157         78770.76200
1158         79054.81100
1159         79339.75900
1160         79625.61000
1161         79912.36600
1162         80200.02900
1163         80488.60100
1164         80778.08600
1165         81068.48500
1166         81359.80200
1167         81652.03800
1168         81945.19700
1169         82239.28000
1170         82534.29100
1171         82830.23100
1172         83127.10400
1173         83424.91100
1174         83723.65600
1175         84023.34100
1176         84323.96900
1177         84625.54100
1178         84928.06100
1179         85231.53200
1180         85535.95500
1181         85841.33300
1182         86147.67000
1183         86454.96700
1184         86763.22700
1185         87072.45400
1186         87382.64800
1187         87693.81400
1188         88005.95300
1189         88319.06900
1190         88633.16300
1191         88948.24000
1192         89264.30000
1193         89581.34700
1194         89899.38400
1195         90218.41400
1196         90538.43800
1197         90859.45900
1198         91181.48200
1199         91504.50700
1200         91828.53700
1201         92153.57700
1202         92479.62700
1203         92806.69100
1204         93134.77200
1205         93463.87200
1206         93793.99400
1207         94125.14100
1208         94457.31600
1209         94790.52000
1210         95124.75800
1211         95460.03200
1212         95796.34400
1213         96133.69800
1214         96472.09600
1215         96811.54100
1216         97152.03600
1217         97493.58300
1218         97836.18600
1219         98179.84700
1220         98524.56900
1221         98870.35500
1222         99217.20800
1223         99565.13000
1224         99914.12500
1225        100264.19000
1226        100615.34000
1227        100967.57000
1228        101320.89000
1229        101675.29000
1230        102030.78000
1231        102387.36000
1232        102745.04000
1233        103103.81000
1234        103463.69000
1235        103824.67000
1236        104186.76000
1237        104549.96000
1238        104914.27000
1239        105279.70000
1240        105646.25000
1241        106013.92000
1242        106382.71000
1243        106752.63000
1244        107123.69000
1245        107495.87000
1246        107869.20000
1247        108243.66000
1248        108619.27000
1249        108996.02000
1250        109373.92000
1251        109752.97000
1252        110133.18000
1253        110514.55000
1254        110897.07000
1255        111280.77000
1256        111665.62000
1257        112051.65000
1258        112438.86000
1259        112827.23000
1260        113216.79000
1261        113607.53000
1262        113999.46000
1263        114392.58000
1264        114786.88000
1265        115182.39000
1266        115579.09000
1267        115976.99000
1268        116376.10000
1269        116776.41000
1270        117177.94000
1271        117580.68000
1272        117984.63000
1273        118389.81000
1274        118796.21000
1275        119203.84000
1276        119612.70000
1277        120022.79000
1278        120434.11000
1279        120846.68000
1280        121260.49000
1281        121675.54000
1282        122091.85000
1283        122509.41000
1284        122928.22000
1285        123348.29000
1286        123769.63000
1287        124192.23000
1288        124616.10000
1289        125041.24000
1290        125467.66000
1291        125895.35000
1292        126324.33000
1293        126754.60000
1294        127186.15000
1295        127618.99000
1296        128053.14000
1297        128488.57000
1298        128925.32000
1299        129363.36000
1300        129802.72000
1301        130243.39000
1302        130685.37000
1303        131128.68000
1304        131573.30000
1305        132019.26000
1306        132466.54000
1307        132915.15000
1308        133365.10000
1309        133816.40000
1310        134269.03000
1311        134723.01000
1312        135178.34000
1313        135635.03000
1314        136093.07000
1315        136552.47000
1316        137013.24000
1317        137475.37000
1318        137938.87000
1319        138403.75000
1320        138870.01000
1321        139337.65000
1322        139806.67000
1323        140277.09000
1324        140748.89000
1325        141222.09000
1326        141696.69000
1327        142172.70000
1328        142650.11000
1329        143128.93000
1330        143609.16000
1331        144090.82000
1332        144573.89000
1333        145058.39000
1334        145544.31000
1335        146031.67000
1336        146520.46000
1337        147010.70000
1338        147502.37000
1339        147995.49000
1340        148490.07000
1341        148986.09000
1342        149483.58000
1343        149982.52000
1344        150482.93000
1345        150984.81000
1346        151488.17000
1347        151992.99000
1348        152499.30000
1349        153007.09000
1350        153516.37000
1351        154027.15000
1352        154539.41000
1353        155053.18000
1354        155568.44000
1355        156085.22000
1356        156603.50000
1357        157123.30000
1358        157644.62000
1359        158167.46000
1360        158691.82000
1361        159217.71000
1362        159745.14000
1363        160274.10000
1364        160804.61000
1365        161336.66000
1366        161870.26000
1367        162405.41000
1368        162942.12000
1369        163480.39000
1370        164020.22000
1371        164561.62000
1372        165104.60000
1373        165649.15000
1374        166195.28000
1375        166742.99000
1376        167292.30000
1377        167843.19000
1378        168395.68000
1379        168949.77000
1380        169505.47000
1381        170062.78000
1382        170621.69000
1383        171182.22000
1384        171744.38000
1385        172308.16000
1386        172873.56000
1387        173440.60000
1388        174009.28000
1389        174579.59000
1390        175151.55000
1391        175725.16000
1392        176300.42000
1393        176877.34000
1394        177455.93000
1395        178036.17000
1396        178618.09000
1397        179201.68000
1398        179786.95000
1399        180373.89000
1400        180962.53000
1401        181552.86000
1402        182144.88000
1403        182738.60000
1404        183334.02000
1405        183931.15000
1406        184529.99000
1407        185130.55000
1408        185732.83000
1409        186336.83000
1410        186942.56000
1411        187550.02000
1412        188159.22000
1413        188770.16000
1414        189382.85000
1415        189997.28000
1416        190613.48000
1417        191231.43000
1418        191851.14000
1419        192472.62000
1420        193095.87000
1421        193720.90000
1422        194347.71000
1423        194976.30000
1424        195606.68000
1425        196238.86000
1426        196872.83000
1427        197508.61000
1428        198146.20000
1429        198785.59000
1430        199426.80000
1431        200069.83000
1432        200714.69000
1433        201361.37000
1434        202009.89000
1435        202660.25000
1436        203312.45000
1437        203966.50000
1438        204622.40000
1439        205280.15000
1440        205939.77000
1441        206601.25000
1442        207264.60000
1443        207929.83000
1444        208596.93000
1445        209265.92000
1446        209936.80000
1447        210609.57000
1448        211284.24000
1449        211960.81000
1450        212639.28000
1451        213319.67000
1452        214001.98000
1453        214686.20000
1454        215372.35000
1455        216060.43000
1456        216750.45000
1457        217442.41000
1458        218136.30000
1459        218832.15000
1460        219529.96000
1461        220229.72000
1462        220931.44000
1463        221635.13000
1464        222340.80000
1465        223048.44000
1466        223758.06000
1467        224469.68000
1468        225183.28000
1469        225898.88000
1470        226616.48000
1471        227336.09000
1472        228057.71000
1473        228781.35000
1474        229507.01000
1475        230234.69000
1476        230964.40000
1477        231696.15000
1478        232429.94000
1479        233165.78000
1480        233903.67000
1481        234643.61000
1482        235385.61000
1483        236129.68000
1484        236875.82000
1485        237624.03000
1486        238374.33000
1487        239126.71000
1488        239881.17000
1489        240637.74000
1490        241396.41000
1491        242157.18000
1492        242920.06000
1493        243685.05000
1494        244452.17000
1495        245221.41000
1496        245992.79000
1497        246766.30000
1498        247541.95000
1499        248319.75000
1500        249099.69000
1501        249881.80000
1502        250666.07000
1503        251452.50000
1504        252241.10000
1505        253031.89000
1506        253824.85000
1507        254620.00000
1508        255417.35000
1509        256216.89000
1510        257018.64000
1511        257822.59000
1512        258628.76000
1513        259437.15000
1514        260247.76000
1515        261060.60000
1516        261875.67000
1517        262692.99000
1518        263512.55000
1519        264334.36000
1520        265158.43000
1521        265984.76000
1522        266813.36000
1523        267644.23000
1524        268477.38000
1525        269312.81000
1526        270150.53000
1527        270990.54000
1528        271832.85000
1529        272677.47000
1530        273524.40000
1531        274373.64000
1532        275225.20000
1533        276079.10000
1534        276935.32000
1535        277793.88000
1536        278654.78000
1537        279518.04000
1538        280383.64000
1539        281251.61000
1540        282121.94000
1541        282994.65000
1542        283869.73000
1543        284747.19000
1544        285627.04000
1545        286509.28000
1546        287393.93000
1547        288280.97000
1548        289170.43000
1549        290062.30000
1550        290956.60000
1551        291853.32000
1552        292752.48000
1553        293654.07000
1554        294558.11000
1555        295464.60000
1556        296373.54000
1557        297284.95000
1558        298198.82000
1559        299115.17000
1560        300034.00000
1561        300955.31000
1562        301879.11000
1563        302805.41000
1564        303734.21000
1565        304665.52000
1566        305599.34000
1567        306535.69000
1568        307474.55000
1569        308415.95000
1570        309359.89000
1571        310306.37000
1572        311255.40000
1573        312206.99000
1574        313161.14000
1575        314117.85000
1576        315077.14000
1577        316039.01000
1578        317003.46000
1579        317970.50000
1580        318940.14000
1581        319912.39000
1582        320887.24000
1583        321864.71000
1584        322844.80000
1585        323827.52000
1586        324812.87000
1587        325800.86000
1588        326791.50000
1589        327784.78000
1590        328780.73000
1591        329779.34000
1592        330780.62000
1593        331784.58000
1594        332791.22000
1595        333800.55000
1596        334812.58000
1597        335827.30000
1598        336844.74000
1599        337864.89000
1600        338887.75000
1601        339913.35000
1602        340941.68000
1603        341972.74000
1604        343006.55000
1605        344043.12000
1606        345082.44000
1607        346124.52000
1608        347169.38000
1609        348217.01000
1610        349267.43000
1611        350320.63000
1612        351376.64000
1613        352435.44000
1614        353497.06000
1615        354561.49000
1616        355628.74000
1617        356698.82000
1618        357771.73000
1619        358847.49000
1620        359926.09000
1621        361007.55000
1622        362091.87000
1623        363179.06000
1624        364269.12000
1625        365362.06000
1626        366457.89000
1627        367556.61000
1628        368658.24000
1629        369762.77000
1630        370870.21000
1631        371980.58000
1632        373093.87000
1633        374210.09000
1634        375329.26000
1635        376451.37000
1636        377576.44000
1637        378704.47000
1638        379835.46000
1639        380969.43000
1640        382106.38000
1641        383246.31000
1642        384389.24000
1643        385535.17000
1644        386684.11000
1645        387836.07000
1646        388991.04000
1647        390149.05000
1648        391310.09000
1649        392474.17000
1650        393641.30000
1651        394811.48000
1652        395984.73000
1653        397161.05000
1654        398340.45000
1655        399522.93000
1656        400708.50000
1657        401897.17000
1658        403088.94000
1659        404283.82000
1660        405481.82000
1661        406682.95000
1662        407887.21000
1663        409094.62000
1664        410305.16000
1665        411518.87000
1666        412735.73000
1667        413955.76000
1668        415178.97000
1669        416405.36000
1670        417634.94000
1671        418867.71000
1672        420103.69000
1673        421342.88000
1674        422585.29000
1675        423830.93000
1676        425079.79000
1677        426331.90000
1678        427587.26000
1679        428845.87000
1680        430107.74000
1681        431372.88000
1682        432641.30000
1683        433913.00000
1684        435188.00000
1685        436466.29000
1686        437747.89000
1687        439032.80000
1688        440321.03000
1689        441612.59000
1690        442907.49000
1691        444205.73000
1692        445507.32000
1693        446812.26000
1694        448120.58000
1695        449432.27000
1696        450747.33000
1697        452065.79000
1698        453387.64000
1699        454712.89000
1700        456041.56000
1701        457373.64000
1702        458709.15000
1703        460048.10000
1704        461390.48000
1705        462736.32000
1706        464085.61000
1707        465438.36000
1708        466794.59000
1709        468154.29000
1710        469517.49000
1711        470884.17000
1712        472254.37000
1713        473628.07000
1714        475005.29000
1715        476386.03000
1716        477770.31000
1717        479158.14000
1718        480549.51000
1719        481944.44000
1720        483342.93000
1721        484745.00000
1722        486150.65000
1723        487559.88000
1724        488972.72000
1725        490389.16000
1726        491809.21000
1727        493232.88000
1728        494660.19000
1729        496091.12000
1730        497525.71000
1731        498963.94000
1732        500405.84000
1733        501851.40000
1734        503300.65000
1735        504753.57000
1736        506210.20000
1737        507670.52000
1738        509134.55000
1739        510602.30000
1740        512073.77000
1741        513548.98000
1742        515027.93000
1743        516510.63000
1744        517997.09000
1745        519487.31000
1746        520981.32000
1747        522479.10000
1748        523980.67000
1749        525486.05000
1750        526995.23000
1751        528508.23000
1752        530025.06000
1753        531545.71000
1754        533070.21000
1755        534598.56000
1756        536130.77000
1757        537666.84000
1758        539206.79000
1759        540750.62000
1760        542298.35000
1761        543849.97000
1762        545405.50000
1763        546964.96000
1764        548528.33000
1765        550095.65000
1766        551666.90000
1767        553242.11000
1768        554821.27000
1769        556404.41000
1770        557991.52000
1771        559582.62000
1772        561177.72000
1773        562776.82000
1774        564379.93000
1775        565987.06000
1776        567598.22000
1777        569213.42000
1778        570832.66000
1779        572455.97000
1780        574083.33000
1781        575714.77000
1782        577350.30000
1783        578989.91000
1784        580633.62000
1785        582281.45000
1786        583933.39000
1787        585589.45000
1788        587249.65000
1789        588914.00000
1790        590582.50000
1791        592255.16000
1792        593931.99000
1793        595613.01000
1794        597298.21000
1795        598987.61000
1796        600681.22000
1797        602379.04000
1798        604081.09000
1799        605787.38000
1800        607497.90000
1801        609212.68000
1802        610931.73000
1803        612655.04000
1804        614382.63000
1805        616114.52000
1806        617850.70000
1807        619591.19000
1808        621335.99000
1809        623085.13000
1810        624838.60000
1811        626596.41000
1812        628358.58000
1813        630125.11000
1814        631896.01000
1815        633671.30000
1816        635450.97000
1817        637235.05000
1818        639023.54000
1819        640816.45000
1820        642613.79000
1821        644415.56000
1822        646221.79000
1823        648032.47000
1824        649847.62000
1825        651667.24000
1826        653491.36000
1827        655319.96000
1828        657153.08000
1829        658990.70000
1830        660832.86000
1831        662679.54000
1832        664530.77000
1833        666386.56000
1834        668246.90000
1835        670111.82000
1836        671981.32000
1837        673855.42000
1838        675734.12000
1839        677617.42000
1840        679505.35000
1841        681397.91000
1842        683295.12000
1843        685196.97000
1844        687103.48000
1845        689014.67000
1846        690930.53000
1847        692851.09000
1848        694776.35000
1849        696706.31000
1850        698641.00000
1851        700580.42000
1852        702524.58000
1853        704473.48000
1854        706427.15000
1855        708385.59000
1856        710348.81000
1857        712316.82000
1858        714289.63000
1859        716267.25000
1860        718249.69000
1861        720236.97000
1862        722229.08000
1863        724226.05000
1864        726227.87000
1865        728234.57000
1866        730246.15000
1867        732262.63000
1868        734284.00000
1869        736310.29000
1870        738341.51000
1871        740377.65000
1872        742418.74000
1873        744464.79000
1874        746515.80000
1875        748571.78000
1876        750632.75000
1877        752698.71000
1878        754769.69000
1879        756845.68000
1880        758926.69000
1881        761012.75000
1882        763103.85000
1883        765200.01000
1884        767301.24000
1885        769407.55000
1886        771518.96000
1887        773635.46000
1888        775757.08000
1889        777883.82000
1890        780015.69000
1891        782152.70000
1892        784294.88000
1893        786442.21000
1894        788594.73000
1895        790752.43000
1896        792915.33000
1897        795083.43000
1898        797256.76000
1899        799435.32000
1900        801619.12000
1901        803808.17000
1902        806002.48000
1903        808202.07000
1904        810406.94000
1905        812617.11000
1906        814832.59000
1907        817053.38000
1908        819279.51000
1909        821510.97000
1910        823747.78000
1911        825989.96000
1912        828237.51000
1913        830490.44000
1914        832748.78000
1915        835012.51000
1916        837281.67000
1917        839556.25000
1918        841836.28000
1919        844121.75000
1920        846412.69000
1921        848709.10000
1922        851011.00000
1923        853318.40000
1924        855631.30000
1925        857949.73000
1926        860273.68000
1927        862603.18000
1928        864938.23000
1929        867278.84000
1930        869625.03000
1931        871976.81000
1932        874334.19000
1933        876697.18000
1934        879065.79000
1935        881440.04000
1936        883819.93000
1937        886205.48000
1938        888596.70000
1939        890993.60000
1940        893396.19000
1941        895804.49000
1942        898218.50000
1943        900638.24000
1944        903063.72000
1945        905494.95000
1946        907931.94000
1947        910374.70000
1948        912823.26000
1949        915277.61000
1950        917737.77000
1951        920203.75000
1952        922675.56000
1953        925153.22000
1954        927636.74000
1955        930126.13000
1956        932621.40000
1957        935122.56000
1958        937629.63000
1959        940142.62000
1960        942661.54000
1961        945186.39000
1962        947717.21000
1963        950253.98000
1964        952796.74000
1965        955345.48000
1966        957900.23000
1967        960461.00000
1968        963027.79000
1969        965600.62000
1970        968179.50000
1971        970764.44000
1972        973355.46000
1973        975952.57000
1974        978555.78000
1975        981165.10000
1976        983780.55000
1977        986402.14000
1978        989029.87000
1979        991663.77000
1980        994303.85000
1981        996950.11000
1982        999602.58000
1983       1002261.30000
1984       1004926.20000
1985       1007597.30000
1986       1010274.70000
1987       1012958.30000
1988       1015648.30000
1989       1018344.50000
1990       1021047.00000
1991       1023755.80000
1992       1026471.00000
1993       1029192.50000
1994       1031920.40000
1995       1034654.60000
1996       1037395.20000
1997       1040142.20000
1998       1042895.50000
1999       1045655.30000
2000       1048421.60000
2001       1051194.30000
2002       1053973.40000
2003       1056759.00000
2004       1059551.10000
2005       1062349.70000
2006       1065154.70000
2007       1067966.40000
2008       1070784.50000
2009       1073609.20000
2010       1076440.40000
2011       1079278.20000
2012       1082122.70000
2013       1084973.70000
2014       1087831.30000
2015       1090695.50000
2016       1093566.40000
2017       1096443.90000
2018       1099328.10000
2019       1102219.00000
2020       1105116.60000
2021       1108020.90000
2022       1110931.90000
2023       1113849.60000
2024       1116774.10000
2025       1119705.30000
2026       1122643.30000
2027       1125588.10000
2028       1128539.70000
2029       1131498.10000
2030       1134463.40000
2031       1137435.40000
2032       1140414.40000
2033       1143400.20000
2034       1146392.90000
2035       1149392.40000
2036       1152398.90000
2037       1155412.30000
2038       1158432.70000
2039       1161460.00000
2040       1164494.20000
2041       1167535.50000
2042       1170583.70000
2043       1173639.00000
2044       1176701.20000
2045       1179770.50000
2046       1182846.80000
2047       1185930.30000
2048       1189020.70000
2049       1192118.30000
2050       1195223.00000
2051       1198334.80000
2052       1201453.70000
2053       1204579.70000
2054       1207713.00000
2055       1210853.40000
2056       1214001.00000
2057       1217155.80000
2058       1220317.80000
2059       1223487.00000
2060       1226663.50000
2061       1229847.20000
2062       1233038.30000
2063       1236236.60000
2064       1239442.20000
2065       1242655.10000
2066       1245875.40000
2067       1249103.00000
2068       1252337.90000
2069       1255580.30000
2070       1258830.00000
2071       1262087.20000
2072       1265351.70000
2073       1268623.70000
2074       1271903.10000
2075       1275190.00000
2076       1278484.40000
2077       1281786.30000
2078       1285095.70000
2079       1288412.60000
2080       1291737.00000
2081       1295069.00000
2082       1298408.50000
2083       1301755.60000
2084       1305110.40000
2085       1308472.70000
2086       1311842.70000
2087       1315220.30000
2088       1318605.50000
2089       1321998.50000
2090       1325399.10000
2091       1328807.40000
2092       1332223.40000
2093       1335647.20000
2094       1339078.70000
2095       1342517.90000
2096       1345965.00000
2097       1349419.80000
2098       1352882.40000
2099       1356352.90000
2100       1359831.20000
2101       1363317.30000
2102       1366811.30000
2103       1370313.20000
2104       1373823.00000
2105       1377340.70000
2106       1380866.40000
2107       1384400.00000
2108       1387941.50000
2109       1391491.00000
2110       1395048.50000
2111       1398614.00000
2112       1402187.50000
2113       1405769.10000
2114       1409358.70000
2115       1412956.40000
2116       1416562.20000
2117       1420176.10000
2118       1423798.10000
2119       1427428.20000
2120       1431066.40000
2121       1434712.90000
2122       1438367.50000
2123       1442030.30000
2124       1445701.30000
2125       1449380.50000
2126       1453068.00000
2127       1456763.80000
2128       1460467.80000
2129       1464180.10000
2130       1467900.70000
2131       1471629.60000
2132       1475366.90000
2133       1479112.50000
2134       1482866.50000
2135       1486628.90000
2136       1490399.70000
2137       1494178.90000
2138       1497966.50000
2139       1501762.60000
2140       1505567.10000
2141       1509380.20000
2142       1513201.70000
2143       1517031.80000
2144       1520870.40000
2145       1524717.50000
2146       1528573.20000
2147       1532437.50000
2148       1536310.40000
2149       1540191.90000
2150       1544082.00000
2151       1547980.80000
2152       1551888.20000
2153       1555804.30000
2154       1559729.20000
2155       1563662.70000
2156       1567605.00000
2157       1571556.00000
2158       1575515.80000
2159       1579484.40000
2160       1583461.70000
2161       1587447.90000
2162       1591442.90000
2163       1595446.80000
2164       1599459.50000
2165       1603481.10000
2166       1607511.60000
2167       1611551.10000
2168       1615599.40000
2169       1619656.70000
2170       1623723.00000
2171       1627798.30000
2172       1631882.60000
2173       1635975.90000
2174       1640078.20000
2175       1644189.60000
2176       1648310.00000
2177       1652439.60000
2178       1656578.20000
2179       1660726.00000
2180       1664882.90000
2181       1669049.00000
2182       1673224.20000
2183       1677408.70000
2184       1681602.30000
2185       1685805.20000
2186       1690017.30000
2187       1694238.70000
2188       1698469.40000
2189       1702709.30000
2190       1706958.60000
2191       1711217.20000
2192       1715485.20000
2193       1719762.50000
2194       1724049.30000
2195       1728345.40000
2196       1732650.90000
2197       1736965.90000
2198       1741290.40000
2199       1745624.30000
2200       1749967.70000
2201       1754320.70000
2202       1758683.10000
2203       1763055.10000
2204       1767436.70000
2205       1771827.90000
2206       1776228.60000
2207       1780639.00000
2208       1785059.00000
2209       1789488.70000
2210       1793928.00000
2211       1798377.10000
2212       1802835.80000
2213       1807304.30000
2214       1811782.60000
2215       1816270.60000
2216       1820768.30000
2217       1825275.90000
2218       1829793.30000
2219       1834320.60000
2220       1838857.70000
2221       1843404.70000
2222       1847961.50000
2223       1852528.30000
2224       1857105.10000
2225       1861691.70000
2226       1866288.40000
2227       1870895.00000
2228       1875511.60000
2229       1880138.30000
2230       1884775.00000
2231       1889421.80000
2232       1894078.70000
2233       1898745.60000
2234       1903422.70000
2235       1908109.90000
2236       1912807.30000
2237       1917514.90000
2238       1922232.60000
2239       1926960.60000
2240       1931698.80000
2241       1936447.30000
2242       1941206.00000
2243       1945975.00000
2244       1950754.30000
2245       1955544.00000
2246       1960344.00000
2247       1965154.40000
2248       1969975.20000
2249       1974806.40000
2250       1979648.00000
2251       1984500.00000
2252       1989362.50000
2253       1994235.50000
2254       1999119.00000
2255       2004013.10000
2256       2008917.70000
2257       2013832.80000
2258       2018758.50000
2259       2023694.90000
2260       2028641.80000
2261       2033599.40000
2262       2038567.70000
2263       2043546.60000
2264       2048536.20000
2265       2053536.60000
2266       2058547.70000
2267       2063569.60000
2268       2068602.20000
2269       2073645.70000
2270       2078699.90000
2271       2083765.10000
2272       2088841.00000
2273       2093927.90000
2274       2099025.60000
2275       2104134.30000
2276       2109254.00000
2277       2114384.50000
2278       2119526.10000
2279       2124678.70000
2280       2129842.30000
2281       2135016.90000
2282       2140202.60000
2283       2145399.40000
2284       2150607.30000
2285       2155826.30000
2286       2161056.50000
2287       2166297.80000
2288       2171550.30000
2289       2176814.00000
2290       2182089.00000
2291       2187375.20000
2292       2192672.70000
2293       2197981.40000
2294       2203301.50000
2295       2208632.90000
2296       2213975.60000
2297       2219329.80000
2298       2224695.30000
2299       2230072.20000
2300       2235460.60000
2301       2240860.50000
2302       2246271.80000
2303       2251694.60000
2304       2257128.90000
2305       2262574.80000
2306       2268032.20000
2307       2273501.30000
2308       2278981.90000
2309       2284474.10000
2310       2289978.00000
2311       2295493.60000
2312       2301020.90000
2313       2306559.80000
2314       2312110.50000
2315       2317673.00000
2316       2323247.20000
2317       2328833.30000
2318       2334431.10000
2319       2340040.80000
2320       2345662.40000
2321       2351295.80000
2322       2356941.20000
2323       2362598.50000
2324       2368267.70000
2325       2373948.90000
2326       2379642.10000
2327       2385347.30000
2328       2391064.50000
2329       2396793.80000
2330       2402535.20000
2331       2408288.70000
2332       2414054.30000
2333       2419832.00000
2334       2425622.00000
2335       2431424.10000
2336       2437238.40000
2337       2443065.00000
2338       2448903.80000
2339       2454754.90000
2340       2460618.30000
2341       2466494.00000
2342       2472382.10000
2343       2478282.50000
2344       2484195.30000
2345       2490120.60000
2346       2496058.30000
2347       2502008.40000
2348       2507971.00000
2349       2513946.10000
2350       2519933.80000
2351       2525934.00000
2352       2531946.80000
2353       2537972.10000
2354       2544010.10000
2355       2550060.70000
2356       2556124.00000
2357       2562200.00000
2358       2568288.70000
2359       2574390.10000
2360       2580504.30000
2361       2586631.20000
2362       2592771.00000
2363       2598923.50000
2364       2605088.90000
2365       2611267.20000
2366       2617458.40000
2367       2623662.50000
2368       2629879.60000
2369       2636109.60000
2370       2642352.50000
2371       2648608.50000
2372       2654877.60000
2373       2661159.70000
2374       2667454.80000
2375       2673763.10000
2376       2680084.50000
2377       2686419.00000
2378       2692766.80000
2379       2699127.70000
2380       2705501.80000
2381       2711889.20000
2382       2718289.90000
2383       2724703.80000
2384       2731131.10000
2385       2737571.70000
2386       2744025.70000
2387       2750493.00000
2388       2756973.80000
2389       2763468.00000
2390       2769975.70000
2391       2776496.80000
2392       2783031.50000
2393       2789579.70000
2394       2796141.40000
2395       2802716.70000
2396       2809305.70000
2397       2815908.20000
2398       2822524.50000
2399       2829154.40000
2400       2835798.00000
2401       2842455.30000
2402       2849126.40000
2403       2855811.20000
2404       2862509.90000
2405       2869222.40000
2406       2875948.70000
2407       2882688.90000
2408       2889443.00000
2409       2896211.00000
2410       2902993.00000
2411       2909789.00000
2412       2916598.90000
2413       2923422.90000
2414       2930260.90000
2415       2937113.00000
2416       2943979.20000
2417       2950859.50000
2418       2957754.00000
2419       2964662.60000
2420       2971585.40000
2421       2978522.50000
2422       2985473.80000
2423       2992439.40000
2424       2999419.30000
2425       3006413.50000
2426       3013422.00000
2427       3020445.00000
2428       3027482.30000
2429       3034534.10000
2430       3041600.30000
2431       3048681.00000
2432       3055776.10000
2433       3062885.90000
2434       3070010.10000
2435       3077149.00000
2436       3084302.40000
2437       3091470.50000
2438       3098653.30000
2439       3105850.70000
2440       3113062.90000
2441       3120289.70000
2442       3127531.40000
2443       3134787.80000
2444       3142059.00000
2445       3149345.10000
2446       3156646.00000
2447       3163961.90000
2448       3171292.60000
2449       3178638.30000
2450       3185999.00000
2451       3193374.60000
2452       3200765.30000
2453       3208171.10000
2454       3215591.90000
2455       3223027.80000
2456       3230478.80000
2457       3237945.00000
2458       3245426.40000
2459       3252923.00000
2460       3260434.80000
2461       3267961.90000
2462       3275504.30000
2463       3283061.90000
2464       3290635.00000
2465       3298223.40000
2466       3305827.20000
2467       3313446.40000
2468       3321081.00000
2469       3328731.20000
2470       3336396.80000
2471       3344078.00000
2472       3351774.70000
2473       3359487.10000
2474       3367215.00000
2475       3374958.60000
2476       3382717.80000
2477       3390492.80000
2478       3398283.40000
2479       3406089.80000
2480       3413912.00000
2481       3421750.00000
2482       3429603.80000
2483       3437473.50000
2484       3445359.10000
2485       3453260.60000
2486       3461178.00000
2487       3469111.40000
2488       3477060.80000
2489       3485026.20000
2490       3493007.70000
2491       3501005.20000
2492       3509018.90000
2493       3517048.70000
2494       3525094.70000
2495       3533156.80000
2496       3541235.20000
2497       3549329.90000
2498       3557440.80000
2499       3565568.00000
2500       3573711.50000
2501       3581871.50000
2502       3590047.80000
2503       3598240.50000
2504       3606449.70000
2505       3614675.30000
2506       3622917.50000
2507       3631176.20000
2508       3639451.40000
2509       3647743.30000
2510       3656051.80000
2511       3664376.90000
2512       3672718.70000
2513       3681077.20000
2514       3689452.40000
2515       3697844.40000
2516       3706253.20000
2517       3714678.80000
2518       3723121.30000
2519       3731580.60000
2520       3740056.90000
2521       3748550.10000
2522       3757060.20000
2523       3765587.40000
2524       3774131.60000
2525       3782692.80000
2526       3791271.10000
2527       3799866.60000
2528       3808479.10000
2529       3817108.90000
2530       3825755.80000
2531       3834420.00000
2532       3843101.50000
2533       3851800.20000
2534       3860516.30000
2535       3869249.70000
2536       3878000.50000
2537       3886768.70000
2538       3895554.30000
2539       3904357.50000
2540       3913178.10000
2541       3922016.20000
2542       3930871.90000
2543       3939745.20000
2544       3948636.10000
2545       3957544.70000
2546       3966471.00000
2547       3975414.90000
2548       3984376.60000
2549       3993356.10000
2550       4002353.40000
2551       4011368.50000
2552       4020401.50000
2553       4029452.30000
2554       4038521.10000
2555       4047607.90000
2556       4056712.60000
2557       4065835.30000
2558       4074976.10000
2559       4084135.00000
2560       4093312.00000
2561       4102507.10000
2562       4111720.40000
2563       4120951.90000
2564       4130201.60000
2565       4139469.60000
2566       4148755.90000
2567       4158060.50000
2568       4167383.50000
2569       4176724.80000
2570       4186084.60000
2571       4195462.80000
2572       4204859.50000
2573       4214274.80000
2574       4223708.50000
2575       4233160.90000
2576       4242631.80000
2577       4252121.40000
2578       4261629.70000
2579       4271156.70000
2580       4280702.40000
2581       4290266.80000
2582       4299850.10000
2583       4309452.20000
2584       4319073.20000
2585       4328713.00000
2586       4338371.80000
2587       4348049.50000
2588       4357746.30000
2589       4367462.00000
2590       4377196.80000
2591       4386950.70000
2592       4396723.70000
2593       4406515.90000
2594       4416327.20000
2595       4426157.80000
2596       4436007.60000
2597       4445876.70000
2598       4455765.10000
2599       4465672.90000
2600       4475600.00000
2601       4485546.60000
2602       4495512.60000
2603       4505498.00000
2604       4515503.00000
2605       4525527.50000
2606       4535571.60000
2607       4545635.30000
2608       4555718.70000
2609       4565821.70000
2610       4575944.50000
2611       4586086.90000
2612       4596249.20000
2613       4606431.20000
2614       4616633.10000
2615       4626854.90000
2616       4637096.60000
2617       4647358.20000
2618       4657639.80000
2619       4667941.40000
2620       4678263.00000
2621       4688604.80000
2622       4698966.60000
2623       4709348.60000
2624       4719750.70000
2625       4730173.10000
2626       4740615.70000
2627       4751078.60000
2628       4761561.80000
2629       4772065.30000
2630       4782589.20000
2631       4793133.60000
2632       4803698.40000
2633       4814283.60000
2634       4824889.40000
2635       4835515.70000
2636       4846162.70000
2637       4856830.20000
2638       4867518.40000
2639       4878227.30000
2640       4888956.90000
2641       4899707.30000
2642       4910478.40000
2643       4921270.40000
2644       4932083.30000
2645       4942917.00000
2646       4953771.70000
2647       4964647.30000
2648       4975544.00000
2649       4986461.70000
2650       4997400.40000
2651       5008360.30000
2652       5019341.30000
2653       5030343.50000
2654       5041366.90000
2655       5052411.50000
2656       5063477.40000
2657       5074564.70000
2658       5085673.30000
2659       5096803.20000
2660       5107954.70000
2661       5119127.50000
2662       5130321.90000
2663       5141537.80000
2664       5152775.20000
2665       5164034.30000
2666       5175315.00000
2667       5186617.40000
2668       5197941.50000
2669       5209287.30000
2670       5220654.90000
2671       5232044.40000
2672       5243455.70000
2673       5254888.90000
2674       5266344.00000
2675       5277821.00000
2676       5289320.10000
2677       5300841.20000
2678       5312384.40000
2679       5323949.70000
2680       5335537.10000
2681       5347146.70000
2682       5358778.60000
2683       5370432.70000
2684       5382109.00000
2685       5393807.80000
2686       5405528.80000
2687       5417272.30000
2688       5429038.20000
2689       5440826.60000
2690       5452637.50000
2691       5464471.00000
2692       5476327.00000
2693       5488205.70000
2694       5500107.00000
2695       5512031.10000
2696       5523977.80000
2697       5535947.40000
2698       5547939.70000
2699       5559954.90000
2700       5571993.00000
2701       5584054.00000
2702       5596138.00000
2703       5608245.00000
2704       5620375.00000
2705       5632528.10000
2706       5644704.30000
2707       5656903.60000
2708       5669126.20000
2709       5681371.90000
2710       5693641.00000
2711       5705933.30000
2712       5718249.00000
2713       5730588.00000
2714       5742950.50000
2715       5755336.40000
2716       5767745.90000
2717       5780178.80000
2718       5792635.30000
2719       5805115.50000
2720       5817619.20000
2721       5830146.70000
2722       5842697.90000
2723       5855272.90000
2724       5867871.60000
2725       5880494.20000
2726       5893140.70000
2727       5905811.10000
2728       5918505.50000
2729       5931223.90000
2730       5943966.30000
2731       5956732.70000
2732       5969523.30000
2733       5982338.10000
2734       5995177.00000
2735       6008040.20000
2736       6020927.60000
2737       6033839.40000
2738       6046775.50000
2739       6059736.00000
2740       6072720.90000
2741       6085730.30000
2742       6098764.20000
2743       6111822.70000
2744       6124905.80000
2745       6138013.50000
2746       6151145.80000
2747       6164302.90000
2748       6177484.70000
2749       6190691.30000
2750       6203922.70000
2751       6217179.00000
2752       6230460.30000
2753       6243766.40000
2754       6257097.60000
2755       6270453.80000
2756       6283835.10000
2757       6297241.50000
2758       6310673.00000
2759       6324129.70000
2760       6337611.70000
2761       6351118.90000
2762       6364651.50000
2763       6378209.40000
2764       6391792.80000
2765       6405401.50000
2766       6419035.80000
2767       6432695.50000
2768       6446380.90000
2769       6460091.80000
2770       6473828.40000
2771       6487590.60000
2772       6501378.60000
2773       6515192.40000
2774       6529032.00000
2775       6542897.40000
2776       6556788.80000
2777       6570706.00000
2778       6584649.30000
2779       6598618.50000
2780       6612613.90000
2781       6626635.30000
2782       6640682.90000
2783       6654756.70000
2784       6668856.70000
2785       6682982.90000
2786       6697135.50000
2787       6711314.50000
2788       6725519.80000
2789       6739751.60000
2790       6754009.90000
2791       6768294.70000
2792       6782606.00000
2793       6796944.00000
2794       6811308.60000
2795       6825700.00000
2796       6840118.00000
2797       6854562.90000
2798       6869034.60000
2799       6883533.10000
2800       6898058.60000
2801       6912611.00000
2802       6927190.40000
2803       6941796.90000
2804       6956430.40000
2805       6971091.10000
2806       6985778.90000
2807       7000494.00000
2808       7015236.30000
2809       7030005.90000
2810       7044802.90000
2811       7059627.20000
2812       7074479.00000
2813       7089358.30000
2814       7104265.10000
2815       7119199.40000
2816       7134161.30000
2817       7149151.00000
2818       7164168.30000
2819       7179213.30000
2820       7194286.10000
2821       7209386.80000
2822       7224515.30000
2823       7239671.70000
2824       7254856.10000
2825       7270068.60000
2826       7285309.00000
2827       7300577.60000
2828       7315874.30000
2829       7331199.20000
2830       7346552.30000
2831       7361933.60000
2832       7377343.40000
2833       7392781.40000
2834       7408247.90000
2835       7423742.80000
2836       7439266.30000
2837       7454818.20000
2838       7470398.80000
2839       7486008.00000
2840       7501645.90000
2841       7517312.50000
2842       7533007.90000
2843       7548732.10000
2844       7564485.10000
2845       7580267.10000
2846       7596078.00000
2847       7611918.00000
2848       7627786.90000
2849       7643685.00000
2850       7659612.20000
2851       7675568.60000
2852       7691554.20000
2853       7707569.10000
2854       7723613.30000
2855       7739686.90000
2856       7755789.80000
2857       7771922.30000
2858       7788084.30000
2859       7804275.80000
2860       7820496.90000
2861       7836747.70000
2862       7853028.10000
2863       7869338.30000
2864       7885678.30000
2865       7902048.10000
2866       7918447.80000
2867       7934877.50000
2868       7951337.10000
2869       7967826.70000
2870       7984346.40000
2871       8000896.20000
2872       8017476.20000
2873       8034086.40000
2874       8050726.90000
2875       8067397.60000
2876       8084098.70000
2877       8100830.30000
2878       8117592.20000
2879       8134384.70000
2880       8151207.70000
2881       8168061.30000
2882       8184945.60000
2883       8201860.50000
2884       8218806.20000
2885       8235782.70000
2886       8252790.00000
2887       8269828.10000
2888       8286897.20000
2889       8303997.30000
2890       8321128.50000
2891       8338290.60000
2892       8355484.00000
2893       8372708.50000
2894       8389964.20000
2895       8407251.20000
2896       8424569.50000
2897       8441919.10000
2898       8459300.20000
2899       8476712.80000
2900       8494156.90000
2901       8511632.50000
2902       8529139.70000
2903       8546678.70000
2904       8564249.30000
2905       8581851.70000
2906       8599485.90000
2907       8617152.00000
2908       8634849.90000
2909       8652579.90000
2910       8670341.80000
2911       8688135.80000
2912       8705961.90000
2913       8723820.20000
2914       8741710.70000
2915       8759633.50000
2916       8777588.50000
2917       8795575.90000
2918       8813595.80000
2919       8831648.10000
2920       8849732.90000
2921       8867850.20000
2922       8886000.20000
2923       8904182.90000
2924       8922398.20000
2925       8940646.30000
2926       8958927.30000
2927       8977241.10000
2928       8995587.80000
2929       9013967.50000
2930       9032380.20000
2931       9050826.00000
2932       9069304.90000
2933       9087817.00000
2934       9106362.30000
2935       9124940.80000
2936       9143552.70000
2937       9162198.00000
2938       9180876.70000
2939       9199588.90000
2940       9218334.70000
2941       9237114.00000
2942       9255926.90000
2943       9274773.60000
2944       9293653.90000
2945       9312568.10000
2946       9331516.10000
2947       9350498.10000
2948       9369513.90000
2949       9388563.80000
2950       9407647.70000
2951       9426765.80000
2952       9445918.00000
2953       9465104.40000
2954       9484325.00000
2955       9503580.00000
2956       9522869.40000
2957       9542193.20000
2958       9561551.40000
2959       9580944.20000
2960       9600371.60000
2961       9619833.60000
2962       9639330.30000
2963       9658861.80000
2964       9678428.00000
2965       9698029.10000
2966       9717665.10000
2967       9737336.00000
2968       9757042.00000
2969       9776783.00000
2970       9796559.10000
2971       9816370.40000
2972       9836217.00000
2973       9856098.80000
2974       9876015.90000
2975       9895968.50000
2976       9915956.50000
2977       9935979.90000
2978       9956039.00000
2979       9976133.60000
2980       9996263.90000
2981      10016430.00000
2982      10036632.00000
2983      10056869.00000
2984      10077143.00000
2985      10097452.00000
2986      10117797.00000
2987      10138179.00000
2988      10158596.00000
2989      10179050.00000
2990      10199540.00000
2991      10220066.00000
2992      10240629.00000
2993      10261228.00000
2994      10281863.00000
2995      10302535.00000
2996      10323243.00000
2997      10343988.00000
2998      10364769.00000
2999      10385588.00000
3000      10406443.00000
3001      10427334.00000
3002      10448263.00000
3003      10469229.00000
3004      10490231.00000
3005      10511271.00000
3006      10532348.00000
3007      10553462.00000
3008      10574613.00000
3009      10595801.00000
3010      10617027.00000
3011      10638290.00000
3012      10659591.00000
3013      10680929.00000
3014      10702305.00000
3015      10723718.00000
3016      10745169.00000
3017      10766657.00000
3018      10788184.00000
3019      10809748.00000
3020      10831350.00000
3021      10852990.00000
3022      10874668.00000
3023      10896384.00000
3024      10918139.00000
3025      10939931.00000
3026      10961762.00000
3027      10983631.00000
3028      11005538.00000
3029      11027484.00000
3030      11049468.00000
3031      11071491.00000
3032      11093553.00000
3033      11115653.00000
3034      11137791.00000
3035      11159969.00000
3036      11182185.00000
3037      11204441.00000
3038      11226735.00000
3039      11249068.00000
3040      11271440.00000
3041      11293851.00000
3042      11316302.00000
3043      11338792.00000
3044      11361321.00000
3045      11383889.00000
3046      11406497.00000
3047      11429144.00000
3048      11451831.00000
3049      11474557.00000
3050      11497324.00000
3051      11520129.00000
3052      11542975.00000
3053      11565860.00000
3054      11588785.00000
3055      11611751.00000
3056      11634756.00000
3057      11657801.00000
3058      11680887.00000
3059      11704012.00000
3060      11727178.00000
3061      11750384.00000
3062      11773631.00000
3063      11796918.00000
3064      11820245.00000
3065      11843613.00000
3066      11867022.00000
3067      11890471.00000
3068      11913961.00000
3069      11937492.00000
3070      11961064.00000
3071      11984676.00000
3072      12008330.00000
3073      12032025.00000
3074      12055760.00000
3075      12079537.00000
3076      12103355.00000
3077      12127215.00000
3078      12151116.00000
3079      12175058.00000
3080      12199041.00000
3081      12223067.00000
3082      12247133.00000
3083      12271242.00000
3084      12295392.00000
3085      12319584.00000
3086      12343818.00000
3087      12368093.00000
3088      12392411.00000
3089      12416771.00000
3090      12441173.00000
3091      12465617.00000
3092      12490103.00000
3093      12514631.00000
3094      12539202.00000
3095      12563815.00000
3096      12588471.00000
3097      12613169.00000
3098      12637910.00000
3099      12662693.00000
3100      12687520.00000
3101      12712389.00000
3102      12737301.00000
3103      12762255.00000
3104      12787253.00000
3105      12812294.00000
3106      12837378.00000
3107      12862505.00000
3108      12887675.00000
3109      12912889.00000
3110      12938146.00000
3111      12963446.00000
3112      12988790.00000
3113      13014178.00000
3114      13039609.00000
3115      13065083.00000
3116      13090602.00000
3117      13116164.00000
3118      13141770.00000
3119      13167421.00000
3120      13193115.00000
3121      13218853.00000
3122      13244635.00000
3123      13270462.00000
3124      13296333.00000
3125      13322248.00000
3126      13348208.00000
3127      13374212.00000
3128      13400260.00000
3129      13426354.00000
3130      13452491.00000
3131      13478674.00000
3132      13504901.00000
3133      13531174.00000
3134      13557491.00000
3135      13583853.00000
3136      13610260.00000
3137      13636713.00000
3138      13663210.00000
3139      13689753.00000
3140      13716341.00000
3141      13742975.00000
3142      13769654.00000
3143      13796378.00000
3144      13823148.00000
3145      13849964.00000
3146      13876826.00000
3147      13903733.00000
3148      13930686.00000
3149      13957685.00000
3150      13984731.00000
3151      14011822.00000
3152      14038959.00000
3153      14066143.00000
3154      14093372.00000
3155      14120649.00000
3156      14147971.00000
3157      14175340.00000
3158      14202756.00000
3159      14230218.00000
3160      14257727.00000
3161      14285282.00000
3162      14312885.00000
3163      14340534.00000
3164      14368230.00000
3165      14395973.00000
3166      14423764.00000
3167      14451601.00000
3168      14479486.00000
3169      14507418.00000
3170      14535397.00000
3171      14563424.00000
3172      14591499.00000
3173      14619620.00000
3174      14647790.00000
3175      14676007.00000
3176      14704272.00000
3177      14732585.00000
3178      14760946.00000
3179      14789355.00000
3180      14817812.00000
3181      14846317.00000
3182      14874870.00000
3183      14903471.00000
3184      14932121.00000
3185      14960819.00000
3186      14989566.00000
3187      15018361.00000
3188      15047205.00000
3189      15076098.00000
3190      15105039.00000
3191      15134029.00000
3192      15163069.00000
3193      15192157.00000
3194      15221294.00000
3195      15250480.00000
3196      15279715.00000
3197      15309000.00000
3198      15338334.00000
3199      15367718.00000
3200      15397151.00000
3201      15426633.00000
3202      15456165.00000
3203      15485747.00000
3204      15515379.00000
3205      15545060.00000
3206      15574791.00000
3207      15604573.00000
3208      15634404.00000
3209      15664285.00000
3210      15694217.00000
3211      15724199.00000
3212      15754231.00000
3213      15784314.00000
3214      15814447.00000
3215      15844631.00000
3216      15874866.00000
3217      15905151.00000
3218      15935487.00000
3219      15965873.00000
3220      15996311.00000
3221      16026800.00000
3222      16057340.00000
3223      16087931.00000
3224      16118573.00000
3225      16149266.00000
3226      16180011.00000
3227      16210808.00000
3228      16241655.00000
3229      16272555.00000
3230      16303506.00000
3231      16334509.00000
3232      16365563.00000
3233      16396670.00000
3234      16427829.00000
3235      16459039.00000
3236      16490302.00000
3237      16521617.00000
3238      16552984.00000
3239      16584403.00000
3240      16615875.00000
3241      16647400.00000
3242      16678977.00000
3243      16710606.00000
3244      16742289.00000
3245      16774024.00000
3246      16805812.00000
3247      16837653.00000
3248      16869547.00000
3249      16901494.00000
3250      16933494.00000
3251      16965548.00000
3252      16997655.00000
3253      17029815.00000
3254      17062029.00000
3255      17094296.00000
3256      17126617.00000
3257      17158992.00000
3258      17191420.00000
3259      17223903.00000
3260      17256439.00000
3261      17289029.00000
3262      17321674.00000
3263      17354372.00000
3264      17387125.00000
3265      17419933.00000
3266      17452794.00000
3267      17485710.00000
3268      17518681.00000
3269      17551706.00000
3270      17584786.00000
3271      17617921.00000
3272      17651111.00000
3273      17684355.00000
3274      17717655.00000
3275      17751010.00000
3276      17784420.00000
3277      17817885.00000
3278      17851406.00000
3279      17884982.00000
3280      17918613.00000
3281      17952300.00000
3282      17986043.00000
3283      18019842.00000
3284      18053696.00000
3285      18087606.00000
3286      18121573.00000
3287      18155595.00000
3288      18189673.00000
3289      18223808.00000
3290      18257999.00000
3291      18292247.00000
3292      18326550.00000
3293      18360911.00000
3294      18395328.00000
3295      18429801.00000
3296      18464332.00000
3297      18498919.00000
3298      18533564.00000
3299      18568265.00000
3300      18603023.00000
3301      18637839.00000
3302      18672712.00000
3303      18707642.00000
3304      18742630.00000
3305      18777675.00000
3306      18812778.00000
3307      18847938.00000
3308      18883156.00000
3309      18918432.00000
3310      18953766.00000
3311      18989158.00000
3312      19024609.00000
3313      19060117.00000
3314      19095683.00000
3315      19131308.00000
3316      19166991.00000
3317      19202733.00000
3318      19238533.00000
3319      19274392.00000
3320      19310310.00000
3321      19346287.00000
3322      19382322.00000
3323      19418416.00000
3324      19454570.00000
3325      19490783.00000
3326      19527055.00000
3327      19563386.00000
3328      19599776.00000
3329      19636227.00000
3330      19672736.00000
3331      19709306.00000
3332      19745935.00000
3333      19782624.00000
3334      19819373.00000
3335      19856182.00000
3336      19893051.00000
3337      19929980.00000
3338      19966969.00000
3339      20004019.00000
3340      20041129.00000
3341      20078300.00000
3342      20115531.00000
3343      20152823.00000
3344      20190176.00000
3345      20227589.00000
3346      20265064.00000
3347      20302599.00000
3348      20340196.00000
3349      20377854.00000
3350      20415573.00000
3351      20453353.00000
3352      20491195.00000
3353      20529098.00000
3354      20567064.00000
3355      20605090.00000
3356      20643179.00000
3357      20681329.00000
3358      20719542.00000
3359      20757816.00000
3360      20796153.00000
3361      20834551.00000
3362      20873013.00000
3363      20911536.00000
3364      20950122.00000
3365      20988771.00000
3366      21027482.00000
3367      21066256.00000
3368      21105093.00000
3369      21143993.00000
3370      21182955.00000
3371      21221981.00000
3372      21261070.00000
3373      21300223.00000
3374      21339438.00000
3375      21378718.00000
3376      21418060.00000
3377      21457467.00000
3378      21496937.00000
3379      21536471.00000
3380      21576068.00000
3381      21615730.00000
3382      21655456.00000
3383      21695246.00000
3384      21735100.00000
3385      21775019.00000
3386      21815002.00000
3387      21855049.00000
3388      21895162.00000
3389      21935338.00000
3390      21975580.00000
3391      22015887.00000
3392      22056258.00000
3393      22096695.00000
3394      22137196.00000
3395      22177763.00000
3396      22218396.00000
3397      22259094.00000
3398      22299857.00000
3399      22340686.00000
3400      22381580.00000
3401      22422541.00000
3402      22463567.00000
3403      22504659.00000
3404      22545817.00000
3405      22587042.00000
3406      22628332.00000
3407      22669689.00000
3408      22711113.00000
3409      22752603.00000
3410      22794159.00000
3411      22835783.00000
3412      22877473.00000
3413      22919230.00000
3414      22961054.00000
3415      23002945.00000
3416      23044903.00000
3417      23086928.00000
3418      23129021.00000
3419      23171181.00000
3420      23213409.00000
3421      23255705.00000
3422      23298068.00000
3423      23340499.00000
3424      23382998.00000
3425      23425564.00000
3426      23468199.00000
3427      23510903.00000
3428      23553674.00000
3429      23596514.00000
3430      23639422.00000
3431      23682399.00000
3432      23725445.00000
3433      23768559.00000
3434      23811742.00000
3435      23854994.00000
3436      23898316.00000
3437      23941706.00000
3438      23985166.00000
3439      24028694.00000
3440      24072293.00000
3441      24115961.00000
3442      24159698.00000
3443      24203505.00000
3444      24247382.00000
3445      24291329.00000
3446      24335346.00000
3447      24379433.00000
3448      24423590.00000
3449      24467818.00000
3450      24512115.00000
3451      24556484.00000
3452      24600923.00000
3453      24645432.00000
3454      24690012.00000
3455      24734664.00000
3456      24779386.00000
3457      24824179.00000
3458      24869043.00000
3459      24913979.00000
3460      24958986.00000
3461      25004065.00000
3462      25049215.00000
3463      25094436.00000
3464      25139730.00000
3465      25185095.00000
3466      25230532.00000
3467      25276041.00000
3468      25321623.00000
3469      25367276.00000
3470      25413002.00000
3471      25458800.00000
3472      25504671.00000
3473      25550615.00000
3474      25596631.00000
3475      25642720.00000
3476      25688882.00000
3477      25735117.00000
3478      25781426.00000
3479      25827807.00000
3480      25874262.00000
3481      25920790.00000
3482      25967392.00000
3483      26014067.00000
3484      26060816.00000
3485      26107639.00000
3486      26154536.00000
3487      26201506.00000
3488      26248551.00000
3489      26295671.00000
3490      26342864.00000
3491      26390132.00000
3492      26437475.00000
3493      26484892.00000
3494      26532384.00000
3495      26579950.00000
3496      26627592.00000
3497      26675309.00000
3498      26723101.00000
3499      26770968.00000
3500      26818910.00000
3501      26866928.00000
3502      26915021.00000
3503      26963191.00000
3504      27011435.00000
3505      27059756.00000
3506      27108153.00000
3507      27156625.00000
3508      27205174.00000
3509      27253800.00000
3510      27302501.00000
3511      27351279.00000
3512      27400134.00000
3513      27449065.00000
3514      27498073.00000
3515      27547158.00000
3516      27596320.00000
3517      27645559.00000
3518      27694875.00000
3519      27744269.00000
3520      27793740.00000
3521      27843289.00000
3522      27892915.00000
3523      27942619.00000
3524      27992400.00000
3525      28042260.00000
3526      28092198.00000
3527      28142214.00000
3528      28192308.00000
3529      28242480.00000
3530      28292731.00000
3531      28343060.00000
3532      28393469.00000
3533      28443956.00000
3534      28494521.00000
3535      28545166.00000
3536      28595890.00000
3537      28646693.00000
3538      28697576.00000
3539      28748538.00000
3540      28799579.00000
3541      28850700.00000
3542      28901901.00000
3543      28953181.00000
3544      29004542.00000
3545      29055983.00000
3546      29107503.00000
3547      29159105.00000
3548      29210786.00000
3549      29262548.00000
3550      29314391.00000
3551      29366314.00000
3552      29418318.00000
3553      29470403.00000
3554      29522569.00000
3555      29574816.00000
3556      29627145.00000
3557      29679554.00000
3558      29732046.00000
3559      29784619.00000
3560      29837273.00000
3561      29890010.00000
3562      29942828.00000
3563      29995728.00000
3564      30048710.00000
3565      30101775.00000
3566      30154922.00000
3567      30208152.00000
3568      30261464.00000
3569      30314858.00000
3570      30368336.00000
3571      30421896.00000
3572      30475539.00000
3573      30529266.00000
3574      30583076.00000
3575      30636969.00000
3576      30690945.00000
3577      30745005.00000
3578      30799149.00000
3579      30853377.00000
3580      30907688.00000
3581      30962084.00000
3582      31016563.00000
3583      31071127.00000
3584      31125775.00000
3585      31180508.00000
3586      31235325.00000
3587      31290227.00000
3588      31345214.00000
3589      31400285.00000
3590      31455442.00000
3591      31510684.00000
3592      31566011.00000
3593      31621423.00000
3594      31676921.00000
3595      31732504.00000
3596      31788174.00000
3597      31843929.00000
3598      31899769.00000
3599      31955696.00000
3600      32011709.00000
3601      32067809.00000
3602      32123995.00000
3603      32180267.00000
3604      32236626.00000
3605      32293071.00000
3606      32349604.00000
3607      32406223.00000
3608      32462930.00000
3609      32519724.00000
3610      32576605.00000
3611      32633573.00000
3612      32690629.00000
3613      32747773.00000
3614      32805004.00000
3615      32862323.00000
3616      32919731.00000
3617      32977226.00000
3618      33034810.00000
3619      33092482.00000
3620      33150242.00000
3621      33208091.00000
3622      33266029.00000
3623      33324056.00000
3624      33382171.00000
3625      33440376.00000
3626      33498670.00000
3627      33557053.00000
3628      33615525.00000
3629      33674087.00000
3630      33732739.00000
3631      33791480.00000
3632      33850312.00000
3633      33909233.00000
3634      33968244.00000
3635      34027346.00000
3636      34086538.00000
3637      34145820.00000
3638      34205194.00000
3639      34264657.00000
3640      34324212.00000
3641      34383858.00000
3642      34443594.00000
3643      34503422.00000
3644      34563341.00000
3645      34623352.00000
3646      34683454.00000
3647      34743648.00000
3648      34803934.00000
3649      34864311.00000
3650      34924781.00000
3651      34985342.00000
3652      35045996.00000
3653      35106743.00000
3654      35167582.00000
3655      35228513.00000
3656      35289538.00000
3657      35350655.00000
3658      35411865.00000
3659      35473169.00000
3660      35534565.00000
3661      35596055.00000
3662      35657639.00000
3663      35719316.00000
3664      35781087.00000
3665      35842951.00000
3666      35904910.00000
3667      35966963.00000
3668      36029110.00000
3669      36091351.00000
3670      36153687.00000
3671      36216118.00000
3672      36278643.00000
3673      36341263.00000
3674      36403978.00000
3675      36466788.00000
3676      36529693.00000
3677      36592694.00000
3678      36655790.00000
3679      36718982.00000
3680      36782270.00000
3681      36845653.00000
3682      36909132.00000
3683      36972708.00000
3684      37036379.00000
3685      37100147.00000
3686      37164012.00000
3687      37227973.00000
3688      37292030.00000
3689      37356185.00000
3690      37420437.00000
3691      37484785.00000
3692      37549231.00000
3693      37613774.00000
3694      37678415.00000
3695      37743154.00000
3696      37807990.00000
3697      37872924.00000
3698      37937956.00000
3699      38003086.00000
3700      38068314.00000
3701      38133641.00000
3702      38199066.00000
3703      38264590.00000
3704      38330212.00000
3705      38395934.00000
3706      38461754.00000
3707      38527674.00000
3708      38593693.00000
3709      38659811.00000
3710      38726029.00000
3711      38792346.00000
3712      38858763.00000
3713      38925280.00000
3714      38991898.00000
3715      39058615.00000
3716      39125433.00000
3717      39192351.00000
3718      39259370.00000
3719      39326489.00000
3720      39393709.00000
3721      39461030.00000
3722      39528453.00000
3723      39595976.00000
3724      39663601.00000
3725      39731327.00000
3726      39799155.00000
3727      39867085.00000
3728      39935116.00000
3729      40003250.00000
3730      40071485.00000
3731      40139823.00000
3732      40208264.00000
3733      40276806.00000
3734      40345452.00000
3735      40414200.00000
3736      40483052.00000
3737      40552006.00000
3738      40621063.00000
3739      40690224.00000
3740      40759488.00000
3741      40828856.00000
3742      40898328.00000
3743      40967903.00000
3744      41037583.00000
3745      41107366.00000
3746      41177254.00000
3747      41247247.00000
3748      41317343.00000
3749      41387545.00000
3750      41457851.00000
3751      41528262.00000
3752      41598779.00000
3753      41669400.00000
3754      41740127.00000
3755      41810959.00000
3756      41881897.00000
3757      41952941.00000
3758      42024090.00000
3759      42095346.00000
3760      42166708.00000
3761      42238176.00000
3762      42309750.00000
3763      42381431.00000
3764      42453219.00000
3765      42525113.00000
3766      42597115.00000
3767      42669223.00000
3768      42741439.00000
3769      42813763.00000
3770      42886193.00000
3771      42958732.00000
3772      43031378.00000
3773      43104132.00000
3774      43176995.00000
3775      43249965.00000
3776      43323044.00000
3777      43396231.00000
3778      43469527.00000
3779      43542932.00000
3780      43616446.00000
3781      43690068.00000
3782      43763800.00000
3783      43837641.00000
3784      43911592.00000
3785      43985652.00000
3786      44059822.00000
3787      44134102.00000
3788      44208492.00000
3789      44282992.00000
3790      44357603.00000
3791      44432323.00000
3792      44507155.00000
3793      44582097.00000
3794      44657150.00000
3795      44732314.00000
3796      44807589.00000
3797      44882976.00000
3798      44958474.00000
3799      45034083.00000
3800      45109805.00000
3801      45185638.00000
3802      45261583.00000
3803      45337640.00000
3804      45413810.00000
3805      45490092.00000
3806      45566486.00000
3807      45642993.00000
3808      45719614.00000
3809      45796347.00000
3810      45873193.00000
3811      45950153.00000
3812      46027226.00000
3813      46104412.00000
3814      46181713.00000
3815      46259127.00000
3816      46336655.00000
3817      46414297.00000
3818      46492054.00000
3819      46569925.00000
3820      46647911.00000
3821      46726011.00000
3822      46804227.00000
3823      46882557.00000
3824      46961003.00000
3825      47039564.00000
3826      47118240.00000
3827      47197032.00000
3828      47275940.00000
3829      47354963.00000
3830      47434103.00000
3831      47513359.00000
3832      47592731.00000
3833      47672220.00000
3834      47751825.00000
3835      47831547.00000
3836      47911386.00000
3837      47991343.00000
3838      48071416.00000
3839      48151607.00000
3840      48231915.00000
3841      48312341.00000
3842      48392885.00000
3843      48473547.00000
3844      48554327.00000
3845      48635225.00000
3846      48716242.00000
3847      48797377.00000
3848      48878631.00000
3849      48960003.00000
3850      49041495.00000
3851      49123106.00000
3852      49204836.00000
3853      49286686.00000
3854      49368656.00000
3855      49450745.00000
3856      49532954.00000
3857      49615283.00000
3858      49697732.00000
3859      49780302.00000
3860      49862992.00000
3861      49945803.00000
3862      50028735.00000
3863      50111788.00000
3864      50194962.00000
3865      50278257.00000
3866      50361674.00000
3867      50445212.00000
3868      50528872.00000
3869      50612654.00000
3870      50696558.00000
3871      50780584.00000
3872      50864732.00000
3873      50949003.00000
3874      51033397.00000
3875      51117913.00000
3876      51202553.00000
3877      51287315.00000
3878      51372201.00000
3879      51457210.00000
3880      51542343.00000
3881      51627600.00000
3882      51712980.00000
3883      51798485.00000
3884      51884114.00000
3885      51969867.00000
3886      52055744.00000
3887      52141747.00000
3888      52227874.00000
3889      52314126.00000
3890      52400503.00000
3891      52487006.00000
3892      52573634.00000
3893      52660387.00000
3894      52747267.00000
3895      52834272.00000
3896      52921404.00000
3897      53008661.00000
3898      53096045.00000
3899      53183556.00000
3900      53271193.00000
3901      53358958.00000
3902      53446849.00000
3903      53534867.00000
3904      53623013.00000
3905      53711286.00000
3906      53799687.00000
3907      53888216.00000
3908      53976873.00000
3909      54065658.00000
3910      54154571.00000
3911      54243613.00000
3912      54332783.00000
3913      54422082.00000
3914      54511510.00000
3915      54601067.00000
3916      54690754.00000
3917      54780569.00000
3918      54870515.00000
3919      54960590.00000
3920      55050795.00000
3921      55141130.00000
3922      55231595.00000
3923      55322191.00000
3924      55412917.00000
3925      55503774.00000
3926      55594762.00000
3927      55685881.00000
3928      55777131.00000
3929      55868513.00000
3930      55960026.00000
3931      56051671.00000
3932      56143447.00000
3933      56235356.00000
3934      56327397.00000
3935      56419570.00000
3936      56511875.00000
3937      56604314.00000
3938      56696885.00000
3939      56789589.00000
3940      56882426.00000
3941      56975397.00000
3942      57068501.00000
3943      57161739.00000
3944      57255111.00000
3945      57348616.00000
3946      57442256.00000
3947      57536030.00000
3948      57629939.00000
3949      57723982.00000
3950      57818160.00000
3951      57912473.00000
3952      58006921.00000
3953      58101505.00000
3954      58196224.00000
3955      58291079.00000
3956      58386069.00000
3957      58481196.00000
3958      58576458.00000
3959      58671857.00000
3960      58767393.00000
3961      58863065.00000
3962      58958874.00000
3963      59054820.00000
3964      59150903.00000
3965      59247124.00000
3966      59343482.00000
3967      59439977.00000
3968      59536611.00000
3969      59633383.00000
3970      59730292.00000
3971      59827340.00000
3972      59924527.00000
3973      60021852.00000
3974      60119316.00000
3975      60216920.00000
3976      60314662.00000
3977      60412544.00000
3978      60510565.00000
3979      60608726.00000
3980      60707027.00000
3981      60805468.00000
3982      60904050.00000
3983      61002771.00000
3984      61101634.00000
3985      61200637.00000
3986      61299781.00000
3987      61399066.00000
3988      61498492.00000
3989      61598060.00000
3990      61697769.00000
3991      61797620.00000
3992      61897613.00000
3993      61997749.00000
3994      62098026.00000
3995      62198446.00000
3996      62299009.00000
3997      62399715.00000
3998      62500563.00000
3999      62601555.00000
4000      62702690.00000
4001      62803969.00000
4002      62905391.00000
4003      63006957.00000
4004      63108668.00000
4005      63210522.00000
4006      63312521.00000
4007      63414665.00000
4008      63516953.00000
4009      63619387.00000
4010      63721965.00000
4011      63824689.00000
4012      63927558.00000
4013      64030573.00000
4014      64133734.00000
4015      64237040.00000
4016      64340493.00000
4017      64444092.00000
4018      64547838.00000
4019      64651731.00000
4020      64755770.00000
4021      64859957.00000
4022      64964290.00000
4023      65068772.00000
4024      65173400.00000
4025      65278177.00000
4026      65383102.00000
4027      65488174.00000
4028      65593396.00000
4029      65698765.00000
4030      65804283.00000
4031      65909951.00000
4032      66015767.00000
4033      66121732.00000
4034      66227847.00000
4035      66334112.00000
4036      66440526.00000
4037      66547090.00000
4038      66653805.00000
4039      66760670.00000
4040      66867685.00000
4041      66974851.00000
4042      67082168.00000
4043      67189636.00000
4044      67297255.00000
4045      67405026.00000
4046      67512948.00000
4047      67621022.00000
4048      67729248.00000
4049      67837626.00000
4050      67946156.00000
4051      68054839.00000
4052      68163675.00000
4053      68272664.00000
4054      68381806.00000
4055      68491101.00000
4056      68600549.00000
4057      68710151.00000
4058      68819907.00000
4059      68929817.00000
4060      69039881.00000
4061      69150100.00000
4062      69260473.00000
4063      69371001.00000
4064      69481684.00000
4065      69592522.00000
4066      69703515.00000
4067      69814664.00000
4068      69925969.00000
4069      70037429.00000
4070      70149046.00000
4071      70260818.00000
4072      70372748.00000
4073      70484833.00000
4074      70597076.00000
4075      70709476.00000
4076      70822033.00000
4077      70934747.00000
4078      71047619.00000
4079      71160648.00000
4080      71273836.00000
4081      71387182.00000
4082      71500686.00000
4083      71614349.00000
4084      71728170.00000
4085      71842150.00000
4086      71956290.00000
4087      72070589.00000
4088      72185047.00000
4089      72299665.00000
4090      72414442.00000
4091      72529380.00000
4092      72644478.00000
4093      72759737.00000
4094      72875156.00000
4095      72990736.00000
4096      73106477.00000
4097      73222380.00000
4098      73338443.00000
4099      73454669.00000
4100      73571056.00000
4101      73687605.00000
4102      73804316.00000
4103      73921190.00000
4104      74038226.00000
4105      74155425.00000
4106      74272787.00000
4107      74390313.00000
4108      74508001.00000
4109      74625853.00000
4110      74743869.00000
4111      74862049.00000
4112      74980393.00000
4113      75098901.00000
4114      75217574.00000
4115      75336412.00000
4116      75455414.00000
4117      75574582.00000
4118      75693915.00000
4119      75813414.00000
4120      75933078.00000
4121      76052908.00000
4122      76172904.00000
4123      76293067.00000
4124      76413396.00000
4125      76533892.00000
4126      76654555.00000
4127      76775385.00000
4128      76896382.00000
4129      77017547.00000
4130      77138879.00000
4131      77260379.00000
4132      77382048.00000
4133      77503884.00000
4134      77625890.00000
4135      77748064.00000
4136      77870407.00000
4137      77992919.00000
4138      78115600.00000
4139      78238451.00000
4140      78361471.00000
4141      78484662.00000
4142      78608022.00000
4143      78731553.00000
4144      78855255.00000
4145      78979127.00000
4146      79103170.00000
4147      79227385.00000
4148      79351770.00000
4149      79476327.00000
4150      79601056.00000
4151      79725957.00000
4152      79851030.00000
4153      79976275.00000
4154      80101693.00000
4155      80227284.00000
4156      80353048.00000
4157      80478985.00000
4158      80605095.00000
4159      80731379.00000
4160      80857837.00000
4161      80984468.00000
4162      81111274.00000
4163      81238254.00000
4164      81365409.00000
4165      81492739.00000
4166      81620244.00000
4167      81747924.00000
4168      81875779.00000
4169      82003810.00000
4170      82132017.00000
4171      82260401.00000
4172      82388960.00000
4173      82517696.00000
4174      82646608.00000
4175      82775698.00000
4176      82904964.00000
4177      83034408.00000
4178      83164030.00000
4179      83293829.00000
4180      83423806.00000
4181      83553961.00000
4182      83684295.00000
4183      83814807.00000
4184      83945499.00000
4185      84076369.00000
4186      84207418.00000
4187      84338647.00000
4188      84470055.00000
4189      84601643.00000
4190      84733412.00000
4191      84865360.00000
4192      84997490.00000
4193      85129799.00000
4194      85262290.00000
4195      85394962.00000
4196      85527815.00000
4197      85660850.00000
4198      85794066.00000
4199      85927465.00000
4200      86061046.00000
4201      86194809.00000
4202      86328755.00000
4203      86462883.00000
4204      86597195.00000
4205      86731690.00000
4206      86866368.00000
4207      87001230.00000
4208      87136277.00000
4209      87271507.00000
4210      87406921.00000
4211      87542520.00000
4212      87678304.00000
4213      87814273.00000
4214      87950427.00000
4215      88086767.00000
4216      88223292.00000
4217      88360003.00000
4218      88496901.00000
4219      88633984.00000
4220      88771254.00000
4221      88908711.00000
4222      89046355.00000
4223      89184186.00000
4224      89322204.00000
4225      89460410.00000
4226      89598804.00000
4227      89737385.00000
4228      89876156.00000
4229      90015114.00000
4230      90154262.00000
4231      90293598.00000
4232      90433123.00000
4233      90572838.00000
4234      90712743.00000
4235      90852837.00000
4236      90993121.00000
4237      91133596.00000
4238      91274261.00000
4239      91415117.00000
4240      91556164.00000
4241      91697402.00000
4242      91838831.00000
4243      91980452.00000
4244      92122265.00000
4245      92264270.00000
4246      92406467.00000
4247      92548856.00000
4248      92691439.00000
4249      92834214.00000
4250      92977183.00000
4251      93120344.00000
4252      93263700.00000
4253      93407249.00000
4254      93550993.00000
4255      93694931.00000
4256      93839063.00000
4257      93983390.00000
4258      94127912.00000
4259      94272629.00000
4260      94417542.00000
4261      94562650.00000
4262      94707955.00000
4263      94853455.00000
4264      94999152.00000
4265      95145045.00000
4266      95291135.00000
4267      95437423.00000
4268      95583907.00000
4269      95730589.00000
4270      95877469.00000
4271      96024546.00000
4272      96171822.00000
4273      96319296.00000
4274      96466969.00000
4275      96614841.00000
4276      96762912.00000
4277      96911182.00000
4278      97059652.00000
4279      97208321.00000
4280      97357191.00000
4281      97506261.00000
4282      97655531.00000
4283      97805002.00000
4284      97954674.00000
4285      98104547.00000
4286      98254622.00000
4287      98404898.00000
4288      98555376.00000
4289      98706057.00000
4290      98856939.00000
4291      99008024.00000
4292      99159313.00000
4293      99310804.00000
4294      99462498.00000
4295      99614396.00000
4296      99766498.00000
4297      99918804.00000
4298     100071310.00000
4299     100224030.00000
4300     100376950.00000
4301     100530070.00000
4302     100683400.00000
4303     100836940.00000
4304     100990680.00000
4305     101144620.00000
4306     101298770.00000
4307     101453130.00000
4308     101607700.00000
4309     101762470.00000
4310     101917450.00000
4311     102072640.00000
4312     102228030.00000
4313     102383630.00000
4314     102539440.00000
4315     102695460.00000
4316     102851690.00000
4317     103008120.00000
4318     103164770.00000
4319     103321620.00000
4320     103478690.00000
4321     103635960.00000
4322     103793440.00000
4323     103951130.00000
4324     104109040.00000
4325     104267150.00000
4326     104425480.00000
4327     104584010.00000
4328     104742760.00000
4329     104901720.00000
4330     105060890.00000
4331     105220280.00000
4332     105379870.00000
4333     105539680.00000
4334     105699700.00000
4335     105859940.00000
4336     106020380.00000
4337     106181050.00000
4338     106341920.00000
4339     106503010.00000
4340     106664310.00000
4341     106825830.00000
4342     106987570.00000
4343     107149510.00000
4344     107311680.00000
4345     107474060.00000
4346     107636650.00000
4347     107799460.00000
4348     107962490.00000
4349     108125740.00000
4350     108289200.00000
4351     108452870.00000
4352     108616770.00000
4353     108780880.00000
4354     108945210.00000
4355     109109760.00000
4356     109274530.00000
4357     109439510.00000
4358     109604720.00000
4359     109770140.00000
4360     109935780.00000
4361     110101650.00000
4362     110267730.00000
4363     110434030.00000
4364     110600550.00000
4365     110767290.00000
4366     110934260.00000
4367     111101440.00000
4368     111268850.00000
4369     111436480.00000
4370     111604330.00000
4371     111772400.00000
4372     111940690.00000
4373     112109210.00000
4374     112277950.00000
4375     112446910.00000
4376     112616090.00000
4377     112785500.00000
4378     112955140.00000
4379     113124990.00000
4380     113295080.00000
4381     113465380.00000
4382     113635910.00000
4383     113806670.00000
4384     113977650.00000
4385     114148860.00000
4386     114320290.00000
4387     114491950.00000
4388     114663830.00000
4389     114835950.00000
4390     115008290.00000
4391     115180850.00000
4392     115353650.00000
4393     115526670.00000
4394     115699920.00000
4395     115873390.00000
4396     116047100.00000
4397     116221040.00000
4398     116395200.00000
4399     116569590.00000
4400     116744220.00000
4401     116919070.00000
4402     117094150.00000
4403     117269460.00000
4404     117445010.00000
4405     117620780.00000
4406     117796780.00000
4407     117973020.00000
4408     118149490.00000
4409     118326190.00000
4410     118503120.00000
4411     118680290.00000
4412     118857680.00000
4413     119035310.00000
4414     119213180.00000
4415     119391270.00000
4416     119569600.00000
4417     119748170.00000
4418     119926960.00000
4419     120106000.00000
4420     120285260.00000
4421     120464770.00000
4422     120644510.00000
4423     120824480.00000
4424     121004690.00000
4425     121185130.00000
4426     121365820.00000
4427     121546730.00000
4428     121727890.00000
4429     121909280.00000
4430     122090910.00000
4431     122272780.00000
4432     122454880.00000
4433     122637230.00000
4434     122819810.00000
4435     123002630.00000
4436     123185690.00000
4437     123368990.00000
4438     123552530.00000
4439     123736310.00000
4440     123920330.00000
4441     124104590.00000
4442     124289090.00000
4443     124473830.00000
4444     124658810.00000
4445     124844030.00000
4446     125029500.00000
4447     125215200.00000
4448     125401150.00000
4449     125587340.00000
4450     125773780.00000
4451     125960460.00000
4452     126147380.00000
4453     126334540.00000
4454     126521950.00000
4455     126709610.00000
4456     126897500.00000
4457     127085640.00000
4458     127274030.00000
4459     127462660.00000
4460     127651540.00000
4461     127840670.00000
4462     128030040.00000
4463     128219650.00000
4464     128409520.00000
4465     128599630.00000
4466     128789980.00000
4467     128980590.00000
4468     129171440.00000
4469     129362540.00000
4470     129553890.00000
4471     129745490.00000
4472     129937330.00000
4473     130129430.00000
4474     130321770.00000
4475     130514370.00000
4476     130707210.00000
4477     130900310.00000
4478     131093650.00000
4479     131287250.00000
4480     131481100.00000
4481     131675190.00000
4482     131869540.00000
4483     132064150.00000
4484     132259000.00000
4485     132454110.00000
4486     132649470.00000
4487     132845080.00000
4488     133040950.00000
4489     133237070.00000
4490     133433440.00000
4491     133630070.00000
4492     133826950.00000
4493     134024090.00000
4494     134221480.00000
4495     134419130.00000
4496     134617030.00000
4497     134815190.00000
4498     135013610.00000
4499     135212280.00000
4500     135411210.00000
4501     135610400.00000
4502     135809840.00000
4503     136009540.00000
4504     136209500.00000
4505     136409720.00000
4506     136610190.00000
4507     136810930.00000
4508     137011920.00000
4509     137213170.00000
4510     137414680.00000
4511     137616460.00000
4512     137818490.00000
4513     138020780.00000
4514     138223340.00000
4515     138426150.00000
4516     138629230.00000
4517     138832570.00000
4518     139036170.00000
4519     139240030.00000
4520     139444150.00000
4521     139648540.00000
4522     139853190.00000
4523     140058110.00000
4524     140263280.00000
4525     140468720.00000
4526     140674430.00000
4527     140880400.00000
4528     141086640.00000
4529     141293140.00000
4530     141499900.00000
4531     141706940.00000
4532     141914230.00000
4533     142121800.00000
4534     142329630.00000
4535     142537730.00000
4536     142746090.00000
4537     142954730.00000
4538     143163630.00000
4539     143372800.00000
4540     143582230.00000
4541     143791940.00000
4542     144001910.00000
4543     144212160.00000
4544     144422670.00000
4545     144633450.00000
4546     144844510.00000
4547     145055830.00000
4548     145267430.00000
4549     145479290.00000
4550     145691430.00000
4551     145903840.00000
4552     146116520.00000
4553     146329480.00000
4554     146542700.00000
4555     146756200.00000
4556     146969970.00000
4557     147184020.00000
4558     147398340.00000
4559     147612930.00000
4560     147827800.00000
4561     148042950.00000
4562     148258360.00000
4563     148474060.00000
4564     148690030.00000
4565     148906270.00000
4566     149122790.00000
4567     149339590.00000
4568     149556660.00000
4569     149774010.00000
4570     149991640.00000
4571     150209550.00000
4572     150427730.00000
4573     150646200.00000
4574     150864940.00000
4575     151083960.00000
4576     151303260.00000
4577     151522840.00000
4578     151742700.00000
4579     151962840.00000
4580     152183260.00000
4581     152403960.00000
4582     152624940.00000
4583     152846210.00000
4584     153067750.00000
4585     153289580.00000
4586     153511690.00000
4587     153734080.00000
4588     153956750.00000
4589     154179710.00000
4590     154402960.00000
4591     154626480.00000
4592     154850290.00000
4593     155074390.00000
4594     155298770.00000
4595     155523430.00000
4596     155748380.00000
4597     155973620.00000
4598     156199140.00000
4599     156424950.00000
4600     156651040.00000
4601     156877420.00000
4602     157104090.00000
4603     157331050.00000
4604     157558300.00000
4605     157785830.00000
4606     158013650.00000
4607     158241760.00000
4608     158470160.00000
4609     158698850.00000
4610     158927830.00000
4611     159157100.00000
4612     159386660.00000
4613     159616510.00000
4614     159846660.00000
4615     160077090.00000
4616     160307820.00000
4617     160538830.00000
4618     160770140.00000
4619     161001750.00000
4620     161233640.00000
4621     161465830.00000
4622     161698310.00000
4623     161931090.00000
4624     162164160.00000
4625     162397530.00000
4626     162631190.00000
4627     162865140.00000
4628     163099390.00000
4629     163333940.00000
4630     163568780.00000
4631     163803920.00000
4632     164039360.00000
4633     164275100.00000
4634     164511130.00000
4635     164747460.00000
4636     164984090.00000
4637     165221010.00000
4638     165458240.00000
4639     165695760.00000
4640     165933590.00000
4641     166171710.00000
4642     166410130.00000
4643     166648860.00000
4644     166887880.00000
4645     167127210.00000
4646     167366840.00000
4647     167606770.00000
4648     167847000.00000
4649     168087530.00000
4650     168328370.00000
4651     168569510.00000
4652     168810950.00000
4653     169052700.00000
4654     169294750.00000
4655     169537100.00000
4656     169779760.00000
4657     170022730.00000
4658     170266000.00000
4659     170509570.00000
4660     170753460.00000
4661     170997650.00000
4662     171242140.00000
4663     171486940.00000
4664     171732050.00000
4665     171977470.00000
4666     172223190.00000
4667     172469230.00000
4668     172715570.00000
4669     172962220.00000
4670     173209180.00000
4671     173456450.00000
4672     173704030.00000
4673     173951930.00000
4674     174200130.00000
4675     174448640.00000
4676     174697460.00000
4677     174946600.00000
4678     175196050.00000
4679     175445810.00000
4680     175695880.00000
4681     175946270.00000
4682     176196970.00000
4683     176447980.00000
4684     176699310.00000
4685     176950950.00000
4686     177202900.00000
4687     177455180.00000
4688     177707760.00000
4689     177960660.00000
4690     178213880.00000
4691     178467420.00000
4692     178721270.00000
4693     178975440.00000
4694     179229930.00000
4695     179484730.00000
4696     179739850.00000
4697     179995290.00000
4698     180251050.00000
4699     180507130.00000
4700     180763530.00000
4701     181020250.00000
4702     181277290.00000
4703     181534650.00000
4704     181792330.00000
4705     182050330.00000
4706     182308650.00000
4707     182567300.00000
4708     182826260.00000
4709     183085550.00000
4710     183345170.00000
4711     183605100.00000
4712     183865360.00000
4713     184125950.00000
4714     184386850.00000
4715     184648090.00000
4716     184909650.00000
4717     185171530.00000
4718     185433740.00000
4719     185696270.00000
4720     185959130.00000
4721     186222320.00000
4722     186485840.00000
4723     186749680.00000
4724     187013850.00000
4725     187278350.00000
4726     187543180.00000
4727     187808330.00000
4728     188073820.00000
4729     188339640.00000
4730     188605780.00000
4731     188872260.00000
4732     189139060.00000
4733     189406200.00000
4734     189673670.00000
4735     189941470.00000
4736     190209600.00000
4737     190478070.00000
4738     190746870.00000
4739     191016000.00000
4740     191285460.00000
4741     191555260.00000
4742     191825390.00000
4743     192095860.00000
4744     192366660.00000
4745     192637800.00000
4746     192909270.00000
4747     193181080.00000
4748     193453220.00000
4749     193725710.00000
4750     193998530.00000
4751     194271680.00000
4752     194545180.00000
4753     194819010.00000
4754     195093180.00000
4755     195367690.00000
4756     195642540.00000
4757     195917730.00000
4758     196193260.00000
4759     196469120.00000
4760     196745330.00000
4761     197021890.00000
4762     197298780.00000
4763     197576010.00000
4764     197853590.00000
4765     198131510.00000
4766     198409770.00000
4767     198688370.00000
4768     198967320.00000
4769     199246610.00000
4770     199526250.00000
4771     199806230.00000
4772     200086560.00000
4773     200367230.00000
4774     200648240.00000
4775     200929610.00000
4776     201211320.00000
4777     201493370.00000
4778     201775780.00000
4779     202058530.00000
4780     202341630.00000
4781     202625080.00000
4782     202908880.00000
4783     203193020.00000
4784     203477520.00000
4785     203762360.00000
4786     204047560.00000
4787     204333100.00000
4788     204619000.00000
4789     204905250.00000
4790     205191850.00000
4791     205478800.00000
4792     205766110.00000
4793     206053760.00000
4794     206341770.00000
4795     206630140.00000
4796     206918860.00000
4797     207207930.00000
4798     207497350.00000
4799     207787140.00000
4800     208077270.00000
4801     208367770.00000
4802     208658620.00000
4803     208949820.00000
4804     209241390.00000
4805     209533310.00000
4806     209825580.00000
4807     210118220.00000
4808     210411210.00000
4809     210704570.00000
4810     210998280.00000
4811     211292350.00000
4812     211586780.00000
4813     211881580.00000
4814     212176730.00000
4815     212472240.00000
4816     212768120.00000
4817     213064360.00000
4818     213360960.00000
4819     213657920.00000
4820     213955240.00000
4821     214252930.00000
4822     214550990.00000
4823     214849400.00000
4824     215148180.00000
4825     215447330.00000
4826     215746840.00000
4827     216046720.00000
4828     216346960.00000
4829     216647570.00000
4830     216948550.00000
4831     217249890.00000
4832     217551600.00000
4833     217853680.00000
4834     218156130.00000
4835     218458950.00000
4836     218762130.00000
4837     219065690.00000
4838     219369610.00000
4839     219673910.00000
4840     219978570.00000
4841     220283610.00000
4842     220589020.00000
4843     220894800.00000
4844     221200950.00000
4845     221507480.00000
4846     221814380.00000
4847     222121650.00000
4848     222429290.00000
4849     222737310.00000
4850     223045710.00000
4851     223354480.00000
4852     223663620.00000
4853     223973140.00000
4854     224283040.00000
4855     224593320.00000
4856     224903970.00000
4857     225214990.00000
4858     225526400.00000
4859     225838180.00000
4860     226150350.00000
4861     226462890.00000
4862     226775810.00000
4863     227089110.00000
4864     227402790.00000
4865     227716850.00000
4866     228031290.00000
4867     228346120.00000
4868     228661320.00000
4869     228976910.00000
4870     229292880.00000
4871     229609230.00000
4872     229925970.00000
4873     230243090.00000
4874     230560590.00000
4875     230878480.00000
4876     231196750.00000
4877     231515410.00000
4878     231834460.00000
4879     232153890.00000
4880     232473700.00000
4881     232793910.00000
4882     233114500.00000
4883     233435480.00000
4884     233756850.00000
4885     234078600.00000
4886     234400750.00000
4887     234723280.00000
4888     235046200.00000
4889     235369520.00000
4890     235693220.00000
4891     236017320.00000
4892     236341810.00000
4893     236666680.00000
4894     236991960.00000
4895     237317620.00000
4896     237643680.00000
4897     237970130.00000
4898     238296970.00000
4899     238624210.00000
4900     238951840.00000
4901     239279870.00000
4902     239608290.00000
4903     239937110.00000
4904     240266330.00000
4905     240595940.00000
4906     240925950.00000
4907     241256360.00000
4908     241587160.00000
4909     241918360.00000
4910     242249970.00000
4911     242581970.00000
4912     242914370.00000
4913     243247170.00000
4914     243580370.00000
4915     243913970.00000
4916     244247980.00000
4917     244582380.00000
4918     244917190.00000
4919     245252400.00000
4920     245588010.00000
4921     245924030.00000
4922     246260450.00000
4923     246597270.00000
4924     246934500.00000
4925     247272130.00000
4926     247610170.00000
4927     247948620.00000
4928     248287470.00000
4929     248626730.00000
4930     248966390.00000
4931     249306460.00000
4932     249646940.00000
4933     249987830.00000
4934     250329130.00000
4935     250670840.00000
4936     251012950.00000
4937     251355480.00000
4938     251698420.00000
4939     252041770.00000
4940     252385530.00000
4941     252729700.00000
4942     253074280.00000
4943     253419280.00000
4944     253764680.00000
4945     254110510.00000
4946     254456740.00000
4947     254803390.00000
4948     255150460.00000
4949     255497940.00000
4950     255845840.00000
4951     256194150.00000
4952     256542880.00000
4953     256892020.00000
4954     257241590.00000
4955     257591570.00000
4956     257941960.00000
4957     258292780.00000
4958     258644020.00000
4959     258995670.00000
4960     259347750.00000
4961     259700250.00000
4962     260053160.00000
4963     260406500.00000
4964     260760260.00000
4965     261114440.00000
4966     261469050.00000
4967     261824070.00000
4968     262179520.00000
4969     262535400.00000
4970     262891700.00000
4971     263248420.00000
4972     263605570.00000
4973     263963140.00000
4974     264321140.00000
4975     264679570.00000
4976     265038420.00000
4977     265397700.00000
4978     265757410.00000
4979     266117540.00000
4980     266478110.00000
4981     266839100.00000
4982     267200530.00000
4983     267562380.00000
4984     267924660.00000
4985     268287380.00000
4986     268650520.00000
4987     269014100.00000
4988     269378110.00000
4989     269742550.00000
4990     270107430.00000
4991     270472740.00000
4992     270838480.00000
4993     271204660.00000
4994     271571270.00000
4995     271938310.00000
4996     272305800.00000
4997     272673720.00000
4998     273042070.00000
4999     273410860.00000
5000     273780090.00000