   1             9.03861
   2            12.66639
   3            17.18344
   4            21.81655
   5            26.48987
   6            31.18202
   7            35.88454
   8            40.59341
   9            45.30646
  10            50.02244
  11            54.74054
  12            59.46025
  13            64.18121
  14            68.90318
  15            73.62596
  16            78.34943
  17            83.07349
  18            87.79804
  19            92.52303
  20            97.24841
  21           101.97414
  22           106.70018
  23           111.42651
  24           116.15310
  25           120.87994
  26           125.60701
  27           130.33430
  28           135.06179
  29           139.78948
  30           144.51735
  31           149.24540
  32           153.97363
  33           158.70202
  34           163.43057
  35           168.15929
  36           172.88815
  37           177.61716
  38           182.34632
  39           187.07563
  40           191.80507
  41           196.53466
  42           201.26438
  43           205.99424
  44           210.72423
  45           215.45435
  46           220.18460
  47           224.91498
  48           229.64549
  49           234.37612
  50           239.10689
  51           243.83778
  52           248.56879
  53           253.29993
  54           258.03120
  55           262.76259
  56           267.49410
  57           272.22575
  58           276.95752
  59           281.68942
  60           286.42146
  61           291.15363
  62           295.88593
  63           300.61838
  64           305.35097
  65           310.08371
  66           314.81660
  67           319.54966
  68           324.28289
  69           329.01630
  70           333.74989
  71           338.48368
  72           343.21769
  73           347.95192
  74           352.68638
  75           357.42111
  76           362.15611
  77           366.89140
  78           371.62701
  79           376.36296
  80           381.09927
  81           385.83598
  82           390.57311
  83           395.31070
  84           400.04878
  85           404.78739
  86           409.52656
  87           414.26634
  88           419.00678
  89           423.74792
  90           428.48981
  91           433.23251
  92           437.97607
  93           442.72056
  94           447.46602
  95           452.21254
  96           456.96017
  97           461.70899
  98           466.45908
  99           471.21050
 100           475.96335
 101           480.71771
 102           485.47365
 103           490.23129
 104           494.99070
 105           499.75198
 106           504.51525
 107           509.28059
 108           514.04812
 109           518.81795
 110           523.59019
 111           528.36495
 112           533.14236
 113           537.92254
 114           542.70561
 115           547.49171
 116           552.28097
 117           557.07351
 118           561.86948
 119           566.66903
 120           571.47228
 121           576.27940
 122           581.09052
 123           585.90580
 124           590.72540
 125           595.54947
 126           600.37817
 127           605.21166
 128           610.05011
 129           614.89369
 130           619.74255
 131           624.59689
 132           629.45686
 133           634.32264
 134           639.19442
 135           644.07236
 136           648.95666
 137           653.84750
 138           658.74506
 139           663.64953
 140           668.56109
 141           673.47995
 142           678.40628
 143           683.34029
 144           688.28216
 145           693.23210
 146           698.19030
 147           703.15697
 148           708.13229
 149           713.11648
 150           718.10974
 151           723.11226
 152           728.12426
 153           733.14594
 154           738.17750
 155           743.21916
 156           748.27112
 157           753.33359
 158           758.40677
 159           763.49089
 160           768.58615
 161           773.69276
 162           778.81094
 163           783.94090
 164           789.08284
 165           794.23699
 166           799.40355
 167           804.58275
 168           809.77479
 169           814.97990
 170           820.19828
 171           825.43015
 172           830.67573
 173           835.93523
 174           841.20887
 175           846.49686
 176           851.79942
 177           857.11677
 178           862.44912
 179           867.79669
 180           873.15969
 181           878.53834
 182           883.93286
 183           889.34346
 184           894.77035
 185           900.21376
 186           905.67389
 187           911.15097
 188           916.64520
 189           922.15681
 190           927.68601
 191           933.23300
 192           938.79802
 193           944.38126
 194           949.98295
 195           955.60329
 196           961.24251
 197           966.90080
 198           972.57840
 199           978.27550
 200           983.99232
 201           989.72907
 202           995.48597
 203          1001.26320
 204          1007.06100
 205          1012.87960
 206          1018.71920
 207          1024.58000
 208          1030.46220
 209          1036.36590
 210          1042.29160
 211          1048.23920
 212          1054.20910
 213          1060.20140
 214          1066.21640
 215          1072.25420
 216          1078.31510
 217          1084.39930
 218          1090.50700
 219          1096.63830
 220          1102.79360
 221          1108.97290
 222          1115.17660
 223          1121.40470
 224          1127.65750
 225          1133.93530
 226          1140.23820
 227          1146.56640
 228          1152.92010
 229          1159.29950
 230          1165.70490
 231          1172.13640
 232          1178.59420
 233          1185.07860
 234          1191.58960
 235          1198.12760
 236          1204.69280
 237          1211.28530
 238          1217.90530
 239          1224.55300
 240          1231.22870
 241          1237.93240
 242          1244.66460
 243          1251.42520
 244          1258.21460
 245          1265.03290
 246          1271.88030
 247          1278.75700
 248          1285.66330
 249          1292.59920
 250          1299.56510
 251          1306.56110
 252          1313.58730
 253          1320.64410
 254          1327.73160
 255          1334.85000
 256          1341.99940
 257          1349.18010
 258          1356.39240
 259          1363.63630
 260          1370.91200
 261          1378.21990
 262          1385.55990
 263          1392.93250
 264          1400.33770
 265          1407.77580
 266          1415.24690
 267          1422.75120
 268          1430.28890
 269          1437.86030
 270          1445.46560
 271          1453.10480
 272          1460.77820
 273          1468.48610
 274          1476.22850
 275          1484.00580
 276          1491.81800
 277          1499.66540
 278          1507.54820
 279          1515.46660
 280          1523.42070
 281          1531.41080
 282          1539.43710
 283          1547.49970
 284          1555.59880
 285          1563.73470
 286          1571.90760
 287          1580.11750
 288          1588.36480
 289          1596.64960
 290          1604.97220
 291          1613.33260
 292          1621.73120
 293          1630.16800
 294          1638.64340
 295          1647.15740
 296          1655.71040
 297          1664.30240
 298          1672.93370
 299          1681.60450
 300          1690.31500
 301          1699.06540
 302          1707.85580
 303          1716.68650
 304          1725.55760
 305          1734.46940
 306          1743.42210
 307          1752.41580
 308          1761.45080
 309          1770.52720
 310          1779.64530
 311          1788.80520
 312          1798.00720
 313          1807.25140
 314          1816.53810
 315          1825.86740
 316          1835.23960
 317          1844.65480
 318          1854.11330
 319          1863.61520
 320          1873.16080
 321          1882.75020
 322          1892.38360
 323          1902.06140
 324          1911.78350
 325          1921.55030
 326          1931.36200
 327          1941.21880
 328          1951.12080
 329          1961.06830
 330          1971.06140
 331          1981.10040
 332          1991.18560
 333          2001.31690
 334          2011.49480
 335          2021.71940
 336          2031.99090
 337          2042.30950
 338          2052.67540
 339          2063.08880
 340          2073.55000
 341          2084.05910
 342          2094.61630
 343          2105.22190
 344          2115.87610
 345          2126.57900
 346          2137.33100
 347          2148.13210
 348          2158.98260
 349          2169.88270
 350          2180.83260
 351          2191.83260
 352          2202.88280
 353          2213.98350
 354          2225.13490
 355          2236.33710
 356          2247.59050
 357          2258.89510
 358          2270.25130
 359          2281.65920
 360          2293.11910
 361          2304.63120
 362          2316.19570
 363          2327.81270
 364          2339.48260
 365          2351.20560
 366          2362.98180
 367          2374.81150
 368          2386.69480
 369          2398.63210
 370          2410.62360
 371          2422.66940
 372          2434.76980
 373          2446.92500
 374          2459.13520
 375          2471.40070
 376          2483.72170
 377          2496.09830
 378          2508.53090
 379          2521.01960
 380          2533.56470
 381          2546.16640
 382          2558.82490
 383          2571.54050
 384          2584.31330
 385          2597.14370
 386          2610.03180
 387          2622.97780
 388          2635.98210
 389          2649.04480
 390          2662.16610
 391          2675.34630
 392          2688.58570
 393          2701.88440
 394          2715.24270
 395          2728.66080
 396          2742.13900
 397          2755.67740
 398          2769.27640
 399          2782.93610
 400          2796.65690
 401          2810.43890
 402          2824.28230
 403          2838.18750
 404          2852.15460
 405          2866.18390
 406          2880.27560
 407          2894.43000
 408          2908.64730
 409          2922.92780
 410          2937.27170
 411          2951.67920
 412          2966.15060
 413          2980.68620
 414          2995.28610
 415          3009.95060
 416          3024.68000
 417          3039.47450
 418          3054.33440
 419          3069.25990
 420          3084.25130
 421          3099.30880
 422          3114.43260
 423          3129.62310
 424          3144.88040
 425          3160.20480
 426          3175.59660
 427          3191.05610
 428          3206.58340
 429          3222.17880
 430          3237.84270
 431          3253.57520
 432          3269.37660
 433          3285.24710
 434          3301.18710
 435          3317.19680
 436          3333.27640
 437          3349.42620
 438          3365.64650
 439          3381.93750
 440          3398.29950
 441          3414.73270
 442          3431.23750
 443          3447.81400
 444          3464.46260
 445          3481.18350
 446          3497.97700
 447          3514.84340
 448          3531.78280
 449          3548.79570
 450          3565.88220
 451          3583.04260
 452          3600.27730
 453          3617.58640
 454          3634.97020
 455          3652.42910
 456          3669.96330
 457          3687.57300
 458          3705.25860
 459          3723.02040
 460          3740.85850
 461          3758.77330
 462          3776.76500
 463          3794.83400
 464          3812.98060
 465          3831.20490
 466          3849.50730
 467          3867.88810
 468          3886.34750
 469          3904.88580
 470          3923.50340
 471          3942.20050
 472          3960.97740
 473          3979.83430
 474          3998.77170
 475          4017.78970
 476          4036.88860
 477          4056.06880
 478          4075.33050
 479          4094.67410
 480          4114.09970
 481          4133.60780
 482          4153.19860
 483          4172.87240
 484          4192.62950
 485          4212.47020
 486          4232.39480
 487          4252.40360
 488          4272.49690
 489          4292.67500
 490          4312.93820
 491          4333.28680
 492          4353.72110
 493          4374.24140
 494          4394.84800
 495          4415.54130
 496          4436.32150
 497          4457.18890
 498          4478.14380
 499          4499.18670
 500          4520.31760
 501          4541.53710
 502          4562.84540
 503          4584.24270
 504          4605.72950
 505          4627.30600
 506          4648.97250
 507          4670.72940
 508          4692.57700
 509          4714.51560
 510          4736.54550
 511          4758.66700
 512          4780.88050
 513          4803.18630
 514          4825.58470
 515          4848.07600
 516          4870.66050
 517          4893.33860
 518          4916.11070
 519          4938.97690
 520          4961.93780
 521          4984.99350
 522          5008.14440
 523          5031.39090
 524          5054.73320
 525          5078.17180
 526          5101.70690
 527          5125.33890
 528          5149.06810
 529          5172.89490
 530          5196.81950
 531          5220.84240
 532          5244.96390
 533          5269.18420
 534          5293.50390
 535          5317.92310
 536          5342.44220
 537          5367.06160
 538          5391.78170
 539          5416.60270
 540          5441.52510
 541          5466.54910
 542          5491.67510
 543          5516.90350
 544          5542.23460
 545          5567.66880
 546          5593.20640
 547          5618.84780
 548          5644.59330
 549          5670.44330
 550          5696.39810
 551          5722.45820
 552          5748.62380
 553          5774.89530
 554          5801.27310
 555          5827.75750
 556          5854.34900
 557          5881.04780
 558          5907.85440
 559          5934.76900
 560          5961.79220
 561          5988.92410
 562          6016.16530
 563          6043.51600
 564          6070.97670
 565          6098.54770
 566          6126.22940
 567          6154.02220
 568          6181.92640
 569          6209.94250
 570          6238.07070
 571          6266.31150
 572          6294.66520
 573          6323.13230
 574          6351.71310
 575          6380.40800
 576          6409.21740
 577          6438.14170
 578          6467.18120
 579          6496.33630
 580          6525.60750
 581          6554.99510
 582          6584.49950
 583          6614.12110
 584          6643.86020
 585          6673.71740
 586          6703.69290
 587          6733.78730
 588          6764.00070
 589          6794.33380
 590          6824.78680
 591          6855.36020
 592          6886.05440
 593          6916.86970
 594          6947.80660
 595          6978.86550
 596          7010.04680
 597          7041.35080
 598          7072.77810
 599          7104.32900
 600          7136.00380
 601          7167.80310
 602          7199.72730
 603          7231.77670
 604          7263.95180
 605          7296.25290
 606          7328.68060
 607          7361.23520
 608          7393.91710
 609          7426.72680
 610          7459.66470
 611          7492.73110
 612          7525.92660
 613          7559.25160
 614          7592.70640
 615          7626.29160
 616          7660.00740
 617          7693.85450
 618          7727.83310
 619          7761.94380
 620          7796.18690
 621          7830.56290
 622          7865.07230
 623          7899.71540
 624          7934.49270
 625          7969.40470
 626          8004.45170
 627          8039.63430
 628          8074.95290
 629          8110.40790
 630          8145.99970
 631          8181.72880
 632          8217.59570
 633          8253.60080
 634          8289.74460
 635          8326.02740
 636          8362.44980
 637          8399.01220
 638          8435.71510
 639          8472.55890
 640          8509.54410
 641          8546.67120
 642          8583.94050
 643          8621.35260
 644          8658.90790
 645          8696.60690
 646          8734.45010
 647          8772.43780
 648          8810.57070
 649          8848.84910
 650          8887.27350
 651          8925.84450
 652          8964.56240
 653          9003.42780
 654          9042.44100
 655          9081.60270
 656          9120.91320
 657          9160.37310
 658          9199.98290
 659          9239.74290
 660          9279.65380
 661          9319.71590
 662          9359.92980
 663          9400.29600
 664          9440.81490
 665          9481.48700
 666          9522.31290
 667          9563.29290
 668          9604.42770
 669          9645.71770
 670          9687.16340
 671          9728.76530
 672          9770.52390
 673          9812.43970
 674          9854.51320
 675          9896.74490
 676          9939.13530
 677          9981.68500
 678         10024.39400
 679         10067.26400
 680         10110.29400
 681         10153.48600
 682         10196.83900
 683         10240.35500
 684         10284.03300
 685         10327.87500
 686         10371.88000
 687         10416.05000
 688         10460.38500
 689         10504.88500
 690         10549.55100
 691         10594.38400
 692         10639.38300
 693         10684.55000
 694         10729.88500
 695         10775.38900
 696         10821.06200
 697         10866.90400
 698         10912.91600
 699         10959.09900
 700         11005.45400
 701         11051.98000
 702         11098.67800
 703         11145.55000
 704         11192.59400
 705         11239.81300
 706         11287.20600
 707         11334.77400
 708         11382.51800
 709         11430.43800
 710         11478.53400
 711         11526.80800
 712         11575.26000
 713         11623.89000
 714         11672.69800
 715         11721.68700
 716         11770.85500
 717         11820.20400
 718         11869.73400
 719         11919.44600
 720         11969.34000
 721         12019.41700
 722         12069.67800
 723         12120.12200
 724         12170.75100
 725         12221.56500
 726         12272.56500
 727         12323.75100
 728         12375.12400
 729         12426.68500
 730         12478.43400
 731         12530.37100
 732         12582.49700
 733         12634.81300
 734         12687.32000
 735         12740.01800
 736         12792.90700
 737         12845.98800
 738         12899.26200
 739         12952.73000
 740         13006.39100
 741         13060.24700
 742         13114.29800
 743         13168.54500
 744         13222.98900
 745         13277.62900
 746         13332.46700
 747         13387.50300
 748         13442.73800
 749         13498.17200
 750         13553.80600
 751         13609.64100
 752         13665.67700
 753         13721.91500
 754         13778.35500
 755         13834.99900
 756         13891.84600
 757         13948.89800
 758         14006.15500
 759         14063.61700
 760         14121.28600
 761         14179.16100
 762         14237.24400
 763         14295.53500
 764         14354.03500
 765         14412.74400
 766         14471.66300
 767         14530.79300
 768         14590.13500
 769         14649.68800
 770         14709.45400
 771         14769.43400
 772         14829.62700
 773         14890.03500
 774         14950.65800
 775         15011.49600
 776         15072.55200
 777         15133.82500
 778         15195.31500
 779         15257.02400
 780         15318.95300
 781         15381.10100
 782         15443.46900
 783         15506.05900
 784         15568.87100
 785         15631.90500
 786         15695.16200
 787         15758.64400
 788         15822.35000
 789         15886.28100
 790         15950.43800
 791         16014.82100
 792         16079.43200
 793         16144.27100
 794         16209.33900
 795         16274.63600
 796         16340.16300
 797         16405.92000
 798         16471.90900
 799         16538.13100
 800         16604.58500
 801         16671.27200
 802         16738.19400
 803         16805.35100
 804         16872.74300
 805         16940.37200
 806         17008.23700
 807         17076.34100
 808         17144.68300
 809         17213.26400
 810         17282.08500
 811         17351.14600
 812         17420.44900
 813         17489.99400
 814         17559.78200
 815         17629.81300
 816         17700.08900
 817         17770.61000
 818         17841.37600
 819         17912.38800
 820         17983.64800
 821         18055.15600
 822         18126.91200
 823         18198.91800
 824         18271.17400
 825         18343.68000
 826         18416.43900
 827         18489.44900
 828         18562.71300
 829         18636.23100
 830         18710.00300
 831         18784.03100
 832         18858.31400
 833         18932.85500
 834         19007.65300
 835         19082.71000
 836         19158.02600
 837         19233.60100
 838         19309.43800
 839         19385.53600
 840         19461.89600
 841         19538.51900
 842         19615.40600
 843         19692.55800
 844         19769.97500
 845         19847.65800
 846         19925.60800
 847         20003.82600
 848         20082.31200
 849         20161.06700
 850         20240.09300
 851         20319.39000
 852         20398.95800
 853         20478.79800
 854         20558.91200
 855         20639.30000
 856         20719.96300
 857         20800.90200
 858         20882.11700
 859         20963.60900
 860         21045.37900
 861         21127.42900
 862         21209.75800
 863         21292.36700
 864         21375.25800
 865         21458.43200
 866         21541.88800
 867         21625.62800
 868         21709.65300
 869         21793.96300
 870         21878.56000
 871         21963.44400
 872         22048.61600
 873         22134.07600
 874         22219.82700
 875         22305.86800
 876         22392.20000
 877         22478.82500
 878         22565.74200
 879         22652.95400
 880         22740.46000
 881         22828.26200
 882         22916.36100
 883         23004.75700
 884         23093.45100
 885         23182.44400
 886         23271.73700
 887         23361.33100
 888         23451.22700
 889         23541.42500
 890         23631.92700
 891         23722.73200
 892         23813.84400
 893         23905.26100
 894         23996.98500
 895         24089.01700
 896         24181.35800
 897         24274.00800
 898         24366.96900
 899         24460.24100
 900         24553.82600
 901         24647.72400
 902         24741.93500
 903         24836.46200
 904         24931.30500
 905         25026.46500
 906         25121.94200
 907         25217.73800
 908         25313.85300
 909         25410.28900
 910         25507.04700
 911         25604.12600
 912         25701.52900
 913         25799.25600
 914         25897.30800
 915         25995.68700
 916         26094.39200
 917         26193.42500
 918         26292.78600
 919         26392.47800
 920         26492.50000
 921         26592.85400
 922         26693.54000
 923         26794.56000
 924         26895.91500
 925         26997.60500
 926         27099.63100
 927         27201.99500
 928         27304.69700
 929         27407.73800
 930         27511.11900
 931         27614.84200
 932         27718.90700
 933         27823.31500
 934         27928.06700
 935         28033.16400
 936         28138.60700
 937         28244.39700
 938         28350.53500
 939         28457.02300
 940         28563.86000
 941         28671.04800
 942         28778.58800
 943         28886.48100
 944         28994.72900
 945         29103.33100
 946         29212.28900
 947         29321.60400
 948         29431.27700
 949         29541.30900
 950         29651.70100
 951         29762.45400
 952         29873.57000
 953         29985.04800
 954         30096.89000
 955         30209.09800
 956         30321.67100
 957         30434.61200
 958         30547.92100
 959         30661.59900
 960         30775.64700
 961         30890.06700
 962         31004.85900
 963         31120.02400
 964         31235.56400
 965         31351.47900
 966         31467.77100
 967         31584.44000
 968         31701.48800
 969         31818.91600
 970         31936.72400
 971         32054.91400
 972         32173.48800
 973         32292.44500
 974         32411.78700
 975         32531.51500
 976         32651.63000
 977         32772.13400
 978         32893.02700
 979         33014.31000
 980         33135.98500
 981         33258.05300
 982         33380.51400
 983         33503.37000
 984         33626.62100
 985         33750.27000
 986         33874.31700
 987         33998.76300
 988         34123.60900
 989         34248.85700
 990         34374.50700
 991         34500.56100
 992         34627.01900
 993         34753.88400
 994         34881.15500
 995         35008.83500
 996         35136.92300
 997         35265.42300
 998         35394.33300
 999         35523.65600
1000         35653.39300
1001         35783.54500
1002         35914.11300
1003         36045.09800
1004         36176.50200
1005         36308.32500
1006         36440.56900
1007         36573.23400
1008         36706.32300
1009         36839.83500
1010         36973.77300
1011         37108.13800
1012         37242.93000
1013         37378.15100
1014         37513.80200
1015         37649.88400
1016         37786.39800
1017         37923.34600
1018         38060.72900
1019         38198.54700
1020         38336.80300
1021         38475.49700
1022         38614.63100
1023         38754.20500
1024         38894.22100
1025         39034.68000
1026         39175.58400
1027         39316.93300
1028         39458.72900
1029         39600.97300
1030         39743.66600
1031         39886.80900
1032         40030.40500
1033         40174.45300
1034         40318.95500
1035         40463.91200
1036         40609.32600
1037         40755.19800
1038         40901.52900
1039         41048.32000
1040         41195.57300
1041         41343.28900
1042         41491.46900
1043         41640.11400
1044         41789.22500
1045         41938.80500
1046         42088.85300
1047         42239.37200
1048         42390.36300
1049         42541.82700
1050         42693.76400
1051         42846.17800
1052         42999.06800
1053         43152.43600
1054         43306.28300
1055         43460.61200
1056         43615.42200
1057         43770.71500
1058         43926.49300
1059         44082.75700
1060         44239.50800
1061         44396.74700
1062         44554.47600
1063         44712.69700
1064         44871.40900
1065         45030.61600
1066         45190.31700
1067         45350.51500
1068         45511.21100
1069         45672.40600
1070         45834.10100
1071         45996.29800
1072         46158.99800
1073         46322.20200
1074         46485.91200
1075         46650.13000
1076         46814.85600
1077         46980.09200
1078         47145.83900
1079         47312.09800
1080         47478.87200
1081         47646.16100
1082         47813.96600
1083         47982.29000
1084         48151.13300
1085         48320.49700
1086         48490.38300
1087         48660.79300
1088         48831.72800
1089         49003.18900
1090         49175.17800
1091         49347.69700
1092         49520.74600
1093         49694.32700
1094         49868.44100
1095         50043.09000
1096         50218.27600
1097         50393.99900
1098         50570.26200
1099         50747.06500
1100         50924.41000
1101         51102.29800
1102         51280.73200
1103         51459.71100
1104         51639.23900
1105         51819.31500
1106         51999.94300
1107         52181.12200
1108         52362.85500
1109         52545.14300
1110         52727.98800
1111         52911.39000
1112         53095.35200
1113         53279.87500
1114         53464.96000
1115         53650.60900
1116         53836.82300
1117         54023.60500
1118         54210.95400
1119         54398.87400
1120         54587.36400
1121         54776.42800
1122         54966.06600
1123         55156.28000
1124         55347.07100
1125         55538.44100
1126         55730.39100
1127         55922.92300
1128         56116.03900
1129         56309.73900
1130         56504.02600
1131         56698.90200
1132         56894.36600
1133         57090.42200
1134         57287.07000
1135         57484.31300
1136         57682.15100
1137         57880.58700
1138         58079.62100
1139         58279.25600
1140         58479.49300
1141         58680.33400
1142         58881.77900
1143         59083.83100
1144         59286.49200
1145         59489.76200
1146         59693.64400
1147         59898.13900
1148         60103.24900
1149         60308.97400
1150         60515.31800
1151         60722.28100
1152         60929.86500
1153         61138.07200
1154         61346.90300
1155         61556.36000
1156         61766.44400
1157         61977.15800
1158         62188.50200
1159         62400.47900
1160         62613.08900
1161         62826.33600
1162         63040.21900
1163         63254.74200
1164         63469.90500
1165         63685.71100
1166         63902.16000
1167         64119.25500
1168         64336.99700
1169         64555.38900
1170         64774.43000
1171         64994.12400
1172         65214.47200
1173         65435.47600
1174         65657.13700
1175         65879.45700
1176         66102.43700
1177         66326.08000
1178         66550.38800
1179         66775.36000
1180         67001.00100
1181         67227.31000
1182         67454.29100
1183         67681.94400
1184         67910.27200
1185         68139.27600
1186         68368.95700
1187         68599.31800
1188         68830.36100
1189         69062.08600
1190         69294.49700
1191         69527.59300
1192         69761.37900
1193         69995.85400
1194         70231.02100
1195         70466.88200
1196         70703.43800
1197         70940.69100
1198         71178.64300
1199         71417.29500
1200         71656.65100
1201         71896.71000
1202         72137.47600
1203         72378.94900
1204         72621.13200
1205         72864.02700
1206         73107.63500
1207         73351.95700
1208         73596.99700
1209         73842.75600
1210         74089.23500
1211         74336.43600
1212         74584.36100
1213         74833.01300
1214         75082.39300
1215         75332.50200
1216         75583.34200
1217         75834.91600
1218         76087.22600
1219         76340.27200
1220         76594.05800
1221         76848.58400
1222         77103.85300
1223         77359.86700
1224         77616.62700
1225         77874.13500
1226         78132.39400
1227         78391.40500
1228         78651.17000
1229         78911.69100
1230         79172.96900
1231         79435.00800
1232         79697.80800
1233         79961.37100
1234         80225.70000
1235         80490.79700
1236         80756.66300
1237         81023.30000
1238         81290.71000
1239         81558.89600
1240         81827.85800
1241         82097.60000
1242         82368.12200
1243         82639.42800
1244         82911.51800
1245         83184.39500
1246         83458.06100
1247         83732.51800
1248         84007.76800
1249         84283.81200
1250         84560.65400
1251         84838.29400
1252         85116.73400
1253         85395.97800
1254         85676.02600
1255         85956.88100
1256         86238.54400
1257         86521.01900
1258         86804.30600
1259         87088.40800
1260         87373.32700
1261         87659.06500
1262         87945.62300
1263         88233.00500
1264         88521.21100
1265         88810.24500
1266         89100.10800
1267         89390.80100
1268         89682.32900
1269         89974.69100
1270         90267.89100
1271         90561.93000
1272         90856.81000
1273         91152.53500
1274         91449.10400
1275         91746.52200
1276         92044.79000
1277         92343.90900
1278         92643.88300
1279         92944.71300
1280         93246.40100
1281         93548.94900
1282         93852.36000
1283         94156.63600
1284         94461.77800
1285         94767.79000
1286         95074.67200
1287         95382.42800
1288         95691.05900
1289         96000.56800
1290         96310.95600
1291         96622.22700
1292         96934.38100
1293         97247.42100
1294         97561.35000
1295         97876.16900
1296         98191.88200
1297         98508.48900
1298         98825.99300
1299         99144.39600
1300         99463.70100
1301         99783.91000
1302        100105.02000
1303        100427.05000
1304        100749.98000
1305        101073.83000
1306        101398.59000
1307        101724.27000
1308        102050.86000
1309        102378.38000
1310        102706.82000
1311        103036.19000
1312        103366.49000
1313        103697.72000
1314        104029.88000
1315        104362.97000
1316        104697.01000
1317        105031.98000
1318        105367.89000
1319        105704.75000
1320        106042.56000
1321        106381.31000
1322        106721.02000
1323        107061.68000
1324        107403.29000
1325        107745.87000
1326        108089.40000
1327        108433.90000
1328        108779.36000
1329        109125.79000
1330        109473.19000
1331        109821.56000
1332        110170.90000
1333        110521.23000
1334        110872.53000
1335        111224.81000
1336        111578.08000
1337        111932.33000
1338        112287.57000
1339        112643.81000
1340        113001.04000
1341        113359.26000
1342        113718.48000
1343        114078.70000
1344        114439.93000
1345        114802.16000
1346        115165.40000
1347        115529.65000
1348        115894.91000
1349        116261.19000
1350        116628.48000
1351        116996.80000
1352        117366.14000
1353        117736.50000
1354        118107.89000
1355        118480.31000
1356        118853.76000
1357        119228.25000
1358        119603.78000
1359        119980.34000
1360        120357.95000
1361        120736.61000
1362        121116.31000
1363        121497.06000
1364        121878.86000
1365        122261.72000
1366        122645.63000
1367        123030.61000
1368        123416.65000
1369        123803.75000
1370        124191.92000
1371        124581.16000
1372        124971.48000
1373        125362.87000
1374        125755.33000
1375        126148.88000
1376        126543.51000
1377        126939.23000
1378        127336.03000
1379        127733.93000
1380        128132.92000
1381        128533.00000
1382        128934.18000
1383        129336.47000
1384        129739.85000
1385        130144.35000
1386        130549.95000
1387        130956.67000
1388        131364.50000
1389        131773.44000
1390        132183.51000
1391        132594.70000
1392        133007.01000
1393        133420.45000
1394        133835.02000
1395        134250.73000
1396        134667.57000
1397        135085.55000
1398        135504.66000
1399        135924.93000
1400        136346.34000
1401        136768.89000
1402        137192.60000
1403        137617.47000
1404        138043.49000
1405        138470.67000
1406        138899.02000
1407        139328.53000
1408        139759.20000
1409        140191.05000
1410        140624.08000
1411        141058.28000
1412        141493.65000
1413        141930.21000
1414        142367.96000
1415        142806.89000
1416        143247.02000
1417        143688.33000
1418        144130.84000
1419        144574.55000
1420        145019.47000
1421        145465.58000
1422        145912.91000
1423        146361.44000
1424        146811.19000
1425        147262.15000
1426        147714.33000
1427        148167.74000
1428        148622.36000
1429        149078.22000
1430        149535.30000
1431        149993.62000
1432        150453.17000
1433        150913.96000
1434        151375.99000
1435        151839.27000
1436        152303.79000
1437        152769.57000
1438        153236.60000
1439        153704.88000
1440        154174.42000
1441        154645.23000
1442        155117.30000
1443        155590.63000
1444        156065.24000
1445        156541.12000
1446        157018.28000
1447        157496.72000
1448        157976.44000
1449        158457.45000
1450        158939.74000
1451        159423.33000
1452        159908.21000
1453        160394.38000
1454        160881.86000
1455        161370.64000
1456        161860.73000
1457        162352.13000
1458        162844.84000
1459        163338.87000
1460        163834.21000
1461        164330.88000
1462        164828.87000
1463        165328.19000
1464        165828.84000
1465        166330.82000
1466        166834.14000
1467        167338.81000
1468        167844.81000
1469        168352.16000
1470        168860.86000
1471        169370.91000
1472        169882.32000
1473        170395.09000
1474        170909.22000
1475        171424.71000
1476        171941.57000
1477        172459.81000
1478        172979.41000
1479        173500.40000
1480        174022.76000
1481        174546.51000
1482        175071.65000
1483        175598.18000
1484        176126.10000
1485        176655.42000
1486        177186.13000
1487        177718.25000
1488        178251.78000
1489        178786.72000
1490        179323.06000
1491        179860.83000
1492        180400.01000
1493        180940.62000
1494        181482.65000
1495        182026.11000
1496        182571.00000
1497        183117.33000
1498        183665.10000
1499        184214.31000
1500        184764.96000
1501        185317.06000
1502        185870.62000
1503        186425.63000
1504        186982.10000
1505        187540.03000
1506        188099.42000
1507        188660.28000
1508        189222.62000
1509        189786.43000
1510        190351.72000
1511        190918.49000
1512        191486.75000
1513        192056.49000
1514        192627.73000
1515        193200.46000
1516        193774.69000
1517        194350.42000
1518        194927.66000
1519        195506.41000
1520        196086.67000
1521        196668.44000
1522        197251.74000
1523        197836.55000
1524        198422.90000
1525        199010.77000
1526        199600.17000
1527        200191.11000
1528        200783.60000
1529        201377.62000
1530        201973.19000
1531        202570.31000
1532        203168.99000
1533        203769.22000
1534        204371.02000
1535        204974.38000
1536        205579.30000
1537        206185.80000
1538        206793.87000
1539        207403.52000
1540        208014.76000
1541        208627.57000
1542        209241.98000
1543        209857.98000
1544        210475.58000
1545        211094.78000
1546        211715.58000
1547        212337.98000
1548        212962.00000
1549        213587.63000
1550        214214.88000
1551        214843.75000
1552        215474.25000
1553        216106.37000
1554        216740.13000
1555        217375.52000
1556        218012.55000
1557        218651.23000
1558        219291.55000
1559        219933.53000
1560        220577.15000
1561        221222.44000
1562        221869.39000
1563        222518.00000
1564        223168.28000
1565        223820.24000
1566        224473.87000
1567        225129.18000
1568        225786.18000
1569        226444.86000
1570        227105.24000
1571        227767.31000
1572        228431.08000
1573        229096.55000
1574        229763.73000
1575        230432.62000
1576        231103.23000
1577        231775.55000
1578        232449.59000
1579        233125.36000
1580        233802.86000
1581        234482.09000
1582        235163.06000
1583        235845.77000
1584        236530.23000
1585        237216.43000
1586        237904.39000
1587        238594.10000
1588        239285.58000
1589        239978.81000
1590        240673.82000
1591        241370.60000
1592        242069.15000
1593        242769.48000
1594        243471.60000
1595        244175.51000
1596        244881.20000
1597        245588.70000
1598        246297.99000
1599        247009.08000
1600        247721.99000
1601        248436.70000
1602        249153.23000
1603        249871.58000
1604        250591.75000
1605        251313.75000
1606        252037.58000
1607        252763.25000
1608        253490.76000
1609        254220.11000
1610        254951.30000
1611        255684.35000
1612        256419.26000
1613        257156.02000
1614        257894.65000
1615        258635.15000
1616        259377.52000
1617        260121.76000
1618        260867.88000
1619        261615.89000
1620        262365.79000
1621        263117.58000
1622        263871.27000
1623        264626.85000
1624        265384.35000
1625        266143.75000
1626        266905.06000
1627        267668.29000
1628        268433.45000
1629        269200.53000
1630        269969.54000
1631        270740.48000
1632        271513.36000
1633        272288.19000
1634        273064.96000
1635        273843.68000
1636        274624.36000
1637        275407.00000
1638        276191.60000
1639        276978.17000
1640        277766.71000
1641        278557.23000
1642        279349.73000
1643        280144.21000
1644        280940.69000
1645        281739.16000
1646        282539.62000
1647        283342.09000
1648        284146.57000
1649        284953.06000
1650        285761.56000
1651        286572.08000
1652        287384.63000
1653        288199.20000
1654        289015.81000
1655        289834.46000
1656        290655.15000
1657        291477.88000
1658        292302.67000
1659        293129.51000
1660        293958.40000
1661        294789.37000
1662        295622.40000
1663        296457.50000
1664        297294.69000
1665        298133.95000
1666        298975.30000
1667        299818.74000
1668        300664.28000
1669        301511.91000
1670        302361.65000
1671        303213.50000
1672        304067.46000
1673        304923.54000
1674        305781.74000
1675        306642.07000
1676        307504.53000
1677        308369.13000
1678        309235.87000
1679        310104.75000
1680        310975.78000
1681        311848.97000
1682        312724.31000
1683        313601.82000
1684        314481.50000
1685        315363.35000
1686        316247.38000
1687        317133.59000
1688        318021.99000
1689        318912.58000
1690        319805.36000
1691        320700.35000
1692        321597.54000
1693        322496.94000
1694        323398.56000
1695        324302.40000
1696        325208.46000
1697        326116.75000
1698        327027.27000
1699        327940.04000
1700        328855.04000
1701        329772.30000
1702        330691.81000
1703        331613.57000
1704        332537.60000
1705        333463.90000
1706        334392.47000
1707        335323.31000
1708        336256.44000
1709        337191.85000
1710        338129.56000
1711        339069.56000
1712        340011.86000
1713        340956.47000
1714        341903.39000
1715        342852.63000
1716        343804.19000
1717        344758.07000
1718        345714.28000
1719        346672.83000
1720        347633.72000
1721        348596.96000
1722        349562.54000
1723        350530.48000
1724        351500.79000
1725        352473.45000
1726        353448.49000
1727        354425.90000
1728        355405.70000
1729        356387.87000
1730        357372.44000
1731        358359.41000
1732        359348.77000
1733        360340.54000
1734        361334.72000
1735        362331.32000
1736        363330.34000
1737        364331.78000
1738        365335.65000
1739        366341.96000
1740        367350.72000
1741        368361.91000
1742        369375.56000
1743        370391.67000
1744        371410.23000
1745        372431.27000
1746        373454.77000
1747        374480.76000
1748        375509.22000
1749        376540.18000
1750        377573.62000
1751        378609.57000
1752        379648.01000
1753        380688.97000
1754        381732.44000
1755        382778.43000
1756        383826.94000
1757        384877.98000
1758        385931.56000
1759        386987.67000
1760        388046.34000
1761        389107.55000
1762        390171.32000
1763        391237.65000
1764        392306.55000
1765        393378.01000
1766        394452.06000
1767        395528.69000
1768        396607.91000
1769        397689.72000
1770        398774.13000
1771        399861.14000
1772        400950.76000
1773        402043.00000
1774        403137.86000
1775        404235.34000
1776        405335.46000
1777        406438.21000
1778        407543.61000
1779        408651.65000
1780        409762.35000
1781        410875.70000
1782        411991.72000
1783        413110.41000
1784        414231.77000
1785        415355.82000
1786        416482.55000
1787        417611.97000
1788        418744.10000
1789        419878.92000
1790        421016.45000
1791        422156.70000
1792        423299.67000
1793        424445.36000
1794        425593.78000
1795        426744.94000
1796        427898.85000
1797        429055.50000
1798        430214.90000
1799        431377.07000
1800        432542.00000
1801        433709.70000
1802        434880.17000
1803        436053.43000
1804        437229.48000
1805        438408.32000
1806        439589.96000
1807        440774.40000
1808        441961.66000
1809        443151.73000
1810        444344.62000
1811        445540.34000
1812        446738.90000
1813        447940.30000
1814        449144.54000
1815        450351.63000
1816        451561.58000
1817        452774.40000
1818        453990.08000
1819        455208.64000
1820        456430.08000
1821        457654.40000
1822        458881.62000
1823        460111.74000
1824        461344.76000
1825        462580.69000
1826        463819.53000
1827        465061.30000
1828        466306.00000
1829        467553.63000
1830        468804.20000
1831        470057.72000
1832        471314.19000
1833        472573.62000
1834        473836.01000
1835        475101.38000
1836        476369.72000
1837        477641.04000
1838        478915.35000
1839        480192.65000
1840        481472.96000
1841        482756.27000
1842        484042.59000
1843        485331.93000
1844        486624.30000
1845        487919.70000
1846        489218.14000
1847        490519.62000
1848        491824.15000
1849        493131.73000
1850        494442.38000
1851        495756.09000
1852        497072.88000
1853        498392.75000
1854        499715.71000
1855        501041.76000
1856        502370.91000
1857        503703.17000
1858        505038.53000
1859        506377.02000
1860        507718.63000
1861        509063.37000
1862        510411.25000
1863        511762.27000
1864        513116.44000
1865        514473.76000
1866        515834.25000
1867        517197.91000
1868        518564.74000
1869        519934.76000
1870        521307.96000
1871        522684.36000
1872        524063.96000
1873        525446.77000
1874        526832.78000
1875        528222.02000
1876        529614.49000
1877        531010.19000
1878        532409.13000
1879        533811.32000
1880        535216.75000
1881        536625.45000
1882        538037.42000
1883        539452.65000
1884        540871.17000
1885        542292.97000
1886        543718.06000
1887        545146.45000
1888        546578.14000
1889        548013.15000
1890        549451.48000
1891        550893.13000
1892        552338.11000
1893        553786.43000
1894        555238.10000
1895        556693.12000
1896        558151.49000
1897        559613.23000
1898        561078.35000
1899        562546.84000
1900        564018.72000
1901        565493.99000
1902        566972.66000
1903        568454.73000
1904        569940.22000
1905        571429.12000
1906        572921.45000
1907        574417.22000
1908        575916.42000
1909        577419.07000
1910        578925.18000
1911        580434.74000
1912        581947.77000
1913        583464.28000
1914        584984.26000
1915        586507.74000
1916        588034.70000
1917        589565.17000
1918        591099.15000
1919        592636.65000
1920        594177.66000
1921        595722.21000
1922        597270.29000
1923        598821.92000
1924        600377.09000
1925        601935.83000
1926        603498.13000
1927        605064.00000
1928        606633.44000
1929        608206.48000
1930        609783.11000
1931        611363.33000
1932        612947.17000
1933        614534.61000
1934        616125.68000
1935        617720.38000
1936        619318.72000
1937        620920.69000
1938        622526.32000
1939        624135.60000
1940        625748.55000
1941        627365.17000
1942        628985.46000
1943        630609.45000
1944        632237.12000
1945        633868.50000
1946        635503.59000
1947        637142.39000
1948        638784.91000
1949        640431.16000
1950        642081.15000
1951        643734.88000
1952        645392.37000
1953        647053.61000
1954        648718.62000
1955        650387.41000
1956        652059.97000
1957        653736.33000
1958        655416.48000
1959        657100.43000
1960        658788.20000
1961        660479.78000
1962        662175.19000
1963        663874.43000
1964        665577.51000
1965        667284.44000
1966        668995.23000
1967        670709.88000
1968        672428.40000
1969        674150.80000
1970        675877.09000
1971        677607.26000
1972        679341.34000
1973        681079.33000
1974        682821.24000
1975        684567.07000
1976        686316.83000
1977        688070.53000
1978        689828.18000
1979        691589.78000
1980        693355.34000
1981        695124.88000
1982        696898.39000
1983        698675.89000
1984        700457.38000
1985        702242.87000
1986        704032.37000
1987        705825.89000
1988        707623.43000
1989        709425.01000
1990        711230.62000
1991        713040.28000
1992        714854.00000
1993        716671.78000
1994        718493.63000
1995        720319.57000
1996        722149.59000
1997        723983.70000
1998        725821.92000
1999        727664.25000
2000        729510.69000
2001        731361.27000
2002        733215.98000
2003        735074.83000
2004        736937.83000
2005        738804.99000
2006        740676.32000
2007        742551.82000
2008        744431.51000
2009        746315.39000
2010        748203.46000
2011        750095.75000
2012        751992.25000
2013        753892.97000
2014        755797.92000
2015        757707.12000
2016        759620.56000
2017        761538.26000
2018        763460.22000
2019        765386.45000
2020        767316.97000
2021        769251.77000
2022        771190.87000
2023        773134.28000
2024        775082.00000
2025        777034.04000
2026        778990.41000
2027        780951.12000
2028        782916.18000
2029        784885.59000
2030        786859.37000
2031        788837.52000
2032        790820.04000
2033        792806.96000
2034        794798.27000
2035        796793.99000
2036        798794.13000
2037        800798.68000
2038        802807.67000
2039        804821.09000
2040        806838.96000
2041        808861.29000
2042        810888.09000
2043        812919.35000
2044        814955.10000
2045        816995.34000
2046        819040.08000
2047        821089.32000
2048        823143.08000
2049        825201.37000
2050        827264.19000
2051        829331.55000
2052        831403.46000
2053        833479.93000
2054        835560.96000
2055        837646.58000
2056        839736.78000
2057        841831.57000
2058        843930.97000
2059        846034.97000
2060        848143.60000
2061        850256.86000
2062        852374.75000
2063        854497.29000
2064        856624.49000
2065        858756.35000
2066        860892.88000
2067        863034.10000
2068        865180.00000
2069        867330.61000
2070        869485.92000
2071        871645.95000
2072        873810.71000
2073        875980.20000
2074        878154.44000
2075        880333.43000
2076        882517.18000
2077        884705.71000
2078        886899.01000
2079        889097.10000
2080        891299.99000
2081        893507.69000
2082        895720.21000
2083        897937.55000
2084        900159.72000
2085        902386.74000
2086        904618.61000
2087        906855.34000
2088        909096.95000
2089        911343.43000
2090        913594.81000
2091        915851.08000
2092        918112.26000
2093        920378.36000
2094        922649.38000
2095        924925.34000
2096        927206.24000
2097        929492.10000
2098        931782.92000
2099        934078.71000
2100        936379.49000
2101        938685.26000
2102        940996.03000
2103        943311.81000
2104        945632.60000
2105        947958.43000
2106        950289.29000
2107        952625.21000
2108        954966.18000
2109        957312.21000
2110        959663.33000
2111        962019.53000
2112        964380.82000
2113        966747.22000
2114        969118.73000
2115        971495.37000
2116        973877.14000
2117        976264.05000
2118        978656.12000
2119        981053.34000
2120        983455.74000
2121        985863.32000
2122        988276.10000
2123        990694.07000
2124        993117.25000
2125        995545.65000
2126        997979.29000
2127       1000418.20000
2128       1002862.30000
2129       1005311.70000
2130       1007766.30000
2131       1010226.20000
2132       1012691.50000
2133       1015162.00000
2134       1017637.80000
2135       1020118.90000
2136       1022605.40000
2137       1025097.20000
2138       1027594.40000
2139       1030096.90000
2140       1032604.80000
2141       1035118.00000
2142       1037636.70000
2143       1040160.70000
2144       1042690.20000
2145       1045225.00000
2146       1047765.30000
2147       1050311.10000
2148       1052862.20000
2149       1055418.90000
2150       1057981.00000
2151       1060548.60000
2152       1063121.60000
2153       1065700.20000
2154       1068284.30000
2155       1070873.90000
2156       1073469.00000
2157       1076069.70000
2158       1078675.90000
2159       1081287.60000
2160       1083905.00000
2161       1086527.90000
2162       1089156.40000
2163       1091790.50000
2164       1094430.20000
2165       1097075.60000
2166       1099726.60000
2167       1102383.20000
2168       1105045.40000
2169       1107713.40000
2170       1110387.00000
2171       1113066.30000
2172       1115751.20000
2173       1118441.90000
2174       1121138.30000
2175       1123840.50000
2176       1126548.30000
2177       1129261.90000
2178       1131981.30000
2179       1134706.40000
2180       1137437.30000
2181       1140174.00000
2182       1142916.50000
2183       1145664.80000
2184       1148418.90000
2185       1151178.90000
2186       1153944.70000
2187       1156716.30000
2188       1159493.90000
2189       1162277.20000
2190       1165066.50000
2191       1167861.70000
2192       1170662.80000
2193       1173469.70000
2194       1176282.70000
2195       1179101.50000
2196       1181926.30000
2197       1184757.10000
2198       1187593.80000
2199       1190436.50000
2200       1193285.20000
2201       1196140.00000
2202       1199000.70000
2203       1201867.40000
2204       1204740.20000
2205       1207619.10000
2206       1210504.00000
2207       1213394.90000
2208       1216292.00000
2209       1219195.10000
2210       1222104.30000
2211       1225019.70000
2212       1227941.20000
2213       1230868.80000
2214       1233802.50000
2215       1236742.50000
2216       1239688.50000
2217       1242640.80000
2218       1245599.30000
2219       1248563.90000
2220       1251534.80000
2221       1254511.90000
2222       1257495.30000
2223       1260484.80000
2224       1263480.70000
2225       1266482.80000
2226       1269491.20000
2227       1272505.90000
2228       1275526.90000
2229       1278554.20000
2230       1281587.80000
2231       1284627.80000
2232       1287674.20000
2233       1290726.80000
2234       1293785.90000
2235       1296851.40000
2236       1299923.20000
2237       1303001.50000
2238       1306086.10000
2239       1309177.20000
2240       1312274.80000
2241       1315378.80000
2242       1318489.30000
2243       1321606.20000
2244       1324729.60000
2245       1327859.60000
2246       1330996.00000
2247       1334139.00000
2248       1337288.50000
2249       1340444.60000
2250       1343607.20000
2251       1346776.40000
2252       1349952.10000
2253       1353134.50000
2254       1356323.50000
2255       1359519.00000
2256       1362721.30000
2257       1365930.10000
2258       1369145.60000
2259       1372367.80000
2260       1375596.70000
2261       1378832.20000
2262       1382074.50000
2263       1385323.40000
2264       1388579.10000
2265       1391841.60000
2266       1395110.70000
2267       1398386.70000
2268       1401669.40000
2269       1404958.90000
2270       1408255.20000
2271       1411558.30000
2272       1414868.20000
2273       1418185.00000
2274       1421508.60000
2275       1424839.10000
2276       1428176.40000
2277       1431520.70000
2278       1434871.80000
2279       1438229.80000
2280       1441594.80000
2281       1444966.70000
2282       1448345.50000
2283       1451731.30000
2284       1455124.00000
2285       1458523.80000
2286       1461930.50000
2287       1465344.30000
2288       1468765.00000
2289       1472192.80000
2290       1475627.60000
2291       1479069.50000
2292       1482518.50000
2293       1485974.60000
2294       1489437.70000
2295       1492908.00000
2296       1496385.30000
2297       1499869.80000
2298       1503361.50000
2299       1506860.30000
2300       1510366.30000
2301       1513879.40000
2302       1517399.80000
2303       1520927.30000
2304       1524462.10000
2305       1528004.10000
2306       1531553.40000
2307       1535109.90000
2308       1538673.70000
2309       1542244.80000
2310       1545823.20000
2311       1549408.90000
2312       1553001.90000
2313       1556602.30000
2314       1560210.00000
2315       1563825.00000
2316       1567447.50000
2317       1571077.30000
2318       1574714.60000
2319       1578359.20000
2320       1582011.30000
2321       1585670.80000
2322       1589337.80000
2323       1593012.20000
2324       1596694.10000
2325       1600383.60000
2326       1604080.50000
2327       1607784.90000
2328       1611496.90000
2329       1615216.40000
2330       1618943.50000
2331       1622678.20000
2332       1626420.40000
2333       1630170.20000
2334       1633927.70000
2335       1637692.80000
2336       1641465.50000
2337       1645245.90000
2338       1649033.90000
2339       1652829.60000
2340       1656633.00000
2341       1660444.10000
2342       1664263.00000
2343       1668089.60000
2344       1671923.90000
2345       1675766.00000
2346       1679615.80000
2347       1683473.50000
2348       1687338.90000
2349       1691212.20000
2350       1695093.20000
2351       1698982.20000
2352       1702879.00000
2353       1706783.60000
2354       1710696.20000
2355       1714616.60000
2356       1718544.90000
2357       1722481.20000
2358       1726425.40000
2359       1730377.60000
2360       1734337.70000
2361       1738305.80000
2362       1742282.00000
2363       1746266.10000
2364       1750258.20000
2365       1754258.40000
2366       1758266.60000
2367       1762282.90000
2368       1766307.30000
2369       1770339.70000
2370       1774380.30000
2371       1778429.00000
2372       1782485.80000
2373       1786550.70000
2374       1790623.90000
2375       1794705.20000
2376       1798794.70000
2377       1802892.40000
2378       1806998.30000
2379       1811112.50000
2380       1815234.90000
2381       1819365.50000
2382       1823504.50000
2383       1827651.70000
2384       1831807.20000
2385       1835971.10000
2386       1840143.30000
2387       1844323.80000
2388       1848512.70000
2389       1852710.00000
2390       1856915.70000
2391       1861129.70000
2392       1865352.20000
2393       1869583.20000
2394       1873822.50000
2395       1878070.40000
2396       1882326.70000
2397       1886591.50000
2398       1890864.80000
2399       1895146.70000
2400       1899437.10000
2401       1903736.00000
2402       1908043.50000
2403       1912359.60000
2404       1916684.30000
2405       1921017.60000
2406       1925359.50000
2407       1929710.00000
2408       1934069.30000
2409       1938437.10000
2410       1942813.70000
2411       1947199.00000
2412       1951593.00000
2413       1955995.70000
2414       1960407.10000
2415       1964827.40000
2416       1969256.40000
2417       1973694.10000
2418       1978140.70000
2419       1982596.20000
2420       1987060.40000
2421       1991533.50000
2422       1996015.50000
2423       2000506.30000
2424       2005006.00000
2425       2009514.70000
2426       2014032.30000
2427       2018558.80000
2428       2023094.30000
2429       2027638.70000
2430       2032192.20000
2431       2036754.60000
2432       2041326.10000
2433       2045906.60000
2434       2050496.10000
2435       2055094.70000
2436       2059702.40000
2437       2064319.20000
2438       2068945.10000
2439       2073580.10000
2440       2078224.30000
2441       2082877.60000
2442       2087540.10000
2443       2092211.80000
2444       2096892.60000
2445       2101582.80000
2446       2106282.10000
2447       2110990.70000
2448       2115708.60000
2449       2120435.70000
2450       2125172.20000
2451       2129917.90000
2452       2134673.00000
2453       2139437.50000
2454       2144211.30000
2455       2148994.40000
2456       2153787.00000
2457       2158589.00000
2458       2163400.40000
2459       2168221.20000
2460       2173051.60000
2461       2177891.30000
2462       2182740.60000
2463       2187599.40000
2464       2192467.70000
2465       2197345.50000
2466       2202232.90000
2467       2207129.90000
2468       2212036.40000
2469       2216952.60000
2470       2221878.40000
2471       2226813.80000
2472       2231758.90000
2473       2236713.60000
2474       2241678.00000
2475       2246652.10000
2476       2251635.90000
2477       2256629.50000
2478       2261632.80000
2479       2266645.90000
2480       2271668.80000
2481       2276701.40000
2482       2281743.90000
2483       2286796.20000
2484       2291858.40000
2485       2296930.40000
2486       2302012.30000
2487       2307104.10000
2488       2312205.90000
2489       2317317.50000
2490       2322439.10000
2491       2327570.70000
2492       2332712.20000
2493       2337863.80000
2494       2343025.40000
2495       2348197.00000
2496       2353378.60000
2497       2358570.30000
2498       2363772.10000
2499       2368984.00000
2500       2374206.00000
2501       2379438.20000
2502       2384680.50000
2503       2389932.90000
2504       2395195.60000
2505       2400468.40000
2506       2405751.50000
2507       2411044.80000
2508       2416348.40000
2509       2421662.20000
2510       2426986.40000
2511       2432320.80000
2512       2437665.50000
2513       2443020.60000
2514       2448386.10000
2515       2453761.90000
2516       2459148.10000
2517       2464544.70000
2518       2469951.70000
2519       2475369.20000
2520       2480797.20000
2521       2486235.60000
2522       2491684.50000
2523       2497144.00000
2524       2502613.90000
2525       2508094.40000
2526       2513585.50000
2527       2519087.20000
2528       2524599.50000
2529       2530122.30000
2530       2535655.90000
2531       2541200.00000
2532       2546754.90000
2533       2552320.40000
2534       2557896.60000
2535       2563483.60000
2536       2569081.30000
2537       2574689.80000
2538       2580309.00000
2539       2585939.10000
2540       2591579.90000
2541       2597231.60000
2542       2602894.20000
2543       2608567.60000
2544       2614251.90000
2545       2619947.10000
2546       2625653.20000
2547       2631370.30000
2548       2637098.30000
2549       2642837.30000
2550       2648587.30000
2551       2654348.30000
2552       2660120.30000
2553       2665903.40000
2554       2671697.50000
2555       2677502.80000
2556       2683319.10000
2557       2689146.60000
2558       2694985.20000
2559       2700834.90000
2560       2706695.90000
2561       2712568.00000
2562       2718451.40000
2563       2724346.00000
2564       2730251.80000
2565       2736168.90000
2566       2742097.30000
2567       2748037.00000
2568       2753988.00000
2569       2759950.40000
2570       2765924.10000
2571       2771909.30000
2572       2777905.80000
2573       2783913.70000
2574       2789933.10000
2575       2795963.90000
2576       2802006.20000
2577       2808060.00000
2578       2814125.40000
2579       2820202.20000
2580       2826290.60000
2581       2832390.60000
2582       2838502.10000
2583       2844625.30000
2584       2850760.10000
2585       2856906.60000
2586       2863064.70000
2587       2869234.50000
2588       2875416.00000
2589       2881609.20000
2590       2887814.10000
2591       2894030.90000
2592       2900259.40000
2593       2906499.70000
2594       2912751.80000
2595       2919015.80000
2596       2925291.60000
2597       2931579.30000
2598       2937878.90000
2599       2944190.40000
2600       2950513.80000
2601       2956849.20000
2602       2963196.60000
2603       2969556.00000
2604       2975927.30000
2605       2982310.80000
2606       2988706.20000
2607       2995113.80000
2608       3001533.40000
2609       3007965.10000
2610       3014409.00000
2611       3020865.10000
2612       3027333.20000
2613       3033813.60000
2614       3040306.20000
2615       3046811.10000
2616       3053328.20000
2617       3059857.50000
2618       3066399.10000
2619       3072953.10000
2620       3079519.40000
2621       3086098.00000
2622       3092689.00000
2623       3099292.40000
2624       3105908.20000
2625       3112536.40000
2626       3119177.10000
2627       3125830.30000
2628       3132495.90000
2629       3139174.10000
2630       3145864.80000
2631       3152568.00000
2632       3159283.90000
2633       3166012.30000
2634       3172753.30000
2635       3179506.90000
2636       3186273.20000
2637       3193052.20000
2638       3199843.90000
2639       3206648.30000
2640       3213465.40000
2641       3220295.30000
2642       3227138.00000
2643       3233993.50000
2644       3240861.70000
2645       3247742.90000
2646       3254636.80000
2647       3261543.70000
2648       3268463.50000
2649       3275396.10000
2650       3282341.80000
2651       3289300.40000
2652       3296271.90000
2653       3303256.50000
2654       3310254.10000
2655       3317264.80000
2656       3324288.50000
2657       3331325.30000
2658       3338375.30000
2659       3345438.30000
2660       3352514.50000
2661       3359603.90000
2662       3366706.50000
2663       3373822.30000
2664       3380951.30000
2665       3388093.60000
2666       3395249.20000
2667       3402418.10000
2668       3409600.30000
2669       3416795.80000
2670       3424004.70000
2671       3431227.00000
2672       3438462.70000
2673       3445711.80000
2674       3452974.40000
2675       3460250.50000
2676       3467540.00000
2677       3474843.10000
2678       3482159.70000
2679       3489489.90000
2680       3496833.60000
2681       3504191.00000
2682       3511562.00000
2683       3518946.60000
2684       3526344.90000
2685       3533756.80000
2686       3541182.50000
2687       3548622.00000
2688       3556075.10000
2689       3563542.10000
2690       3571022.90000
2691       3578517.40000
2692       3586025.90000
2693       3593548.20000
2694       3601084.30000
2695       3608634.40000
2696       3616198.50000
2697       3623776.40000
2698       3631368.40000
2699       3638974.30000
2700       3646594.30000
2701       3654228.30000
2702       3661876.40000
2703       3669538.60000
2704       3677214.90000
2705       3684905.30000
2706       3692609.90000
2707       3700328.60000
2708       3708061.50000
2709       3715808.70000
2710       3723570.10000
2711       3731345.80000
2712       3739135.80000
2713       3746940.10000
2714       3754758.70000
2715       3762591.70000
2716       3770439.10000
2717       3778300.80000
2718       3786177.00000
2719       3794067.70000
2720       3801972.80000
2721       3809892.40000
2722       3817826.60000
2723       3825775.30000
2724       3833738.50000
2725       3841716.30000
2726       3849708.80000
2727       3857715.90000
2728       3865737.60000
2729       3873774.00000
2730       3881825.10000
2731       3889891.00000
2732       3897971.60000
2733       3906066.90000
2734       3914177.10000
2735       3922302.10000
2736       3930441.90000
2737       3938596.60000
2738       3946766.20000
2739       3954950.70000
2740       3963150.10000
2741       3971364.50000
2742       3979593.90000
2743       3987838.30000
2744       3996097.70000
2745       4004372.20000
2746       4012661.80000
2747       4020966.40000
2748       4029286.20000
2749       4037621.20000
2750       4045971.30000
2751       4054336.60000
2752       4062717.10000
2753       4071112.90000
2754       4079523.90000
2755       4087950.30000
2756       4096391.90000
2757       4104848.90000
2758       4113321.30000
2759       4121809.00000
2760       4130312.20000
2761       4138830.80000
2762       4147364.90000
2763       4155914.40000
2764       4164479.50000
2765       4173060.10000
2766       4181656.20000
2767       4190268.00000
2768       4198895.30000
2769       4207538.30000
2770       4216196.90000
2771       4224871.20000
2772       4233561.30000
2773       4242267.00000
2774       4250988.50000
2775       4259725.80000
2776       4268478.90000
2777       4277247.80000
2778       4286032.60000
2779       4294833.20000
2780       4303649.80000
2781       4312482.30000
2782       4321330.70000
2783       4330195.10000
2784       4339075.50000
2785       4347972.00000
2786       4356884.50000
2787       4365813.10000
2788       4374757.70000
2789       4383718.50000
2790       4392695.50000
2791       4401688.60000
2792       4410698.00000
2793       4419723.50000
2794       4428765.30000
2795       4437823.40000
2796       4446897.80000
2797       4455988.50000
2798       4465095.60000
2799       4474219.10000
2800       4483358.90000
2801       4492515.20000
2802       4501688.00000
2803       4510877.20000
2804       4520083.00000
2805       4529305.20000
2806       4538544.10000
2807       4547799.50000
2808       4557071.50000
2809       4566360.20000
2810       4575665.50000
2811       4584987.50000
2812       4594326.20000
2813       4603681.70000
2814       4613053.90000
2815       4622442.90000
2816       4631848.80000
2817       4641271.40000
2818       4650711.00000
2819       4660167.40000
2820       4669640.80000
2821       4679131.10000
2822       4688638.40000
2823       4698162.60000
2824       4707703.90000
2825       4717262.30000
2826       4726837.70000
2827       4736430.30000
2828       4746039.90000
2829       4755666.80000
2830       4765310.80000
2831       4774972.00000
2832       4784650.40000
2833       4794346.20000
2834       4804059.20000
2835       4813789.50000
2836       4823537.10000
2837       4833302.20000
2838       4843084.60000
2839       4852884.50000
2840       4862701.80000
2841       4872536.50000
2842       4882388.80000
2843       4892258.60000
2844       4902146.00000
2845       4912051.00000
2846       4921973.50000
2847       4931913.70000
2848       4941871.60000
2849       4951847.20000
2850       4961840.40000
2851       4971851.50000
2852       4981880.30000
2853       4991926.90000
2854       5001991.30000
2855       5012073.60000
2856       5022173.70000
2857       5032291.80000
2858       5042427.80000
2859       5052581.80000
2860       5062753.80000
2861       5072943.80000
2862       5083151.80000
2863       5093377.90000
2864       5103622.10000
2865       5113884.50000
2866       5124165.00000
2867       5134463.70000
2868       5144780.60000
2869       5155115.70000
2870       5165469.20000
2871       5175840.90000
2872       5186230.90000
2873       5196639.30000
2874       5207066.10000
2875       5217511.30000
2876       5227974.90000
2877       5238457.00000
2878       5248957.50000
2879       5259476.60000
2880       5270014.30000
2881       5280570.50000
2882       5291145.30000
2883       5301738.80000
2884       5312350.90000
2885       5322981.70000
2886       5333631.30000
2887       5344299.60000
2888       5354986.60000
2889       5365692.50000
2890       5376417.20000
2891       5387160.70000
2892       5397923.20000
2893       5408704.60000
2894       5419504.90000
2895       5430324.20000
2896       5441162.50000
2897       5452019.80000
2898       5462896.20000
2899       5473791.70000
2900       5484706.30000
2901       5495640.10000
2902       5506593.00000
2903       5517565.10000
2904       5528556.50000
2905       5539567.20000
2906       5550597.10000
2907       5561646.40000
2908       5572715.00000
2909       5583803.00000
2910       5594910.40000
2911       5606037.30000
2912       5617183.60000
2913       5628349.40000
2914       5639534.80000
2915       5650739.70000
2916       5661964.20000
2917       5673208.30000
2918       5684472.10000
2919       5695755.60000
2920       5707058.70000
2921       5718381.60000
2922       5729724.30000
2923       5741086.70000
2924       5752469.00000
2925       5763871.10000
2926       5775293.20000
2927       5786735.10000
2928       5798197.00000
2929       5809678.80000
2930       5821180.70000
2931       5832702.60000
2932       5844244.60000
2933       5855806.60000
2934       5867388.80000
2935       5878991.10000
2936       5890613.70000
2937       5902256.40000
2938       5913919.40000
2939       5925602.70000
2940       5937306.30000
2941       5949030.20000
2942       5960774.50000
2943       5972539.20000
2944       5984324.30000
2945       5996129.90000
2946       6007955.90000
2947       6019802.50000
2948       6031669.70000
2949       6043557.40000
2950       6055465.70000
2951       6067394.70000
2952       6079344.40000
2953       6091314.70000
2954       6103305.80000
2955       6115317.70000
2956       6127350.40000
2957       6139403.90000
2958       6151478.30000
2959       6163573.50000
2960       6175689.70000
2961       6187826.90000
2962       6199985.00000
2963       6212164.10000
2964       6224364.30000
2965       6236585.60000
2966       6248828.00000
2967       6261091.50000
2968       6273376.20000
2969       6285682.20000
2970       6298009.30000
2971       6310357.70000
2972       6322727.50000
2973       6335118.50000
2974       6347530.90000
2975       6359964.80000
2976       6372420.00000
2977       6384896.70000
2978       6397394.90000
2979       6409914.70000
2980       6422455.90000
2981       6435018.80000
2982       6447603.30000
2983       6460209.50000
2984       6472837.30000
2985       6485486.80000
2986       6498158.10000
2987       6510851.20000
2988       6523566.10000
2989       6536302.90000
2990       6549061.50000
2991       6561842.00000
2992       6574644.50000
2993       6587468.90000
2994       6600315.40000
2995       6613183.90000
2996       6626074.40000
2997       6638987.10000
2998       6651921.90000
2999       6664878.90000
3000       6677858.10000
3001       6690859.60000
3002       6703883.30000
3003       6716929.30000
3004       6729997.60000
3005       6743088.30000
3006       6756201.40000
3007       6769337.00000
3008       6782495.00000
3009       6795675.50000
3010       6808878.60000
3011       6822104.20000
3012       6835352.40000
3013       6848623.20000
3014       6861916.80000
3015       6875233.00000
3016       6888572.00000
3017       6901933.70000
3018       6915318.20000
3019       6928725.60000
3020       6942155.80000
3021       6955608.90000
3022       6969085.00000
3023       6982584.10000
3024       6996106.10000
3025       7009651.20000
3026       7023219.30000
3027       7036810.60000
3028       7050425.00000
3029       7064062.60000
3030       7077723.30000
3031       7091407.40000
3032       7105114.70000
3033       7118845.30000
3034       7132599.20000
3035       7146376.50000
3036       7160177.30000
3037       7174001.50000
3038       7187849.10000
3039       7201720.30000
3040       7215615.10000
3041       7229533.40000
3042       7243475.30000
3043       7257440.90000
3044       7271430.20000
3045       7285443.20000
3046       7299479.90000
3047       7313540.50000
3048       7327624.90000
3049       7341733.10000
3050       7355865.20000
3051       7370021.30000
3052       7384201.30000
3053       7398405.40000
3054       7412633.40000
3055       7426885.60000
3056       7441161.80000
3057       7455462.20000
3058       7469786.80000
3059       7484135.60000
3060       7498508.60000
3061       7512905.90000
3062       7527327.60000
3063       7541773.50000
3064       7556243.90000
3065       7570738.70000
3066       7585258.00000
3067       7599801.70000
3068       7614370.00000
3069       7628962.90000
3070       7643580.30000
3071       7658222.40000
3072       7672889.20000
3073       7687580.70000
3074       7702296.90000
3075       7717037.90000
3076       7731803.70000
3077       7746594.40000
3078       7761410.00000
3079       7776250.50000
3080       7791116.00000
3081       7806006.40000
3082       7820921.90000
3083       7835862.50000
3084       7850828.20000
3085       7865819.00000
3086       7880835.00000
3087       7895876.20000
3088       7910942.70000
3089       7926034.50000
3090       7941151.60000
3091       7956294.00000
3092       7971461.90000
3093       7986655.20000
3094       8001874.00000
3095       8017118.20000
3096       8032388.10000
3097       8047683.50000
3098       8063004.50000
3099       8078351.20000
3100       8093723.60000
3101       8109121.70000
3102       8124545.60000
3103       8139995.30000
3104       8155470.90000
3105       8170972.30000
3106       8186499.60000
3107       8202052.90000
3108       8217632.20000
3109       8233237.50000
3110       8248868.90000
3111       8264526.40000
3112       8280210.10000
3113       8295919.90000
3114       8311656.00000
3115       8327418.30000
3116       8343206.90000
3117       8359021.80000
3118       8374863.10000
3119       8390730.80000
3120       8406625.00000
3121       8422545.60000
3122       8438492.80000
3123       8454466.50000
3124       8470466.80000
3125       8486493.80000
3126       8502547.40000
3127       8518627.80000
3128       8534734.90000
3129       8550868.80000
3130       8567029.50000
3131       8583217.10000
3132       8599431.60000
3133       8615673.00000
3134       8631941.50000
3135       8648236.90000
3136       8664559.40000
3137       8680909.00000
3138       8697285.80000
3139       8713689.70000
3140       8730120.80000
3141       8746579.20000
3142       8763064.90000
3143       8779577.90000
3144       8796118.30000
3145       8812686.10000
3146       8829281.30000
3147       8845904.10000
3148       8862554.30000
3149       8879232.20000
3150       8895937.60000
3151       8912670.70000
3152       8929431.50000
3153       8946220.00000
3154       8963036.30000
3155       8979880.30000
3156       8996752.20000
3157       9013652.00000
3158       9030579.80000
3159       9047535.50000
3160       9064519.10000
3161       9081530.90000
3162       9098570.70000
3163       9115638.60000
3164       9132734.70000
3165       9149859.10000
3166       9167011.60000
3167       9184192.40000
3168       9201401.60000
3169       9218639.10000
3170       9235905.10000
3171       9253199.40000
3172       9270522.30000
3173       9287873.70000
3174       9305253.60000
3175       9322662.20000
3176       9340099.40000
3177       9357565.30000
3178       9375059.90000
3179       9392583.30000
3180       9410135.50000
3181       9427716.60000
3182       9445326.50000
3183       9462965.40000
3184       9480633.30000
3185       9498330.10000
3186       9516056.10000
3187       9533811.10000
3188       9551595.30000
3189       9569408.60000
3190       9587251.20000
3191       9605123.00000
3192       9623024.10000
3193       9640954.60000
3194       9658914.50000
3195       9676903.80000
3196       9694922.50000
3197       9712970.80000
3198       9731048.60000
3199       9749156.00000
3200       9767293.10000
3201       9785459.80000
3202       9803656.30000
3203       9821882.50000
3204       9840138.60000
3205       9858424.40000
3206       9876740.20000
3207       9895085.90000
3208       9913461.50000
3209       9931867.20000
3210       9950303.00000
3211       9968768.80000
3212       9987264.80000
3213      10005791.00000
3214      10024347.00000
3215      10042934.00000
3216      10061551.00000
3217      10080198.00000
3218      10098876.00000
3219      10117584.00000
3220      10136323.00000
3221      10155092.00000
3222      10173892.00000
3223      10192722.00000
3224      10211583.00000
3225      10230475.00000
3226      10249397.00000
3227      10268351.00000
3228      10287335.00000
3229      10306350.00000
3230      10325395.00000
3231      10344472.00000
3232      10363580.00000
3233      10382719.00000
3234      10401889.00000
3235      10421090.00000
3236      10440322.00000
3237      10459586.00000
3238      10478880.00000
3239      10498206.00000
3240      10517564.00000
3241      10536952.00000
3242      10556373.00000
3243      10575824.00000
3244      10595308.00000
3245      10614822.00000
3246      10634369.00000
3247      10653947.00000
3248      10673557.00000
3249      10693198.00000
3250      10712871.00000
3251      10732576.00000
3252      10752313.00000
3253      10772082.00000
3254      10791883.00000
3255      10811716.00000
3256      10831581.00000
3257      10851478.00000
3258      10871407.00000
3259      10891369.00000
3260      10911362.00000
3261      10931388.00000
3262      10951447.00000
3263      10971537.00000
3264      10991660.00000
3265      11011816.00000
3266      11032004.00000
3267      11052224.00000
3268      11072478.00000
3269      11092763.00000
3270      11113082.00000
3271      11133433.00000
3272      11153817.00000
3273      11174234.00000
3274      11194684.00000
3275      11215166.00000
3276      11235682.00000
3277      11256230.00000
3278      11276812.00000
3279      11297427.00000
3280      11318075.00000
3281      11338756.00000
3282      11359470.00000
3283      11380217.00000
3284      11400998.00000
3285      11421813.00000
3286      11442660.00000
3287      11463542.00000
3288      11484456.00000
3289      11505404.00000
3290      11526386.00000
3291      11547402.00000
3292      11568451.00000
3293      11589534.00000
3294      11610651.00000
3295      11631801.00000
3296      11652986.00000
3297      11674204.00000
3298      11695457.00000
3299      11716743.00000
3300      11738063.00000
3301      11759418.00000
3302      11780807.00000
3303      11802230.00000
3304      11823687.00000
3305      11845179.00000
3306      11866705.00000
3307      11888265.00000
3308      11909860.00000
3309      11931489.00000
3310      11953153.00000
3311      11974851.00000
3312      11996584.00000
3313      12018352.00000
3314      12040154.00000
3315      12061992.00000
3316      12083864.00000
3317      12105771.00000
3318      12127713.00000
3319      12149689.00000
3320      12171701.00000
3321      12193748.00000
3322      12215830.00000
3323      12237948.00000
3324      12260100.00000
3325      12282288.00000
3326      12304511.00000
3327      12326769.00000
3328      12349063.00000
3329      12371393.00000
3330      12393757.00000
3331      12416158.00000
3332      12438594.00000
3333      12461065.00000
3334      12483573.00000
3335      12506116.00000
3336      12528695.00000
3337      12551309.00000
3338      12573960.00000
3339      12596647.00000
3340      12619369.00000
3341      12642128.00000
3342      12664923.00000
3343      12687754.00000
3344      12710621.00000
3345      12733524.00000
3346      12756464.00000
3347      12779440.00000
3348      12802452.00000
3349      12825501.00000
3350      12848586.00000
3351      12871708.00000
3352      12894866.00000
3353      12918061.00000
3354      12941293.00000
3355      12964562.00000
3356      12987867.00000
3357      13011209.00000
3358      13034588.00000
3359      13058004.00000
3360      13081457.00000
3361      13104947.00000
3362      13128474.00000
3363      13152038.00000
3364      13175640.00000
3365      13199278.00000
3366      13222954.00000
3367      13246668.00000
3368      13270419.00000
3369      13294207.00000
3370      13318032.00000
3371      13341896.00000
3372      13365796.00000
3373      13389735.00000
3374      13413711.00000
3375      13437725.00000
3376      13461777.00000
3377      13485867.00000
3378      13509994.00000
3379      13534160.00000
3380      13558363.00000
3381      13582605.00000
3382      13606884.00000
3383      13631202.00000
3384      13655558.00000
3385      13679953.00000
3386      13704385.00000
3387      13728856.00000
3388      13753366.00000
3389      13777914.00000
3390      13802500.00000
3391      13827125.00000
3392      13851789.00000
3393      13876491.00000
3394      13901233.00000
3395      13926013.00000
3396      13950831.00000
3397      13975689.00000
3398      14000586.00000
3399      14025521.00000
3400      14050496.00000
3401      14075510.00000
3402      14100563.00000
3403      14125655.00000
3404      14150786.00000
3405      14175957.00000
3406      14201167.00000
3407      14226417.00000
3408      14251706.00000
3409      14277034.00000
3410      14302402.00000
3411      14327810.00000
3412      14353258.00000
3413      14378745.00000
3414      14404272.00000
3415      14429839.00000
3416      14455446.00000
3417      14481092.00000
3418      14506779.00000
3419      14532506.00000
3420      14558273.00000
3421      14584080.00000
3422      14609927.00000
3423      14635815.00000
3424      14661743.00000
3425      14687711.00000
3426      14713720.00000
3427      14739769.00000
3428      14765859.00000
3429      14791990.00000
3430      14818161.00000
3431      14844373.00000
3432      14870625.00000
3433      14896919.00000
3434      14923253.00000
3435      14949628.00000
3436      14976045.00000
3437      15002502.00000
3438      15029000.00000
3439      15055540.00000
3440      15082121.00000
3441      15108743.00000
3442      15135406.00000
3443      15162111.00000
3444      15188857.00000
3445      15215645.00000
3446      15242474.00000
3447      15269345.00000
3448      15296257.00000
3449      15323212.00000
3450      15350208.00000
3451      15377245.00000
3452      15404325.00000
3453      15431447.00000
3454      15458610.00000
3455      15485816.00000
3456      15513064.00000
3457      15540354.00000
3458      15567686.00000
3459      15595060.00000
3460      15622477.00000
3461      15649936.00000
3462      15677437.00000
3463      15704981.00000
3464      15732568.00000
3465      15760197.00000
3466      15787869.00000
3467      15815584.00000
3468      15843341.00000
3469      15871141.00000
3470      15898984.00000
3471      15926870.00000
3472      15954800.00000
3473      15982772.00000
3474      16010787.00000
3475      16038845.00000
3476      16066947.00000
3477      16095092.00000
3478      16123280.00000
3479      16151512.00000
3480      16179787.00000
3481      16208106.00000
3482      16236468.00000
3483      16264874.00000
3484      16293324.00000
3485      16321817.00000
3486      16350355.00000
3487      16378936.00000
3488      16407561.00000
3489      16436230.00000
3490      16464943.00000
3491      16493700.00000
3492      16522501.00000
3493      16551347.00000
3494      16580237.00000
3495      16609171.00000
3496      16638150.00000
3497      16667173.00000
3498      16696240.00000
3499      16725352.00000
3500      16754509.00000
3501      16783711.00000
3502      16812957.00000
3503      16842248.00000
3504      16871584.00000
3505      16900965.00000
3506      16930391.00000
3507      16959861.00000
3508      16989377.00000
3509      17018939.00000
3510      17048545.00000
3511      17078197.00000
3512      17107894.00000
3513      17137636.00000
3514      17167424.00000
3515      17197257.00000
3516      17227136.00000
3517      17257061.00000
3518      17287031.00000
3519      17317048.00000
3520      17347110.00000
3521      17377217.00000
3522      17407371.00000
3523      17437571.00000
3524      17467817.00000
3525      17498109.00000
3526      17528447.00000
3527      17558832.00000
3528      17589262.00000
3529      17619739.00000
3530      17650263.00000
3531      17680833.00000
3532      17711450.00000
3533      17742113.00000
3534      17772823.00000
3535      17803580.00000
3536      17834383.00000
3537      17865233.00000
3538      17896131.00000
3539      17927075.00000
3540      17958066.00000
3541      17989104.00000
3542      18020190.00000
3543      18051323.00000
3544      18082503.00000
3545      18113730.00000
3546      18145005.00000
3547      18176327.00000
3548      18207697.00000
3549      18239115.00000
3550      18270580.00000
3551      18302093.00000
3552      18333653.00000
3553      18365262.00000
3554      18396918.00000
3555      18428623.00000
3556      18460375.00000
3557      18492176.00000
3558      18524025.00000
3559      18555922.00000
3560      18587867.00000
3561      18619860.00000
3562      18651902.00000
3563      18683993.00000
3564      18716132.00000
3565      18748320.00000
3566      18780556.00000
3567      18812841.00000
3568      18845175.00000
3569      18877558.00000
3570      18909989.00000
3571      18942470.00000
3572      18975000.00000
3573      19007578.00000
3574      19040206.00000
3575      19072884.00000
3576      19105610.00000
3577      19138386.00000
3578      19171212.00000
3579      19204086.00000
3580      19237011.00000
3581      19269985.00000
3582      19303009.00000
3583      19336082.00000
3584      19369206.00000
3585      19402379.00000
3586      19435602.00000
3587      19468875.00000
3588      19502199.00000
3589      19535572.00000
3590      19568996.00000
3591      19602470.00000
3592      19635994.00000
3593      19669569.00000
3594      19703194.00000
3595      19736870.00000
3596      19770596.00000
3597      19804373.00000
3598      19838201.00000
3599      19872079.00000
3600      19906009.00000
3601      19939989.00000
3602      19974020.00000
3603      20008103.00000
3604      20042236.00000
3605      20076421.00000
3606      20110657.00000
3607      20144944.00000
3608      20179283.00000
3609      20213673.00000
3610      20248115.00000
3611      20282608.00000
3612      20317153.00000
3613      20351750.00000
3614      20386398.00000
3615      20421099.00000
3616      20455851.00000
3617      20490655.00000
3618      20525512.00000
3619      20560420.00000
3620      20595381.00000
3621      20630394.00000
3622      20665459.00000
3623      20700577.00000
3624      20735747.00000
3625      20770970.00000
3626      20806245.00000
3627      20841573.00000
3628      20876954.00000
3629      20912388.00000
3630      20947874.00000
3631      20983413.00000
3632      21019006.00000
3633      21054651.00000
3634      21090350.00000
3635      21126102.00000
3636      21161907.00000
3637      21197765.00000
3638      21233677.00000
3639      21269642.00000
3640      21305661.00000
3641      21341734.00000
3642      21377860.00000
3643      21414040.00000
3644      21450274.00000
3645      21486562.00000
3646      21522904.00000
3647      21559299.00000
3648      21595749.00000
3649      21632253.00000
3650      21668812.00000
3651      21705424.00000
3652      21742091.00000
3653      21778813.00000
3654      21815589.00000
3655      21852419.00000
3656      21889305.00000
3657      21926245.00000
3658      21963240.00000
3659      22000289.00000
3660      22037394.00000
3661      22074554.00000
3662      22111768.00000
3663      22149038.00000
3664      22186364.00000
3665      22223744.00000
3666      22261180.00000
3667      22298671.00000
3668      22336218.00000
3669      22373820.00000
3670      22411478.00000
3671      22449192.00000
3672      22486962.00000
3673      22524787.00000
3674      22562668.00000
3675      22600606.00000
3676      22638599.00000
3677      22676649.00000
3678      22714755.00000
3679      22752917.00000
3680      22791135.00000
3681      22829410.00000
3682      22867742.00000
3683      22906130.00000
3684      22944574.00000
3685      22983076.00000
3686      23021634.00000
3687      23060249.00000
3688      23098921.00000
3689      23137650.00000
3690      23176436.00000
3691      23215279.00000
3692      23254180.00000
3693      23293138.00000
3694      23332153.00000
3695      23371226.00000
3696      23410356.00000
3697      23449544.00000
3698      23488789.00000
3699      23528092.00000
3700      23567453.00000
3701      23606872.00000
3702      23646349.00000
3703      23685884.00000
3704      23725477.00000
3705      23765128.00000
3706      23804838.00000
3707      23844606.00000
3708      23884432.00000
3709      23924317.00000
3710      23964260.00000
3711      24004262.00000
3712      24044322.00000
3713      24084442.00000
3714      24124620.00000
3715      24164857.00000
3716      24205153.00000
3717      24245508.00000
3718      24285923.00000
3719      24326396.00000
3720      24366929.00000
3721      24407522.00000
3722      24448173.00000
3723      24488884.00000
3724      24529655.00000
3725      24570486.00000
3726      24611376.00000
3727      24652326.00000
3728      24693336.00000
3729      24734406.00000
3730      24775536.00000
3731      24816726.00000
3732      24857977.00000
3733      24899287.00000
3734      24940658.00000
3735      24982090.00000
3736      25023582.00000
3737      25065134.00000
3738      25106747.00000
3739      25148421.00000
3740      25190156.00000
3741      25231952.00000
3742      25273808.00000
3743      25315726.00000
3744      25357705.00000
3745      25399744.00000
3746      25441846.00000
3747      25484008.00000
3748      25526232.00000
3749      25568518.00000
3750      25610865.00000
3751      25653274.00000
3752      25695744.00000
3753      25738276.00000
3754      25780870.00000
3755      25823527.00000
3756      25866245.00000
3757      25909025.00000
3758      25951868.00000
3759      25994772.00000
3760      26037739.00000
3761      26080769.00000
3762      26123861.00000
3763      26167016.00000
3764      26210233.00000
3765      26253513.00000
3766      26296856.00000
3767      26340262.00000
3768      26383731.00000
3769      26427263.00000
3770      26470858.00000
3771      26514516.00000
3772      26558238.00000
3773      26602023.00000
3774      26645871.00000
3775      26689783.00000
3776      26733759.00000
3777      26777798.00000
3778      26821901.00000
3779      26866068.00000
3780      26910299.00000
3781      26954593.00000
3782      26998952.00000
3783      27043375.00000
3784      27087863.00000
3785      27132414.00000
3786      27177031.00000
3787      27221711.00000
3788      27266456.00000
3789      27311266.00000
3790      27356141.00000
3791      27401080.00000
3792      27446085.00000
3793      27491154.00000
3794      27536288.00000
3795      27581488.00000
3796      27626752.00000
3797      27672082.00000
3798      27717478.00000
3799      27762939.00000
3800      27808465.00000
3801      27854057.00000
3802      27899715.00000
3803      27945438.00000
3804      27991228.00000
3805      28037083.00000
3806      28083005.00000
3807      28128992.00000
3808      28175046.00000
3809      28221166.00000
3810      28267352.00000
3811      28313605.00000
3812      28359924.00000
3813      28406310.00000
3814      28452763.00000
3815      28499283.00000
3816      28545869.00000
3817      28592522.00000
3818      28639242.00000
3819      28686030.00000
3820      28732884.00000
3821      28779806.00000
3822      28826796.00000
3823      28873852.00000
3824      28920976.00000
3825      28968168.00000
3826      29015428.00000
3827      29062755.00000
3828      29110150.00000
3829      29157613.00000
3830      29205144.00000
3831      29252743.00000
3832      29300411.00000
3833      29348147.00000
3834      29395951.00000
3835      29443823.00000
3836      29491764.00000
3837      29539774.00000
3838      29587852.00000
3839      29635999.00000
3840      29684215.00000
3841      29732500.00000
3842      29780854.00000
3843      29829278.00000
3844      29877770.00000
3845      29926332.00000
3846      29974963.00000
3847      30023663.00000
3848      30072433.00000
3849      30121273.00000
3850      30170183.00000
3851      30219162.00000
3852      30268211.00000
3853      30317330.00000
3854      30366519.00000
3855      30415779.00000
3856      30465108.00000
3857      30514508.00000
3858      30563979.00000
3859      30613520.00000
3860      30663131.00000
3861      30712813.00000
3862      30762566.00000
3863      30812390.00000
3864      30862284.00000
3865      30912250.00000
3866      30962287.00000
3867      31012395.00000
3868      31062574.00000
3869      31112825.00000
3870      31163147.00000
3871      31213541.00000
3872      31264006.00000
3873      31314543.00000
3874      31365152.00000
3875      31415833.00000
3876      31466585.00000
3877      31517410.00000
3878      31568307.00000
3879      31619276.00000
3880      31670318.00000
3881      31721432.00000
3882      31772618.00000
3883      31823877.00000
3884      31875209.00000
3885      31926614.00000
3886      31978091.00000
3887      32029641.00000
3888      32081265.00000
3889      32132962.00000
3890      32184731.00000
3891      32236575.00000
3892      32288491.00000
3893      32340481.00000
3894      32392545.00000
3895      32444682.00000
3896      32496893.00000
3897      32549178.00000
3898      32601537.00000
3899      32653970.00000
3900      32706477.00000
3901      32759058.00000
3902      32811714.00000
3903      32864444.00000
3904      32917248.00000
3905      32970127.00000
3906      33023081.00000
3907      33076109.00000
3908      33129213.00000
3909      33182391.00000
3910      33235644.00000
3911      33288973.00000
3912      33342376.00000
3913      33395855.00000
3914      33449409.00000
3915      33503039.00000
3916      33556745.00000
3917      33610526.00000
3918      33664383.00000
3919      33718315.00000
3920      33772324.00000
3921      33826409.00000
3922      33880569.00000
3923      33934807.00000
3924      33989120.00000
3925      34043510.00000
3926      34097976.00000
3927      34152519.00000
3928      34207139.00000
3929      34261835.00000
3930      34316608.00000
3931      34371458.00000
3932      34426386.00000
3933      34481390.00000
3934      34536472.00000
3935      34591631.00000
3936      34646867.00000
3937      34702181.00000
3938      34757573.00000
3939      34813042.00000
3940      34868589.00000
3941      34924215.00000
3942      34979918.00000
3943      35035699.00000
3944      35091558.00000
3945      35147496.00000
3946      35203512.00000
3947      35259606.00000
3948      35315779.00000
3949      35372031.00000
3950      35428361.00000
3951      35484771.00000
3952      35541259.00000
3953      35597826.00000
3954      35654473.00000
3955      35711198.00000
3956      35768004.00000
3957      35824888.00000
3958      35881852.00000
3959      35938895.00000
3960      35996019.00000
3961      36053222.00000
3962      36110505.00000
3963      36167868.00000
3964      36225311.00000
3965      36282834.00000
3966      36340438.00000
3967      36398122.00000
3968      36455886.00000
3969      36513731.00000
3970      36571657.00000
3971      36629664.00000
3972      36687751.00000
3973      36745919.00000
3974      36804169.00000
3975      36862499.00000
3976      36920911.00000
3977      36979404.00000
3978      37037979.00000
3979      37096635.00000
3980      37155373.00000
3981      37214192.00000
3982      37273094.00000
3983      37332077.00000
3984      37391142.00000
3985      37450290.00000
3986      37509520.00000
3987      37568832.00000
3988      37628226.00000
3989      37687704.00000
3990      37747263.00000
3991      37806906.00000
3992      37866631.00000
3993      37926439.00000
3994      37986331.00000
3995      38046305.00000
3996      38106363.00000
3997      38166504.00000
3998      38226728.00000
3999      38287036.00000
4000      38347427.00000
4001      38407903.00000
4002      38468462.00000
4003      38529105.00000
4004      38589832.00000
4005      38650643.00000
4006      38711538.00000
4007      38772518.00000
4008      38833582.00000
4009      38894731.00000
4010      38955964.00000
4011      39017283.00000
4012      39078685.00000
4013      39140173.00000
4014      39201746.00000
4015      39263404.00000
4016      39325147.00000
4017      39386976.00000
4018      39448890.00000
4019      39510890.00000
4020      39572975.00000
4021      39635146.00000
4022      39697403.00000
4023      39759746.00000
4024      39822174.00000
4025      39884689.00000
4026      39947291.00000
4027      40009978.00000
4028      40072752.00000
4029      40135613.00000
4030      40198560.00000
4031      40261595.00000
4032      40324716.00000
4033      40387924.00000
4034      40451219.00000
4035      40514601.00000
4036      40578070.00000
4037      40641627.00000
4038      40705272.00000
4039      40769004.00000
4040      40832823.00000
4041      40896731.00000
4042      40960726.00000
4043      41024810.00000
4044      41088981.00000
4045      41153241.00000
4046      41217589.00000
4047      41282026.00000
4048      41346551.00000
4049      41411165.00000
4050      41475867.00000
4051      41540659.00000
4052      41605539.00000
4053      41670509.00000
4054      41735567.00000
4055      41800715.00000
4056      41865952.00000
4057      41931279.00000
4058      41996695.00000
4059      42062201.00000
4060      42127797.00000
4061      42193483.00000
4062      42259259.00000
4063      42325125.00000
4064      42391081.00000
4065      42457127.00000
4066      42523264.00000
4067      42589491.00000
4068      42655810.00000
4069      42722218.00000
4070      42788718.00000
4071      42855309.00000
4072      42921991.00000
4073      42988764.00000
4074      43055628.00000
4075      43122584.00000
4076      43189631.00000
4077      43256770.00000
4078      43324000.00000
4079      43391323.00000
4080      43458737.00000
4081      43526244.00000
4082      43593842.00000
4083      43661533.00000
4084      43729316.00000
4085      43797192.00000
4086      43865160.00000
4087      43933221.00000
4088      44001375.00000
4089      44069622.00000
4090      44137962.00000
4091      44206395.00000
4092      44274921.00000
4093      44343541.00000
4094      44412254.00000
4095      44481060.00000
4096      44549961.00000
4097      44618955.00000
4098      44688043.00000
4099      44757225.00000
4100      44826501.00000
4101      44895872.00000
4102      44965336.00000
4103      45034896.00000
4104      45104549.00000
4105      45174298.00000
4106      45244141.00000
4107      45314080.00000
4108      45384113.00000
4109      45454241.00000
4110      45524465.00000
4111      45594784.00000
4112      45665198.00000
4113      45735708.00000
4114      45806314.00000
4115      45877015.00000
4116      45947813.00000
4117      46018706.00000
4118      46089696.00000
4119      46160782.00000
4120      46231964.00000
4121      46303243.00000
4122      46374618.00000
4123      46446090.00000
4124      46517659.00000
4125      46589324.00000
4126      46661087.00000
4127      46732947.00000
4128      46804904.00000
4129      46876959.00000
4130      46949111.00000
4131      47021360.00000
4132      47093708.00000
4133      47166153.00000
4134      47238696.00000
4135      47311337.00000
4136      47384076.00000
4137      47456914.00000
4138      47529850.00000
4139      47602885.00000
4140      47676018.00000
4141      47749250.00000
4142      47822581.00000
4143      47896011.00000
4144      47969539.00000
4145      48043168.00000
4146      48116895.00000
4147      48190722.00000
4148      48264648.00000
4149      48338674.00000
4150      48412800.00000
4151      48487026.00000
4152      48561352.00000
4153      48635778.00000
4154      48710304.00000
4155      48784931.00000
4156      48859658.00000
4157      48934485.00000
4158      49009414.00000
4159      49084443.00000
4160      49159573.00000
4161      49234804.00000
4162      49310137.00000
4163      49385570.00000
4164      49461105.00000
4165      49536742.00000
4166      49612480.00000
4167      49688321.00000
4168      49764263.00000
4169      49840307.00000
4170      49916453.00000
4171      49992701.00000
4172      50069052.00000
4173      50145505.00000
4174      50222061.00000
4175      50298719.00000
4176      50375481.00000
4177      50452345.00000
4178      50529312.00000
4179      50606383.00000
4180      50683557.00000
4181      50760834.00000
4182      50838215.00000
4183      50915700.00000
4184      50993288.00000
4185      51070980.00000
4186      51148777.00000
4187      51226677.00000
4188      51304682.00000
4189      51382791.00000
4190      51461005.00000
4191      51539323.00000
4192      51617746.00000
4193      51696274.00000
4194      51774907.00000
4195      51853645.00000
4196      51932488.00000
4197      52011437.00000
4198      52090491.00000
4199      52169651.00000
4200      52248916.00000
4201      52328287.00000
4202      52407765.00000
4203      52487348.00000
4204      52567037.00000
4205      52646833.00000
4206      52726736.00000
4207      52806744.00000
4208      52886860.00000
4209      52967082.00000
4210      53047412.00000
4211      53127848.00000
4212      53208392.00000
4213      53289043.00000
4214      53369801.00000
4215      53450667.00000
4216      53531641.00000
4217      53612722.00000
4218      53693912.00000
4219      53775209.00000
4220      53856615.00000
4221      53938129.00000
4222      54019751.00000
4223      54101482.00000
4224      54183321.00000
4225      54265270.00000
4226      54347327.00000
4227      54429493.00000
4228      54511769.00000
4229      54594154.00000
4230      54676648.00000
4231      54759252.00000
4232      54841965.00000
4233      54924788.00000
4234      55007722.00000
4235      55090765.00000
4236      55173918.00000
4237      55257182.00000
4238      55340556.00000
4239      55424041.00000
4240      55507636.00000
4241      55591343.00000
4242      55675160.00000
4243      55759088.00000
4244      55843127.00000
4245      55927278.00000
4246      56011540.00000
4247      56095914.00000
4248      56180399.00000
4249      56264997.00000
4250      56349706.00000
4251      56434527.00000
4252      56519461.00000
4253      56604507.00000
4254      56689665.00000
4255      56774936.00000
4256      56860319.00000
4257      56945816.00000
4258      57031425.00000
4259      57117148.00000
4260      57202984.00000
4261      57288933.00000
4262      57374995.00000
4263      57461172.00000
4264      57547462.00000
4265      57633866.00000
4266      57720384.00000
4267      57807016.00000
4268      57893762.00000
4269      57980623.00000
4270      58067598.00000
4271      58154688.00000
4272      58241893.00000
4273      58329212.00000
4274      58416647.00000
4275      58504197.00000
4276      58591862.00000
4277      58679643.00000
4278      58767539.00000
4279      58855551.00000
4280      58943678.00000
4281      59031922.00000
4282      59120282.00000
4283      59208758.00000
4284      59297350.00000
4285      59386059.00000
4286      59474885.00000
4287      59563827.00000
4288      59652886.00000
4289      59742062.00000
4290      59831356.00000
4291      59920766.00000
4292      60010294.00000
4293      60099940.00000
4294      60189703.00000
4295      60279585.00000
4296      60369584.00000
4297      60459701.00000
4298      60549936.00000
4299      60640290.00000
4300      60730762.00000
4301      60821353.00000
4302      60912063.00000
4303      61002891.00000
4304      61093839.00000
4305      61184905.00000
4306      61276091.00000
4307      61367397.00000
4308      61458822.00000
4309      61550366.00000
4310      61642031.00000
4311      61733815.00000
4312      61825720.00000
4313      61917745.00000
4314      62009890.00000
4315      62102156.00000
4316      62194542.00000
4317      62287049.00000
4318      62379677.00000
4319      62472426.00000
4320      62565297.00000
4321      62658288.00000
4322      62751401.00000
4323      62844636.00000
4324      62937993.00000
4325      63031471.00000
4326      63125071.00000
4327      63218794.00000
4328      63312638.00000
4329      63406606.00000
4330      63500695.00000
4331      63594908.00000
4332      63689243.00000
4333      63783701.00000
4334      63878283.00000
4335      63972987.00000
4336      64067815.00000
4337      64162767.00000
4338      64257842.00000
4339      64353041.00000
4340      64448364.00000
4341      64543811.00000
4342      64639382.00000
4343      64735078.00000
4344      64830898.00000
4345      64926843.00000
4346      65022912.00000
4347      65119107.00000
4348      65215426.00000
4349      65311871.00000
4350      65408441.00000
4351      65505137.00000
4352      65601958.00000
4353      65698905.00000
4354      65795978.00000
4355      65893176.00000
4356      65990502.00000
4357      66087953.00000
4358      66185531.00000
4359      66283235.00000
4360      66381066.00000
4361      66479025.00000
4362      66577110.00000
4363      66675322.00000
4364      66773662.00000
4365      66872129.00000
4366      66970724.00000
4367      67069446.00000
4368      67168296.00000
4369      67267275.00000
4370      67366381.00000
4371      67465616.00000
4372      67564979.00000
4373      67664471.00000
4374      67764092.00000
4375      67863842.00000
4376      67963720.00000
4377      68063728.00000
4378      68163865.00000
4379      68264132.00000
4380      68364528.00000
4381      68465054.00000
4382      68565710.00000
4383      68666495.00000
4384      68767411.00000
4385      68868458.00000
4386      68969635.00000
4387      69070942.00000
4388      69172380.00000
4389      69273950.00000
4390      69375650.00000
4391      69477481.00000
4392      69579444.00000
4393      69681538.00000
4394      69783764.00000
4395      69886122.00000
4396      69988612.00000
4397      70091233.00000
4398      70193987.00000
4399      70296874.00000
4400      70399893.00000
4401      70503044.00000
4402      70606329.00000
4403      70709746.00000
4404      70813296.00000
4405      70916980.00000
4406      71020797.00000
4407      71124748.00000
4408      71228832.00000
4409      71333050.00000
4410      71437403.00000
4411      71541889.00000
4412      71646510.00000
4413      71751265.00000
4414      71856154.00000
4415      71961179.00000
4416      72066338.00000
4417      72171633.00000
4418      72277062.00000
4419      72382627.00000
4420      72488328.00000
4421      72594164.00000
4422      72700135.00000
4423      72806243.00000
4424      72912487.00000
4425      73018867.00000
4426      73125384.00000
4427      73232037.00000
4428      73338827.00000
4429      73445753.00000
4430      73552817.00000
4431      73660017.00000
4432      73767355.00000
4433      73874831.00000
4434      73982444.00000
4435      74090195.00000
4436      74198084.00000
4437      74306110.00000
4438      74414275.00000
4439      74522579.00000
4440      74631021.00000
4441      74739601.00000
4442      74848321.00000
4443      74957179.00000
4444      75066176.00000
4445      75175313.00000
4446      75284589.00000
4447      75394005.00000
4448      75503561.00000
4449      75613256.00000
4450      75723092.00000
4451      75833067.00000
4452      75943183.00000
4453      76053440.00000
4454      76163837.00000
4455      76274375.00000
4456      76385054.00000
4457      76495874.00000
4458      76606836.00000
4459      76717938.00000
4460      76829183.00000
4461      76940569.00000
4462      77052097.00000
4463      77163767.00000
4464      77275580.00000
4465      77387534.00000
4466      77499632.00000
4467      77611872.00000
4468      77724254.00000
4469      77836780.00000
4470      77949449.00000
4471      78062261.00000
4472      78175217.00000
4473      78288316.00000
4474      78401560.00000
4475      78514947.00000
4476      78628478.00000
4477      78742153.00000
4478      78855973.00000
4479      78969938.00000
4480      79084047.00000
4481      79198301.00000
4482      79312700.00000
4483      79427244.00000
4484      79541934.00000
4485      79656769.00000
4486      79771750.00000
4487      79886877.00000
4488      80002150.00000
4489      80117569.00000
4490      80233134.00000
4491      80348846.00000
4492      80464704.00000
4493      80580709.00000
4494      80696861.00000
4495      80813160.00000
4496      80929607.00000
4497      81046201.00000
4498      81162942.00000
4499      81279832.00000
4500      81396869.00000
4501      81514054.00000
4502      81631388.00000
4503      81748870.00000
4504      81866501.00000
4505      81984280.00000
4506      82102208.00000
4507      82220286.00000
4508      82338512.00000
4509      82456888.00000
4510      82575413.00000
4511      82694089.00000
4512      82812914.00000
4513      82931889.00000
4514      83051014.00000
4515      83170289.00000
4516      83289716.00000
4517      83409292.00000
4518      83529020.00000
4519      83648899.00000
4520      83768929.00000
4521      83889110.00000
4522      84009443.00000
4523      84129927.00000
4524      84250563.00000
4525      84371352.00000
4526      84492292.00000
4527      84613385.00000
4528      84734630.00000
4529      84856028.00000
4530      84977579.00000
4531      85099283.00000
4532      85221140.00000
4533      85343150.00000
4534      85465314.00000
4535      85587631.00000
4536      85710102.00000
4537      85832728.00000
4538      85955507.00000
4539      86078441.00000
4540      86201529.00000
4541      86324772.00000
4542      86448170.00000
4543      86571722.00000
4544      86695430.00000
4545      86819293.00000
4546      86943312.00000
4547      87067487.00000
4548      87191817.00000
4549      87316303.00000
4550      87440945.00000
4551      87565744.00000
4552      87690700.00000
4553      87815811.00000
4554      87941080.00000
4555      88066506.00000
4556      88192089.00000
4557      88317830.00000
4558      88443727.00000
4559      88569783.00000
4560      88695997.00000
4561      88822368.00000
4562      88948898.00000
4563      89075586.00000
4564      89202433.00000
4565      89329438.00000
4566      89456602.00000
4567      89583926.00000
4568      89711408.00000
4569      89839050.00000
4570      89966852.00000
4571      90094813.00000
4572      90222935.00000
4573      90351216.00000
4574      90479658.00000
4575      90608260.00000
4576      90737022.00000
4577      90865946.00000
4578      90995030.00000
4579      91124276.00000
4580      91253683.00000
4581      91383251.00000
4582      91512981.00000
4583      91642873.00000
4584      91772927.00000
4585      91903143.00000
4586      92033522.00000
4587      92164062.00000
4588      92294766.00000
4589      92425633.00000
4590      92556662.00000
4591      92687855.00000
4592      92819211.00000
4593      92950731.00000
4594      93082414.00000
4595      93214262.00000
4596      93346273.00000
4597      93478449.00000
4598      93610789.00000
4599      93743294.00000
4600      93875964.00000
4601      94008799.00000
4602      94141798.00000
4603      94274964.00000
4604      94408294.00000
4605      94541791.00000
4606      94675453.00000
4607      94809281.00000
4608      94943276.00000
4609      95077437.00000
4610      95211764.00000
4611      95346259.00000
4612      95480920.00000
4613      95615748.00000
4614      95750744.00000
4615      95885907.00000
4616      96021238.00000
4617      96156736.00000
4618      96292403.00000
4619      96428238.00000
4620      96564241.00000
4621      96700412.00000
4622      96836753.00000
4623      96973262.00000
4624      97109941.00000
4625      97246788.00000
4626      97383805.00000
4627      97520992.00000
4628      97658349.00000
4629      97795875.00000
4630      97933572.00000
4631      98071439.00000
4632      98209477.00000
4633      98347685.00000
4634      98486065.00000
4635      98624615.00000
4636      98763337.00000
4637      98902230.00000
4638      99041295.00000
4639      99180531.00000
4640      99319940.00000
4641      99459520.00000
4642      99599273.00000
4643      99739199.00000
4644      99879297.00000
4645     100019570.00000
4646     100160010.00000
4647     100300630.00000
4648     100441420.00000
4649     100582390.00000
4650     100723530.00000
4651     100864840.00000
4652     101006320.00000
4653     101147990.00000
4654     101289820.00000
4655     101431830.00000
4656     101574020.00000
4657     101716380.00000
4658     101858910.00000
4659     102001630.00000
4660     102144510.00000
4661     102287580.00000
4662     102430820.00000
4663     102574230.00000
4664     102717820.00000
4665     102861590.00000
4666     103005540.00000
4667     103149660.00000
4668     103293960.00000
4669     103438430.00000
4670     103583090.00000
4671     103727920.00000
4672     103872930.00000
4673     104018120.00000
4674     104163490.00000
4675     104309030.00000
4676     104454750.00000
4677     104600660.00000
4678     104746740.00000
4679     104893000.00000
4680     105039440.00000
4681     105186060.00000
4682     105332860.00000
4683     105479840.00000
4684     105627000.00000
4685     105774340.00000
4686     105921860.00000
4687     106069560.00000
4688     106217440.00000
4689     106365510.00000
4690     106513750.00000
4691     106662180.00000
4692     106810790.00000
4693     106959580.00000
4694     107108550.00000
4695     107257710.00000
4696     107407040.00000
4697     107556560.00000
4698     107706270.00000
4699     107856150.00000
4700     108006220.00000
4701     108156480.00000
4702     108306910.00000
4703     108457530.00000
4704     108608340.00000
4705     108759330.00000
4706     108910500.00000
4707     109061860.00000
4708     109213400.00000
4709     109365130.00000
4710     109517040.00000
4711     109669140.00000
4712     109821420.00000
4713     109973890.00000
4714     110126550.00000
4715     110279390.00000
4716     110432420.00000
4717     110585630.00000
4718     110739030.00000
4719     110892620.00000
4720     111046400.00000
4721     111200360.00000
4722     111354510.00000
4723     111508850.00000
4724     111663370.00000
4725     111818090.00000
4726     111972990.00000
4727     112128080.00000
4728     112283360.00000
4729     112438830.00000
4730     112594490.00000
4731     112750340.00000
4732     112906370.00000
4733     113062600.00000
4734     113219020.00000
4735     113375630.00000
4736     113532420.00000
4737     113689410.00000
4738     113846590.00000
4739     114003960.00000
4740     114161520.00000
4741     114319270.00000
4742     114477210.00000
4743     114635350.00000
4744     114793680.00000
4745     114952190.00000
4746     115110910.00000
4747     115269810.00000
4748     115428910.00000
4749     115588200.00000
4750     115747680.00000
4751     115907360.00000
4752     116067230.00000
4753     116227290.00000
4754     116387550.00000
4755     116548000.00000
4756     116708640.00000
4757     116869490.00000
4758     117030520.00000
4759     117191750.00000
4760     117353180.00000
4761     117514800.00000
4762     117676610.00000
4763     117838630.00000
4764     118000830.00000
4765     118163240.00000
4766     118325840.00000
4767     118488640.00000
4768     118651630.00000
4769     118814820.00000
4770     118978210.00000
4771     119141800.00000
4772     119305580.00000
4773     119469560.00000
4774     119633740.00000
4775     119798120.00000
4776     119962690.00000
4777     120127470.00000
4778     120292440.00000
4779     120457610.00000
4780     120622980.00000
4781     120788560.00000
4782     120954330.00000
4783     121120300.00000
4784     121286470.00000
4785     121452840.00000
4786     121619410.00000
4787     121786180.00000
4788     121953160.00000
4789     122120330.00000
4790     122287710.00000
4791     122455290.00000
4792     122623060.00000
4793     122791050.00000
4794     122959230.00000
4795     123127620.00000
4796     123296200.00000
4797     123464990.00000
4798     123633990.00000
4799     123803190.00000
4800     123972590.00000
4801     124142190.00000
4802     124312000.00000
4803     124482010.00000
4804     124652230.00000
4805     124822650.00000
4806     124993280.00000
4807     125164110.00000
4808     125335140.00000
4809     125506390.00000
4810     125677830.00000
4811     125849490.00000
4812     126021340.00000
4813     126193410.00000
4814     126365680.00000
4815     126538160.00000
4816     126710840.00000
4817     126883740.00000
4818     127056840.00000
4819     127230140.00000
4820     127403660.00000
4821     127577380.00000
4822     127751310.00000
4823     127925450.00000
4824     128099800.00000
4825     128274350.00000
4826     128449120.00000
4827     128624090.00000
4828     128799280.00000
4829     128974670.00000
4830     129150270.00000
4831     129326090.00000
4832     129502110.00000
4833     129678340.00000
4834     129854790.00000
4835     130031440.00000
4836     130208310.00000
4837     130385390.00000
4838     130562680.00000
4839     130740180.00000
4840     130917890.00000
4841     131095820.00000
4842     131273960.00000
4843     131452310.00000
4844     131630870.00000
4845     131809650.00000
4846     131988640.00000
4847     132167850.00000
4848     132347260.00000
4849     132526900.00000
4850     132706740.00000
4851     132886800.00000
4852     133067080.00000
4853     133247570.00000
4854     133428270.00000
4855     133609190.00000
4856     133790330.00000
4857     133971680.00000
4858     134153250.00000
4859     134335030.00000
4860     134517030.00000
4861     134699250.00000
4862     134881680.00000
4863     135064330.00000
4864     135247200.00000
4865     135430290.00000
4866     135613590.00000
4867     135797110.00000
4868     135980850.00000
4869     136164810.00000
4870     136348990.00000
4871     136533380.00000
4872     136718000.00000
4873     136902830.00000
4874     137087890.00000
4875     137273160.00000
4876     137458650.00000
4877     137644370.00000
4878     137830300.00000
4879     138016460.00000
4880     138202830.00000
4881     138389430.00000
4882     138576250.00000
4883     138763290.00000
4884     138950550.00000
4885     139138030.00000
4886     139325740.00000
4887     139513670.00000
4888     139701820.00000
4889     139890190.00000
4890     140078790.00000
4891     140267610.00000
4892     140456650.00000
4893     140645920.00000
4894     140835410.00000
4895     141025130.00000
4896     141215070.00000
4897     141405240.00000
4898     141595630.00000
4899     141786240.00000
4900     141977080.00000
4901     142168150.00000
4902     142359440.00000
4903     142550960.00000
4904     142742710.00000
4905     142934680.00000
4906     143126880.00000
4907     143319310.00000
4908     143511960.00000
4909     143704840.00000
4910     143897950.00000
4911     144091290.00000
4912     144284850.00000
4913     144478640.00000
4914     144672670.00000
4915     144866920.00000
4916     145061400.00000
4917     145256110.00000
4918     145451050.00000
4919     145646210.00000
4920     145841610.00000
4921     146037240.00000
4922     146233100.00000
4923     146429190.00000
4924     146625520.00000
4925     146822070.00000
4926     147018850.00000
4927     147215870.00000
4928     147413120.00000
4929     147610600.00000
4930     147808310.00000
4931     148006260.00000
4932     148204440.00000
4933     148402850.00000
4934     148601490.00000
4935     148800370.00000
4936     148999480.00000
4937     149198830.00000
4938     149398410.00000
4939     149598230.00000
4940     149798280.00000
4941     149998560.00000
4942     150199080.00000
4943     150399840.00000
4944     150600830.00000
4945     150802060.00000
4946     151003520.00000
4947     151205220.00000
4948     151407160.00000
4949     151609330.00000
4950     151811740.00000
4951     152014390.00000
4952     152217280.00000
4953     152420400.00000
4954     152623770.00000
4955     152827370.00000
4956     153031210.00000
4957     153235280.00000
4958     153439600.00000
4959     153644160.00000
4960     153848960.00000
4961     154053990.00000
4962     154259270.00000
4963     154464780.00000
4964     154670540.00000
4965     154876540.00000
4966     155082780.00000
4967     155289260.00000
4968     155495980.00000
4969     155702940.00000
4970     155910150.00000
4971     156117600.00000
4972     156325290.00000
4973     156533220.00000
4974     156741400.00000
4975     156949820.00000
4976     157158480.00000
4977     157367390.00000
4978     157576540.00000
4979     157785930.00000
4980     157995570.00000
4981     158205460.00000
4982     158415590.00000
4983     158625960.00000
4984     158836580.00000
4985     159047440.00000
4986     159258560.00000
4987     159469910.00000
4988     159681520.00000
4989     159893370.00000
4990     160105470.00000
4991     160317810.00000
4992     160530400.00000
4993     160743240.00000
4994     160956330.00000
4995     161169670.00000
4996     161383250.00000
4997     161597080.00000
4998     161811170.00000
4999     162025500.00000
5000     162240080.00000